#VRML V2.0 utf8
# Detailed KF128-2.54 model converted from EasyEDA/LCSC 3D source 767187d4239d4aafb4e7e0e0ad058109.
# Coordinates use KiCad VRML units (1 unit = 2.54 mm); origin is footprint pad 1.

DEF KF_COORD Coordinate { point [
  1.311627 -0.09426969 3.220473,
  0.6883728 -0.09426969 3.220473,
  0.7000386 -0.1255457 3.220473,
  1.141319 -0.290511 3.220473,
  1.191491 -0.2606657 3.220473,
  1.235553 -0.2223701 3.220473,
  1.272099 -0.1768457 3.220473,
  1.299961 -0.1255457 3.220473,
  0.7279012 -0.1768457 3.220473,
  0.7644469 -0.2223701 3.220473,
  0.8085091 -0.2606657 3.220473,
  0.8586815 -0.290511 3.220473,
  0.9133638 -0.3109531 3.220473,
  0.970811 -0.3213398 3.220473,
  1.029189 -0.3213398 3.220473,
  1.086636 -0.3109531 3.220473,
  0.7136524 -0.2821299 3.141733,
  0.7623705 -0.3244724 3.141733,
  0.7639429 -0.322298 3.162112,
  0.8950787 -0.3873441 3.141733,
  0.963778 -0.3997654 3.141733,
  0.9640177 -0.3970929 3.162112,
  1.104921 -0.3873441 3.141733,
  1.10751 -0.386876 3.141733,
  1.106799 -0.384289 3.162112,
  1.201959 -0.3456902 3.141733,
  1.23763 -0.3244724 3.141733,
  1.236057 -0.322298 3.162112,
  1.286348 -0.2821299 3.141733,
  1.292308 -0.2769496 3.141733,
  1.290374 -0.2750898 3.162112,
  1.312725 -0.09426969 3.220466,
  1.318667 -0.1336339 3.21779,
  1.332705 -0.09426969 3.217849,
  1.332932 -0.09426969 3.217778,
  1.341534 -0.09426969 3.215082,
  1.336098 -0.1411709 3.209924,
  1.352425 -0.09426969 3.209464,
  1.358767 -0.09426969 3.206192,
  1.351066 -0.1476429 3.197411,
  1.366165 -0.09426969 3.20054,
  1.362552 -0.1526091 3.181103,
  1.378813 -0.09426969 3.186767,
  1.369283 -0.09426969 3.197145,
  1.390635 -0.09426969 3.162109,
  1.39057 -0.09426969 3.162397,
  1.369772 -0.1557311 3.162112,
  1.383598 -0.09426969 3.179259,
  1.382453 -0.09426969 3.181056,
  1.393416 -0.09426969 3.141733,
  1.392386 -0.09426969 3.154237,
  1.391256 -0.100648 3.141733,
  1.372235 -0.1567961 3.141733,
  1.349906 -0.1979075 3.141733,
  0.6065839 -0.09426969 3.141733,
  0.6087445 -0.100648 3.141733,
  0.6070157 -0.09426969 3.149846,
  0.6095433 -0.09426969 3.162074,
  0.630228 -0.1557311 3.162112,
  0.6100303 -0.09426969 3.164431,
  0.6374484 -0.1526091 3.181103,
  0.6175272 -0.09426969 3.181203,
  0.6219583 -0.09426969 3.18782,
  0.6489339 -0.1476429 3.197411,
  0.6307728 -0.09426969 3.197087,
  0.6582429 -0.09426969 3.214998,
  0.6475862 -0.09426969 3.209448,
  0.663902 -0.1411709 3.209924,
  0.6409028 -0.09426969 3.205967,
  0.6349634 -0.09426969 3.201493,
  0.6651701 -0.09426969 3.21728,
  0.6813331 -0.1336339 3.21779,
  0.6671075 -0.09426969 3.217585,
  0.6850488 -0.09426969 3.220409,
  1.031009 -0.3416378 3.21779,
  0.9689906 -0.3416378 3.21779,
  1.032706 -0.3605524 3.209924,
  0.9672945 -0.3605524 3.209924,
  1.034162 -0.3767949 3.197411,
  0.9658378 -0.3767949 3.197411,
  1.03528 -0.3892583 3.181103,
  0.9647201 -0.3892583 3.181103,
  1.035982 -0.3970929 3.162112,
  0.8498689 -0.3088862 3.21779,
  0.7965673 -0.2771799 3.21779,
  0.8416567 -0.3260094 3.209924,
  0.7854398 -0.2925689 3.209924,
  0.8346051 -0.3407138 3.197411,
  0.7758843 -0.3057839 3.197411,
  0.8291937 -0.3519965 3.181103,
  0.768552 -0.315924 3.181103,
  0.8257921 -0.359089 3.162112,
  0.7109331 -0.1881331 3.21779,
  0.6951213 -0.1986512 3.209924,
  0.6815433 -0.2076831 3.197411,
  0.6711248 -0.2146138 3.181103,
  0.6645752 -0.2189705 3.162112,
  1.337659 -0.2204563 3.141733,
  1.335425 -0.2189705 3.162112,
  1.328875 -0.2146138 3.181103,
  1.318457 -0.2076831 3.197411,
  1.304879 -0.1986512 3.209924,
  1.289067 -0.1881331 3.21779,
  1.250243 -0.2364961 3.21779,
  1.263931 -0.2496598 3.209924,
  1.275685 -0.2609634 3.197411,
  1.284704 -0.2696374 3.181103,
  1.231448 -0.315924 3.181103,
  1.224116 -0.3057839 3.197411,
  1.21456 -0.2925689 3.209924,
  1.203433 -0.2771799 3.21779,
  1.175368 -0.3615083 3.141733,
  1.174208 -0.359089 3.162112,
  1.170806 -0.3519965 3.181103,
  1.165395 -0.3407138 3.197411,
  1.158343 -0.3260094 3.209924,
  1.150131 -0.3088862 3.21779,
  1.092039 -0.3306031 3.21779,
  1.097073 -0.3489146 3.209924,
  1.101396 -0.3646386 3.197411,
  1.104714 -0.3767039 3.181103,
  1.036222 -0.3997654 3.141733,
  1 -0.3997654 3.141733,
  0.8924898 -0.386876 3.141733,
  0.8932008 -0.384289 3.162112,
  0.8952862 -0.3767039 3.181103,
  0.8986035 -0.3646386 3.197411,
  0.9029268 -0.3489146 3.209924,
  0.9079614 -0.3306031 3.21779,
  0.8246319 -0.3615083 3.141733,
  0.7980406 -0.3456902 3.141733,
  0.7076921 -0.2769496 3.141733,
  0.709626 -0.2750898 3.162112,
  0.7152957 -0.2696374 3.181103,
  0.7243154 -0.2609634 3.197411,
  0.7360693 -0.2496598 3.209924,
  0.7497575 -0.2364961 3.21779,
  0.6623413 -0.2204563 3.141733,
  0.6277654 -0.1567961 3.141733,
  0.6500945 -0.1979075 3.141733,
  1.235238 0.004155512 2.643471,
  1.227222 0.06503937 1.839206,
  1.227222 0.06503937 2.643471,
  1.203722 0.1217744 1.839206,
  1.203722 0.1217744 2.643471,
  1.166338 0.1704937 1.839206,
  1.166338 0.1704937 2.643471,
  1.117619 0.2078772 1.839206,
  1.117619 0.2078772 2.643471,
  1.060884 0.2313776 1.839206,
  1.060884 0.2313776 2.643471,
  1 0.2393929 1.839206,
  1 0.2393929 2.643471,
  0.9391161 0.2313776 1.839206,
  0.9391161 0.2313776 2.643471,
  0.8823811 0.2078772 1.839206,
  0.8823811 0.2078772 2.643471,
  0.8336618 0.1704937 1.839206,
  0.8336618 0.1704937 2.643471,
  0.796278 0.1217744 1.839206,
  0.796278 0.1217744 2.643471,
  0.772778 0.06503937 1.839206,
  0.772778 0.06503937 2.643471,
  0.7647622 0.004155512 1.839206,
  0.7647622 0.004155512 2.643471,
  0.772778 -0.05672874 1.839206,
  0.772778 -0.05672874 2.643471,
  0.796278 -0.1134634 1.839206,
  0.796278 -0.1134634 2.643471,
  0.8336618 -0.1621827 1.839206,
  0.8336618 -0.1621827 2.643471,
  0.8823811 -0.1995665 1.839206,
  0.8823811 -0.1995665 2.643471,
  0.9391161 -0.2230669 1.839206,
  0.9391161 -0.2230669 2.643471,
  1 -0.2310823 1.839206,
  1 -0.2310823 2.643471,
  1.060884 -0.2230669 1.839206,
  1.060884 -0.2230669 2.643471,
  1.117619 -0.1995665 1.839206,
  1.117619 -0.1995665 2.643471,
  1.166338 -0.1621827 1.839206,
  1.166338 -0.1621827 2.643471,
  1.203722 -0.1134634 1.839206,
  1.203722 -0.1134634 2.643471,
  1.227222 -0.05672874 1.839206,
  1.227222 -0.05672874 2.643471,
  1.235238 0.004155512 1.839206,
  -0.3829717 -1.240157 0,
  -0.5 -1.240157 0,
  -0.5 -1.129619 0,
  0.9252665 -0.940561 0,
  0.9249724 -0.9406827 0,
  0.9017413 -0.9406827 0,
  -0.07473346 -0.940561 0,
  -0.07502756 -0.9406827 0,
  -0.09825866 -0.9406827 0,
  -0.2983016 -0.8921827 0,
  -0.2983016 -0.8502811 0,
  -0.1973102 -0.8921827 0,
  -0.1973102 -0.8502811 0,
  -0.09825866 -0.8921827 0,
  -0.09825866 -0.8502811 0,
  0.007127953 -0.8921827 0,
  0.007127953 -0.8502811 0,
  0.5 -0.8921827 0,
  0.3937008 -0.8502811 0,
  0.5 1.240157 0,
  0.3937008 1.043307 0,
  0.007127953 1.240157 0,
  0.007127953 1.043307 0,
  -0.09825866 1.240157 0,
  -0.09825866 1.043307 0,
  -0.1973102 1.240157 0,
  -0.1973102 1.043307 0,
  -0.2983016 1.240157 0,
  -0.2983016 1.043307 0,
  -0.3829717 1.240157 0,
  -0.3829717 1.043307 0,
  -0.5 1.240157 0,
  -0.3937008 1.043307 0,
  -0.5 -0.8921827 0,
  -0.3937008 -0.8502811 0,
  -0.3829717 -0.8921827 0,
  -0.3829717 -0.8502811 0,
  0.07590394 -1.016638 0,
  0.03739764 -1.007326 0,
  0.09259803 -0.9478472 0,
  0.0283374 -0.9651291 0,
  0.09384528 -0.9406827 0,
  0.09702008 -0.9350555 0,
  0.09687677 -0.9348445 0,
  0.09714921 -0.9353665 0,
  0.02042205 -0.9340902 0,
  0.02020512 -0.9341079 0,
  0.01999409 -0.9341811 0,
  0.007127953 -0.9406827 0,
  0.01925236 -0.9355063 0,
  0.01876142 -0.9390587 0,
  0.01981496 -0.9342972 0,
  0.01962205 -0.9344969 0,
  0.01945433 -0.9347866 0,
  0.09767362 -0.9390807 0,
  0.09756575 -0.9375945 0,
  0.09740354 -0.9365457 0,
  0.09726772 -0.9358193 0,
  0.0223815 -0.9368157 0,
  0.09605 -0.9345102 0,
  0.02333622 -0.9406827 0,
  0.09579016 -0.934574 0,
  0.09549213 -0.9347299 0,
  0.02405906 -0.943611 0,
  0.09456969 -0.936522 0,
  0.09476063 -0.935778 0,
  0.02200079 -0.9358386 0,
  0.02168268 -0.9351768 0,
  0.02139055 -0.9347224 0,
  0.09524724 -0.9349382 0,
  0.09500472 -0.93525 0,
  0.02111142 -0.9344098 0,
  0.02086378 -0.9342217 0,
  0.02063622 -0.9341236 0,
  0.09669173 -0.9346795 0,
  0.09646929 -0.9345622 0,
  0.09626378 -0.9345106 0,
  0.0992811 -0.9654681 0,
  0.0996122 -0.9650224 0,
  0.5 -1.124831 0,
  0.0997752 -0.964702 0,
  0.09984606 -0.9644039 0,
  0.5 -0.9406827 0,
  0.09984016 -0.9633579 0,
  0.09939764 -0.9567047 0,
  0.09939331 -0.9566142 0,
  0.09826063 -0.9439047 0,
  0.0978685 -0.9406827 0,
  0.08664173 -1.006194 0,
  0.09003937 -0.9920161 0,
  0.09154409 -0.9853169 0,
  0.09343701 -0.9787193 0,
  0.09540866 -0.9733504 0,
  0.09720551 -0.9683087 0,
  0.0984 -0.9665102 0,
  0.05462126 -1.124831 0,
  0.0552248 -1.127626 0,
  0.007127953 -1.129619 0,
  0.05916772 -1.127626 0,
  0.0598 -1.124831 0,
  0.01927717 -0.9676878 0,
  0.02298268 -0.9800535 0,
  0.01785118 -0.9651291 0,
  0.01728425 -0.9640291 0,
  0.01858819 -0.9406827 0,
  0.01839646 -0.9424783 0,
  0.0170122 -0.9543492 0,
  0.02607244 -0.9926031 0,
  0.007127953 -1.124831 0,
  0.01674291 -0.9624551 0,
  0.01662874 -0.9598484 0,
  -0.08725236 -0.9549378 0,
  -0.08712323 -0.9550752 0,
  -0.09825866 -1.124831 0,
  -0.02655 -1.119315 0,
  -0.02134094 -1.116618 0,
  -0.02687323 -0.9508803 0,
  -0.03219843 -0.9487508 0,
  -0.08758583 -0.9531453 0,
  -0.08767402 -0.9534453 0,
  -0.03290709 -1.120852 0,
  -0.0859815 -0.9553268 0,
  -0.07652638 -1.103591 0,
  -0.0866811 -0.9552705 0,
  -0.08695709 -0.9551795 0,
  -0.08794409 -1.113487 0,
  -0.08792362 -1.114151 0,
  -0.08772244 -1.114873 0,
  -0.08745827 -1.115343 0,
  -0.01666614 -1.112465 0,
  -0.01214764 -1.105929 0,
  -0.007750787 -1.094382 0,
  -0.07527795 -0.9407858 0,
  -0.0771189 -0.9421024 0,
  -0.08118465 -0.9458772 0,
  -0.08021732 -1.105563 0,
  -0.08529291 -1.109799 0,
  -0.08499921 -0.9552299 0,
  -0.0810563 -0.9552299 0,
  -0.07652638 -0.9552299 0,
  -0.04171142 -1.121418 0,
  -0.04798858 -1.120902 0,
  -0.05274331 -0.9455823 0,
  -0.06520079 -0.9441563 0,
  -0.06982598 -0.9429181 0,
  -0.0876874 -0.9537598 0,
  -0.08761693 -0.9541319 0,
  -0.08739094 -0.9547035 0,
  -0.0784315 -1.104468 0,
  -0.08654961 -1.110798 0,
  -0.08730591 -1.111766 0,
  -0.08779606 -1.112806 0,
  -0.01058976 -0.9712909 0,
  -0.01646102 -0.9607906 0,
  -0.02140472 -0.9548988 0,
  -0.08658898 -0.9517193 0,
  -0.08706142 -0.952322 0,
  -0.08739055 -0.9527965 0,
  -0.08248268 -0.947302 0,
  -0.08588031 -0.9509512 0,
  -0.07086378 -1.116049 0,
  -0.06490748 -1.116594 0,
  -0.05416929 -1.119698 0,
  -0.08706614 -1.115761 0,
  -0.0867189 -1.116049 0,
  -0.08160157 -1.115168 0,
  -0.003614173 -1.06268 0,
  -0.002324803 -1.023433 0,
  -0.005189764 -0.990022 0,
  -0.0756874 -1.115168 0,
  -0.07327598 -1.115611 0,
  -0.07396772 -0.9405071 0,
  -0.07372441 -0.9405874 0,
  -0.07356142 -0.9406827 0,
  -0.07280157 -0.9411256 0,
  -0.116474 -1.039794 0,
  -0.1169693 -1.039503 0,
  -0.1176748 -0.9654224 0,
  -0.1854799 -1.115987 0,
  -0.1853894 -1.116202 0,
  -0.1973102 -1.124831 0,
  -0.1703165 -1.041847 0,
  -0.1465335 -1.044951 0,
  -0.1703165 -1.104137 0,
  -0.1367177 -1.046943 0,
  -0.1250154 -1.052334 0,
  -0.1167941 -1.112358 0,
  -0.121324 -1.11177 0,
  -0.1852941 -1.116339 0,
  -0.1851831 -1.116437 0,
  -0.1850453 -1.116512 0,
  -0.1279886 -1.110885 0,
  -0.1346626 -1.110093 0,
  -0.127574 -1.050907 0,
  -0.1304315 -1.049176 0,
  -0.1160744 -1.040187 0,
  -0.1973102 -0.9406827 0,
  -0.1787854 -0.9420307 0,
  -0.1794453 -0.942324 0,
  -0.1847949 -1.111923 0,
  -0.1852465 -1.11288 0,
  -0.1854933 -1.114253 0,
  -0.1143406 -1.114764 0,
  -0.1142776 -1.114348 0,
  -0.1162122 -1.043341 0,
  -0.1158402 -1.042714 0,
  -0.1161303 -1.11241 0,
  -0.1156087 -1.042115 0,
  -0.1155748 -1.112559 0,
  -0.1155323 -1.041652 0,
  -0.1150657 -1.112851 0,
  -0.1146661 -1.113231 0,
  -0.1801535 -0.9428705 0,
  -0.1807398 -0.9435913 0,
  -0.1810283 -0.944224 0,
  -0.1855433 -1.115096 0,
  -0.1855331 -1.115742 0,
  -0.1846358 -1.116626 0,
  -0.1838638 -1.116674 0,
  -0.1830681 -1.116594 0,
  -0.123589 -1.125361 0,
  -0.123078 -1.124831 0,
  -0.1154098 -1.116888 0,
  -0.1703165 -1.031948 0,
  -0.1703165 -0.9552299 0,
  -0.1281193 -0.9611441 0,
  -0.1167941 -1.044112 0,
  -0.1097472 -0.9566142 0,
  -0.108587 -0.9538906 0,
  -0.1087496 -0.9534114 0,
  -0.1090161 -0.9528937 0,
  -0.1780079 -0.9418961 0,
  -0.1765937 -0.9419787 0,
  -0.1812437 -0.9453618 0,
  -0.181185 -0.9469705 0,
  -0.1810965 -0.9475539 0,
  -0.1143126 -1.113962 0,
  -0.1144437 -1.113577 0,
  -0.117515 -1.039347 0,
  -0.1182201 -1.039289 0,
  -0.1201917 -0.9639965 0,
  -0.124026 -0.9622059 0,
  -0.1817106 -1.107906 0,
  -0.1836508 -1.110251 0,
  -0.1155614 -1.041241 0,
  -0.1157193 -1.040761 0,
  -0.108887 -0.9554193 0,
  -0.1086303 -0.9547717 0,
  -0.1085559 -0.9542921 0,
  -0.1092181 -0.9526122 0,
  -0.1094169 -0.9524457 0,
  -0.1097295 -0.9522969 0,
  -0.109761 -0.9522862 0,
  -0.1105346 -0.9521303 0,
  -0.1114248 -0.9520839 0,
  -0.1776988 -1.115756 0,
  -0.1728866 -1.115163 0,
  -0.1680516 -1.115168 0,
  -0.114863 -1.115956 0,
  -0.1145252 -1.115276 0,
  -0.1584461 -0.945876 0,
  -0.1714488 -0.943611 0,
  -0.1745925 -0.9424531 0,
  -0.1792717 -0.9546902 0,
  -0.1785378 -0.9620252 0,
  -0.1785378 -0.9673941 0,
  -0.1672126 -1.115168 0,
  -0.1616693 -1.115304 0,
  -0.1561807 -1.116049 0,
  -0.1451071 -1.11802 0,
  -0.1353528 -1.119981 0,
  -0.1276543 -1.12278 0,
  -0.1156614 -0.9518323 0,
  -0.1371012 -0.9492051 0,
  -0.1785378 -1.104137 0,
  -0.1782441 -0.9744831 0,
  -0.178365 -0.9709378 0,
  -0.3695949 -1.112877 0,
  -0.3714406 -1.124831 0,
  -0.3829717 -1.124831 0,
  -0.3716969 -1.126494 0,
  -0.3829717 -1.129619 0,
  -0.3620496 -1.09818 0,
  -0.3208461 -0.961874 0,
  -0.3198941 -0.9622768 0,
  -0.2983016 -0.9406827 0,
  -0.3082752 -0.9495673 0,
  -0.3085996 -0.9489339 0,
  -0.3607445 -1.109834 0,
  -0.3619657 -1.101817 0,
  -0.2983016 -1.124831 0,
  -0.3101634 -0.9535902 0,
  -0.3091154 -0.952439 0,
  -0.308637 -0.951572 0,
  -0.3084028 -0.9505949 0,
  -0.3132783 -0.9564547 0,
  -0.3620496 -0.9538039 0,
  -0.3402531 -0.9556299 0,
  -0.3298606 -0.9572244 0,
  -0.3263661 -0.958024 0,
  -0.3243295 -0.9590047 0,
  -0.3217205 -0.9612563 0,
  -0.3691425 -0.942363 0,
  -0.3695551 -0.9425272 0,
  -0.3829717 -0.9406827 0,
  -0.3698917 -0.9427673 0,
  -0.3709059 -0.9447622 0,
  -0.3709024 -0.9463433 0,
  -0.3701122 -0.9532508 0,
  -0.3702614 -0.9431957 0,
  -0.3707071 -0.9440055 0,
  -0.3699772 -0.9549362 0,
  -0.3694319 -0.9716307 0,
  -0.3694319 -1.099061 0,
  -0.3088327 -0.9486748 0,
  -0.3092209 -0.948415 0,
  -0.3099169 -0.9481555 0,
  -0.3109591 -0.9480193 0,
  -0.31595 -0.9479 0,
  -0.3231177 -0.9468803 0,
  -0.3417626 -0.9449512 0,
  -0.3479138 -0.94445 0,
  -0.3597843 -0.9433173 0,
  -0.368572 -0.9422728 0,
  -0.3677811 -0.942328 0,
  -0.366328 -0.942772 0,
  -0.3702709 -1.131611 0,
  -0.368676 -1.129619 0,
  -0.2983016 -1.129619 0,
  -0.3648433 -1.124831 0,
  -0.357813 -1.116049 0,
  -0.3722421 -1.129346 0,
  -0.3720051 -1.129619 0,
  -0.2983016 -1.240157 0,
  0.7016984 -0.8921827 0,
  0.7016984 -0.8502811 0,
  0.8026898 -0.8921827 0,
  0.8026898 -0.8502811 0,
  0.9017413 -0.8921827 0,
  0.9017413 -0.8502811 0,
  1.007128 -0.8921827 0,
  1.007128 -0.8502811 0,
  1.5 -0.8921827 0,
  1.393701 -0.8502811 0,
  1.5 1.240157 0,
  1.393701 1.043307 0,
  1.007128 1.240157 0,
  1.007128 1.043307 0,
  0.9017413 1.240157 0,
  0.9017413 1.043307 0,
  0.8026898 1.240157 0,
  0.8026898 1.043307 0,
  0.7016984 1.240157 0,
  0.7016984 1.043307 0,
  0.6170283 1.240157 0,
  0.6170283 1.043307 0,
  0.6062992 1.043307 0,
  0.6062992 -0.8502811 0,
  0.6170283 -0.8921827 0,
  0.6170283 -0.8502811 0,
  1.075904 -1.016638 0,
  1.037398 -1.007326 0,
  1.092598 -0.9478472 0,
  1.028337 -0.9651291 0,
  1.093845 -0.9406827 0,
  1.09702 -0.9350555 0,
  1.096877 -0.9348445 0,
  1.020422 -0.9340902 0,
  1.020205 -0.9341079 0,
  1.019994 -0.9341811 0,
  1.007128 -0.9406827 0,
  1.019252 -0.9355063 0,
  1.018761 -0.9390587 0,
  1.019815 -0.9342972 0,
  1.019622 -0.9344969 0,
  1.019454 -0.9347866 0,
  1.5 -0.9406827 0,
  1.097869 -0.9406827 0,
  1.097674 -0.9390807 0,
  1.097404 -0.9365457 0,
  1.097268 -0.9358193 0,
  1.097149 -0.9353665 0,
  1.097566 -0.9375945 0,
  1.022381 -0.9368157 0,
  1.09605 -0.9345102 0,
  1.023336 -0.9406827 0,
  1.09579 -0.934574 0,
  1.095492 -0.9347299 0,
  1.024059 -0.943611 0,
  1.09457 -0.936522 0,
  1.094761 -0.935778 0,
  1.022001 -0.9358386 0,
  1.021683 -0.9351768 0,
  1.021391 -0.9347224 0,
  1.095247 -0.9349382 0,
  1.095005 -0.93525 0,
  1.021111 -0.9344098 0,
  1.020864 -0.9342217 0,
  1.020636 -0.9341236 0,
  1.096692 -0.9346795 0,
  1.096469 -0.9345622 0,
  1.096264 -0.9345106 0,
  1.09984 -0.9633579 0,
  1.099398 -0.9567047 0,
  1.099281 -0.9654681 0,
  1.099612 -0.9650224 0,
  1.5 -1.124831 0,
  1.099775 -0.964702 0,
  1.099846 -0.9644039 0,
  1.099393 -0.9566142 0,
  1.098261 -0.9439047 0,
  1.086642 -1.006194 0,
  1.090039 -0.9920161 0,
  1.091544 -0.9853169 0,
  1.093437 -0.9787193 0,
  1.095408 -0.9733504 0,
  1.097206 -0.9683087 0,
  1.0984 -0.9665102 0,
  1.5 -1.129619 0,
  1.007128 -1.129619 0,
  1.054621 -1.124831 0,
  1.055225 -1.127626 0,
  1.059168 -1.127626 0,
  1.0598 -1.124831 0,
  1.019277 -0.9676878 0,
  1.022983 -0.9800535 0,
  1.017851 -0.9651291 0,
  1.017284 -0.9640291 0,
  1.018588 -0.9406827 0,
  1.018396 -0.9424783 0,
  1.017012 -0.9543492 0,
  1.026072 -0.9926031 0,
  1.007128 -1.124831 0,
  1.016743 -0.9624551 0,
  1.016629 -0.9598484 0,
  0.9127476 -0.9549378 0,
  0.9128768 -0.9550752 0,
  0.9017413 -1.124831 0,
  0.97345 -1.119315 0,
  0.9786591 -1.116618 0,
  0.9731268 -0.9508803 0,
  0.9678016 -0.9487508 0,
  0.9124142 -0.9531453 0,
  0.912326 -0.9534453 0,
  0.9670929 -1.120852 0,
  0.9140185 -0.9553268 0,
  0.9234736 -1.103591 0,
  0.9133189 -0.9552705 0,
  0.9130429 -0.9551795 0,
  0.9120559 -1.113487 0,
  0.9120764 -1.114151 0,
  0.9122776 -1.114873 0,
  0.9125417 -1.115343 0,
  0.9833343 -1.112465 0,
  0.9878524 -1.105929 0,
  0.9922492 -1.094382 0,
  0.924722 -0.9407858 0,
  0.9228811 -0.9421024 0,
  0.9188154 -0.9458772 0,
  0.9197827 -1.105563 0,
  0.9147071 -1.109799 0,
  0.9150008 -0.9552299 0,
  0.9189437 -0.9552299 0,
  0.9234736 -0.9552299 0,
  0.9582886 -1.121418 0,
  0.9520114 -1.120902 0,
  0.9472567 -0.9455823 0,
  0.9347992 -0.9441563 0,
  0.930174 -0.9429181 0,
  0.9123126 -0.9537598 0,
  0.9123831 -0.9541319 0,
  0.9126091 -0.9547035 0,
  0.9215685 -1.104468 0,
  0.9134504 -1.110798 0,
  0.9126941 -1.111766 0,
  0.9122039 -1.112806 0,
  0.9894102 -0.9712909 0,
  0.983539 -0.9607906 0,
  0.9785953 -0.9548988 0,
  0.9134106 -0.9517193 0,
  0.9129386 -0.952322 0,
  0.9126094 -0.9527965 0,
  0.9175173 -0.947302 0,
  0.9141201 -0.9509512 0,
  0.9291362 -1.116049 0,
  0.9350925 -1.116594 0,
  0.9458307 -1.119698 0,
  0.9129339 -1.115761 0,
  0.9132811 -1.116049 0,
  0.9183984 -1.115168 0,
  0.9963858 -1.06268 0,
  0.9976752 -1.023433 0,
  0.9948102 -0.990022 0,
  0.9243126 -1.115168 0,
  0.926724 -1.115611 0,
  0.9260323 -0.9405071 0,
  0.9262756 -0.9405874 0,
  0.9264386 -0.9406827 0,
  0.9271984 -0.9411256 0,
  0.883526 -1.039794 0,
  0.8830307 -1.039503 0,
  0.8823252 -0.9654224 0,
  0.8145205 -1.115987 0,
  0.8146106 -1.116202 0,
  0.8026898 -1.124831 0,
  0.8296835 -1.041847 0,
  0.8534665 -1.044951 0,
  0.8296835 -1.104137 0,
  0.8632823 -1.046943 0,
  0.8749846 -1.052334 0,
  0.8832059 -1.112358 0,
  0.878676 -1.11177 0,
  0.8147059 -1.116339 0,
  0.8148169 -1.116437 0,
  0.8149547 -1.116512 0,
  0.8720114 -1.110885 0,
  0.8653374 -1.110093 0,
  0.872426 -1.050907 0,
  0.8695685 -1.049176 0,
  0.8839256 -1.040187 0,
  0.8026898 -0.9406827 0,
  0.8212146 -0.9420307 0,
  0.8205547 -0.942324 0,
  0.8152051 -1.111923 0,
  0.8147535 -1.11288 0,
  0.8145063 -1.114253 0,
  0.8856594 -1.114764 0,
  0.8857224 -1.114348 0,
  0.8837878 -1.043341 0,
  0.8841598 -1.042714 0,
  0.8838697 -1.11241 0,
  0.8843913 -1.042115 0,
  0.8844252 -1.112559 0,
  0.8844677 -1.041652 0,
  0.8849343 -1.112851 0,
  0.8853339 -1.113231 0,
  0.8198465 -0.9428705 0,
  0.8192606 -0.9435913 0,
  0.8189717 -0.944224 0,
  0.8144567 -1.115096 0,
  0.8144669 -1.115742 0,
  0.8153642 -1.116626 0,
  0.8161362 -1.116674 0,
  0.8169319 -1.116594 0,
  0.876411 -1.125361 0,
  0.876922 -1.124831 0,
  0.8845902 -1.116888 0,
  0.8296835 -1.031948 0,
  0.8296835 -0.9552299 0,
  0.8718807 -0.9611441 0,
  0.8832059 -1.044112 0,
  0.8902528 -0.9566142 0,
  0.891413 -0.9538906 0,
  0.8912504 -0.9534114 0,
  0.8909839 -0.9528937 0,
  0.8219921 -0.9418961 0,
  0.8234063 -0.9419787 0,
  0.8187563 -0.9453618 0,
  0.818815 -0.9469705 0,
  0.8189035 -0.9475539 0,
  0.8856874 -1.113962 0,
  0.8855563 -1.113577 0,
  0.882485 -1.039347 0,
  0.8817799 -1.039289 0,
  0.8798083 -0.9639965 0,
  0.875974 -0.9622059 0,
  0.8182894 -1.107906 0,
  0.8163492 -1.110251 0,
  0.8844386 -1.041241 0,
  0.8842807 -1.040761 0,
  0.891113 -0.9554193 0,
  0.8913697 -0.9547717 0,
  0.8914441 -0.9542921 0,
  0.8907819 -0.9526122 0,
  0.8905831 -0.9524457 0,
  0.8902705 -0.9522969 0,
  0.890239 -0.9522862 0,
  0.8894654 -0.9521303 0,
  0.8885752 -0.9520839 0,
  0.8223012 -1.115756 0,
  0.8271134 -1.115163 0,
  0.8319484 -1.115168 0,
  0.885137 -1.115956 0,
  0.8854748 -1.115276 0,
  0.8415539 -0.945876 0,
  0.8285512 -0.943611 0,
  0.8254075 -0.9424531 0,
  0.8207283 -0.9546902 0,
  0.8214622 -0.9620252 0,
  0.8214622 -0.9673941 0,
  0.8327874 -1.115168 0,
  0.8383307 -1.115304 0,
  0.8438193 -1.116049 0,
  0.8548929 -1.11802 0,
  0.8646472 -1.119981 0,
  0.8723457 -1.12278 0,
  0.8843386 -0.9518323 0,
  0.8628988 -0.9492051 0,
  0.8214622 -1.104137 0,
  0.8217559 -0.9744831 0,
  0.821635 -0.9709378 0,
  0.6283031 -1.126494 0,
  0.6277579 -1.129346 0,
  0.6170283 -1.129619 0,
  0.6379504 -1.09818 0,
  0.6791539 -0.961874 0,
  0.6801059 -0.9622768 0,
  0.7016984 -0.9406827 0,
  0.6917248 -0.9495673 0,
  0.6914004 -0.9489339 0,
  0.642187 -1.116049 0,
  0.6392555 -1.109834 0,
  0.7016984 -1.124831 0,
  0.6380343 -1.101817 0,
  0.6898366 -0.9535902 0,
  0.6908846 -0.952439 0,
  0.691363 -0.951572 0,
  0.6915972 -0.9505949 0,
  0.6867217 -0.9564547 0,
  0.6379504 -0.9538039 0,
  0.6597469 -0.9556299 0,
  0.6701394 -0.9572244 0,
  0.6736339 -0.958024 0,
  0.6305681 -0.9716307 0,
  0.6305681 -1.099061 0,
  0.6170283 -1.124831 0,
  0.6304047 -1.112877 0,
  0.6285594 -1.124831 0,
  0.6756705 -0.9590047 0,
  0.6782795 -0.9612563 0,
  0.6308575 -0.942363 0,
  0.6304449 -0.9425272 0,
  0.6170283 -0.9406827 0,
  0.6301083 -0.9427673 0,
  0.6297386 -0.9431957 0,
  0.6292929 -0.9440055 0,
  0.6290945 -0.9447622 0,
  0.6290976 -0.9463433 0,
  0.6298878 -0.9532508 0,
  0.6300228 -0.9549362 0,
  0.6911673 -0.9486748 0,
  0.6907791 -0.948415 0,
  0.6900831 -0.9481555 0,
  0.6890409 -0.9480193 0,
  0.68405 -0.9479 0,
  0.6768823 -0.9468803 0,
  0.6582374 -0.9449512 0,
  0.6520862 -0.94445 0,
  0.6402154 -0.9433173 0,
  0.631428 -0.9422728 0,
  0.6322189 -0.942328 0,
  0.633672 -0.942772 0,
  0.6351563 -1.124831 0,
  0.7016984 -1.129619 0,
  0.631324 -1.129619 0,
  0.6279949 -1.129619 0,
  0.6297291 -1.131611 0,
  0.6170283 -1.240157 0,
  0.7016984 -1.240157 0,
  0.8026898 -1.240157 0,
  0.8026898 -1.129619 0,
  0.9017413 -1.240157 0,
  0.9017413 -1.129619 0,
  1.007128 -1.240157 0,
  1.5 -1.240157 0,
  0.5 -1.240157 0,
  0.5 -1.129619 0,
  -0.1973102 -1.240157 0,
  -0.1973102 -1.129619 0,
  -0.09825866 -1.240157 0,
  -0.09825866 -1.129619 0,
  0.007127953 -1.240157 0,
  0.873852 -1.123683 0,
  0.8756031 -1.124831 0,
  -0.1261476 -1.123683 0,
  -0.1243969 -1.124831 0,
  0.7823272 -1.121124 0,
  0.7865634 -1.121124 0,
  0.7865634 -1.045539 0,
  0.7432228 -0.9436339 0,
  0.736672 -0.9474547 0,
  0.7319476 -0.9522803 0,
  0.7254685 -0.9628528 0,
  0.7623417 -1.122072 0,
  0.7688697 -1.118464 0,
  0.7212028 -1.093494 0,
  0.7272173 -1.107001 0,
  0.7329811 -1.114509 0,
  0.7417693 -1.121313 0,
  0.7886555 -0.9769114 0,
  0.7854236 -0.9642484 0,
  0.7714528 -0.9453594 0,
  0.7646398 -0.9421957 0,
  0.7579567 -0.9410524 0,
  0.7507142 -0.9413114 0,
  0.7175559 -0.9865551 0,
  0.7144705 -1.005756 0,
  0.7143752 -1.06282 0,
  0.7745055 -1.113361 0,
  0.7777969 -1.10896 0,
  0.7803138 -1.10443 0,
  0.7208768 -1.018903 0,
  0.7848437 -0.9960008 0,
  0.721915 -1.063926 0,
  0.7862701 -1.010976 0,
  0.7244752 -1.078707 0,
  0.7908 -1.010724 0,
  0.7805677 -0.9544465 0,
  0.7768886 -0.9497417 0,
  0.7459516 -1.123366 0,
  0.750026 -1.124189 0,
  0.7540138 -1.124228 0,
  0.7540138 -0.9504063 0,
  0.7278823 -0.978448 0,
  0.7788016 -1.085419 0,
  0.7811945 -1.045539 0,
  0.7716839 -0.9567732 0,
  0.77585 -0.9615697 0,
  0.760563 -1.113971 0,
  0.7405346 -1.109872 0,
  0.7359748 -1.10541 0,
  0.7603598 -0.9508898 0,
  0.7666106 -0.9532146 0,
  0.7795492 -0.9689244 0,
  0.7836075 -0.987626 0,
  0.7562787 -1.114917 0,
  0.7503917 -1.114555 0,
  0.7453157 -1.112852 0,
  0.7427059 -0.9540547 0,
  0.738624 -0.9577984 0,
  0.7321575 -0.9669185 0,
  0.7463339 -0.9519189 0,
  0.7500717 -0.9507882 0,
  0.7753102 -1.098261 0,
  0.7717571 -1.105224 0,
  0.7683232 -1.109337 0,
  0.7310878 -1.097746 0,
  0.7645504 -1.112205 0,
  -0.2176728 -1.121124 0,
  -0.2134366 -1.121124 0,
  -0.2134366 -1.045539 0,
  -0.2567772 -0.9436339 0,
  -0.263328 -0.9474547 0,
  -0.2680524 -0.9522803 0,
  -0.2745315 -0.9628528 0,
  -0.2376583 -1.122072 0,
  -0.2311303 -1.118464 0,
  -0.2787972 -1.093494 0,
  -0.2727827 -1.107001 0,
  -0.2670189 -1.114509 0,
  -0.2582307 -1.121313 0,
  -0.2113445 -0.9769114 0,
  -0.2145764 -0.9642484 0,
  -0.2285472 -0.9453594 0,
  -0.2353602 -0.9421957 0,
  -0.2420433 -0.9410524 0,
  -0.2492858 -0.9413114 0,
  -0.2824441 -0.9865551 0,
  -0.2855295 -1.005756 0,
  -0.2856248 -1.06282 0,
  -0.2254945 -1.113361 0,
  -0.2222031 -1.10896 0,
  -0.2196862 -1.10443 0,
  -0.2791232 -1.018903 0,
  -0.2151563 -0.9960008 0,
  -0.278085 -1.063926 0,
  -0.2137299 -1.010976 0,
  -0.2755248 -1.078707 0,
  -0.2092 -1.010724 0,
  -0.2194323 -0.9544465 0,
  -0.223111 -0.9497417 0,
  -0.2540484 -1.123366 0,
  -0.249974 -1.124189 0,
  -0.2459862 -1.124228 0,
  -0.2459862 -0.9504063 0,
  -0.2721177 -0.978448 0,
  -0.2211984 -1.085419 0,
  -0.2188055 -1.045539 0,
  -0.2283161 -0.9567732 0,
  -0.22415 -0.9615697 0,
  -0.239437 -1.113971 0,
  -0.2594654 -1.109872 0,
  -0.2640252 -1.10541 0,
  -0.2396402 -0.9508898 0,
  -0.2333894 -0.9532146 0,
  -0.2204508 -0.9689244 0,
  -0.2163925 -0.987626 0,
  -0.2437213 -1.114917 0,
  -0.2496083 -1.114555 0,
  -0.2546843 -1.112852 0,
  -0.2572941 -0.9540547 0,
  -0.261376 -0.9577984 0,
  -0.2678425 -0.9669185 0,
  -0.2536661 -0.9519189 0,
  -0.2499283 -0.9507882 0,
  -0.2246902 -1.098261 0,
  -0.2282429 -1.105224 0,
  -0.2316768 -1.109337 0,
  -0.2689122 -1.097746 0,
  -0.2354496 -1.112205 0,
  -0.5 -1.124831 0,
  -0.5 -0.9406827 0,
  -0.4330709 -1.240157 0.2355783,
  -0.4330709 -1.240157 1.968504,
  -0.5 -1.240157 1.968504,
  1.5 -1.240157 1.968504,
  1.433071 -1.240157 0.2355783,
  1.433071 -1.240157 1.968504,
  0.5669291 -1.240157 1.968504,
  0.4330709 -1.240157 1.968504,
  0.5669291 -1.240157 0.2355783,
  0.4330709 -1.240157 0.2355783,
  1.23622 1.240157 0.7874016,
  1.23622 1.240157 1.181102,
  1.5 1.240157 1.181102,
  0.2362205 1.240157 1.181102,
  0.7637795 1.240157 1.181102,
  0.2362205 1.240157 0.7874016,
  0.7637795 1.240157 0.7874016,
  -0.5 1.240157 1.181102,
  -0.2362205 1.240157 1.181102,
  -0.2362205 1.240157 0.7874016,
  0.7637795 1.043307 1.867601,
  -0.2362205 1.043307 1.867601,
  -0.5 0.5853846 3.464567,
  0.2362205 1.043307 1.867601,
  1.5 0.5853846 3.464567,
  1.23622 1.043307 1.867601,
  -0.08336811 -0.4328756 3.464567,
  -0.1894343 -0.3984126 3.464567,
  -0.5 -0.577074 3.464567,
  -0.2835972 -0.3386547 3.464567,
  -0.3599409 -0.2573571 3.464567,
  0.02793622 -0.4398783 3.464567,
  1.5 -0.577074 3.464567,
  0.137485 -0.4189807 3.464567,
  -0.4136681 -0.1596276 3.464567,
  -0.4414031 -0.05160669 3.464567,
  -0.4414031 0.05991772 3.464567,
  -0.4136681 0.1679382 3.464567,
  1.238396 -0.3714961 3.464567,
  1.324326 -0.3004075 3.464567,
  1.389879 -0.2101823 3.464567,
  0.2383957 0.3798067 3.464567,
  0.3243264 0.3087181 3.464567,
  0.9166319 0.4411862 3.464567,
  1.137485 -0.4189807 3.464567,
  1.027936 -0.4398783 3.464567,
  0.9166319 -0.4328756 3.464567,
  1.389879 0.2184929 3.464567,
  1.430934 0.1148004 3.464567,
  1.444911 0.004155512 3.464567,
  1.430934 -0.1064898 3.464567,
  -0.3599409 0.2656677 3.464567,
  -0.2835972 0.3469654 3.464567,
  -0.1894343 0.4067232 3.464567,
  0.8105657 0.4067232 3.464567,
  0.3898787 0.2184929 3.464567,
  0.7164028 0.3469654 3.464567,
  1.027936 0.448189 3.464567,
  1.137485 0.4272913 3.464567,
  1.238396 0.3798067 3.464567,
  1.324326 0.3087181 3.464567,
  0.4309339 -0.1064898 3.464567,
  0.3898787 -0.2101823 3.464567,
  0.6400591 -0.2573571 3.464567,
  0.2383957 -0.3714961 3.464567,
  0.3243264 -0.3004075 3.464567,
  0.8105657 -0.3984126 3.464567,
  0.7164028 -0.3386547 3.464567,
  -0.08336811 0.4411862 3.464567,
  0.02793622 0.448189 3.464567,
  0.137485 0.4272913 3.464567,
  0.5585969 0.05991772 3.464567,
  0.5863319 0.1679382 3.464567,
  0.6400591 0.2656677 3.464567,
  0.5863319 -0.1596276 3.464567,
  0.5585969 -0.05160669 3.464567,
  0.4449114 0.004155512 3.464567,
  0.4309339 0.1148004 3.464567,
  -0.5 -0.9251969 2.165354,
  1.5 -0.9251969 2.165354,
  -0.5 -1.043307 2.165354,
  1.5 -1.043307 2.165354,
  1.5 -1.182501 2.107698,
  1.5 -1.213785 2.066929,
  1.5 -1.141732 2.138981,
  1.5 -1.23345 2.019452,
  1.5 -1.094256 2.158647,
  0.5779252 -1.229161 2.033375,
  1.422075 -1.229161 2.033375,
  0.4313866 -1.238473 1.994198,
  0.4220748 -1.229161 2.033375,
  0.4263634 -1.23345 2.019452,
  0.5736366 -1.23345 2.019452,
  0.5686134 -1.238473 1.994198,
  -0.5 -1.23345 2.019452,
  -0.4313866 -1.238473 1.994198,
  -0.4263634 -1.23345 2.019452,
  -0.5 -1.213785 2.066929,
  -0.4220748 -1.229161 2.033375,
  1.431387 -1.238473 1.994198,
  1.426363 -1.23345 2.019452,
  -0.5 -1.182501 2.107698,
  -0.5 -1.141732 2.138981,
  -0.5 -1.094256 2.158647,
  1.393701 -0.7763303 0.5542563,
  1.23622 -0.7763303 0.5542563,
  0.7637795 -0.7763303 0.5542563,
  0.6062992 -0.7763303 0.5542563,
  0.7637795 -0.7763303 1.303448,
  0.6062992 -0.7763303 1.529214,
  1.23622 -0.7763303 1.303448,
  1.393701 -0.7763303 1.529214,
  0.6062992 -0.6281126 1.529214,
  1.393701 -0.6281126 1.529214,
  0.6062992 -0.6281126 2.643471,
  1.393701 -0.6281126 2.643471,
  0.6062992 0.6635303 2.643471,
  1.393701 0.6635303 2.643471,
  0.6062992 0.6635303 2.477876,
  1.393701 0.6635303 2.477876,
  0.6062992 0.822313 1.924134,
  1.393701 0.822313 1.924134,
  1.098425 0.822313 1.52215,
  1.393701 0.822313 1.52215,
  1.098425 0.822313 1.543287,
  0.9015748 0.822313 1.543287,
  0.9015748 0.822313 1.52215,
  0.6062992 0.822313 1.52215,
  1.098425 0.8788354 1.52215,
  1.393701 1.043307 1.52215,
  0.6062992 1.043307 1.52215,
  0.7637795 1.043307 1.52215,
  0.9015748 0.8788354 1.52215,
  1.23622 1.043307 1.52215,
  0.7637795 1.043307 0.7874016,
  1.23622 1.043307 0.7874016,
  1.117619 0.2078772 2.681763,
  1.159806 0.280948 2.681763,
  1.060884 0.2313776 2.681763,
  1.082722 0.3128776 2.681763,
  1 0.2393929 2.681763,
  1 0.3237681 2.681763,
  0.9391161 0.2313776 2.681763,
  0.917278 0.3128776 2.681763,
  0.8823811 0.2078772 2.681763,
  0.8401937 0.280948 2.681763,
  0.8336618 0.1704937 2.681763,
  0.7739996 0.2301559 2.681763,
  0.796278 0.1217744 2.681763,
  0.7232071 0.1639618 2.681763,
  0.772778 0.06503937 2.681763,
  0.6912776 0.08687717 2.681763,
  0.7647622 0.004155512 2.681763,
  0.680387 0.004155512 2.681763,
  0.772778 -0.05672874 2.681763,
  0.6912776 -0.07856654 2.681763,
  0.796278 -0.1134634 2.681763,
  0.7232071 -0.1556512 2.681763,
  0.8336618 -0.1621827 2.681763,
  0.7739996 -0.2218453 2.681763,
  0.8823811 -0.1995665 2.681763,
  0.8401937 -0.2726374 2.681763,
  0.9391161 -0.2230669 2.681763,
  0.917278 -0.3045669 2.681763,
  1 -0.2310823 2.681763,
  1 -0.3154575 2.681763,
  1.060884 -0.2230669 2.681763,
  1.082722 -0.3045669 2.681763,
  1.117619 -0.1995665 2.681763,
  1.159806 -0.2726374 2.681763,
  1.166338 -0.1621827 2.681763,
  1.226 -0.2218453 2.681763,
  1.203722 -0.1134634 2.681763,
  1.276793 -0.1556512 2.681763,
  1.227222 -0.05672874 2.681763,
  1.308722 -0.07856654 2.681763,
  1.235238 0.004155512 2.681763,
  1.319613 0.004155512 2.681763,
  1.227222 0.06503937 2.681763,
  1.308722 0.08687717 2.681763,
  1.203722 0.1217744 2.681763,
  1.276793 0.1639618 2.681763,
  1.166338 0.1704937 2.681763,
  1.226 0.2301559 2.681763,
  1.319613 0.004155512 2.798277,
  1.308722 0.08687717 2.798277,
  1.276793 0.1639618 2.798277,
  1.226 0.2301559 2.798277,
  1.159806 0.280948 2.798277,
  1.082722 0.3128776 2.798277,
  1 0.3237681 2.798277,
  0.917278 0.3128776 2.798277,
  0.8401937 0.280948 2.798277,
  0.7739996 0.2301559 2.798277,
  0.7232071 0.1639618 2.798277,
  0.6912776 0.08687717 2.798277,
  0.680387 0.004155512 2.798277,
  0.6912776 -0.07856654 2.798277,
  0.7232071 -0.1556512 2.798277,
  0.7739996 -0.2218453 2.798277,
  0.8401937 -0.2726374 2.798277,
  0.917278 -0.3045669 2.798277,
  1 -0.3154575 2.798277,
  1.082722 -0.3045669 2.798277,
  1.159806 -0.2726374 2.798277,
  1.226 -0.2218453 2.798277,
  1.276793 -0.1556512 2.798277,
  1.308722 -0.07856654 2.798277,
  0.5863319 0.1679382 2.798277,
  0.5585969 0.05991772 2.798277,
  0.5585969 -0.05160669 2.798277,
  0.5863319 -0.1596276 2.798277,
  0.6400591 -0.2573571 2.798277,
  0.7164028 -0.3386547 2.798277,
  0.8105657 -0.3984126 2.798277,
  0.9166319 -0.4328756 2.798277,
  1.027936 -0.4398783 2.798277,
  1.137485 -0.4189807 2.798277,
  1.238396 -0.3714961 2.798277,
  1.324326 -0.3004075 2.798277,
  1.389879 -0.2101823 2.798277,
  1.430934 -0.1064898 2.798277,
  1.444911 0.004155512 2.798277,
  1.430934 0.1148004 2.798277,
  1.389879 0.2184929 2.798277,
  1.324326 0.3087181 2.798277,
  1.238396 0.3798067 2.798277,
  1.137485 0.4272913 2.798277,
  1.027936 0.448189 2.798277,
  0.9166319 0.4411862 2.798277,
  0.8105657 0.4067232 2.798277,
  0.7164028 0.3469654 2.798277,
  0.6400591 0.2656677 2.798277,
  0.6883728 0.1025807 3.220473,
  1.311627 0.1025807 3.220473,
  0.7000386 0.1338563 3.220473,
  1.299961 0.1338563 3.220473,
  0.8085091 0.2689764 3.220473,
  0.7644469 0.2306807 3.220473,
  0.7279012 0.1851563 3.220473,
  1.141319 0.2988217 3.220473,
  1.086636 0.3192638 3.220473,
  1.029189 0.3296504 3.220473,
  1.191491 0.2689764 3.220473,
  1.235553 0.2306807 3.220473,
  0.970811 0.3296504 3.220473,
  0.9133638 0.3192638 3.220473,
  1.272099 0.1851563 3.220473,
  0.8586815 0.2988217 3.220473,
  1.393416 -0.09426969 3.023622,
  1.391723 -0.1008067 2.907994,
  1.405541 0.004155512 3.023622,
  1.405541 0.004155512 2.907994,
  1.393416 0.1025807 3.023622,
  1.391723 0.1091173 2.907994,
  0.6065839 0.1025807 3.023622,
  0.6082772 0.1091173 2.907994,
  0.5944587 0.004155512 3.023622,
  0.5944587 0.004155512 2.907994,
  0.6065839 -0.09426969 3.023622,
  0.6082772 -0.1008067 2.907994,
  1.351209 -0.1986154 2.907994,
  1.286761 -0.2826059 2.907994,
  1.202771 -0.3470539 2.907994,
  1.104962 -0.3875677 2.907994,
  1 -0.4013862 2.907994,
  0.8950382 -0.3875677 2.907994,
  0.7972291 -0.3470539 2.907994,
  0.713239 -0.2826059 2.907994,
  0.6487909 -0.1986154 2.907994,
  0.6500945 0.2062181 3.141733,
  0.6487909 0.206926 2.907994,
  0.6277654 0.1651067 3.141733,
  0.6087445 0.1089587 3.141733,
  0.6065839 0.1025807 3.141733,
  0.6623413 0.2287673 3.141733,
  0.7076921 0.2852602 3.141733,
  0.713239 0.2909165 2.907994,
  0.7980406 0.3540012 3.141733,
  0.7972291 0.3553646 2.907994,
  0.7623705 0.3327831 3.141733,
  0.7136524 0.2904406 3.141733,
  0.8246319 0.3698189 3.141733,
  0.8924898 0.3951866 3.141733,
  0.8950382 0.3958783 2.907994,
  0.8950787 0.3956547 3.141733,
  0.963778 0.408076 3.141733,
  1 0.4096969 2.907994,
  1.104921 0.3956547 3.141733,
  1.104962 0.3958783 2.907994,
  1.036222 0.408076 3.141733,
  1 0.408076 3.141733,
  1.10751 0.3951866 3.141733,
  1.175368 0.3698189 3.141733,
  1.202771 0.3553646 2.907994,
  1.286348 0.2904406 3.141733,
  1.286761 0.2909165 2.907994,
  1.23763 0.3327831 3.141733,
  1.201959 0.3540012 3.141733,
  1.292308 0.2852602 3.141733,
  1.337659 0.2287673 3.141733,
  1.351209 0.206926 2.907994,
  1.393416 0.1025807 3.141733,
  1.391256 0.1089587 3.141733,
  1.372235 0.1651067 3.141733,
  1.349906 0.2062181 3.141733,
  0.9391161 -0.2230669 2.907994,
  0.8823811 -0.1995665 2.907994,
  0.8336618 -0.1621827 2.907994,
  0.796278 -0.1134634 2.907994,
  0.772778 -0.05672874 2.907994,
  0.7647622 0.004155512 2.907994,
  0.772778 0.06503937 2.907994,
  0.796278 0.1217744 2.907994,
  0.8336618 0.1704937 2.907994,
  0.8823811 0.2078772 2.907994,
  0.9391161 0.2313776 2.907994,
  1 0.2393929 2.907994,
  1.060884 0.2313776 2.907994,
  1.117619 0.2078772 2.907994,
  1.166338 0.1704937 2.907994,
  1.203722 0.1217744 2.907994,
  1.227222 0.06503937 2.907994,
  1.235238 0.004155512 2.907994,
  1.227222 -0.05672874 2.907994,
  1.203722 -0.1134634 2.907994,
  1.166338 -0.1621827 2.907994,
  1.117619 -0.1995665 2.907994,
  1.060884 -0.2230669 2.907994,
  1 -0.2310823 2.907994,
  0.7637795 -1.043307 1.84752,
  0.7637795 -1.023022 1.84752,
  1.23622 -1.043307 1.84752,
  1.23622 -1.023022 1.84752,
  0.7637795 -0.9351591 1.303448,
  1.23622 -0.9351591 1.303448,
  0.7637795 -0.9406441 0.5542563,
  1.23622 -0.9406441 0.5542563,
  1.23622 -1.043307 0.4450244,
  0.7637795 -1.043307 0.4450244,
  1.354331 0.643878 1.839206,
  0.6456693 -0.578463 1.839206,
  1.354331 -0.578463 1.839206,
  0.6456693 0.643878 1.839206,
  1.19685 -0.578463 0.6985028,
  1.354331 -0.578463 0.4087445,
  1.19685 -0.578463 1.574803,
  0.8031496 -0.578463 1.574803,
  0.8031496 -0.578463 0.6985028,
  0.6456693 -0.578463 0.4087445,
  1.354331 0.643878 0.4087445,
  0.6456693 0.643878 0.4087445,
  1.19685 0.643878 1.574803,
  1.19685 0.643878 0.6985028,
  0.8031496 0.643878 0.6985028,
  0.8031496 0.643878 1.574803,
  0.9015748 0.754626 1.551728,
  1.098425 0.754626 1.551728,
  1.098425 1.030217 1.276138,
  0.9015748 1.030217 1.276138,
  0.9015748 1.023535 1.336454,
  1.098425 1.023535 1.336454,
  0.9015748 1.003815 1.393846,
  1.098425 1.003815 1.393846,
  0.9015748 0.9720114 1.44553,
  1.098425 0.9720114 1.44553,
  0.9015748 0.9296673 1.489001,
  1.098425 0.9296673 1.489001,
  1.098425 -0.3233264 1.551728,
  1.098425 -0.3233264 1.354878,
  1.098425 0.754626 1.354878,
  1.098425 0.8228169 1.315508,
  1.098425 0.8103039 1.331815,
  1.098425 0.7939961 1.344329,
  1.098425 0.7750055 1.352195,
  1.098425 -0.03937008 -0.984252,
  1.098425 0.1574803 -0.984252,
  1.098425 -0.03937008 0.04779291,
  1.098425 0.1574803 0.04779291,
  1.098425 -0.02997953 0.1191213,
  1.098425 0.1601634 0.06817244,
  1.098425 -0.002448031 0.1855882,
  1.098425 0.1680295 0.08716299,
  1.098425 0.04134843 0.242665,
  1.098425 0.1805429 0.1034709,
  1.098425 0.0984252 0.2864614,
  1.098425 0.1968504 0.1159839,
  1.098425 0.1648925 0.3139929,
  1.098425 0.2158409 0.12385,
  1.098425 0.2362205 0.3233835,
  1.098425 0.2362205 0.1265331,
  1.098425 0.754626 0.3233835,
  1.098425 0.754626 0.1265331,
  1.098425 0.7750055 0.3260665,
  1.098425 0.8259543 0.1359236,
  1.098425 0.7939961 0.3339327,
  1.098425 0.8924213 0.1634551,
  1.098425 0.8103039 0.3464461,
  1.098425 0.949498 0.207252,
  1.098425 0.8228169 0.3627535,
  1.098425 0.9932945 0.2643283,
  1.098425 0.8306835 0.3817441,
  1.098425 1.020826 0.3307957,
  1.098425 0.8333661 0.4021236,
  1.098425 1.030217 0.4021236,
  1.098425 0.8333661 1.276138,
  1.098425 0.8306835 1.296517,
  0.9015748 0.754626 1.354878,
  0.9015748 -0.3233264 1.354878,
  0.9015748 -0.3233264 1.551728,
  0.9015748 0.8333661 1.276138,
  0.9015748 0.8306835 1.296517,
  0.9015748 0.8228169 1.315508,
  0.9015748 0.8103039 1.331815,
  0.9015748 0.7939961 1.344329,
  0.9015748 0.7750055 1.352195,
  0.9015748 0.1574803 -0.984252,
  0.9015748 -0.03937008 -0.984252,
  0.9015748 0.1574803 0.04779291,
  0.9015748 -0.03937008 0.04779291,
  0.9015748 0.1601634 0.06817244,
  0.9015748 -0.02997953 0.1191213,
  0.9015748 0.1680295 0.08716299,
  0.9015748 -0.002448031 0.1855882,
  0.9015748 0.1805429 0.1034709,
  0.9015748 0.04134843 0.242665,
  0.9015748 0.1968504 0.1159839,
  0.9015748 0.0984252 0.2864614,
  0.9015748 0.2158409 0.12385,
  0.9015748 0.1648925 0.3139929,
  0.9015748 0.2362205 0.1265331,
  0.9015748 0.2362205 0.3233835,
  0.9015748 0.754626 0.1265331,
  0.9015748 0.754626 0.3233835,
  0.9015748 0.8259543 0.1359236,
  0.9015748 0.7750055 0.3260665,
  0.9015748 0.8924213 0.1634551,
  0.9015748 0.7939961 0.3339327,
  0.9015748 0.949498 0.207252,
  0.9015748 0.8103039 0.3464461,
  0.9015748 0.9932945 0.2643283,
  0.9015748 0.8228169 0.3627535,
  0.9015748 1.020826 0.3307957,
  0.9015748 0.8306835 0.3817441,
  0.9015748 1.030217 0.4021236,
  0.9015748 0.8333661 0.4021236,
  0.9409449 0 -1.377953,
  0.9409449 0.1181102 -1.377953,
  1.059055 0 -1.377953,
  1.059055 0.1181102 -1.377953,
  1.236057 0.3306087 3.162112,
  1.035982 0.4054035 3.162112,
  0.9640177 0.4054035 3.162112,
  0.8932008 0.3925996 3.162112,
  0.7639429 0.3306087 3.162112,
  0.709626 0.2834004 3.162112,
  1.3433 0.1025807 3.214397,
  1.35239 0.1025807 3.209431,
  1.336098 0.1494815 3.209924,
  1.391294 0.1025807 3.15962,
  1.390624 0.1025807 3.162106,
  1.369772 0.1640417 3.162112,
  1.390208 0.1025807 3.163648,
  1.362552 0.1609197 3.181103,
  1.366135 0.1025807 3.200566,
  1.369278 0.1025807 3.197141,
  1.351066 0.1559535 3.197411,
  1.378867 0.1025807 3.186693,
  1.382906 0.1025807 3.180471,
  1.360419 0.1025807 3.205044,
  1.336425 0.1025807 3.216813,
  1.318667 0.1419445 3.21779,
  1.332856 0.1025807 3.217446,
  1.316599 0.1025807 3.22033,
  0.6878559 0.1025807 3.220471,
  0.6813331 0.1419445 3.21779,
  0.6678453 0.1025807 3.217987,
  0.663902 0.1494815 3.209924,
  0.6590055 0.1025807 3.215283,
  0.6670772 0.1025807 3.217752,
  0.630739 0.1025807 3.197122,
  0.6342575 0.1025807 3.200901,
  0.6489339 0.1559535 3.197411,
  0.6416984 0.1025807 3.206504,
  0.6475622 0.1025807 3.209478,
  0.6215059 0.1025807 3.187208,
  0.6374484 0.1609197 3.181103,
  0.6166646 0.1025807 3.179724,
  0.6100303 0.1025807 3.164431,
  0.630228 0.1640417 3.162112,
  0.6095933 0.1025807 3.16207,
  0.6067441 0.1025807 3.146678,
  1.150131 0.3171969 3.21779,
  1.203433 0.2854909 3.21779,
  1.158343 0.3343205 3.209924,
  1.21456 0.3008795 3.209924,
  1.165395 0.3490244 3.197411,
  1.224116 0.3140945 3.197411,
  1.170806 0.3603071 3.181103,
  1.231448 0.3242346 3.181103,
  1.174208 0.3674 3.162112,
  1.289067 0.1964437 3.21779,
  1.304879 0.2069618 3.209924,
  1.318457 0.2159937 3.197411,
  1.328875 0.2229244 3.181103,
  1.335425 0.2272811 3.162112,
  0.6645752 0.2272811 3.162112,
  0.6711248 0.2229244 3.181103,
  0.6815433 0.2159937 3.197411,
  0.6951213 0.2069618 3.209924,
  0.7109331 0.1964437 3.21779,
  0.7497575 0.2448071 3.21779,
  0.7360693 0.2579705 3.209924,
  0.7243154 0.2692744 3.197411,
  0.7152957 0.277948 3.181103,
  0.768552 0.3242346 3.181103,
  0.7758843 0.3140945 3.197411,
  0.7854398 0.3008795 3.209924,
  0.7965673 0.2854909 3.21779,
  0.8257921 0.3674 3.162112,
  0.8291937 0.3603071 3.181103,
  0.8346051 0.3490244 3.197411,
  0.8416567 0.3343205 3.209924,
  0.8498689 0.3171969 3.21779,
  0.9079614 0.3389138 3.21779,
  0.9029268 0.3572252 3.209924,
  0.8986035 0.3729492 3.197411,
  0.8952862 0.3850146 3.181103,
  0.9647201 0.3975689 3.181103,
  0.9658378 0.3851055 3.197411,
  0.9672945 0.368863 3.209924,
  0.9689906 0.3499484 3.21779,
  1.03528 0.3975689 3.181103,
  1.034162 0.3851055 3.197411,
  1.032706 0.368863 3.209924,
  1.031009 0.3499484 3.21779,
  1.106799 0.3925996 3.162112,
  1.104714 0.3850146 3.181103,
  1.101396 0.3729492 3.197411,
  1.097073 0.3572252 3.209924,
  1.092039 0.3389138 3.21779,
  1.290374 0.2834004 3.162112,
  1.284704 0.277948 3.181103,
  1.275685 0.2692744 3.197411,
  1.263931 0.2579705 3.209924,
  1.250243 0.2448071 3.21779,
  1.028337 -0.9651291 0.003937008,
  1.037398 -1.007326 0.003937008,
  1.024059 -0.943611 0.003937008,
  1.022381 -0.9368157 0.003937008,
  1.022001 -0.9358386 0.003937008,
  1.021683 -0.9351768 0.003937008,
  1.021391 -0.9347224 0.003937008,
  1.021111 -0.9344098 0.003937008,
  1.020864 -0.9342217 0.003937008,
  1.020636 -0.9341236 0.003937008,
  1.020422 -0.9340902 0.003937008,
  1.020205 -0.9341079 0.003937008,
  1.019994 -0.9341811 0.003937008,
  1.019815 -0.9342972 0.003937008,
  1.019622 -0.9344969 0.003937008,
  1.019454 -0.9347866 0.003937008,
  1.019252 -0.9355063 0.003937008,
  1.018761 -0.9390587 0.003937008,
  1.018396 -0.9424783 0.003937008,
  1.017012 -0.9543492 0.003937008,
  1.016629 -0.9598484 0.003937008,
  1.016743 -0.9624551 0.003937008,
  1.017284 -0.9640291 0.003937008,
  1.017851 -0.9651291 0.003937008,
  1.019277 -0.9676878 0.003937008,
  1.022983 -0.9800535 0.003937008,
  1.026072 -0.9926031 0.003937008,
  1.055225 -1.127626 0.003937008,
  1.059168 -1.127626 0.003937008,
  1.086642 -1.006194 0.003937008,
  1.090039 -0.9920161 0.003937008,
  1.091544 -0.9853169 0.003937008,
  1.093437 -0.9787193 0.003937008,
  1.095408 -0.9733504 0.003937008,
  1.097206 -0.9683087 0.003937008,
  1.0984 -0.9665102 0.003937008,
  1.099281 -0.9654681 0.003937008,
  1.099612 -0.9650224 0.003937008,
  1.099775 -0.964702 0.003937008,
  1.099846 -0.9644039 0.003937008,
  1.09984 -0.9633579 0.003937008,
  1.099398 -0.9567047 0.003937008,
  1.099393 -0.9566142 0.003937008,
  1.098261 -0.9439047 0.003937008,
  1.097674 -0.9390807 0.003937008,
  1.097566 -0.9375945 0.003937008,
  1.097404 -0.9365457 0.003937008,
  1.097268 -0.9358193 0.003937008,
  1.097149 -0.9353665 0.003937008,
  1.09702 -0.9350555 0.003937008,
  1.096877 -0.9348445 0.003937008,
  1.096692 -0.9346795 0.003937008,
  1.096469 -0.9345622 0.003937008,
  1.096264 -0.9345106 0.003937008,
  1.09605 -0.9345102 0.003937008,
  1.09579 -0.934574 0.003937008,
  1.095492 -0.9347299 0.003937008,
  1.095247 -0.9349382 0.003937008,
  1.095005 -0.93525 0.003937008,
  1.094761 -0.935778 0.003937008,
  1.09457 -0.936522 0.003937008,
  1.092598 -0.9478472 0.003937008,
  1.075904 -1.016638 0.003937008,
  1.057196 -1.100445 0.003937008,
  1.038782 -1.017225 0.003937008,
  1.075317 -1.020917 0.003937008,
  1.067682 -1.028257 0.003937008,
  1.060594 -1.023433 0.003937008,
  1.058193 -1.022144 0.003937008,
  1.049929 -1.019547 0.003937008,
  1.038782 -1.017225 0,
  1.057196 -1.100445 0,
  1.049929 -1.019547 0,
  1.058193 -1.022144 0,
  1.060594 -1.023433 0,
  1.067682 -1.028257 0,
  1.075317 -1.020917 0,
  0.9147071 -1.109799 0.003937008,
  0.9197827 -1.105563 0.003937008,
  0.9134504 -1.110798 0.003937008,
  0.9126941 -1.111766 0.003937008,
  0.9122039 -1.112806 0.003937008,
  0.9120559 -1.113487 0.003937008,
  0.9120764 -1.114151 0.003937008,
  0.9122776 -1.114873 0.003937008,
  0.9125417 -1.115343 0.003937008,
  0.9129339 -1.115761 0.003937008,
  0.9132811 -1.116049 0.003937008,
  0.9183984 -1.115168 0.003937008,
  0.9243126 -1.115168 0.003937008,
  0.926724 -1.115611 0.003937008,
  0.9291362 -1.116049 0.003937008,
  0.9350925 -1.116594 0.003937008,
  0.9458307 -1.119698 0.003937008,
  0.9520114 -1.120902 0.003937008,
  0.9582886 -1.121418 0.003937008,
  0.9670929 -1.120852 0.003937008,
  0.97345 -1.119315 0.003937008,
  0.9786591 -1.116618 0.003937008,
  0.9833343 -1.112465 0.003937008,
  0.9878524 -1.105929 0.003937008,
  0.9922492 -1.094382 0.003937008,
  0.9963858 -1.06268 0.003937008,
  0.9976752 -1.023433 0.003937008,
  0.9948102 -0.990022 0.003937008,
  0.9894102 -0.9712909 0.003937008,
  0.983539 -0.9607906 0.003937008,
  0.9785953 -0.9548988 0.003937008,
  0.9731268 -0.9508803 0.003937008,
  0.9678016 -0.9487508 0.003937008,
  0.9472567 -0.9455823 0.003937008,
  0.9347992 -0.9441563 0.003937008,
  0.930174 -0.9429181 0.003937008,
  0.9271984 -0.9411256 0.003937008,
  0.9262756 -0.9405874 0.003937008,
  0.9260323 -0.9405071 0.003937008,
  0.9252665 -0.940561 0.003937008,
  0.924722 -0.9407858 0.003937008,
  0.9228811 -0.9421024 0.003937008,
  0.9188154 -0.9458772 0.003937008,
  0.9175173 -0.947302 0.003937008,
  0.9141201 -0.9509512 0.003937008,
  0.9134106 -0.9517193 0.003937008,
  0.9129386 -0.952322 0.003937008,
  0.9126094 -0.9527965 0.003937008,
  0.9124142 -0.9531453 0.003937008,
  0.912326 -0.9534453 0.003937008,
  0.9123126 -0.9537598 0.003937008,
  0.9123831 -0.9541319 0.003937008,
  0.9126091 -0.9547035 0.003937008,
  0.9127476 -0.9549378 0.003937008,
  0.9128768 -0.9550752 0.003937008,
  0.9130429 -0.9551795 0.003937008,
  0.9133189 -0.9552705 0.003937008,
  0.9140185 -0.9553268 0.003937008,
  0.9150008 -0.9552299 0.003937008,
  0.9189437 -0.9552299 0.003937008,
  0.9234736 -0.9552299 0.003937008,
  0.9234736 -1.103591 0.003937008,
  0.9215685 -1.104468 0.003937008,
  0.9314016 -1.105563 0.003937008,
  0.9314016 -0.9557752 0.003937008,
  0.9676882 -0.9599508 0.003937008,
  0.9613535 -0.9583461 0.003937008,
  0.952626 -0.9572012 0.003937008,
  0.9401681 -0.9557752 0.003937008,
  0.9722654 -0.9619776 0.003937008,
  0.9357858 -0.955613 0.003937008,
  0.9367705 -1.107828 0.003937008,
  0.9488173 -1.110604 0.003937008,
  0.9611409 -1.111519 0.003937008,
  0.9686169 -1.110072 0.003937008,
  0.9890768 -1.006657 0.003937008,
  0.9845654 -0.9815055 0.003937008,
  0.9789654 -0.9689161 0.003937008,
  0.9756685 -0.9646815 0.003937008,
  0.9740539 -1.107937 0.003937008,
  0.9774146 -1.105496 0.003937008,
  0.9808051 -1.10142 0.003937008,
  0.9839528 -1.095335 0.003937008,
  0.9864409 -1.086838 0.003937008,
  0.9897476 -1.048349 0.003937008,
  0.952626 -0.9572012 0,
  0.9401681 -0.9557752 0,
  0.9613535 -0.9583461 0,
  0.9676882 -0.9599508 0,
  0.9722654 -0.9619776 0,
  0.9756685 -0.9646815 0,
  0.9789654 -0.9689161 0,
  0.9845654 -0.9815055 0,
  0.9890768 -1.006657 0,
  0.9897476 -1.048349 0,
  0.9864409 -1.086838 0,
  0.9839528 -1.095335 0,
  0.9808051 -1.10142 0,
  0.9774146 -1.105496 0,
  0.9740539 -1.107937 0,
  0.9686169 -1.110072 0,
  0.9611409 -1.111519 0,
  0.9488173 -1.110604 0,
  0.9367705 -1.107828 0,
  0.9314016 -1.105563 0,
  0.9314016 -0.9557752 0,
  0.9357858 -0.955613 0,
  0.8534665 -1.044951 0.003937008,
  0.8296835 -1.041847 0.003937008,
  0.8632823 -1.046943 0.003937008,
  0.8695685 -1.049176 0.003937008,
  0.872426 -1.050907 0.003937008,
  0.8749846 -1.052334 0.003937008,
  0.8832059 -1.044112 0.003937008,
  0.8837878 -1.043341 0.003937008,
  0.8841598 -1.042714 0.003937008,
  0.8843913 -1.042115 0.003937008,
  0.8844677 -1.041652 0.003937008,
  0.8844386 -1.041241 0.003937008,
  0.8842807 -1.040761 0.003937008,
  0.8839256 -1.040187 0.003937008,
  0.883526 -1.039794 0.003937008,
  0.8830307 -1.039503 0.003937008,
  0.882485 -1.039347 0.003937008,
  0.8817799 -1.039289 0.003937008,
  0.8296835 -1.031948 0.003937008,
  0.8296835 -0.9552299 0.003937008,
  0.8718807 -0.9611441 0.003937008,
  0.875974 -0.9622059 0.003937008,
  0.8798083 -0.9639965 0.003937008,
  0.8823252 -0.9654224 0.003937008,
  0.8902528 -0.9566142 0.003937008,
  0.891113 -0.9554193 0.003937008,
  0.8913697 -0.9547717 0.003937008,
  0.8914441 -0.9542921 0.003937008,
  0.891413 -0.9538906 0.003937008,
  0.8912504 -0.9534114 0.003937008,
  0.8909839 -0.9528937 0.003937008,
  0.8907819 -0.9526122 0.003937008,
  0.8905831 -0.9524457 0.003937008,
  0.8902705 -0.9522969 0.003937008,
  0.890239 -0.9522862 0.003937008,
  0.8894654 -0.9521303 0.003937008,
  0.8885752 -0.9520839 0.003937008,
  0.8843386 -0.9518323 0.003937008,
  0.8628988 -0.9492051 0.003937008,
  0.8415539 -0.945876 0.003937008,
  0.8285512 -0.943611 0.003937008,
  0.8254075 -0.9424531 0.003937008,
  0.8234063 -0.9419787 0.003937008,
  0.8219921 -0.9418961 0.003937008,
  0.8212146 -0.9420307 0.003937008,
  0.8205547 -0.942324 0.003937008,
  0.8198465 -0.9428705 0.003937008,
  0.8192606 -0.9435913 0.003937008,
  0.8189717 -0.944224 0.003937008,
  0.8187563 -0.9453618 0.003937008,
  0.818815 -0.9469705 0.003937008,
  0.8189035 -0.9475539 0.003937008,
  0.8207283 -0.9546902 0.003937008,
  0.8214622 -0.9620252 0.003937008,
  0.8214622 -0.9673941 0.003937008,
  0.821635 -0.9709378 0.003937008,
  0.8217559 -0.9744831 0.003937008,
  0.8214622 -1.104137 0.003937008,
  0.8182894 -1.107906 0.003937008,
  0.8163492 -1.110251 0.003937008,
  0.8152051 -1.111923 0.003937008,
  0.8147535 -1.11288 0.003937008,
  0.8145063 -1.114253 0.003937008,
  0.8144567 -1.115096 0.003937008,
  0.8144669 -1.115742 0.003937008,
  0.8145205 -1.115987 0.003937008,
  0.8146106 -1.116202 0.003937008,
  0.8147059 -1.116339 0.003937008,
  0.8148169 -1.116437 0.003937008,
  0.8149547 -1.116512 0.003937008,
  0.8153642 -1.116626 0.003937008,
  0.8161362 -1.116674 0.003937008,
  0.8169319 -1.116594 0.003937008,
  0.8223012 -1.115756 0.003937008,
  0.8271134 -1.115163 0.003937008,
  0.8319484 -1.115168 0.003937008,
  0.8327874 -1.115168 0.003937008,
  0.8383307 -1.115304 0.003937008,
  0.8438193 -1.116049 0.003937008,
  0.8548929 -1.11802 0.003937008,
  0.8646472 -1.119981 0.003937008,
  0.8723457 -1.12278 0.003937008,
  0.873852 -1.123683 0.003937008,
  0.876411 -1.125361 0.003937008,
  0.8845902 -1.116888 0.003937008,
  0.885137 -1.115956 0.003937008,
  0.8854748 -1.115276 0.003937008,
  0.8856594 -1.114764 0.003937008,
  0.8857224 -1.114348 0.003937008,
  0.8856874 -1.113962 0.003937008,
  0.8855563 -1.113577 0.003937008,
  0.8853339 -1.113231 0.003937008,
  0.8849343 -1.112851 0.003937008,
  0.8844252 -1.112559 0.003937008,
  0.8838697 -1.11241 0.003937008,
  0.8832059 -1.112358 0.003937008,
  0.878676 -1.11177 0.003937008,
  0.8720114 -1.110885 0.003937008,
  0.8653374 -1.110093 0.003937008,
  0.8296835 -1.104137 0.003937008,
  0.7865634 -1.121124 0.003937008,
  0.7823272 -1.121124 0.003937008,
  0.7865634 -1.045539 0.003937008,
  0.7811945 -1.045539 0.003937008,
  0.7788016 -1.085419 0.003937008,
  0.7753102 -1.098261 0.003937008,
  0.7717571 -1.105224 0.003937008,
  0.7683232 -1.109337 0.003937008,
  0.7645504 -1.112205 0.003937008,
  0.760563 -1.113971 0.003937008,
  0.7562787 -1.114917 0.003937008,
  0.7503917 -1.114555 0.003937008,
  0.7453157 -1.112852 0.003937008,
  0.7405346 -1.109872 0.003937008,
  0.7359748 -1.10541 0.003937008,
  0.7310878 -1.097746 0.003937008,
  0.7244752 -1.078707 0.003937008,
  0.721915 -1.063926 0.003937008,
  0.7208768 -1.018903 0.003937008,
  0.7278823 -0.978448 0.003937008,
  0.7321575 -0.9669185 0.003937008,
  0.738624 -0.9577984 0.003937008,
  0.7427059 -0.9540547 0.003937008,
  0.7463339 -0.9519189 0.003937008,
  0.7500717 -0.9507882 0.003937008,
  0.7540138 -0.9504063 0.003937008,
  0.7603598 -0.9508898 0.003937008,
  0.7666106 -0.9532146 0.003937008,
  0.7716839 -0.9567732 0.003937008,
  0.77585 -0.9615697 0.003937008,
  0.7795492 -0.9689244 0.003937008,
  0.7836075 -0.987626 0.003937008,
  0.7848437 -0.9960008 0.003937008,
  0.7862701 -1.010976 0.003937008,
  0.7908 -1.010724 0.003937008,
  0.7886555 -0.9769114 0.003937008,
  0.7854236 -0.9642484 0.003937008,
  0.7805677 -0.9544465 0.003937008,
  0.7768886 -0.9497417 0.003937008,
  0.7714528 -0.9453594 0.003937008,
  0.7646398 -0.9421957 0.003937008,
  0.7579567 -0.9410524 0.003937008,
  0.7507142 -0.9413114 0.003937008,
  0.7432228 -0.9436339 0.003937008,
  0.736672 -0.9474547 0.003937008,
  0.7319476 -0.9522803 0.003937008,
  0.7254685 -0.9628528 0.003937008,
  0.7175559 -0.9865551 0.003937008,
  0.7144705 -1.005756 0.003937008,
  0.7143752 -1.06282 0.003937008,
  0.7212028 -1.093494 0.003937008,
  0.7272173 -1.107001 0.003937008,
  0.7329811 -1.114509 0.003937008,
  0.7417693 -1.121313 0.003937008,
  0.7459516 -1.123366 0.003937008,
  0.750026 -1.124189 0.003937008,
  0.7540138 -1.124228 0.003937008,
  0.7623417 -1.122072 0.003937008,
  0.7688697 -1.118464 0.003937008,
  0.7745055 -1.113361 0.003937008,
  0.7777969 -1.10896 0.003937008,
  0.7803138 -1.10443 0.003937008,
  0.6297291 -1.131611 0.003937008,
  0.642187 -1.116049 0.003937008,
  0.6392555 -1.109834 0.003937008,
  0.6380343 -1.101817 0.003937008,
  0.6379504 -1.09818 0.003937008,
  0.6379504 -0.9538039 0.003937008,
  0.6597469 -0.9556299 0.003937008,
  0.6701394 -0.9572244 0.003937008,
  0.6736339 -0.958024 0.003937008,
  0.6756705 -0.9590047 0.003937008,
  0.6782795 -0.9612563 0.003937008,
  0.6791539 -0.961874 0.003937008,
  0.6801059 -0.9622768 0.003937008,
  0.6867217 -0.9564547 0.003937008,
  0.6898366 -0.9535902 0.003937008,
  0.6908846 -0.952439 0.003937008,
  0.691363 -0.951572 0.003937008,
  0.6915972 -0.9505949 0.003937008,
  0.6917248 -0.9495673 0.003937008,
  0.6914004 -0.9489339 0.003937008,
  0.6911673 -0.9486748 0.003937008,
  0.6907791 -0.948415 0.003937008,
  0.6900831 -0.9481555 0.003937008,
  0.6890409 -0.9480193 0.003937008,
  0.68405 -0.9479 0.003937008,
  0.6768823 -0.9468803 0.003937008,
  0.6582374 -0.9449512 0.003937008,
  0.6520862 -0.94445 0.003937008,
  0.6402154 -0.9433173 0.003937008,
  0.633672 -0.942772 0.003937008,
  0.6322189 -0.942328 0.003937008,
  0.631428 -0.9422728 0.003937008,
  0.6308575 -0.942363 0.003937008,
  0.6304449 -0.9425272 0.003937008,
  0.6301083 -0.9427673 0.003937008,
  0.6297386 -0.9431957 0.003937008,
  0.6292929 -0.9440055 0.003937008,
  0.6290945 -0.9447622 0.003937008,
  0.6290976 -0.9463433 0.003937008,
  0.6298878 -0.9532508 0.003937008,
  0.6300228 -0.9549362 0.003937008,
  0.6305681 -0.9716307 0.003937008,
  0.6305681 -1.099061 0.003937008,
  0.6304047 -1.112877 0.003937008,
  0.6283031 -1.126494 0.003937008,
  0.6277579 -1.129346 0.003937008,
  0.2999614 -0.1255457 3.220473,
  0.3116272 -0.09426969 3.220473,
  -0.2999614 -0.1255457 3.220473,
  -0.3116272 -0.09426969 3.220473,
  0.1413185 -0.290511 3.220473,
  0.1914909 -0.2606657 3.220473,
  0.2355531 -0.2223701 3.220473,
  0.2720988 -0.1768457 3.220473,
  -0.2355531 -0.2223701 3.220473,
  -0.1914909 -0.2606657 3.220473,
  0.08663622 -0.3109531 3.220473,
  -0.1413185 -0.290511 3.220473,
  -0.2720988 -0.1768457 3.220473,
  -0.08663622 -0.3109531 3.220473,
  -0.02918937 -0.3213398 3.220473,
  0.02918898 -0.3213398 3.220473,
  -0.2863476 -0.2821299 3.141733,
  -0.2376295 -0.3244724 3.141733,
  -0.2360571 -0.322298 3.162112,
  -0.1049213 -0.3873441 3.141733,
  -0.03622205 -0.3997654 3.141733,
  -0.03598228 -0.3970929 3.162112,
  0.1049213 -0.3873441 3.141733,
  0.1075102 -0.386876 3.141733,
  0.1067992 -0.384289 3.162112,
  0.2019594 -0.3456902 3.141733,
  0.2376295 -0.3244724 3.141733,
  0.2360571 -0.322298 3.162112,
  0.2863476 -0.2821299 3.141733,
  0.2923079 -0.2769496 3.141733,
  0.290374 -0.2750898 3.162112,
  0.3127244 -0.09426969 3.220466,
  0.3186669 -0.1336339 3.21779,
  0.3327047 -0.09426969 3.217849,
  0.3329323 -0.09426969 3.217778,
  0.3415335 -0.09426969 3.215082,
  0.336098 -0.1411709 3.209924,
  0.3524252 -0.09426969 3.209464,
  0.3587665 -0.09426969 3.206192,
  0.3510661 -0.1476429 3.197411,
  0.366165 -0.09426969 3.20054,
  0.3625516 -0.1526091 3.181103,
  0.3788134 -0.09426969 3.186767,
  0.3692831 -0.09426969 3.197145,
  0.3906346 -0.09426969 3.162109,
  0.3905705 -0.09426969 3.162397,
  0.369772 -0.1557311 3.162112,
  0.3835976 -0.09426969 3.179259,
  0.3824531 -0.09426969 3.181056,
  0.3934161 -0.09426969 3.141733,
  0.3923862 -0.09426969 3.154237,
  0.3912555 -0.100648 3.141733,
  0.3722346 -0.1567961 3.141733,
  0.3499055 -0.1979075 3.141733,
  -0.3934161 -0.09426969 3.141733,
  -0.3912555 -0.100648 3.141733,
  -0.3929843 -0.09426969 3.149846,
  -0.3904567 -0.09426969 3.162074,
  -0.369772 -0.1557311 3.162112,
  -0.3899697 -0.09426969 3.164431,
  -0.3625516 -0.1526091 3.181103,
  -0.3824728 -0.09426969 3.181203,
  -0.3780421 -0.09426969 3.18782,
  -0.3510661 -0.1476429 3.197411,
  -0.3692272 -0.09426969 3.197087,
  -0.3417571 -0.09426969 3.214998,
  -0.3524138 -0.09426969 3.209448,
  -0.336098 -0.1411709 3.209924,
  -0.3590972 -0.09426969 3.205967,
  -0.3650362 -0.09426969 3.201493,
  -0.3348299 -0.09426969 3.21728,
  -0.3186669 -0.1336339 3.21779,
  -0.3328925 -0.09426969 3.217585,
  -0.3149512 -0.09426969 3.220409,
  0.03100945 -0.3416378 3.21779,
  -0.03100945 -0.3416378 3.21779,
  0.03270551 -0.3605524 3.209924,
  -0.03270551 -0.3605524 3.209924,
  0.0341622 -0.3767949 3.197411,
  -0.0341622 -0.3767949 3.197411,
  0.03527992 -0.3892583 3.181103,
  -0.03527992 -0.3892583 3.181103,
  0.03598228 -0.3970929 3.162112,
  -0.1501311 -0.3088862 3.21779,
  -0.2034327 -0.2771799 3.21779,
  -0.1583433 -0.3260094 3.209924,
  -0.2145602 -0.2925689 3.209924,
  -0.1653949 -0.3407138 3.197411,
  -0.2241157 -0.3057839 3.197411,
  -0.1708063 -0.3519965 3.181103,
  -0.231448 -0.315924 3.181103,
  -0.1742079 -0.359089 3.162112,
  -0.2890669 -0.1881331 3.21779,
  -0.3048787 -0.1986512 3.209924,
  -0.3184567 -0.2076831 3.197411,
  -0.3288752 -0.2146138 3.181103,
  -0.3354248 -0.2189705 3.162112,
  0.3376587 -0.2204563 3.141733,
  0.3354248 -0.2189705 3.162112,
  0.3288752 -0.2146138 3.181103,
  0.3184567 -0.2076831 3.197411,
  0.3048787 -0.1986512 3.209924,
  0.2890669 -0.1881331 3.21779,
  0.2502425 -0.2364961 3.21779,
  0.2639307 -0.2496598 3.209924,
  0.2756846 -0.2609634 3.197411,
  0.2847043 -0.2696374 3.181103,
  0.231448 -0.315924 3.181103,
  0.2241157 -0.3057839 3.197411,
  0.2145602 -0.2925689 3.209924,
  0.2034327 -0.2771799 3.21779,
  0.1753681 -0.3615083 3.141733,
  0.1742079 -0.359089 3.162112,
  0.1708063 -0.3519965 3.181103,
  0.1653949 -0.3407138 3.197411,
  0.1583433 -0.3260094 3.209924,
  0.1501311 -0.3088862 3.21779,
  0.09203858 -0.3306031 3.21779,
  0.09707323 -0.3489146 3.209924,
  0.1013965 -0.3646386 3.197411,
  0.1047138 -0.3767039 3.181103,
  0.03622205 -0.3997654 3.141733,
  0 -0.3997654 3.141733,
  -0.1075102 -0.386876 3.141733,
  -0.1067992 -0.384289 3.162112,
  -0.1047138 -0.3767039 3.181103,
  -0.1013965 -0.3646386 3.197411,
  -0.09707323 -0.3489146 3.209924,
  -0.09203858 -0.3306031 3.21779,
  -0.1753677 -0.3615083 3.141733,
  -0.2019594 -0.3456902 3.141733,
  -0.2923079 -0.2769496 3.141733,
  -0.290374 -0.2750898 3.162112,
  -0.2847043 -0.2696374 3.181103,
  -0.2756846 -0.2609634 3.197411,
  -0.2639307 -0.2496598 3.209924,
  -0.2502425 -0.2364961 3.21779,
  -0.3376587 -0.2204563 3.141733,
  -0.3722346 -0.1567961 3.141733,
  -0.3499059 -0.1979075 3.141733,
  0.2352378 0.004155512 2.643471,
  0.227222 0.06503937 1.839206,
  0.227222 0.06503937 2.643471,
  0.203722 0.1217744 1.839206,
  0.203722 0.1217744 2.643471,
  0.1663382 0.1704937 1.839206,
  0.1663382 0.1704937 2.643471,
  0.1176189 0.2078772 1.839206,
  0.1176189 0.2078772 2.643471,
  0.06088386 0.2313776 1.839206,
  0.06088386 0.2313776 2.643471,
  0 0.2393929 1.839206,
  0 0.2393929 2.643471,
  -0.06088386 0.2313776 1.839206,
  -0.06088386 0.2313776 2.643471,
  -0.1176189 0.2078772 1.839206,
  -0.1176189 0.2078772 2.643471,
  -0.1663382 0.1704937 1.839206,
  -0.1663382 0.1704937 2.643471,
  -0.203722 0.1217744 1.839206,
  -0.203722 0.1217744 2.643471,
  -0.227222 0.06503937 1.839206,
  -0.227222 0.06503937 2.643471,
  -0.2352378 0.004155512 1.839206,
  -0.2352378 0.004155512 2.643471,
  -0.227222 -0.05672874 1.839206,
  -0.227222 -0.05672874 2.643471,
  -0.203722 -0.1134634 1.839206,
  -0.203722 -0.1134634 2.643471,
  -0.1663382 -0.1621827 1.839206,
  -0.1663382 -0.1621827 2.643471,
  -0.1176189 -0.1995665 1.839206,
  -0.1176189 -0.1995665 2.643471,
  -0.06088386 -0.2230669 1.839206,
  -0.06088386 -0.2230669 2.643471,
  0 -0.2310823 1.839206,
  0 -0.2310823 2.643471,
  0.06088386 -0.2230669 1.839206,
  0.06088386 -0.2230669 2.643471,
  0.1176189 -0.1995665 1.839206,
  0.1176189 -0.1995665 2.643471,
  0.1663382 -0.1621827 1.839206,
  0.1663382 -0.1621827 2.643471,
  0.203722 -0.1134634 1.839206,
  0.203722 -0.1134634 2.643471,
  0.227222 -0.05672874 1.839206,
  0.227222 -0.05672874 2.643471,
  0.2352378 0.004155512 1.839206,
  0.3937008 -0.7763303 0.5542563,
  0.2362205 -0.7763303 0.5542563,
  -0.2362205 -0.7763303 0.5542563,
  -0.3937008 -0.7763303 0.5542563,
  -0.2362205 -0.7763303 1.303448,
  -0.3937008 -0.7763303 1.529214,
  0.2362205 -0.7763303 1.303448,
  0.3937008 -0.7763303 1.529214,
  -0.3937008 -0.6281126 1.529214,
  0.3937008 -0.6281126 1.529214,
  -0.3937008 -0.6281126 2.643471,
  0.3937008 -0.6281126 2.643471,
  -0.3937008 0.6635303 2.643471,
  0.3937008 0.6635303 2.643471,
  -0.3937008 0.6635303 2.477876,
  0.3937008 0.6635303 2.477876,
  -0.3937008 0.822313 1.924134,
  0.3937008 0.822313 1.924134,
  0.0984252 0.822313 1.52215,
  0.3937008 0.822313 1.52215,
  0.0984252 0.822313 1.543287,
  -0.0984252 0.822313 1.543287,
  -0.0984252 0.822313 1.52215,
  -0.3937008 0.822313 1.52215,
  0.0984252 0.8788354 1.52215,
  0.3937008 1.043307 1.52215,
  -0.3937008 1.043307 1.52215,
  -0.2362205 1.043307 1.52215,
  -0.0984252 0.8788354 1.52215,
  0.2362205 1.043307 1.52215,
  -0.2362205 1.043307 0.7874016,
  0.2362205 1.043307 0.7874016,
  -0.203722 -0.1134634 2.681763,
  -0.2767929 -0.1556512 2.681763,
  -0.1663382 -0.1621827 2.681763,
  -0.2260004 -0.2218453 2.681763,
  -0.1176189 -0.1995665 2.681763,
  -0.1598063 -0.2726374 2.681763,
  -0.06088386 -0.2230669 2.681763,
  -0.08272205 -0.3045669 2.681763,
  0 -0.2310823 2.681763,
  0 -0.3154575 2.681763,
  0.06088386 -0.2230669 2.681763,
  0.08272205 -0.3045669 2.681763,
  0.1176189 -0.1995665 2.681763,
  0.1598063 -0.2726374 2.681763,
  0.1663382 -0.1621827 2.681763,
  0.2260004 -0.2218453 2.681763,
  0.203722 -0.1134634 2.681763,
  0.2767929 -0.1556512 2.681763,
  0.227222 -0.05672874 2.681763,
  0.3087224 -0.07856654 2.681763,
  0.2352378 0.004155512 2.681763,
  0.319613 0.004155512 2.681763,
  0.227222 0.06503937 2.681763,
  0.3087224 0.08687717 2.681763,
  0.203722 0.1217744 2.681763,
  0.2767929 0.1639618 2.681763,
  0.1663382 0.1704937 2.681763,
  0.2260004 0.2301559 2.681763,
  0.1176189 0.2078772 2.681763,
  0.1598063 0.280948 2.681763,
  0.06088386 0.2313776 2.681763,
  0.08272205 0.3128776 2.681763,
  0 0.2393929 2.681763,
  0 0.3237681 2.681763,
  -0.06088386 0.2313776 2.681763,
  -0.08272205 0.3128776 2.681763,
  -0.1176189 0.2078772 2.681763,
  -0.1598063 0.280948 2.681763,
  -0.1663382 0.1704937 2.681763,
  -0.2260004 0.2301559 2.681763,
  -0.203722 0.1217744 2.681763,
  -0.2767929 0.1639618 2.681763,
  -0.227222 0.06503937 2.681763,
  -0.3087224 0.08687717 2.681763,
  -0.2352378 0.004155512 2.681763,
  -0.319613 0.004155512 2.681763,
  -0.227222 -0.05672874 2.681763,
  -0.3087224 -0.07856654 2.681763,
  0.319613 0.004155512 2.798277,
  0.3087224 0.08687717 2.798277,
  0.2767929 0.1639618 2.798277,
  0.2260004 0.2301559 2.798277,
  0.1598063 0.280948 2.798277,
  0.08272205 0.3128776 2.798277,
  0 0.3237681 2.798277,
  -0.08272205 0.3128776 2.798277,
  -0.1598063 0.280948 2.798277,
  -0.2260004 0.2301559 2.798277,
  -0.2767929 0.1639618 2.798277,
  -0.3087224 0.08687717 2.798277,
  -0.319613 0.004155512 2.798277,
  -0.3087224 -0.07856654 2.798277,
  -0.2767929 -0.1556512 2.798277,
  -0.2260004 -0.2218453 2.798277,
  -0.1598063 -0.2726374 2.798277,
  -0.08272205 -0.3045669 2.798277,
  0 -0.3154575 2.798277,
  0.08272205 -0.3045669 2.798277,
  0.1598063 -0.2726374 2.798277,
  0.2260004 -0.2218453 2.798277,
  0.2767929 -0.1556512 2.798277,
  0.3087224 -0.07856654 2.798277,
  -0.4136681 0.1679382 2.798277,
  -0.4414031 0.05991772 2.798277,
  -0.4414031 -0.05160669 2.798277,
  -0.4136681 -0.1596276 2.798277,
  -0.3599409 -0.2573571 2.798277,
  -0.2835972 -0.3386547 2.798277,
  -0.1894343 -0.3984126 2.798277,
  -0.08336811 -0.4328756 2.798277,
  0.02793622 -0.4398783 2.798277,
  0.137485 -0.4189807 2.798277,
  0.2383957 -0.3714961 2.798277,
  0.3243264 -0.3004075 2.798277,
  0.3898787 -0.2101823 2.798277,
  0.4309339 -0.1064898 2.798277,
  0.4449114 0.004155512 2.798277,
  0.4309339 0.1148004 2.798277,
  0.3898787 0.2184929 2.798277,
  0.3243264 0.3087181 2.798277,
  0.2383957 0.3798067 2.798277,
  0.137485 0.4272913 2.798277,
  0.02793622 0.448189 2.798277,
  -0.08336811 0.4411862 2.798277,
  -0.1894343 0.4067232 2.798277,
  -0.2835972 0.3469654 2.798277,
  -0.3599409 0.2656677 2.798277,
  -0.3116272 0.1025807 3.220473,
  0.3116272 0.1025807 3.220473,
  -0.2999614 0.1338563 3.220473,
  0.2999614 0.1338563 3.220473,
  -0.2720988 0.1851563 3.220473,
  -0.2355531 0.2306807 3.220473,
  -0.08663622 0.3192638 3.220473,
  -0.1413185 0.2988217 3.220473,
  -0.1914909 0.2689764 3.220473,
  0.1413185 0.2988217 3.220473,
  0.2720988 0.1851563 3.220473,
  0.1914909 0.2689764 3.220473,
  0.2355531 0.2306807 3.220473,
  0.08663622 0.3192638 3.220473,
  0.02918898 0.3296504 3.220473,
  -0.02918937 0.3296504 3.220473,
  0.3934161 -0.09426969 3.023622,
  0.3917228 -0.1008067 2.907994,
  0.4055413 0.004155512 3.023622,
  0.4055413 0.004155512 2.907994,
  0.3934161 0.1025807 3.023622,
  0.3917228 0.1091173 2.907994,
  -0.3934161 0.1025807 3.023622,
  -0.3917228 0.1091173 2.907994,
  -0.4055413 0.004155512 3.023622,
  -0.4055413 0.004155512 2.907994,
  -0.3934161 -0.09426969 3.023622,
  -0.3917228 -0.1008067 2.907994,
  0.3512091 -0.1986154 2.907994,
  0.286761 -0.2826059 2.907994,
  0.2027709 -0.3470539 2.907994,
  0.1049618 -0.3875677 2.907994,
  0 -0.4013862 2.907994,
  -0.1049618 -0.3875677 2.907994,
  -0.2027709 -0.3470539 2.907994,
  -0.286761 -0.2826059 2.907994,
  -0.3512091 -0.1986154 2.907994,
  -0.3499059 0.2062181 3.141733,
  -0.3512091 0.206926 2.907994,
  -0.3722346 0.1651067 3.141733,
  -0.3912555 0.1089587 3.141733,
  -0.3934161 0.1025807 3.141733,
  -0.3376587 0.2287673 3.141733,
  -0.2923079 0.2852602 3.141733,
  -0.286761 0.2909165 2.907994,
  -0.2019594 0.3540012 3.141733,
  -0.2027709 0.3553646 2.907994,
  -0.2376295 0.3327831 3.141733,
  -0.2863476 0.2904406 3.141733,
  -0.1753677 0.3698189 3.141733,
  -0.1075102 0.3951866 3.141733,
  -0.1049618 0.3958783 2.907994,
  -0.1049213 0.3956547 3.141733,
  -0.03622205 0.408076 3.141733,
  0 0.4096969 2.907994,
  0.1049213 0.3956547 3.141733,
  0.1049618 0.3958783 2.907994,
  0.03622205 0.408076 3.141733,
  0 0.408076 3.141733,
  0.1075102 0.3951866 3.141733,
  0.1753681 0.3698189 3.141733,
  0.2027709 0.3553646 2.907994,
  0.2863476 0.2904406 3.141733,
  0.286761 0.2909165 2.907994,
  0.2376295 0.3327831 3.141733,
  0.2019594 0.3540012 3.141733,
  0.2923079 0.2852602 3.141733,
  0.3376587 0.2287673 3.141733,
  0.3512091 0.206926 2.907994,
  0.3934161 0.1025807 3.141733,
  0.3912555 0.1089587 3.141733,
  0.3722346 0.1651067 3.141733,
  0.3499055 0.2062181 3.141733,
  -0.06088386 -0.2230669 2.907994,
  -0.1176189 -0.1995665 2.907994,
  -0.1663382 -0.1621827 2.907994,
  -0.203722 -0.1134634 2.907994,
  -0.227222 -0.05672874 2.907994,
  -0.2352378 0.004155512 2.907994,
  -0.227222 0.06503937 2.907994,
  -0.203722 0.1217744 2.907994,
  -0.1663382 0.1704937 2.907994,
  -0.1176189 0.2078772 2.907994,
  -0.06088386 0.2313776 2.907994,
  0 0.2393929 2.907994,
  0.06088386 0.2313776 2.907994,
  0.1176189 0.2078772 2.907994,
  0.1663382 0.1704937 2.907994,
  0.203722 0.1217744 2.907994,
  0.227222 0.06503937 2.907994,
  0.2352378 0.004155512 2.907994,
  0.227222 -0.05672874 2.907994,
  0.203722 -0.1134634 2.907994,
  0.1663382 -0.1621827 2.907994,
  0.1176189 -0.1995665 2.907994,
  0.06088386 -0.2230669 2.907994,
  0 -0.2310823 2.907994,
  -0.2362205 -1.043307 1.84752,
  -0.2362205 -1.023022 1.84752,
  0.2362205 -1.043307 1.84752,
  0.2362205 -1.023022 1.84752,
  -0.2362205 -0.9351591 1.303448,
  0.2362205 -0.9351591 1.303448,
  -0.2362205 -0.9406441 0.5542563,
  0.2362205 -0.9406441 0.5542563,
  0.2362205 -1.043307 0.4450244,
  -0.2362205 -1.043307 0.4450244,
  0.3543307 -0.578463 1.839206,
  0.3543307 0.643878 1.839206,
  -0.3543307 -0.578463 1.839206,
  -0.3543307 0.643878 1.839206,
  0.1968504 -0.578463 0.6985028,
  0.3543307 -0.578463 0.4087445,
  0.1968504 -0.578463 1.574803,
  -0.1968504 -0.578463 1.574803,
  -0.1968504 -0.578463 0.6985028,
  -0.3543307 -0.578463 0.4087445,
  0.3543307 0.643878 0.4087445,
  -0.3543307 0.643878 0.4087445,
  0.1968504 0.643878 1.574803,
  0.1968504 0.643878 0.6985028,
  -0.1968504 0.643878 0.6985028,
  -0.1968504 0.643878 1.574803,
  -0.0984252 0.754626 1.551728,
  0.0984252 0.754626 1.551728,
  0.0984252 1.030217 1.276138,
  -0.0984252 1.030217 1.276138,
  -0.0984252 1.023535 1.336454,
  0.0984252 1.023535 1.336454,
  -0.0984252 1.003815 1.393846,
  0.0984252 1.003815 1.393846,
  -0.0984252 0.9720114 1.44553,
  0.0984252 0.9720114 1.44553,
  -0.0984252 0.9296673 1.489001,
  0.0984252 0.9296673 1.489001,
  0.0984252 -0.3233264 1.551728,
  0.0984252 -0.3233264 1.354878,
  0.0984252 0.754626 1.354878,
  0.0984252 0.8228169 1.315508,
  0.0984252 0.8103039 1.331815,
  0.0984252 0.7939961 1.344329,
  0.0984252 0.7750055 1.352195,
  0.0984252 -0.03937008 -0.984252,
  0.0984252 0.1574803 -0.984252,
  0.0984252 -0.03937008 0.04779291,
  0.0984252 0.1574803 0.04779291,
  0.0984252 -0.02997953 0.1191213,
  0.0984252 0.1601634 0.06817244,
  0.0984252 -0.002448031 0.1855882,
  0.0984252 0.1680295 0.08716299,
  0.0984252 0.04134843 0.242665,
  0.0984252 0.1805429 0.1034709,
  0.0984252 0.0984252 0.2864614,
  0.0984252 0.1968504 0.1159839,
  0.0984252 0.1648925 0.3139929,
  0.0984252 0.2158409 0.12385,
  0.0984252 0.2362205 0.3233835,
  0.0984252 0.2362205 0.1265331,
  0.0984252 0.754626 0.3233835,
  0.0984252 0.754626 0.1265331,
  0.0984252 0.7750055 0.3260665,
  0.0984252 0.8259543 0.1359236,
  0.0984252 0.7939961 0.3339327,
  0.0984252 0.8924213 0.1634551,
  0.0984252 0.8103039 0.3464461,
  0.0984252 0.949498 0.207252,
  0.0984252 0.8228169 0.3627535,
  0.0984252 0.9932945 0.2643283,
  0.0984252 0.8306835 0.3817441,
  0.0984252 1.020826 0.3307957,
  0.0984252 0.8333661 0.4021236,
  0.0984252 1.030217 0.4021236,
  0.0984252 0.8333661 1.276138,
  0.0984252 0.8306835 1.296517,
  -0.0984252 0.754626 1.354878,
  -0.0984252 -0.3233264 1.354878,
  -0.0984252 -0.3233264 1.551728,
  -0.0984252 0.8333661 1.276138,
  -0.0984252 0.8306835 1.296517,
  -0.0984252 0.8228169 1.315508,
  -0.0984252 0.8103039 1.331815,
  -0.0984252 0.7939961 1.344329,
  -0.0984252 0.7750055 1.352195,
  -0.0984252 0.1574803 -0.984252,
  -0.0984252 -0.03937008 -0.984252,
  -0.0984252 0.1574803 0.04779291,
  -0.0984252 -0.03937008 0.04779291,
  -0.0984252 0.1601634 0.06817244,
  -0.0984252 -0.02997953 0.1191213,
  -0.0984252 0.1680295 0.08716299,
  -0.0984252 -0.002448031 0.1855882,
  -0.0984252 0.1805429 0.1034709,
  -0.0984252 0.04134843 0.242665,
  -0.0984252 0.1968504 0.1159839,
  -0.0984252 0.0984252 0.2864614,
  -0.0984252 0.2158409 0.12385,
  -0.0984252 0.1648925 0.3139929,
  -0.0984252 0.2362205 0.1265331,
  -0.0984252 0.2362205 0.3233835,
  -0.0984252 0.754626 0.1265331,
  -0.0984252 0.754626 0.3233835,
  -0.0984252 0.8259543 0.1359236,
  -0.0984252 0.7750055 0.3260665,
  -0.0984252 0.8924213 0.1634551,
  -0.0984252 0.7939961 0.3339327,
  -0.0984252 0.949498 0.207252,
  -0.0984252 0.8103039 0.3464461,
  -0.0984252 0.9932945 0.2643283,
  -0.0984252 0.8228169 0.3627535,
  -0.0984252 1.020826 0.3307957,
  -0.0984252 0.8306835 0.3817441,
  -0.0984252 1.030217 0.4021236,
  -0.0984252 0.8333661 0.4021236,
  -0.05905512 0 -1.377953,
  -0.05905512 0.1181102 -1.377953,
  0.05905512 0 -1.377953,
  0.05905512 0.1181102 -1.377953,
  0.2360571 0.3306087 3.162112,
  0.03598228 0.4054035 3.162112,
  -0.03598228 0.4054035 3.162112,
  -0.1067992 0.3925996 3.162112,
  -0.2360571 0.3306087 3.162112,
  -0.290374 0.2834004 3.162112,
  0.3433 0.1025807 3.214397,
  0.3523902 0.1025807 3.209431,
  0.336098 0.1494815 3.209924,
  0.3912937 0.1025807 3.15962,
  0.390624 0.1025807 3.162106,
  0.369772 0.1640417 3.162112,
  0.3902083 0.1025807 3.163648,
  0.3625516 0.1609197 3.181103,
  0.3661346 0.1025807 3.200566,
  0.3692783 0.1025807 3.197141,
  0.3510661 0.1559535 3.197411,
  0.3788673 0.1025807 3.186693,
  0.3829055 0.1025807 3.180471,
  0.3604185 0.1025807 3.205044,
  0.3364248 0.1025807 3.216813,
  0.3186669 0.1419445 3.21779,
  0.3328559 0.1025807 3.217446,
  0.3165988 0.1025807 3.22033,
  -0.3121437 0.1025807 3.220471,
  -0.3186669 0.1419445 3.21779,
  -0.3321547 0.1025807 3.217987,
  -0.336098 0.1494815 3.209924,
  -0.3409945 0.1025807 3.215283,
  -0.3329228 0.1025807 3.217752,
  -0.369261 0.1025807 3.197122,
  -0.3657425 0.1025807 3.200901,
  -0.3510661 0.1559535 3.197411,
  -0.3583016 0.1025807 3.206504,
  -0.3524378 0.1025807 3.209478,
  -0.3784941 0.1025807 3.187208,
  -0.3625516 0.1609197 3.181103,
  -0.3833354 0.1025807 3.179724,
  -0.3899697 0.1025807 3.164431,
  -0.369772 0.1640417 3.162112,
  -0.3904067 0.1025807 3.16207,
  -0.3932559 0.1025807 3.146678,
  0.1501311 0.3171969 3.21779,
  0.2034327 0.2854909 3.21779,
  0.1583433 0.3343205 3.209924,
  0.2145602 0.3008795 3.209924,
  0.1653949 0.3490244 3.197411,
  0.2241157 0.3140945 3.197411,
  0.1708063 0.3603071 3.181103,
  0.231448 0.3242346 3.181103,
  0.1742079 0.3674 3.162112,
  0.2890669 0.1964437 3.21779,
  0.3048787 0.2069618 3.209924,
  0.3184567 0.2159937 3.197411,
  0.3288752 0.2229244 3.181103,
  0.3354248 0.2272811 3.162112,
  -0.3354248 0.2272811 3.162112,
  -0.3288752 0.2229244 3.181103,
  -0.3184567 0.2159937 3.197411,
  -0.3048787 0.2069618 3.209924,
  -0.2890669 0.1964437 3.21779,
  -0.2502425 0.2448071 3.21779,
  -0.2639307 0.2579705 3.209924,
  -0.2756846 0.2692744 3.197411,
  -0.2847043 0.277948 3.181103,
  -0.231448 0.3242346 3.181103,
  -0.2241157 0.3140945 3.197411,
  -0.2145602 0.3008795 3.209924,
  -0.2034327 0.2854909 3.21779,
  -0.1742079 0.3674 3.162112,
  -0.1708063 0.3603071 3.181103,
  -0.1653949 0.3490244 3.197411,
  -0.1583433 0.3343205 3.209924,
  -0.1501311 0.3171969 3.21779,
  -0.09203858 0.3389138 3.21779,
  -0.09707323 0.3572252 3.209924,
  -0.1013965 0.3729492 3.197411,
  -0.1047138 0.3850146 3.181103,
  -0.03527992 0.3975689 3.181103,
  -0.0341622 0.3851055 3.197411,
  -0.03270551 0.368863 3.209924,
  -0.03100945 0.3499484 3.21779,
  0.03527992 0.3975689 3.181103,
  0.0341622 0.3851055 3.197411,
  0.03270551 0.368863 3.209924,
  0.03100945 0.3499484 3.21779,
  0.1067992 0.3925996 3.162112,
  0.1047138 0.3850146 3.181103,
  0.1013965 0.3729492 3.197411,
  0.09707323 0.3572252 3.209924,
  0.09203858 0.3389138 3.21779,
  0.290374 0.2834004 3.162112,
  0.2847043 0.277948 3.181103,
  0.2756846 0.2692744 3.197411,
  0.2639307 0.2579705 3.209924,
  0.2502425 0.2448071 3.21779,
  0.0283374 -0.9651291 0.003937008,
  0.03739764 -1.007326 0.003937008,
  0.02405906 -0.943611 0.003937008,
  0.0223815 -0.9368157 0.003937008,
  0.02200079 -0.9358386 0.003937008,
  0.02168268 -0.9351768 0.003937008,
  0.02139055 -0.9347224 0.003937008,
  0.02111142 -0.9344098 0.003937008,
  0.02086378 -0.9342217 0.003937008,
  0.02063622 -0.9341236 0.003937008,
  0.02042205 -0.9340902 0.003937008,
  0.02020512 -0.9341079 0.003937008,
  0.01999409 -0.9341811 0.003937008,
  0.01981496 -0.9342972 0.003937008,
  0.01962205 -0.9344969 0.003937008,
  0.01945433 -0.9347866 0.003937008,
  0.01925236 -0.9355063 0.003937008,
  0.01876142 -0.9390587 0.003937008,
  0.01839646 -0.9424783 0.003937008,
  0.0170122 -0.9543492 0.003937008,
  0.01662874 -0.9598484 0.003937008,
  0.01674291 -0.9624551 0.003937008,
  0.01728425 -0.9640291 0.003937008,
  0.01785118 -0.9651291 0.003937008,
  0.01927717 -0.9676878 0.003937008,
  0.02298268 -0.9800535 0.003937008,
  0.02607244 -0.9926031 0.003937008,
  0.0552248 -1.127626 0.003937008,
  0.05916772 -1.127626 0.003937008,
  0.08664173 -1.006194 0.003937008,
  0.09003937 -0.9920161 0.003937008,
  0.09154409 -0.9853169 0.003937008,
  0.09343701 -0.9787193 0.003937008,
  0.09540866 -0.9733504 0.003937008,
  0.09720551 -0.9683087 0.003937008,
  0.0984 -0.9665102 0.003937008,
  0.0992811 -0.9654681 0.003937008,
  0.0996122 -0.9650224 0.003937008,
  0.0997752 -0.964702 0.003937008,
  0.09984606 -0.9644039 0.003937008,
  0.09984016 -0.9633579 0.003937008,
  0.09939764 -0.9567047 0.003937008,
  0.09939331 -0.9566142 0.003937008,
  0.09826063 -0.9439047 0.003937008,
  0.09767362 -0.9390807 0.003937008,
  0.09756575 -0.9375945 0.003937008,
  0.09740354 -0.9365457 0.003937008,
  0.09726772 -0.9358193 0.003937008,
  0.09714921 -0.9353665 0.003937008,
  0.09702008 -0.9350555 0.003937008,
  0.09687677 -0.9348445 0.003937008,
  0.09669173 -0.9346795 0.003937008,
  0.09646929 -0.9345622 0.003937008,
  0.09626378 -0.9345106 0.003937008,
  0.09605 -0.9345102 0.003937008,
  0.09579016 -0.934574 0.003937008,
  0.09549213 -0.9347299 0.003937008,
  0.09524724 -0.9349382 0.003937008,
  0.09500472 -0.93525 0.003937008,
  0.09476063 -0.935778 0.003937008,
  0.09456969 -0.936522 0.003937008,
  0.09259803 -0.9478472 0.003937008,
  0.07590394 -1.016638 0.003937008,
  0.05719606 -1.100445 0.003937008,
  0.03878189 -1.017225 0.003937008,
  0.07531654 -1.020917 0.003937008,
  0.06768268 -1.028257 0.003937008,
  0.0605937 -1.023433 0.003937008,
  0.05819331 -1.022144 0.003937008,
  0.04992874 -1.019547 0.003937008,
  0.03878189 -1.017225 0,
  0.05719606 -1.100445 0,
  0.04992874 -1.019547 0,
  0.05819331 -1.022144 0,
  0.0605937 -1.023433 0,
  0.06768268 -1.028257 0,
  0.07531654 -1.020917 0,
  -0.08529291 -1.109799 0.003937008,
  -0.08021732 -1.105563 0.003937008,
  -0.08654961 -1.110798 0.003937008,
  -0.08730591 -1.111766 0.003937008,
  -0.08779606 -1.112806 0.003937008,
  -0.08794409 -1.113487 0.003937008,
  -0.08792362 -1.114151 0.003937008,
  -0.08772244 -1.114873 0.003937008,
  -0.08745827 -1.115343 0.003937008,
  -0.08706614 -1.115761 0.003937008,
  -0.0867189 -1.116049 0.003937008,
  -0.08160157 -1.115168 0.003937008,
  -0.0756874 -1.115168 0.003937008,
  -0.07327598 -1.115611 0.003937008,
  -0.07086378 -1.116049 0.003937008,
  -0.06490748 -1.116594 0.003937008,
  -0.05416929 -1.119698 0.003937008,
  -0.04798858 -1.120902 0.003937008,
  -0.04171142 -1.121418 0.003937008,
  -0.03290709 -1.120852 0.003937008,
  -0.02655 -1.119315 0.003937008,
  -0.02134094 -1.116618 0.003937008,
  -0.01666614 -1.112465 0.003937008,
  -0.01214764 -1.105929 0.003937008,
  -0.007750787 -1.094382 0.003937008,
  -0.003614173 -1.06268 0.003937008,
  -0.002324803 -1.023433 0.003937008,
  -0.005189764 -0.990022 0.003937008,
  -0.01058976 -0.9712909 0.003937008,
  -0.01646102 -0.9607906 0.003937008,
  -0.02140472 -0.9548988 0.003937008,
  -0.02687323 -0.9508803 0.003937008,
  -0.03219843 -0.9487508 0.003937008,
  -0.05274331 -0.9455823 0.003937008,
  -0.06520079 -0.9441563 0.003937008,
  -0.06982598 -0.9429181 0.003937008,
  -0.07280157 -0.9411256 0.003937008,
  -0.07372441 -0.9405874 0.003937008,
  -0.07396772 -0.9405071 0.003937008,
  -0.07473346 -0.940561 0.003937008,
  -0.07527795 -0.9407858 0.003937008,
  -0.0771189 -0.9421024 0.003937008,
  -0.08118465 -0.9458772 0.003937008,
  -0.08248268 -0.947302 0.003937008,
  -0.08588031 -0.9509512 0.003937008,
  -0.08658898 -0.9517193 0.003937008,
  -0.08706142 -0.952322 0.003937008,
  -0.08739055 -0.9527965 0.003937008,
  -0.08758583 -0.9531453 0.003937008,
  -0.08767402 -0.9534453 0.003937008,
  -0.0876874 -0.9537598 0.003937008,
  -0.08761693 -0.9541319 0.003937008,
  -0.08739094 -0.9547035 0.003937008,
  -0.08725236 -0.9549378 0.003937008,
  -0.08712323 -0.9550752 0.003937008,
  -0.08695709 -0.9551795 0.003937008,
  -0.0866811 -0.9552705 0.003937008,
  -0.0859815 -0.9553268 0.003937008,
  -0.08499921 -0.9552299 0.003937008,
  -0.0810563 -0.9552299 0.003937008,
  -0.07652638 -0.9552299 0.003937008,
  -0.07652638 -1.103591 0.003937008,
  -0.0784315 -1.104468 0.003937008,
  -0.06859843 -1.105563 0.003937008,
  -0.06859843 -0.9557752 0.003937008,
  -0.03231181 -0.9599508 0.003937008,
  -0.03864646 -0.9583461 0.003937008,
  -0.04737402 -0.9572012 0.003937008,
  -0.05983189 -0.9557752 0.003937008,
  -0.02773465 -0.9619776 0.003937008,
  -0.06421417 -0.955613 0.003937008,
  -0.06322953 -1.107828 0.003937008,
  -0.05118268 -1.110604 0.003937008,
  -0.03885906 -1.111519 0.003937008,
  -0.03138268 -1.110072 0.003937008,
  -0.01092323 -1.006657 0.003937008,
  -0.01543465 -0.9815055 0.003937008,
  -0.02103465 -0.9689161 0.003937008,
  -0.0243315 -0.9646815 0.003937008,
  -0.02594606 -1.107937 0.003937008,
  -0.02258543 -1.105496 0.003937008,
  -0.01919488 -1.10142 0.003937008,
  -0.01604724 -1.095335 0.003937008,
  -0.01355906 -1.086838 0.003937008,
  -0.01025236 -1.048349 0.003937008,
  -0.04737402 -0.9572012 0,
  -0.05983189 -0.9557752 0,
  -0.03864646 -0.9583461 0,
  -0.03231181 -0.9599508 0,
  -0.02773465 -0.9619776 0,
  -0.0243315 -0.9646815 0,
  -0.02103465 -0.9689161 0,
  -0.01543465 -0.9815055 0,
  -0.01092323 -1.006657 0,
  -0.01025236 -1.048349 0,
  -0.01355906 -1.086838 0,
  -0.01604724 -1.095335 0,
  -0.01919488 -1.10142 0,
  -0.02258543 -1.105496 0,
  -0.02594606 -1.107937 0,
  -0.03138268 -1.110072 0,
  -0.03885906 -1.111519 0,
  -0.05118268 -1.110604 0,
  -0.06322953 -1.107828 0,
  -0.06859843 -1.105563 0,
  -0.06859843 -0.9557752 0,
  -0.06421417 -0.955613 0,
  -0.1465335 -1.044951 0.003937008,
  -0.1703165 -1.041847 0.003937008,
  -0.1367177 -1.046943 0.003937008,
  -0.1304315 -1.049176 0.003937008,
  -0.127574 -1.050907 0.003937008,
  -0.1250154 -1.052334 0.003937008,
  -0.1167941 -1.044112 0.003937008,
  -0.1162122 -1.043341 0.003937008,
  -0.1158402 -1.042714 0.003937008,
  -0.1156087 -1.042115 0.003937008,
  -0.1155323 -1.041652 0.003937008,
  -0.1155614 -1.041241 0.003937008,
  -0.1157193 -1.040761 0.003937008,
  -0.1160744 -1.040187 0.003937008,
  -0.116474 -1.039794 0.003937008,
  -0.1169693 -1.039503 0.003937008,
  -0.117515 -1.039347 0.003937008,
  -0.1182201 -1.039289 0.003937008,
  -0.1703165 -1.031948 0.003937008,
  -0.1703165 -0.9552299 0.003937008,
  -0.1281193 -0.9611441 0.003937008,
  -0.124026 -0.9622059 0.003937008,
  -0.1201917 -0.9639965 0.003937008,
  -0.1176748 -0.9654224 0.003937008,
  -0.1097472 -0.9566142 0.003937008,
  -0.108887 -0.9554193 0.003937008,
  -0.1086303 -0.9547717 0.003937008,
  -0.1085559 -0.9542921 0.003937008,
  -0.108587 -0.9538906 0.003937008,
  -0.1087496 -0.9534114 0.003937008,
  -0.1090161 -0.9528937 0.003937008,
  -0.1092181 -0.9526122 0.003937008,
  -0.1094169 -0.9524457 0.003937008,
  -0.1097295 -0.9522969 0.003937008,
  -0.109761 -0.9522862 0.003937008,
  -0.1105346 -0.9521303 0.003937008,
  -0.1114248 -0.9520839 0.003937008,
  -0.1156614 -0.9518323 0.003937008,
  -0.1371012 -0.9492051 0.003937008,
  -0.1584461 -0.945876 0.003937008,
  -0.1714488 -0.943611 0.003937008,
  -0.1745925 -0.9424531 0.003937008,
  -0.1765937 -0.9419787 0.003937008,
  -0.1780079 -0.9418961 0.003937008,
  -0.1787854 -0.9420307 0.003937008,
  -0.1794453 -0.942324 0.003937008,
  -0.1801535 -0.9428705 0.003937008,
  -0.1807398 -0.9435913 0.003937008,
  -0.1810283 -0.944224 0.003937008,
  -0.1812437 -0.9453618 0.003937008,
  -0.181185 -0.9469705 0.003937008,
  -0.1810965 -0.9475539 0.003937008,
  -0.1792717 -0.9546902 0.003937008,
  -0.1785378 -0.9620252 0.003937008,
  -0.1785378 -0.9673941 0.003937008,
  -0.178365 -0.9709378 0.003937008,
  -0.1782441 -0.9744831 0.003937008,
  -0.1785378 -1.104137 0.003937008,
  -0.1817106 -1.107906 0.003937008,
  -0.1836508 -1.110251 0.003937008,
  -0.1847949 -1.111923 0.003937008,
  -0.1852465 -1.11288 0.003937008,
  -0.1854933 -1.114253 0.003937008,
  -0.1855433 -1.115096 0.003937008,
  -0.1855331 -1.115742 0.003937008,
  -0.1854799 -1.115987 0.003937008,
  -0.1853894 -1.116202 0.003937008,
  -0.1852941 -1.116339 0.003937008,
  -0.1851831 -1.116437 0.003937008,
  -0.1850453 -1.116512 0.003937008,
  -0.1846358 -1.116626 0.003937008,
  -0.1838638 -1.116674 0.003937008,
  -0.1830681 -1.116594 0.003937008,
  -0.1776988 -1.115756 0.003937008,
  -0.1728866 -1.115163 0.003937008,
  -0.1680516 -1.115168 0.003937008,
  -0.1672126 -1.115168 0.003937008,
  -0.1616693 -1.115304 0.003937008,
  -0.1561807 -1.116049 0.003937008,
  -0.1451071 -1.11802 0.003937008,
  -0.1353528 -1.119981 0.003937008,
  -0.1276543 -1.12278 0.003937008,
  -0.1261476 -1.123683 0.003937008,
  -0.123589 -1.125361 0.003937008,
  -0.1154098 -1.116888 0.003937008,
  -0.114863 -1.115956 0.003937008,
  -0.1145252 -1.115276 0.003937008,
  -0.1143406 -1.114764 0.003937008,
  -0.1142776 -1.114348 0.003937008,
  -0.1143126 -1.113962 0.003937008,
  -0.1144437 -1.113577 0.003937008,
  -0.1146661 -1.113231 0.003937008,
  -0.1150657 -1.112851 0.003937008,
  -0.1155748 -1.112559 0.003937008,
  -0.1161303 -1.11241 0.003937008,
  -0.1167941 -1.112358 0.003937008,
  -0.121324 -1.11177 0.003937008,
  -0.1279886 -1.110885 0.003937008,
  -0.1346626 -1.110093 0.003937008,
  -0.1703165 -1.104137 0.003937008,
  -0.2134366 -1.121124 0.003937008,
  -0.2176728 -1.121124 0.003937008,
  -0.2134366 -1.045539 0.003937008,
  -0.2188055 -1.045539 0.003937008,
  -0.2211984 -1.085419 0.003937008,
  -0.2246902 -1.098261 0.003937008,
  -0.2282429 -1.105224 0.003937008,
  -0.2316768 -1.109337 0.003937008,
  -0.2354496 -1.112205 0.003937008,
  -0.239437 -1.113971 0.003937008,
  -0.2437213 -1.114917 0.003937008,
  -0.2496083 -1.114555 0.003937008,
  -0.2546843 -1.112852 0.003937008,
  -0.2594654 -1.109872 0.003937008,
  -0.2640252 -1.10541 0.003937008,
  -0.2689122 -1.097746 0.003937008,
  -0.2755248 -1.078707 0.003937008,
  -0.278085 -1.063926 0.003937008,
  -0.2791232 -1.018903 0.003937008,
  -0.2721177 -0.978448 0.003937008,
  -0.2678425 -0.9669185 0.003937008,
  -0.261376 -0.9577984 0.003937008,
  -0.2572941 -0.9540547 0.003937008,
  -0.2536661 -0.9519189 0.003937008,
  -0.2499283 -0.9507882 0.003937008,
  -0.2459862 -0.9504063 0.003937008,
  -0.2396402 -0.9508898 0.003937008,
  -0.2333894 -0.9532146 0.003937008,
  -0.2283161 -0.9567732 0.003937008,
  -0.22415 -0.9615697 0.003937008,
  -0.2204508 -0.9689244 0.003937008,
  -0.2163925 -0.987626 0.003937008,
  -0.2151563 -0.9960008 0.003937008,
  -0.2137299 -1.010976 0.003937008,
  -0.2092 -1.010724 0.003937008,
  -0.2113445 -0.9769114 0.003937008,
  -0.2145764 -0.9642484 0.003937008,
  -0.2194323 -0.9544465 0.003937008,
  -0.223111 -0.9497417 0.003937008,
  -0.2285472 -0.9453594 0.003937008,
  -0.2353602 -0.9421957 0.003937008,
  -0.2420433 -0.9410524 0.003937008,
  -0.2492858 -0.9413114 0.003937008,
  -0.2567772 -0.9436339 0.003937008,
  -0.263328 -0.9474547 0.003937008,
  -0.2680524 -0.9522803 0.003937008,
  -0.2745315 -0.9628528 0.003937008,
  -0.2824441 -0.9865551 0.003937008,
  -0.2855295 -1.005756 0.003937008,
  -0.2856248 -1.06282 0.003937008,
  -0.2787972 -1.093494 0.003937008,
  -0.2727827 -1.107001 0.003937008,
  -0.2670189 -1.114509 0.003937008,
  -0.2582307 -1.121313 0.003937008,
  -0.2540484 -1.123366 0.003937008,
  -0.249974 -1.124189 0.003937008,
  -0.2459862 -1.124228 0.003937008,
  -0.2376583 -1.122072 0.003937008,
  -0.2311303 -1.118464 0.003937008,
  -0.2254945 -1.113361 0.003937008,
  -0.2222031 -1.10896 0.003937008,
  -0.2196862 -1.10443 0.003937008,
  -0.3702709 -1.131611 0.003937008,
  -0.357813 -1.116049 0.003937008,
  -0.3607445 -1.109834 0.003937008,
  -0.3619657 -1.101817 0.003937008,
  -0.3620496 -1.09818 0.003937008,
  -0.3620496 -0.9538039 0.003937008,
  -0.3402531 -0.9556299 0.003937008,
  -0.3298606 -0.9572244 0.003937008,
  -0.3263661 -0.958024 0.003937008,
  -0.3243295 -0.9590047 0.003937008,
  -0.3217205 -0.9612563 0.003937008,
  -0.3208461 -0.961874 0.003937008,
  -0.3198941 -0.9622768 0.003937008,
  -0.3132783 -0.9564547 0.003937008,
  -0.3101634 -0.9535902 0.003937008,
  -0.3091154 -0.952439 0.003937008,
  -0.308637 -0.951572 0.003937008,
  -0.3084028 -0.9505949 0.003937008,
  -0.3082752 -0.9495673 0.003937008,
  -0.3085996 -0.9489339 0.003937008,
  -0.3088327 -0.9486748 0.003937008,
  -0.3092209 -0.948415 0.003937008,
  -0.3099169 -0.9481555 0.003937008,
  -0.3109591 -0.9480193 0.003937008,
  -0.31595 -0.9479 0.003937008,
  -0.3231177 -0.9468803 0.003937008,
  -0.3417626 -0.9449512 0.003937008,
  -0.3479138 -0.94445 0.003937008,
  -0.3597843 -0.9433173 0.003937008,
  -0.366328 -0.942772 0.003937008,
  -0.3677811 -0.942328 0.003937008,
  -0.368572 -0.9422728 0.003937008,
  -0.3691425 -0.942363 0.003937008,
  -0.3695551 -0.9425272 0.003937008,
  -0.3698917 -0.9427673 0.003937008,
  -0.3702614 -0.9431957 0.003937008,
  -0.3707071 -0.9440055 0.003937008,
  -0.3709059 -0.9447622 0.003937008,
  -0.3709024 -0.9463433 0.003937008,
  -0.3701122 -0.9532508 0.003937008,
  -0.3699772 -0.9549362 0.003937008,
  -0.3694319 -0.9716307 0.003937008,
  -0.3694319 -1.099061 0.003937008,
  -0.3695949 -1.112877 0.003937008,
  -0.3716969 -1.126494 0.003937008,
  -0.3722421 -1.129346 0.003937008,
] }

Shape {
  appearance Appearance {
    material Material { diffuseColor 0.647059 0.619608 0.588235 specularColor 0.45098 0.435294 0.411765 shininess 0.45 }
  }
  geometry IndexedFaceSet {
    coord USE KF_COORD
    coordIndex [
      0, 1, 2, -1,
      3, 4, 2, -1,
      2, 4, 5, -1,
      5, 6, 2, -1,
      2, 6, 7, -1,
      2, 7, 0, -1,
      8, 9, 2, -1,
      2, 9, 10, -1,
      10, 11, 2, -1,
      2, 11, 12, -1,
      2, 12, 13, -1,
      13, 14, 2, -1,
      2, 14, 15, -1,
      2, 15, 3, -1,
      16, 17, 18, -1,
      19, 20, 21, -1,
      22, 23, 24, -1,
      25, 26, 27, -1,
      28, 29, 30, -1,
      0, 7, 31, -1,
      31, 7, 32, -1,
      31, 32, 33, -1,
      33, 32, 34, -1,
      34, 32, 35, -1,
      35, 32, 36, -1,
      35, 36, 37, -1,
      37, 36, 38, -1,
      38, 36, 39, -1,
      38, 39, 40, -1,
      41, 42, 39, -1,
      39, 42, 43, -1,
      39, 43, 40, -1,
      44, 45, 46, -1,
      46, 45, 47, -1,
      46, 47, 41, -1,
      41, 47, 48, -1,
      41, 48, 42, -1,
      49, 50, 51, -1,
      51, 50, 44, -1,
      51, 44, 52, -1,
      52, 44, 46, -1,
      52, 46, 53, -1,
      54, 55, 56, -1,
      56, 55, 57, -1,
      57, 58, 59, -1,
      59, 58, 60, -1,
      59, 60, 61, -1,
      61, 60, 62, -1,
      62, 60, 63, -1,
      62, 63, 64, -1,
      65, 66, 67, -1,
      67, 66, 68, -1,
      67, 68, 63, -1,
      63, 68, 69, -1,
      63, 69, 64, -1,
      65, 67, 70, -1,
      70, 67, 71, -1,
      70, 71, 72, -1,
      72, 71, 73, -1,
      73, 71, 2, -1,
      73, 2, 1, -1,
      14, 13, 74, -1,
      74, 13, 75, -1,
      74, 75, 76, -1,
      76, 75, 77, -1,
      76, 77, 78, -1,
      78, 77, 79, -1,
      78, 79, 80, -1,
      80, 79, 81, -1,
      80, 81, 82, -1,
      82, 81, 21, -1,
      11, 10, 83, -1,
      83, 10, 84, -1,
      83, 84, 85, -1,
      85, 84, 86, -1,
      85, 86, 87, -1,
      87, 86, 88, -1,
      87, 88, 89, -1,
      89, 88, 90, -1,
      89, 90, 91, -1,
      91, 90, 18, -1,
      8, 2, 92, -1,
      92, 2, 71, -1,
      92, 71, 93, -1,
      93, 71, 67, -1,
      93, 67, 94, -1,
      94, 67, 63, -1,
      94, 63, 95, -1,
      95, 63, 60, -1,
      95, 60, 96, -1,
      96, 60, 58, -1,
      97, 53, 98, -1,
      98, 53, 46, -1,
      98, 46, 99, -1,
      99, 46, 41, -1,
      99, 41, 100, -1,
      100, 41, 39, -1,
      100, 39, 101, -1,
      101, 39, 36, -1,
      101, 36, 102, -1,
      102, 36, 32, -1,
      102, 32, 6, -1,
      6, 32, 7, -1,
      6, 5, 102, -1,
      102, 5, 103, -1,
      102, 103, 101, -1,
      101, 103, 104, -1,
      101, 104, 100, -1,
      100, 104, 105, -1,
      100, 105, 99, -1,
      99, 105, 106, -1,
      99, 106, 98, -1,
      98, 106, 30, -1,
      98, 30, 97, -1,
      97, 30, 29, -1,
      26, 28, 27, -1,
      27, 28, 30, -1,
      27, 30, 107, -1,
      107, 30, 106, -1,
      107, 106, 108, -1,
      108, 106, 105, -1,
      108, 105, 109, -1,
      109, 105, 104, -1,
      109, 104, 110, -1,
      110, 104, 103, -1,
      110, 103, 4, -1,
      4, 103, 5, -1,
      111, 25, 112, -1,
      112, 25, 27, -1,
      112, 27, 113, -1,
      113, 27, 107, -1,
      113, 107, 114, -1,
      114, 107, 108, -1,
      114, 108, 115, -1,
      115, 108, 109, -1,
      115, 109, 116, -1,
      116, 109, 110, -1,
      116, 110, 3, -1,
      3, 110, 4, -1,
      3, 15, 116, -1,
      116, 15, 117, -1,
      116, 117, 115, -1,
      115, 117, 118, -1,
      115, 118, 114, -1,
      114, 118, 119, -1,
      114, 119, 113, -1,
      113, 119, 120, -1,
      113, 120, 112, -1,
      112, 120, 24, -1,
      112, 24, 111, -1,
      111, 24, 23, -1,
      121, 22, 82, -1,
      82, 22, 24, -1,
      82, 24, 80, -1,
      80, 24, 120, -1,
      80, 120, 78, -1,
      78, 120, 119, -1,
      78, 119, 76, -1,
      76, 119, 118, -1,
      76, 118, 74, -1,
      74, 118, 117, -1,
      74, 117, 14, -1,
      14, 117, 15, -1,
      21, 20, 82, -1,
      82, 20, 122, -1,
      82, 122, 121, -1,
      123, 19, 124, -1,
      124, 19, 21, -1,
      124, 21, 125, -1,
      125, 21, 81, -1,
      125, 81, 126, -1,
      126, 81, 79, -1,
      126, 79, 127, -1,
      127, 79, 77, -1,
      127, 77, 128, -1,
      128, 77, 75, -1,
      128, 75, 12, -1,
      12, 75, 13, -1,
      12, 11, 128, -1,
      128, 11, 83, -1,
      128, 83, 127, -1,
      127, 83, 85, -1,
      127, 85, 126, -1,
      126, 85, 87, -1,
      126, 87, 125, -1,
      125, 87, 89, -1,
      125, 89, 124, -1,
      124, 89, 91, -1,
      124, 91, 123, -1,
      123, 91, 129, -1,
      18, 17, 91, -1,
      91, 17, 130, -1,
      91, 130, 129, -1,
      131, 16, 132, -1,
      132, 16, 18, -1,
      132, 18, 133, -1,
      133, 18, 90, -1,
      133, 90, 134, -1,
      134, 90, 88, -1,
      134, 88, 135, -1,
      135, 88, 86, -1,
      135, 86, 136, -1,
      136, 86, 84, -1,
      136, 84, 9, -1,
      9, 84, 10, -1,
      9, 8, 136, -1,
      136, 8, 92, -1,
      136, 92, 135, -1,
      135, 92, 93, -1,
      135, 93, 134, -1,
      134, 93, 94, -1,
      134, 94, 133, -1,
      133, 94, 95, -1,
      133, 95, 132, -1,
      132, 95, 96, -1,
      132, 96, 131, -1,
      131, 96, 137, -1,
      57, 55, 58, -1,
      58, 55, 138, -1,
      58, 138, 96, -1,
      96, 138, 139, -1,
      96, 139, 137, -1,
      140, 141, 142, -1,
      142, 141, 143, -1,
      142, 143, 144, -1,
      144, 143, 145, -1,
      144, 145, 146, -1,
      146, 145, 147, -1,
      146, 147, 148, -1,
      148, 147, 149, -1,
      148, 149, 150, -1,
      150, 149, 151, -1,
      150, 151, 152, -1,
      152, 151, 153, -1,
      152, 153, 154, -1,
      154, 153, 155, -1,
      154, 155, 156, -1,
      156, 155, 157, -1,
      156, 157, 158, -1,
      158, 157, 159, -1,
      158, 159, 160, -1,
      160, 159, 161, -1,
      160, 161, 162, -1,
      162, 161, 163, -1,
      162, 163, 164, -1,
      164, 163, 165, -1,
      164, 165, 166, -1,
      166, 165, 167, -1,
      166, 167, 168, -1,
      168, 167, 169, -1,
      168, 169, 170, -1,
      170, 169, 171, -1,
      170, 171, 172, -1,
      172, 171, 173, -1,
      172, 173, 174, -1,
      174, 173, 175, -1,
      174, 175, 176, -1,
      176, 175, 177, -1,
      176, 177, 178, -1,
      178, 177, 179, -1,
      178, 179, 180, -1,
      180, 179, 181, -1,
      180, 181, 182, -1,
      182, 181, 183, -1,
      182, 183, 184, -1,
      184, 183, 185, -1,
      184, 185, 186, -1,
      186, 185, 187, -1,
      186, 187, 140, -1,
      140, 187, 141, -1,
      1223, 1224, 1225, -1,
      1225, 1224, 1226, -1,
      1227, 1228, 1226, -1,
      1226, 1228, 1229, -1,
      1226, 1229, 1225, -1,
      1230, 1231, 1232, -1,
      1230, 1232, 1233, -1,
      1233, 1232, 1234, -1,
      1234, 1232, 1235, -1,
      1234, 1235, 1236, -1,
      1226, 1237, 1227, -1,
      1227, 1237, 1234, -1,
      1227, 1234, 1238, -1,
      1238, 1234, 1236, -1,
      1239, 1240, 1241, -1,
      1241, 1240, 1242, -1,
      1241, 1242, 1243, -1,
      1243, 1242, 1244, -1,
      1245, 1246, 1247, -1,
      1247, 1246, 1248, -1,
      1247, 1248, 1249, -1,
      1249, 1248, 1250, -1,
      53, 1251, 52, -1,
      52, 1251, 1240, -1,
      52, 1240, 51, -1,
      51, 1240, 1239, -1,
      51, 1239, 49, -1,
      53, 97, 1251, -1,
      1251, 97, 29, -1,
      1251, 29, 1252, -1,
      25, 1253, 26, -1,
      26, 1253, 1252, -1,
      26, 1252, 28, -1,
      28, 1252, 29, -1,
      25, 111, 1253, -1,
      1253, 111, 23, -1,
      1253, 23, 1254, -1,
      23, 22, 1254, -1,
      1254, 22, 121, -1,
      1254, 121, 1255, -1,
      19, 1256, 20, -1,
      20, 1256, 1255, -1,
      20, 1255, 122, -1,
      122, 1255, 121, -1,
      19, 123, 1256, -1,
      1256, 123, 129, -1,
      1256, 129, 1257, -1,
      16, 1258, 17, -1,
      17, 1258, 1257, -1,
      17, 1257, 130, -1,
      130, 1257, 129, -1,
      16, 131, 1258, -1,
      1258, 131, 137, -1,
      1258, 137, 1259, -1,
      54, 1249, 55, -1,
      55, 1249, 1250, -1,
      55, 1250, 138, -1,
      138, 1250, 1259, -1,
      138, 1259, 139, -1,
      139, 1259, 137, -1,
      1260, 1261, 1262, -1,
      1262, 1261, 1246, -1,
      1262, 1246, 1263, -1,
      1263, 1246, 1245, -1,
      1263, 1245, 1264, -1,
      1260, 1265, 1261, -1,
      1261, 1265, 1266, -1,
      1261, 1266, 1267, -1,
      1268, 1269, 1270, -1,
      1270, 1269, 1267, -1,
      1270, 1267, 1271, -1,
      1271, 1267, 1266, -1,
      1268, 1272, 1269, -1,
      1269, 1272, 1273, -1,
      1269, 1273, 1274, -1,
      1273, 1275, 1274, -1,
      1274, 1275, 1276, -1,
      1274, 1276, 1277, -1,
      1278, 1279, 1280, -1,
      1280, 1279, 1277, -1,
      1280, 1277, 1281, -1,
      1281, 1277, 1276, -1,
      1278, 1282, 1279, -1,
      1279, 1282, 1283, -1,
      1279, 1283, 1284, -1,
      1285, 1286, 1287, -1,
      1287, 1286, 1284, -1,
      1287, 1284, 1288, -1,
      1288, 1284, 1283, -1,
      1285, 1289, 1286, -1,
      1286, 1289, 1290, -1,
      1286, 1290, 1291, -1,
      1292, 1243, 1293, -1,
      1293, 1243, 1244, -1,
      1293, 1244, 1294, -1,
      1294, 1244, 1291, -1,
      1294, 1291, 1295, -1,
      1295, 1291, 1290, -1,
      1296, 1256, 1297, -1,
      1297, 1256, 1257, -1,
      1297, 1257, 1298, -1,
      1298, 1257, 1258, -1,
      1298, 1258, 1299, -1,
      1299, 1258, 1259, -1,
      1299, 1259, 1300, -1,
      1300, 1259, 1250, -1,
      1300, 1250, 1301, -1,
      1301, 1250, 1248, -1,
      1301, 1248, 1302, -1,
      1302, 1248, 1246, -1,
      1302, 1246, 1303, -1,
      1303, 1246, 1261, -1,
      1303, 1261, 1304, -1,
      1304, 1261, 1267, -1,
      1304, 1267, 1305, -1,
      1305, 1267, 1269, -1,
      1305, 1269, 1306, -1,
      1306, 1269, 1274, -1,
      1306, 1274, 1307, -1,
      1307, 1274, 1277, -1,
      1307, 1277, 1308, -1,
      1308, 1277, 1279, -1,
      1308, 1279, 1309, -1,
      1309, 1279, 1284, -1,
      1309, 1284, 1310, -1,
      1310, 1284, 1286, -1,
      1310, 1286, 1311, -1,
      1311, 1286, 1291, -1,
      1311, 1291, 1312, -1,
      1312, 1291, 1244, -1,
      1312, 1244, 1313, -1,
      1313, 1244, 1242, -1,
      1313, 1242, 1314, -1,
      1314, 1242, 1240, -1,
      1314, 1240, 1315, -1,
      1315, 1240, 1251, -1,
      1315, 1251, 1316, -1,
      1316, 1251, 1252, -1,
      1316, 1252, 1317, -1,
      1317, 1252, 1253, -1,
      1317, 1253, 1318, -1,
      1318, 1253, 1254, -1,
      1318, 1254, 1319, -1,
      1319, 1254, 1255, -1,
      1319, 1255, 1296, -1,
      1296, 1255, 1256, -1,
      1313, 1168, 1312, -1,
      1312, 1168, 1170, -1,
      1312, 1170, 1311, -1,
      1311, 1170, 1172, -1,
      1311, 1172, 1310, -1,
      1310, 1172, 1126, -1,
      1310, 1126, 1309, -1,
      1309, 1126, 1128, -1,
      1309, 1128, 1308, -1,
      1308, 1128, 1130, -1,
      1308, 1130, 1307, -1,
      1307, 1130, 1132, -1,
      1307, 1132, 1306, -1,
      1306, 1132, 1134, -1,
      1306, 1134, 1305, -1,
      1305, 1134, 1136, -1,
      1305, 1136, 1304, -1,
      1304, 1136, 1138, -1,
      1304, 1138, 1303, -1,
      1303, 1138, 1140, -1,
      1303, 1140, 1302, -1,
      1302, 1140, 1142, -1,
      1302, 1142, 1301, -1,
      1301, 1142, 1144, -1,
      1301, 1144, 1300, -1,
      1300, 1144, 1146, -1,
      1300, 1146, 1299, -1,
      1299, 1146, 1148, -1,
      1299, 1148, 1298, -1,
      1298, 1148, 1150, -1,
      1298, 1150, 1297, -1,
      1297, 1150, 1152, -1,
      1297, 1152, 1296, -1,
      1296, 1152, 1154, -1,
      1296, 1154, 1319, -1,
      1319, 1154, 1156, -1,
      1319, 1156, 1318, -1,
      1318, 1156, 1158, -1,
      1318, 1158, 1317, -1,
      1317, 1158, 1160, -1,
      1317, 1160, 1316, -1,
      1316, 1160, 1162, -1,
      1316, 1162, 1315, -1,
      1315, 1162, 1164, -1,
      1315, 1164, 1314, -1,
      1314, 1164, 1166, -1,
      1314, 1166, 1313, -1,
      1313, 1166, 1168, -1,
      149, 147, 1330, -1,
      1330, 147, 145, -1,
      1330, 145, 143, -1,
      173, 171, 1331, -1,
      1331, 171, 169, -1,
      1331, 169, 167, -1,
      143, 141, 1330, -1,
      1330, 141, 187, -1,
      1330, 187, 1332, -1,
      187, 185, 1332, -1,
      1332, 185, 183, -1,
      1332, 183, 181, -1,
      159, 157, 1333, -1,
      157, 155, 1333, -1,
      1333, 155, 153, -1,
      1333, 153, 1330, -1,
      1330, 153, 151, -1,
      1330, 151, 149, -1,
      181, 179, 1332, -1,
      1332, 179, 177, -1,
      1332, 177, 1331, -1,
      1331, 177, 175, -1,
      1331, 175, 173, -1,
      167, 165, 1331, -1,
      1331, 165, 163, -1,
      1331, 163, 1333, -1,
      1333, 163, 161, -1,
      1333, 161, 159, -1,
      1334, 1335, 1336, -1,
      1336, 1335, 1332, -1,
      1336, 1332, 1337, -1,
      1337, 1332, 1331, -1,
      1337, 1331, 1338, -1,
      1338, 1331, 1339, -1,
      1338, 1339, 1334, -1,
      1334, 1339, 1335, -1,
      1340, 1335, 1341, -1,
      1341, 1335, 1339, -1,
      1342, 1330, 1343, -1,
      1343, 1330, 1340, -1,
      1343, 1340, 1344, -1,
      1344, 1340, 1341, -1,
      1344, 1341, 1345, -1,
      1345, 1341, 1333, -1,
      1345, 1333, 1342, -1,
      1342, 1333, 1330, -1,
      1335, 1340, 1332, -1,
      1332, 1340, 1330, -1,
      1341, 1339, 1333, -1,
      1333, 1339, 1331, -1,
      1337, 1345, 1336, -1,
      1336, 1345, 1342, -1,
      1344, 1338, 1343, -1,
      1343, 1338, 1334, -1,
      1338, 1344, 1337, -1,
      1337, 1344, 1345, -1,
      1343, 1334, 1342, -1,
      1342, 1334, 1336, -1,
      1115, 1346, 1114, -1,
      1114, 1346, 1347, -1,
      1348, 1349, 1350, -1,
      1348, 1350, 1351, -1,
      1351, 1350, 1352, -1,
      1351, 1352, 1353, -1,
      1353, 1352, 1354, -1,
      1353, 1354, 1355, -1,
      1355, 1354, 1356, -1,
      1355, 1356, 1357, -1,
      1357, 1356, 1122, -1,
      1357, 1122, 1118, -1,
      1358, 1359, 1347, -1,
      1347, 1359, 1360, -1,
      1361, 1355, 1362, -1,
      1362, 1355, 1357, -1,
      1362, 1357, 1363, -1,
      1363, 1357, 1118, -1,
      1363, 1118, 1364, -1,
      1364, 1118, 1112, -1,
      1364, 1112, 1360, -1,
      1360, 1112, 1114, -1,
      1360, 1114, 1347, -1,
      1365, 1366, 1367, -1,
      1367, 1366, 1368, -1,
      1367, 1368, 1369, -1,
      1369, 1368, 1370, -1,
      1369, 1370, 1371, -1,
      1371, 1370, 1372, -1,
      1371, 1372, 1373, -1,
      1373, 1372, 1374, -1,
      1373, 1374, 1375, -1,
      1375, 1374, 1376, -1,
      1375, 1376, 1377, -1,
      1377, 1376, 1378, -1,
      1377, 1378, 1379, -1,
      1379, 1378, 1380, -1,
      1379, 1380, 1381, -1,
      1381, 1380, 1382, -1,
      1381, 1382, 1383, -1,
      1383, 1382, 1384, -1,
      1383, 1384, 1385, -1,
      1385, 1384, 1386, -1,
      1385, 1386, 1387, -1,
      1387, 1386, 1388, -1,
      1387, 1388, 1389, -1,
      1389, 1388, 1390, -1,
      1389, 1390, 1391, -1,
      1391, 1390, 1392, -1,
      1391, 1392, 1393, -1,
      1393, 1392, 1394, -1,
      1393, 1394, 1395, -1,
      1395, 1394, 1348, -1,
      1395, 1348, 1396, -1,
      1396, 1348, 1351, -1,
      1396, 1351, 1361, -1,
      1361, 1351, 1353, -1,
      1361, 1353, 1355, -1,
      1397, 1398, 1399, -1,
      1116, 1400, 1401, -1,
      1401, 1402, 1116, -1,
      1116, 1402, 1403, -1,
      1116, 1403, 1404, -1,
      1346, 1115, 1116, -1,
      1399, 1346, 1397, -1,
      1397, 1346, 1116, -1,
      1397, 1116, 1405, -1,
      1405, 1116, 1404, -1,
      1406, 1407, 1408, -1,
      1408, 1407, 1409, -1,
      1408, 1409, 1410, -1,
      1410, 1409, 1411, -1,
      1410, 1411, 1412, -1,
      1412, 1411, 1413, -1,
      1412, 1413, 1414, -1,
      1414, 1413, 1415, -1,
      1414, 1415, 1416, -1,
      1416, 1415, 1417, -1,
      1416, 1417, 1418, -1,
      1418, 1417, 1419, -1,
      1418, 1419, 1420, -1,
      1420, 1419, 1421, -1,
      1420, 1421, 1422, -1,
      1422, 1421, 1423, -1,
      1422, 1423, 1424, -1,
      1424, 1423, 1425, -1,
      1424, 1425, 1426, -1,
      1426, 1425, 1427, -1,
      1426, 1427, 1428, -1,
      1428, 1427, 1429, -1,
      1428, 1429, 1430, -1,
      1430, 1429, 1431, -1,
      1430, 1431, 1432, -1,
      1432, 1431, 1433, -1,
      1432, 1433, 1434, -1,
      1434, 1433, 1435, -1,
      1434, 1435, 1349, -1,
      1349, 1435, 1400, -1,
      1116, 1122, 1400, -1,
      1400, 1122, 1356, -1,
      1400, 1356, 1354, -1,
      1354, 1352, 1400, -1,
      1400, 1352, 1350, -1,
      1400, 1350, 1349, -1,
      1358, 1347, 1399, -1,
      1399, 1347, 1346, -1,
      1359, 1358, 1398, -1,
      1398, 1358, 1399, -1,
      1360, 1359, 1397, -1,
      1397, 1359, 1398, -1,
      1360, 1397, 1364, -1,
      1364, 1397, 1405, -1,
      1364, 1405, 1363, -1,
      1363, 1405, 1404, -1,
      1363, 1404, 1362, -1,
      1362, 1404, 1403, -1,
      1362, 1403, 1361, -1,
      1361, 1403, 1402, -1,
      1361, 1402, 1396, -1,
      1396, 1402, 1401, -1,
      1396, 1401, 1395, -1,
      1395, 1401, 1400, -1,
      1393, 1395, 1435, -1,
      1435, 1395, 1400, -1,
      1393, 1435, 1391, -1,
      1391, 1435, 1433, -1,
      1391, 1433, 1389, -1,
      1389, 1433, 1431, -1,
      1389, 1431, 1387, -1,
      1387, 1431, 1429, -1,
      1387, 1429, 1385, -1,
      1385, 1429, 1427, -1,
      1385, 1427, 1383, -1,
      1383, 1427, 1425, -1,
      1383, 1425, 1381, -1,
      1381, 1425, 1423, -1,
      1379, 1381, 1421, -1,
      1421, 1381, 1423, -1,
      1379, 1421, 1419, -1,
      1379, 1419, 1377, -1,
      1377, 1419, 1417, -1,
      1377, 1417, 1375, -1,
      1375, 1417, 1415, -1,
      1375, 1415, 1373, -1,
      1373, 1415, 1413, -1,
      1373, 1413, 1371, -1,
      1371, 1413, 1411, -1,
      1371, 1411, 1369, -1,
      1369, 1411, 1409, -1,
      1369, 1409, 1367, -1,
      1365, 1367, 1407, -1,
      1407, 1367, 1409, -1,
      1436, 1437, 1438, -1,
      1438, 1437, 1439, -1,
      1406, 1408, 1366, -1,
      1366, 1408, 1368, -1,
      1368, 1408, 1370, -1,
      1370, 1408, 1410, -1,
      1370, 1410, 1372, -1,
      1372, 1410, 1412, -1,
      1372, 1412, 1374, -1,
      1374, 1412, 1414, -1,
      1374, 1414, 1376, -1,
      1376, 1414, 1416, -1,
      1376, 1416, 1378, -1,
      1378, 1416, 1418, -1,
      1378, 1418, 1380, -1,
      1380, 1418, 1420, -1,
      1382, 1380, 1422, -1,
      1422, 1380, 1420, -1,
      1382, 1422, 1424, -1,
      1382, 1424, 1384, -1,
      1384, 1424, 1426, -1,
      1384, 1426, 1386, -1,
      1386, 1426, 1428, -1,
      1386, 1428, 1388, -1,
      1388, 1428, 1430, -1,
      1388, 1430, 1390, -1,
      1390, 1430, 1432, -1,
      1390, 1432, 1392, -1,
      1392, 1432, 1434, -1,
      1392, 1434, 1394, -1,
      1348, 1394, 1349, -1,
      1349, 1394, 1434, -1,
      1366, 1439, 1406, -1,
      1406, 1439, 1437, -1,
      1365, 1438, 1366, -1,
      1366, 1438, 1439, -1,
      1436, 1407, 1437, -1,
      1437, 1407, 1406, -1,
      1407, 1436, 1365, -1,
      1365, 1436, 1438, -1,
      1285, 1287, 1440, -1,
      1278, 1280, 1441, -1,
      1281, 1276, 1442, -1,
      1275, 1273, 1443, -1,
      1268, 1270, 1444, -1,
      1271, 1266, 1445, -1,
      1446, 1447, 1448, -1,
      1292, 1293, 1449, -1,
      1449, 1293, 1450, -1,
      1450, 1451, 1452, -1,
      1452, 1451, 1453, -1,
      1454, 1455, 1456, -1,
      1456, 1455, 1457, -1,
      1456, 1457, 1453, -1,
      1453, 1457, 1458, -1,
      1453, 1458, 1452, -1,
      1448, 1447, 1456, -1,
      1456, 1447, 1459, -1,
      1456, 1459, 1454, -1,
      1446, 1448, 1460, -1,
      1460, 1448, 1461, -1,
      1460, 1461, 1462, -1,
      1462, 1461, 1463, -1,
      1463, 1461, 1226, -1,
      1463, 1226, 1224, -1,
      1223, 1225, 1464, -1,
      1464, 1225, 1465, -1,
      1464, 1465, 1466, -1,
      1467, 1468, 1465, -1,
      1465, 1468, 1469, -1,
      1465, 1469, 1466, -1,
      1470, 1471, 1472, -1,
      1472, 1471, 1473, -1,
      1472, 1473, 1467, -1,
      1467, 1473, 1474, -1,
      1467, 1474, 1468, -1,
      1470, 1472, 1475, -1,
      1475, 1472, 1476, -1,
      1475, 1476, 1477, -1,
      1477, 1476, 1478, -1,
      1478, 1476, 1479, -1,
      1478, 1479, 1480, -1,
      1264, 1481, 1263, -1,
      1263, 1481, 1480, -1,
      1263, 1480, 1262, -1,
      1262, 1480, 1479, -1,
      1262, 1479, 1260, -1,
      1230, 1233, 1482, -1,
      1482, 1233, 1483, -1,
      1482, 1483, 1484, -1,
      1484, 1483, 1485, -1,
      1484, 1485, 1486, -1,
      1486, 1485, 1487, -1,
      1486, 1487, 1488, -1,
      1488, 1487, 1489, -1,
      1488, 1489, 1490, -1,
      1490, 1489, 1440, -1,
      1237, 1226, 1491, -1,
      1491, 1226, 1461, -1,
      1491, 1461, 1492, -1,
      1492, 1461, 1448, -1,
      1492, 1448, 1493, -1,
      1493, 1448, 1456, -1,
      1493, 1456, 1494, -1,
      1494, 1456, 1453, -1,
      1494, 1453, 1495, -1,
      1495, 1453, 1451, -1,
      1265, 1260, 1496, -1,
      1496, 1260, 1479, -1,
      1496, 1479, 1497, -1,
      1497, 1479, 1476, -1,
      1497, 1476, 1498, -1,
      1498, 1476, 1472, -1,
      1498, 1472, 1499, -1,
      1499, 1472, 1467, -1,
      1499, 1467, 1500, -1,
      1500, 1467, 1465, -1,
      1500, 1465, 1229, -1,
      1229, 1465, 1225, -1,
      1229, 1228, 1500, -1,
      1500, 1228, 1501, -1,
      1500, 1501, 1499, -1,
      1499, 1501, 1502, -1,
      1499, 1502, 1498, -1,
      1498, 1502, 1503, -1,
      1498, 1503, 1497, -1,
      1497, 1503, 1504, -1,
      1497, 1504, 1496, -1,
      1496, 1504, 1445, -1,
      1496, 1445, 1265, -1,
      1265, 1445, 1266, -1,
      1270, 1271, 1444, -1,
      1444, 1271, 1445, -1,
      1444, 1445, 1505, -1,
      1505, 1445, 1504, -1,
      1505, 1504, 1506, -1,
      1506, 1504, 1503, -1,
      1506, 1503, 1507, -1,
      1507, 1503, 1502, -1,
      1507, 1502, 1508, -1,
      1508, 1502, 1501, -1,
      1508, 1501, 1227, -1,
      1227, 1501, 1228, -1,
      1272, 1268, 1509, -1,
      1509, 1268, 1444, -1,
      1509, 1444, 1510, -1,
      1510, 1444, 1505, -1,
      1510, 1505, 1511, -1,
      1511, 1505, 1506, -1,
      1511, 1506, 1512, -1,
      1512, 1506, 1507, -1,
      1512, 1507, 1513, -1,
      1513, 1507, 1508, -1,
      1513, 1508, 1238, -1,
      1238, 1508, 1227, -1,
      1238, 1236, 1513, -1,
      1513, 1236, 1514, -1,
      1513, 1514, 1512, -1,
      1512, 1514, 1515, -1,
      1512, 1515, 1511, -1,
      1511, 1515, 1516, -1,
      1511, 1516, 1510, -1,
      1510, 1516, 1517, -1,
      1510, 1517, 1509, -1,
      1509, 1517, 1443, -1,
      1509, 1443, 1272, -1,
      1272, 1443, 1273, -1,
      1276, 1275, 1442, -1,
      1442, 1275, 1443, -1,
      1442, 1443, 1518, -1,
      1518, 1443, 1517, -1,
      1518, 1517, 1519, -1,
      1519, 1517, 1516, -1,
      1519, 1516, 1520, -1,
      1520, 1516, 1515, -1,
      1520, 1515, 1521, -1,
      1521, 1515, 1514, -1,
      1521, 1514, 1235, -1,
      1235, 1514, 1236, -1,
      1280, 1281, 1441, -1,
      1441, 1281, 1442, -1,
      1441, 1442, 1522, -1,
      1522, 1442, 1518, -1,
      1522, 1518, 1523, -1,
      1523, 1518, 1519, -1,
      1523, 1519, 1524, -1,
      1524, 1519, 1520, -1,
      1524, 1520, 1525, -1,
      1525, 1520, 1521, -1,
      1525, 1521, 1232, -1,
      1232, 1521, 1235, -1,
      1282, 1278, 1526, -1,
      1526, 1278, 1441, -1,
      1526, 1441, 1527, -1,
      1527, 1441, 1522, -1,
      1527, 1522, 1528, -1,
      1528, 1522, 1523, -1,
      1528, 1523, 1529, -1,
      1529, 1523, 1524, -1,
      1529, 1524, 1530, -1,
      1530, 1524, 1525, -1,
      1530, 1525, 1231, -1,
      1231, 1525, 1232, -1,
      1231, 1230, 1530, -1,
      1530, 1230, 1482, -1,
      1530, 1482, 1529, -1,
      1529, 1482, 1484, -1,
      1529, 1484, 1528, -1,
      1528, 1484, 1486, -1,
      1528, 1486, 1527, -1,
      1527, 1486, 1488, -1,
      1527, 1488, 1526, -1,
      1526, 1488, 1490, -1,
      1526, 1490, 1282, -1,
      1282, 1490, 1283, -1,
      1440, 1287, 1490, -1,
      1490, 1287, 1288, -1,
      1490, 1288, 1283, -1,
      1289, 1285, 1531, -1,
      1531, 1285, 1440, -1,
      1531, 1440, 1532, -1,
      1532, 1440, 1489, -1,
      1532, 1489, 1533, -1,
      1533, 1489, 1487, -1,
      1533, 1487, 1534, -1,
      1534, 1487, 1485, -1,
      1534, 1485, 1535, -1,
      1535, 1485, 1483, -1,
      1535, 1483, 1234, -1,
      1234, 1483, 1233, -1,
      1234, 1237, 1535, -1,
      1535, 1237, 1491, -1,
      1535, 1491, 1534, -1,
      1534, 1491, 1492, -1,
      1534, 1492, 1533, -1,
      1533, 1492, 1493, -1,
      1533, 1493, 1532, -1,
      1532, 1493, 1494, -1,
      1532, 1494, 1531, -1,
      1531, 1494, 1495, -1,
      1531, 1495, 1289, -1,
      1289, 1495, 1290, -1,
      1450, 1293, 1451, -1,
      1451, 1293, 1294, -1,
      1451, 1294, 1495, -1,
      1495, 1294, 1295, -1,
      1495, 1295, 1290, -1,
      1239, 1249, 54, -1,
      54, 56, 1239, -1,
      1239, 56, 57, -1,
      1239, 57, 49, -1,
      59, 44, 57, -1,
      57, 44, 50, -1,
      57, 50, 49, -1,
      59, 61, 44, -1,
      44, 61, 62, -1,
      44, 62, 64, -1,
      34, 48, 47, -1,
      68, 66, 69, -1,
      69, 66, 64, -1,
      43, 37, 40, -1,
      40, 37, 38, -1,
      34, 35, 48, -1,
      48, 35, 37, -1,
      48, 37, 42, -1,
      42, 37, 43, -1,
      65, 70, 66, -1,
      66, 70, 72, -1,
      66, 72, 64, -1,
      72, 73, 64, -1,
      64, 73, 1, -1,
      64, 1, 44, -1,
      44, 1, 0, -1,
      44, 0, 31, -1,
      47, 45, 34, -1,
      34, 45, 44, -1,
      34, 44, 33, -1,
      33, 44, 31, -1,
      1264, 1245, 1243, -1,
      1264, 1243, 1481, -1,
      1468, 1243, 1469, -1,
      1469, 1243, 1292, -1,
      1469, 1292, 1449, -1,
      1449, 1450, 1469, -1,
      1469, 1450, 1452, -1,
      1469, 1452, 1458, -1,
      1447, 1469, 1459, -1,
      1459, 1469, 1454, -1,
      1468, 1474, 1243, -1,
      1243, 1474, 1473, -1,
      1243, 1473, 1471, -1,
      1471, 1470, 1243, -1,
      1243, 1470, 1475, -1,
      1243, 1475, 1477, -1,
      1477, 1478, 1243, -1,
      1243, 1478, 1480, -1,
      1243, 1480, 1481, -1,
      1458, 1457, 1469, -1,
      1469, 1457, 1455, -1,
      1469, 1455, 1454, -1,
      1463, 1447, 1462, -1,
      1462, 1447, 1446, -1,
      1462, 1446, 1460, -1,
      1463, 1224, 1447, -1,
      1447, 1224, 1223, -1,
      1447, 1223, 1469, -1,
      1469, 1223, 1464, -1,
      1469, 1464, 1466, -1,
      1243, 1245, 1241, -1,
      1241, 1245, 1247, -1,
      1241, 1247, 1239, -1,
      1239, 1247, 1249, -1,
      1928, 1929, 1930, -1,
      1930, 1929, 1931, -1,
      1932, 1933, 1930, -1,
      1933, 1934, 1930, -1,
      1930, 1934, 1935, -1,
      1930, 1935, 1928, -1,
      1936, 1937, 1938, -1,
      1938, 1937, 1939, -1,
      1932, 1930, 1938, -1,
      1938, 1930, 1940, -1,
      1938, 1940, 1936, -1,
      1939, 1941, 1938, -1,
      1938, 1941, 1942, -1,
      1938, 1942, 1943, -1,
      1944, 1945, 1946, -1,
      1947, 1948, 1949, -1,
      1950, 1951, 1952, -1,
      1953, 1954, 1955, -1,
      1956, 1957, 1958, -1,
      1929, 1928, 1959, -1,
      1959, 1928, 1960, -1,
      1959, 1960, 1961, -1,
      1961, 1960, 1962, -1,
      1962, 1960, 1963, -1,
      1963, 1960, 1964, -1,
      1963, 1964, 1965, -1,
      1965, 1964, 1966, -1,
      1966, 1964, 1967, -1,
      1966, 1967, 1968, -1,
      1969, 1970, 1967, -1,
      1967, 1970, 1971, -1,
      1967, 1971, 1968, -1,
      1972, 1973, 1974, -1,
      1974, 1973, 1975, -1,
      1974, 1975, 1969, -1,
      1969, 1975, 1976, -1,
      1969, 1976, 1970, -1,
      1977, 1978, 1979, -1,
      1979, 1978, 1972, -1,
      1979, 1972, 1980, -1,
      1980, 1972, 1974, -1,
      1980, 1974, 1981, -1,
      1982, 1983, 1984, -1,
      1984, 1983, 1985, -1,
      1985, 1986, 1987, -1,
      1987, 1986, 1988, -1,
      1987, 1988, 1989, -1,
      1989, 1988, 1990, -1,
      1990, 1988, 1991, -1,
      1990, 1991, 1992, -1,
      1993, 1994, 1995, -1,
      1995, 1994, 1996, -1,
      1995, 1996, 1991, -1,
      1991, 1996, 1997, -1,
      1991, 1997, 1992, -1,
      1993, 1995, 1998, -1,
      1998, 1995, 1999, -1,
      1998, 1999, 2000, -1,
      2000, 1999, 2001, -1,
      2001, 1999, 1930, -1,
      2001, 1930, 1931, -1,
      1943, 1942, 2002, -1,
      2002, 1942, 2003, -1,
      2002, 2003, 2004, -1,
      2004, 2003, 2005, -1,
      2004, 2005, 2006, -1,
      2006, 2005, 2007, -1,
      2006, 2007, 2008, -1,
      2008, 2007, 2009, -1,
      2008, 2009, 2010, -1,
      2010, 2009, 1949, -1,
      1939, 1937, 2011, -1,
      2011, 1937, 2012, -1,
      2011, 2012, 2013, -1,
      2013, 2012, 2014, -1,
      2013, 2014, 2015, -1,
      2015, 2014, 2016, -1,
      2015, 2016, 2017, -1,
      2017, 2016, 2018, -1,
      2017, 2018, 2019, -1,
      2019, 2018, 1946, -1,
      1940, 1930, 2020, -1,
      2020, 1930, 1999, -1,
      2020, 1999, 2021, -1,
      2021, 1999, 1995, -1,
      2021, 1995, 2022, -1,
      2022, 1995, 1991, -1,
      2022, 1991, 2023, -1,
      2023, 1991, 1988, -1,
      2023, 1988, 2024, -1,
      2024, 1988, 1986, -1,
      2025, 1981, 2026, -1,
      2026, 1981, 1974, -1,
      2026, 1974, 2027, -1,
      2027, 1974, 1969, -1,
      2027, 1969, 2028, -1,
      2028, 1969, 1967, -1,
      2028, 1967, 2029, -1,
      2029, 1967, 1964, -1,
      2029, 1964, 2030, -1,
      2030, 1964, 1960, -1,
      2030, 1960, 1935, -1,
      1935, 1960, 1928, -1,
      1935, 1934, 2030, -1,
      2030, 1934, 2031, -1,
      2030, 2031, 2029, -1,
      2029, 2031, 2032, -1,
      2029, 2032, 2028, -1,
      2028, 2032, 2033, -1,
      2028, 2033, 2027, -1,
      2027, 2033, 2034, -1,
      2027, 2034, 2026, -1,
      2026, 2034, 1958, -1,
      2026, 1958, 2025, -1,
      2025, 1958, 1957, -1,
      1954, 1956, 1955, -1,
      1955, 1956, 1958, -1,
      1955, 1958, 2035, -1,
      2035, 1958, 2034, -1,
      2035, 2034, 2036, -1,
      2036, 2034, 2033, -1,
      2036, 2033, 2037, -1,
      2037, 2033, 2032, -1,
      2037, 2032, 2038, -1,
      2038, 2032, 2031, -1,
      2038, 2031, 1933, -1,
      1933, 2031, 1934, -1,
      2039, 1953, 2040, -1,
      2040, 1953, 1955, -1,
      2040, 1955, 2041, -1,
      2041, 1955, 2035, -1,
      2041, 2035, 2042, -1,
      2042, 2035, 2036, -1,
      2042, 2036, 2043, -1,
      2043, 2036, 2037, -1,
      2043, 2037, 2044, -1,
      2044, 2037, 2038, -1,
      2044, 2038, 1932, -1,
      1932, 2038, 1933, -1,
      1932, 1938, 2044, -1,
      2044, 1938, 2045, -1,
      2044, 2045, 2043, -1,
      2043, 2045, 2046, -1,
      2043, 2046, 2042, -1,
      2042, 2046, 2047, -1,
      2042, 2047, 2041, -1,
      2041, 2047, 2048, -1,
      2041, 2048, 2040, -1,
      2040, 2048, 1952, -1,
      2040, 1952, 2039, -1,
      2039, 1952, 1951, -1,
      2049, 1950, 2010, -1,
      2010, 1950, 1952, -1,
      2010, 1952, 2008, -1,
      2008, 1952, 2048, -1,
      2008, 2048, 2006, -1,
      2006, 2048, 2047, -1,
      2006, 2047, 2004, -1,
      2004, 2047, 2046, -1,
      2004, 2046, 2002, -1,
      2002, 2046, 2045, -1,
      2002, 2045, 1943, -1,
      1943, 2045, 1938, -1,
      1949, 1948, 2010, -1,
      2010, 1948, 2050, -1,
      2010, 2050, 2049, -1,
      2051, 1947, 2052, -1,
      2052, 1947, 1949, -1,
      2052, 1949, 2053, -1,
      2053, 1949, 2009, -1,
      2053, 2009, 2054, -1,
      2054, 2009, 2007, -1,
      2054, 2007, 2055, -1,
      2055, 2007, 2005, -1,
      2055, 2005, 2056, -1,
      2056, 2005, 2003, -1,
      2056, 2003, 1941, -1,
      1941, 2003, 1942, -1,
      1941, 1939, 2056, -1,
      2056, 1939, 2011, -1,
      2056, 2011, 2055, -1,
      2055, 2011, 2013, -1,
      2055, 2013, 2054, -1,
      2054, 2013, 2015, -1,
      2054, 2015, 2053, -1,
      2053, 2015, 2017, -1,
      2053, 2017, 2052, -1,
      2052, 2017, 2019, -1,
      2052, 2019, 2051, -1,
      2051, 2019, 2057, -1,
      1946, 1945, 2019, -1,
      2019, 1945, 2058, -1,
      2019, 2058, 2057, -1,
      2059, 1944, 2060, -1,
      2060, 1944, 1946, -1,
      2060, 1946, 2061, -1,
      2061, 1946, 2018, -1,
      2061, 2018, 2062, -1,
      2062, 2018, 2016, -1,
      2062, 2016, 2063, -1,
      2063, 2016, 2014, -1,
      2063, 2014, 2064, -1,
      2064, 2014, 2012, -1,
      2064, 2012, 1936, -1,
      1936, 2012, 1937, -1,
      1936, 1940, 2064, -1,
      2064, 1940, 2020, -1,
      2064, 2020, 2063, -1,
      2063, 2020, 2021, -1,
      2063, 2021, 2062, -1,
      2062, 2021, 2022, -1,
      2062, 2022, 2061, -1,
      2061, 2022, 2023, -1,
      2061, 2023, 2060, -1,
      2060, 2023, 2024, -1,
      2060, 2024, 2059, -1,
      2059, 2024, 2065, -1,
      1985, 1983, 1986, -1,
      1986, 1983, 2066, -1,
      1986, 2066, 2024, -1,
      2024, 2066, 2067, -1,
      2024, 2067, 2065, -1,
      2068, 2069, 2070, -1,
      2070, 2069, 2071, -1,
      2070, 2071, 2072, -1,
      2072, 2071, 2073, -1,
      2072, 2073, 2074, -1,
      2074, 2073, 2075, -1,
      2074, 2075, 2076, -1,
      2076, 2075, 2077, -1,
      2076, 2077, 2078, -1,
      2078, 2077, 2079, -1,
      2078, 2079, 2080, -1,
      2080, 2079, 2081, -1,
      2080, 2081, 2082, -1,
      2082, 2081, 2083, -1,
      2082, 2083, 2084, -1,
      2084, 2083, 2085, -1,
      2084, 2085, 2086, -1,
      2086, 2085, 2087, -1,
      2086, 2087, 2088, -1,
      2088, 2087, 2089, -1,
      2088, 2089, 2090, -1,
      2090, 2089, 2091, -1,
      2090, 2091, 2092, -1,
      2092, 2091, 2093, -1,
      2092, 2093, 2094, -1,
      2094, 2093, 2095, -1,
      2094, 2095, 2096, -1,
      2096, 2095, 2097, -1,
      2096, 2097, 2098, -1,
      2098, 2097, 2099, -1,
      2098, 2099, 2100, -1,
      2100, 2099, 2101, -1,
      2100, 2101, 2102, -1,
      2102, 2101, 2103, -1,
      2102, 2103, 2104, -1,
      2104, 2103, 2105, -1,
      2104, 2105, 2106, -1,
      2106, 2105, 2107, -1,
      2106, 2107, 2108, -1,
      2108, 2107, 2109, -1,
      2108, 2109, 2110, -1,
      2110, 2109, 2111, -1,
      2110, 2111, 2112, -1,
      2112, 2111, 2113, -1,
      2112, 2113, 2114, -1,
      2114, 2113, 2115, -1,
      2114, 2115, 2068, -1,
      2068, 2115, 2069, -1,
      2245, 2246, 2247, -1,
      2247, 2246, 2248, -1,
      2247, 2248, 2249, -1,
      2249, 2248, 2250, -1,
      2251, 2252, 2248, -1,
      2248, 2252, 2253, -1,
      2248, 2253, 2250, -1,
      2254, 2255, 2256, -1,
      2256, 2255, 2257, -1,
      2254, 2258, 2255, -1,
      2255, 2258, 2259, -1,
      2255, 2259, 2248, -1,
      2248, 2259, 2260, -1,
      2248, 2260, 2251, -1,
      2261, 2262, 2263, -1,
      2263, 2262, 2264, -1,
      2263, 2264, 2265, -1,
      2265, 2264, 2266, -1,
      2267, 2268, 2269, -1,
      2269, 2268, 2270, -1,
      2269, 2270, 2271, -1,
      2271, 2270, 2272, -1,
      1981, 2273, 1980, -1,
      1980, 2273, 2262, -1,
      1980, 2262, 1979, -1,
      1979, 2262, 2261, -1,
      1979, 2261, 1977, -1,
      1981, 2025, 2273, -1,
      2273, 2025, 1957, -1,
      2273, 1957, 2274, -1,
      1953, 2275, 1954, -1,
      1954, 2275, 2274, -1,
      1954, 2274, 1956, -1,
      1956, 2274, 1957, -1,
      1953, 2039, 2275, -1,
      2275, 2039, 1951, -1,
      2275, 1951, 2276, -1,
      1951, 1950, 2276, -1,
      2276, 1950, 2049, -1,
      2276, 2049, 2277, -1,
      1947, 2278, 1948, -1,
      1948, 2278, 2277, -1,
      1948, 2277, 2050, -1,
      2050, 2277, 2049, -1,
      1947, 2051, 2278, -1,
      2278, 2051, 2057, -1,
      2278, 2057, 2279, -1,
      1944, 2280, 1945, -1,
      1945, 2280, 2279, -1,
      1945, 2279, 2058, -1,
      2058, 2279, 2057, -1,
      1944, 2059, 2280, -1,
      2280, 2059, 2065, -1,
      2280, 2065, 2281, -1,
      1982, 2271, 1983, -1,
      1983, 2271, 2272, -1,
      1983, 2272, 2066, -1,
      2066, 2272, 2281, -1,
      2066, 2281, 2067, -1,
      2067, 2281, 2065, -1,
      2282, 2283, 2284, -1,
      2284, 2283, 2268, -1,
      2284, 2268, 2285, -1,
      2285, 2268, 2267, -1,
      2285, 2267, 2286, -1,
      2282, 2287, 2283, -1,
      2283, 2287, 2288, -1,
      2283, 2288, 2289, -1,
      2290, 2291, 2292, -1,
      2292, 2291, 2289, -1,
      2292, 2289, 2293, -1,
      2293, 2289, 2288, -1,
      2290, 2294, 2291, -1,
      2291, 2294, 2295, -1,
      2291, 2295, 2296, -1,
      2295, 2297, 2296, -1,
      2296, 2297, 2298, -1,
      2296, 2298, 2299, -1,
      2300, 2301, 2302, -1,
      2302, 2301, 2299, -1,
      2302, 2299, 2303, -1,
      2303, 2299, 2298, -1,
      2300, 2304, 2301, -1,
      2301, 2304, 2305, -1,
      2301, 2305, 2306, -1,
      2307, 2308, 2309, -1,
      2309, 2308, 2306, -1,
      2309, 2306, 2310, -1,
      2310, 2306, 2305, -1,
      2307, 2311, 2308, -1,
      2308, 2311, 2312, -1,
      2308, 2312, 2313, -1,
      2314, 2265, 2315, -1,
      2315, 2265, 2266, -1,
      2315, 2266, 2316, -1,
      2316, 2266, 2313, -1,
      2316, 2313, 2317, -1,
      2317, 2313, 2312, -1,
      2318, 2278, 2319, -1,
      2319, 2278, 2279, -1,
      2319, 2279, 2320, -1,
      2320, 2279, 2280, -1,
      2320, 2280, 2321, -1,
      2321, 2280, 2281, -1,
      2321, 2281, 2322, -1,
      2322, 2281, 2272, -1,
      2322, 2272, 2323, -1,
      2323, 2272, 2270, -1,
      2323, 2270, 2324, -1,
      2324, 2270, 2268, -1,
      2324, 2268, 2325, -1,
      2325, 2268, 2283, -1,
      2325, 2283, 2326, -1,
      2326, 2283, 2289, -1,
      2326, 2289, 2327, -1,
      2327, 2289, 2291, -1,
      2327, 2291, 2328, -1,
      2328, 2291, 2296, -1,
      2328, 2296, 2329, -1,
      2329, 2296, 2299, -1,
      2329, 2299, 2330, -1,
      2330, 2299, 2301, -1,
      2330, 2301, 2331, -1,
      2331, 2301, 2306, -1,
      2331, 2306, 2332, -1,
      2332, 2306, 2308, -1,
      2332, 2308, 2333, -1,
      2333, 2308, 2313, -1,
      2333, 2313, 2334, -1,
      2334, 2313, 2266, -1,
      2334, 2266, 2335, -1,
      2335, 2266, 2264, -1,
      2335, 2264, 2336, -1,
      2336, 2264, 2262, -1,
      2336, 2262, 2337, -1,
      2337, 2262, 2273, -1,
      2337, 2273, 2338, -1,
      2338, 2273, 2274, -1,
      2338, 2274, 2339, -1,
      2339, 2274, 2275, -1,
      2339, 2275, 2340, -1,
      2340, 2275, 2276, -1,
      2340, 2276, 2341, -1,
      2341, 2276, 2277, -1,
      2341, 2277, 2318, -1,
      2318, 2277, 2278, -1,
      2335, 2170, 2334, -1,
      2334, 2170, 2172, -1,
      2334, 2172, 2333, -1,
      2333, 2172, 2174, -1,
      2333, 2174, 2332, -1,
      2332, 2174, 2176, -1,
      2332, 2176, 2331, -1,
      2331, 2176, 2178, -1,
      2331, 2178, 2330, -1,
      2330, 2178, 2180, -1,
      2330, 2180, 2329, -1,
      2329, 2180, 2182, -1,
      2329, 2182, 2328, -1,
      2328, 2182, 2184, -1,
      2328, 2184, 2327, -1,
      2327, 2184, 2186, -1,
      2327, 2186, 2326, -1,
      2326, 2186, 2188, -1,
      2326, 2188, 2325, -1,
      2325, 2188, 2190, -1,
      2325, 2190, 2324, -1,
      2324, 2190, 2192, -1,
      2324, 2192, 2323, -1,
      2323, 2192, 2194, -1,
      2323, 2194, 2322, -1,
      2322, 2194, 2148, -1,
      2322, 2148, 2321, -1,
      2321, 2148, 2150, -1,
      2321, 2150, 2320, -1,
      2320, 2150, 2152, -1,
      2320, 2152, 2319, -1,
      2319, 2152, 2154, -1,
      2319, 2154, 2318, -1,
      2318, 2154, 2156, -1,
      2318, 2156, 2341, -1,
      2341, 2156, 2158, -1,
      2341, 2158, 2340, -1,
      2340, 2158, 2160, -1,
      2340, 2160, 2339, -1,
      2339, 2160, 2162, -1,
      2339, 2162, 2338, -1,
      2338, 2162, 2164, -1,
      2338, 2164, 2337, -1,
      2337, 2164, 2166, -1,
      2337, 2166, 2336, -1,
      2336, 2166, 2168, -1,
      2336, 2168, 2335, -1,
      2335, 2168, 2170, -1,
      2111, 2109, 2352, -1,
      2077, 2075, 2353, -1,
      2353, 2075, 2073, -1,
      2353, 2073, 2071, -1,
      2071, 2069, 2353, -1,
      2353, 2069, 2115, -1,
      2353, 2115, 2352, -1,
      2352, 2115, 2113, -1,
      2352, 2113, 2111, -1,
      2101, 2099, 2354, -1,
      2354, 2099, 2097, -1,
      2354, 2097, 2095, -1,
      2087, 2085, 2355, -1,
      2109, 2107, 2352, -1,
      2352, 2107, 2105, -1,
      2352, 2105, 2354, -1,
      2354, 2105, 2103, -1,
      2354, 2103, 2101, -1,
      2085, 2083, 2355, -1,
      2355, 2083, 2081, -1,
      2355, 2081, 2353, -1,
      2353, 2081, 2079, -1,
      2353, 2079, 2077, -1,
      2095, 2093, 2354, -1,
      2354, 2093, 2091, -1,
      2354, 2091, 2355, -1,
      2355, 2091, 2089, -1,
      2355, 2089, 2087, -1,
      2356, 2357, 2358, -1,
      2358, 2357, 2352, -1,
      2358, 2352, 2359, -1,
      2359, 2352, 2354, -1,
      2359, 2354, 2360, -1,
      2360, 2354, 2361, -1,
      2360, 2361, 2356, -1,
      2356, 2361, 2357, -1,
      2362, 2357, 2363, -1,
      2363, 2357, 2361, -1,
      2364, 2353, 2365, -1,
      2365, 2353, 2362, -1,
      2365, 2362, 2366, -1,
      2366, 2362, 2363, -1,
      2366, 2363, 2367, -1,
      2367, 2363, 2355, -1,
      2367, 2355, 2364, -1,
      2364, 2355, 2353, -1,
      2357, 2362, 2352, -1,
      2352, 2362, 2353, -1,
      2363, 2361, 2355, -1,
      2355, 2361, 2354, -1,
      2359, 2367, 2358, -1,
      2358, 2367, 2364, -1,
      2366, 2360, 2365, -1,
      2365, 2360, 2356, -1,
      2360, 2366, 2359, -1,
      2359, 2366, 2367, -1,
      2365, 2356, 2364, -1,
      2364, 2356, 2358, -1,
      2137, 2368, 2136, -1,
      2136, 2368, 2369, -1,
      2370, 2371, 2372, -1,
      2370, 2372, 2373, -1,
      2373, 2372, 2374, -1,
      2373, 2374, 2375, -1,
      2375, 2374, 2376, -1,
      2375, 2376, 2377, -1,
      2377, 2376, 2378, -1,
      2377, 2378, 2379, -1,
      2379, 2378, 2144, -1,
      2379, 2144, 2140, -1,
      2380, 2381, 2369, -1,
      2369, 2381, 2382, -1,
      2383, 2377, 2384, -1,
      2384, 2377, 2379, -1,
      2384, 2379, 2385, -1,
      2385, 2379, 2140, -1,
      2385, 2140, 2386, -1,
      2386, 2140, 2134, -1,
      2386, 2134, 2382, -1,
      2382, 2134, 2136, -1,
      2382, 2136, 2369, -1,
      2387, 2388, 2389, -1,
      2389, 2388, 2390, -1,
      2389, 2390, 2391, -1,
      2391, 2390, 2392, -1,
      2391, 2392, 2393, -1,
      2393, 2392, 2394, -1,
      2393, 2394, 2395, -1,
      2395, 2394, 2396, -1,
      2395, 2396, 2397, -1,
      2397, 2396, 2398, -1,
      2397, 2398, 2399, -1,
      2399, 2398, 2400, -1,
      2399, 2400, 2401, -1,
      2401, 2400, 2402, -1,
      2401, 2402, 2403, -1,
      2403, 2402, 2404, -1,
      2403, 2404, 2405, -1,
      2405, 2404, 2406, -1,
      2405, 2406, 2407, -1,
      2407, 2406, 2408, -1,
      2407, 2408, 2409, -1,
      2409, 2408, 2410, -1,
      2409, 2410, 2411, -1,
      2411, 2410, 2412, -1,
      2411, 2412, 2413, -1,
      2413, 2412, 2414, -1,
      2413, 2414, 2415, -1,
      2415, 2414, 2416, -1,
      2415, 2416, 2417, -1,
      2417, 2416, 2370, -1,
      2417, 2370, 2418, -1,
      2418, 2370, 2373, -1,
      2418, 2373, 2383, -1,
      2383, 2373, 2375, -1,
      2383, 2375, 2377, -1,
      2419, 2420, 2421, -1,
      2138, 2422, 2423, -1,
      2423, 2424, 2138, -1,
      2138, 2424, 2425, -1,
      2138, 2425, 2426, -1,
      2368, 2137, 2138, -1,
      2421, 2368, 2419, -1,
      2419, 2368, 2138, -1,
      2419, 2138, 2427, -1,
      2427, 2138, 2426, -1,
      2428, 2429, 2430, -1,
      2430, 2429, 2431, -1,
      2430, 2431, 2432, -1,
      2432, 2431, 2433, -1,
      2432, 2433, 2434, -1,
      2434, 2433, 2435, -1,
      2434, 2435, 2436, -1,
      2436, 2435, 2437, -1,
      2436, 2437, 2438, -1,
      2438, 2437, 2439, -1,
      2438, 2439, 2440, -1,
      2440, 2439, 2441, -1,
      2440, 2441, 2442, -1,
      2442, 2441, 2443, -1,
      2442, 2443, 2444, -1,
      2444, 2443, 2445, -1,
      2444, 2445, 2446, -1,
      2446, 2445, 2447, -1,
      2446, 2447, 2448, -1,
      2448, 2447, 2449, -1,
      2448, 2449, 2450, -1,
      2450, 2449, 2451, -1,
      2450, 2451, 2452, -1,
      2452, 2451, 2453, -1,
      2452, 2453, 2454, -1,
      2454, 2453, 2455, -1,
      2454, 2455, 2456, -1,
      2456, 2455, 2457, -1,
      2456, 2457, 2371, -1,
      2371, 2457, 2422, -1,
      2138, 2144, 2422, -1,
      2422, 2144, 2378, -1,
      2422, 2378, 2376, -1,
      2376, 2374, 2422, -1,
      2422, 2374, 2372, -1,
      2422, 2372, 2371, -1,
      2380, 2369, 2421, -1,
      2421, 2369, 2368, -1,
      2381, 2380, 2420, -1,
      2420, 2380, 2421, -1,
      2382, 2381, 2419, -1,
      2419, 2381, 2420, -1,
      2382, 2419, 2386, -1,
      2386, 2419, 2427, -1,
      2386, 2427, 2385, -1,
      2385, 2427, 2426, -1,
      2385, 2426, 2384, -1,
      2384, 2426, 2425, -1,
      2384, 2425, 2383, -1,
      2383, 2425, 2424, -1,
      2383, 2424, 2418, -1,
      2418, 2424, 2423, -1,
      2418, 2423, 2417, -1,
      2417, 2423, 2422, -1,
      2415, 2417, 2457, -1,
      2457, 2417, 2422, -1,
      2415, 2457, 2413, -1,
      2413, 2457, 2455, -1,
      2413, 2455, 2411, -1,
      2411, 2455, 2453, -1,
      2411, 2453, 2409, -1,
      2409, 2453, 2451, -1,
      2409, 2451, 2407, -1,
      2407, 2451, 2449, -1,
      2407, 2449, 2405, -1,
      2405, 2449, 2447, -1,
      2405, 2447, 2403, -1,
      2403, 2447, 2445, -1,
      2401, 2403, 2443, -1,
      2443, 2403, 2445, -1,
      2401, 2443, 2441, -1,
      2401, 2441, 2399, -1,
      2399, 2441, 2439, -1,
      2399, 2439, 2397, -1,
      2397, 2439, 2437, -1,
      2397, 2437, 2395, -1,
      2395, 2437, 2435, -1,
      2395, 2435, 2393, -1,
      2393, 2435, 2433, -1,
      2393, 2433, 2391, -1,
      2391, 2433, 2431, -1,
      2391, 2431, 2389, -1,
      2387, 2389, 2429, -1,
      2429, 2389, 2431, -1,
      2458, 2459, 2460, -1,
      2460, 2459, 2461, -1,
      2428, 2430, 2388, -1,
      2388, 2430, 2390, -1,
      2390, 2430, 2392, -1,
      2392, 2430, 2432, -1,
      2392, 2432, 2394, -1,
      2394, 2432, 2434, -1,
      2394, 2434, 2396, -1,
      2396, 2434, 2436, -1,
      2396, 2436, 2398, -1,
      2398, 2436, 2438, -1,
      2398, 2438, 2400, -1,
      2400, 2438, 2440, -1,
      2400, 2440, 2402, -1,
      2402, 2440, 2442, -1,
      2404, 2402, 2444, -1,
      2444, 2402, 2442, -1,
      2404, 2444, 2446, -1,
      2404, 2446, 2406, -1,
      2406, 2446, 2448, -1,
      2406, 2448, 2408, -1,
      2408, 2448, 2450, -1,
      2408, 2450, 2410, -1,
      2410, 2450, 2452, -1,
      2410, 2452, 2412, -1,
      2412, 2452, 2454, -1,
      2412, 2454, 2414, -1,
      2414, 2454, 2456, -1,
      2414, 2456, 2416, -1,
      2370, 2416, 2371, -1,
      2371, 2416, 2456, -1,
      2388, 2461, 2428, -1,
      2428, 2461, 2459, -1,
      2387, 2460, 2388, -1,
      2388, 2460, 2461, -1,
      2458, 2429, 2459, -1,
      2459, 2429, 2428, -1,
      2429, 2458, 2387, -1,
      2387, 2458, 2460, -1,
      2307, 2309, 2462, -1,
      2300, 2302, 2463, -1,
      2303, 2298, 2464, -1,
      2297, 2295, 2465, -1,
      2290, 2292, 2466, -1,
      2293, 2288, 2467, -1,
      2468, 2469, 2470, -1,
      2314, 2315, 2471, -1,
      2471, 2315, 2472, -1,
      2472, 2473, 2474, -1,
      2474, 2473, 2475, -1,
      2476, 2477, 2478, -1,
      2478, 2477, 2479, -1,
      2478, 2479, 2475, -1,
      2475, 2479, 2480, -1,
      2475, 2480, 2474, -1,
      2470, 2469, 2478, -1,
      2478, 2469, 2481, -1,
      2478, 2481, 2476, -1,
      2468, 2470, 2482, -1,
      2482, 2470, 2483, -1,
      2482, 2483, 2484, -1,
      2484, 2483, 2485, -1,
      2485, 2483, 2248, -1,
      2485, 2248, 2246, -1,
      2245, 2247, 2486, -1,
      2486, 2247, 2487, -1,
      2486, 2487, 2488, -1,
      2489, 2490, 2487, -1,
      2487, 2490, 2491, -1,
      2487, 2491, 2488, -1,
      2492, 2493, 2494, -1,
      2494, 2493, 2495, -1,
      2494, 2495, 2489, -1,
      2489, 2495, 2496, -1,
      2489, 2496, 2490, -1,
      2492, 2494, 2497, -1,
      2497, 2494, 2498, -1,
      2497, 2498, 2499, -1,
      2499, 2498, 2500, -1,
      2500, 2498, 2501, -1,
      2500, 2501, 2502, -1,
      2286, 2503, 2285, -1,
      2285, 2503, 2502, -1,
      2285, 2502, 2284, -1,
      2284, 2502, 2501, -1,
      2284, 2501, 2282, -1,
      2254, 2256, 2504, -1,
      2504, 2256, 2505, -1,
      2504, 2505, 2506, -1,
      2506, 2505, 2507, -1,
      2506, 2507, 2508, -1,
      2508, 2507, 2509, -1,
      2508, 2509, 2510, -1,
      2510, 2509, 2511, -1,
      2510, 2511, 2512, -1,
      2512, 2511, 2462, -1,
      2255, 2248, 2513, -1,
      2513, 2248, 2483, -1,
      2513, 2483, 2514, -1,
      2514, 2483, 2470, -1,
      2514, 2470, 2515, -1,
      2515, 2470, 2478, -1,
      2515, 2478, 2516, -1,
      2516, 2478, 2475, -1,
      2516, 2475, 2517, -1,
      2517, 2475, 2473, -1,
      2287, 2282, 2518, -1,
      2518, 2282, 2501, -1,
      2518, 2501, 2519, -1,
      2519, 2501, 2498, -1,
      2519, 2498, 2520, -1,
      2520, 2498, 2494, -1,
      2520, 2494, 2521, -1,
      2521, 2494, 2489, -1,
      2521, 2489, 2522, -1,
      2522, 2489, 2487, -1,
      2522, 2487, 2249, -1,
      2249, 2487, 2247, -1,
      2249, 2250, 2522, -1,
      2522, 2250, 2523, -1,
      2522, 2523, 2521, -1,
      2521, 2523, 2524, -1,
      2521, 2524, 2520, -1,
      2520, 2524, 2525, -1,
      2520, 2525, 2519, -1,
      2519, 2525, 2526, -1,
      2519, 2526, 2518, -1,
      2518, 2526, 2467, -1,
      2518, 2467, 2287, -1,
      2287, 2467, 2288, -1,
      2292, 2293, 2466, -1,
      2466, 2293, 2467, -1,
      2466, 2467, 2527, -1,
      2527, 2467, 2526, -1,
      2527, 2526, 2528, -1,
      2528, 2526, 2525, -1,
      2528, 2525, 2529, -1,
      2529, 2525, 2524, -1,
      2529, 2524, 2530, -1,
      2530, 2524, 2523, -1,
      2530, 2523, 2253, -1,
      2253, 2523, 2250, -1,
      2294, 2290, 2531, -1,
      2531, 2290, 2466, -1,
      2531, 2466, 2532, -1,
      2532, 2466, 2527, -1,
      2532, 2527, 2533, -1,
      2533, 2527, 2528, -1,
      2533, 2528, 2534, -1,
      2534, 2528, 2529, -1,
      2534, 2529, 2535, -1,
      2535, 2529, 2530, -1,
      2535, 2530, 2252, -1,
      2252, 2530, 2253, -1,
      2252, 2251, 2535, -1,
      2535, 2251, 2536, -1,
      2535, 2536, 2534, -1,
      2534, 2536, 2537, -1,
      2534, 2537, 2533, -1,
      2533, 2537, 2538, -1,
      2533, 2538, 2532, -1,
      2532, 2538, 2539, -1,
      2532, 2539, 2531, -1,
      2531, 2539, 2465, -1,
      2531, 2465, 2294, -1,
      2294, 2465, 2295, -1,
      2298, 2297, 2464, -1,
      2464, 2297, 2465, -1,
      2464, 2465, 2540, -1,
      2540, 2465, 2539, -1,
      2540, 2539, 2541, -1,
      2541, 2539, 2538, -1,
      2541, 2538, 2542, -1,
      2542, 2538, 2537, -1,
      2542, 2537, 2543, -1,
      2543, 2537, 2536, -1,
      2543, 2536, 2260, -1,
      2260, 2536, 2251, -1,
      2302, 2303, 2463, -1,
      2463, 2303, 2464, -1,
      2463, 2464, 2544, -1,
      2544, 2464, 2540, -1,
      2544, 2540, 2545, -1,
      2545, 2540, 2541, -1,
      2545, 2541, 2546, -1,
      2546, 2541, 2542, -1,
      2546, 2542, 2547, -1,
      2547, 2542, 2543, -1,
      2547, 2543, 2259, -1,
      2259, 2543, 2260, -1,
      2304, 2300, 2548, -1,
      2548, 2300, 2463, -1,
      2548, 2463, 2549, -1,
      2549, 2463, 2544, -1,
      2549, 2544, 2550, -1,
      2550, 2544, 2545, -1,
      2550, 2545, 2551, -1,
      2551, 2545, 2546, -1,
      2551, 2546, 2552, -1,
      2552, 2546, 2547, -1,
      2552, 2547, 2258, -1,
      2258, 2547, 2259, -1,
      2258, 2254, 2552, -1,
      2552, 2254, 2504, -1,
      2552, 2504, 2551, -1,
      2551, 2504, 2506, -1,
      2551, 2506, 2550, -1,
      2550, 2506, 2508, -1,
      2550, 2508, 2549, -1,
      2549, 2508, 2510, -1,
      2549, 2510, 2548, -1,
      2548, 2510, 2512, -1,
      2548, 2512, 2304, -1,
      2304, 2512, 2305, -1,
      2462, 2309, 2512, -1,
      2512, 2309, 2310, -1,
      2512, 2310, 2305, -1,
      2311, 2307, 2553, -1,
      2553, 2307, 2462, -1,
      2553, 2462, 2554, -1,
      2554, 2462, 2511, -1,
      2554, 2511, 2555, -1,
      2555, 2511, 2509, -1,
      2555, 2509, 2556, -1,
      2556, 2509, 2507, -1,
      2556, 2507, 2557, -1,
      2557, 2507, 2505, -1,
      2557, 2505, 2257, -1,
      2257, 2505, 2256, -1,
      2257, 2255, 2557, -1,
      2557, 2255, 2513, -1,
      2557, 2513, 2556, -1,
      2556, 2513, 2514, -1,
      2556, 2514, 2555, -1,
      2555, 2514, 2515, -1,
      2555, 2515, 2554, -1,
      2554, 2515, 2516, -1,
      2554, 2516, 2553, -1,
      2553, 2516, 2517, -1,
      2553, 2517, 2311, -1,
      2311, 2517, 2312, -1,
      2472, 2315, 2473, -1,
      2473, 2315, 2316, -1,
      2473, 2316, 2517, -1,
      2517, 2316, 2317, -1,
      2517, 2317, 2312, -1,
      2261, 2271, 1982, -1,
      1982, 1984, 2261, -1,
      2261, 1984, 1985, -1,
      2261, 1985, 1977, -1,
      1987, 1972, 1985, -1,
      1985, 1972, 1978, -1,
      1985, 1978, 1977, -1,
      1987, 1989, 1972, -1,
      1972, 1989, 1990, -1,
      1972, 1990, 1992, -1,
      1962, 1976, 1975, -1,
      1996, 1994, 1997, -1,
      1997, 1994, 1992, -1,
      1971, 1965, 1968, -1,
      1968, 1965, 1966, -1,
      1962, 1963, 1976, -1,
      1976, 1963, 1965, -1,
      1976, 1965, 1970, -1,
      1970, 1965, 1971, -1,
      1993, 1998, 1994, -1,
      1994, 1998, 2000, -1,
      1994, 2000, 1992, -1,
      2000, 2001, 1992, -1,
      1992, 2001, 1931, -1,
      1992, 1931, 1972, -1,
      1972, 1931, 1929, -1,
      1972, 1929, 1959, -1,
      1975, 1973, 1962, -1,
      1962, 1973, 1972, -1,
      1962, 1972, 1961, -1,
      1961, 1972, 1959, -1,
      2286, 2267, 2265, -1,
      2286, 2265, 2503, -1,
      2490, 2265, 2491, -1,
      2491, 2265, 2314, -1,
      2491, 2314, 2471, -1,
      2471, 2472, 2491, -1,
      2491, 2472, 2474, -1,
      2491, 2474, 2480, -1,
      2469, 2491, 2481, -1,
      2481, 2491, 2476, -1,
      2490, 2496, 2265, -1,
      2265, 2496, 2495, -1,
      2265, 2495, 2493, -1,
      2493, 2492, 2265, -1,
      2265, 2492, 2497, -1,
      2265, 2497, 2499, -1,
      2499, 2500, 2265, -1,
      2265, 2500, 2502, -1,
      2265, 2502, 2503, -1,
      2480, 2479, 2491, -1,
      2491, 2479, 2477, -1,
      2491, 2477, 2476, -1,
      2485, 2469, 2484, -1,
      2484, 2469, 2468, -1,
      2484, 2468, 2482, -1,
      2485, 2246, 2469, -1,
      2469, 2246, 2245, -1,
      2469, 2245, 2491, -1,
      2491, 2245, 2486, -1,
      2491, 2486, 2488, -1,
      2265, 2267, 2263, -1,
      2263, 2267, 2269, -1,
      2263, 2269, 2261, -1,
      2261, 2269, 2271, -1,
    ]
    creaseAngle 0.55
    solid FALSE
  }
}

Shape {
  appearance Appearance {
    material Material { diffuseColor 0.27451 0.494118 0.27451 specularColor 0.0196078 0.0352941 0.0196078 shininess 0.45 }
  }
  geometry IndexedFaceSet {
    coord USE KF_COORD
    coordIndex [
      188, 189, 190, -1,
      191, 192, 193, -1,
      194, 195, 196, -1,
      197, 198, 199, -1,
      199, 198, 200, -1,
      199, 200, 201, -1,
      201, 200, 202, -1,
      201, 202, 203, -1,
      203, 202, 204, -1,
      203, 204, 205, -1,
      205, 204, 206, -1,
      205, 206, 207, -1,
      207, 206, 208, -1,
      207, 208, 209, -1,
      209, 208, 210, -1,
      209, 210, 211, -1,
      211, 210, 212, -1,
      211, 212, 213, -1,
      213, 212, 214, -1,
      213, 214, 215, -1,
      215, 214, 216, -1,
      215, 216, 217, -1,
      217, 216, 218, -1,
      217, 218, 219, -1,
      219, 218, 220, -1,
      219, 220, 221, -1,
      221, 220, 222, -1,
      221, 222, 223, -1,
      223, 222, 224, -1,
      223, 224, 197, -1,
      197, 224, 198, -1,
      225, 226, 227, -1,
      227, 226, 228, -1,
      227, 228, 229, -1,
      230, 231, 205, -1,
      230, 205, 232, -1,
      233, 234, 203, -1,
      203, 234, 235, -1,
      236, 237, 238, -1,
      235, 239, 203, -1,
      203, 239, 240, -1,
      203, 240, 236, -1,
      236, 240, 241, -1,
      236, 241, 237, -1,
      242, 243, 205, -1,
      243, 244, 205, -1,
      205, 244, 245, -1,
      205, 245, 232, -1,
      246, 247, 248, -1,
      248, 247, 249, -1,
      248, 249, 250, -1,
      228, 251, 229, -1,
      229, 251, 248, -1,
      229, 248, 252, -1,
      252, 248, 253, -1,
      246, 254, 247, -1,
      247, 254, 255, -1,
      247, 255, 256, -1,
      250, 257, 248, -1,
      248, 257, 258, -1,
      248, 258, 253, -1,
      256, 259, 247, -1,
      247, 259, 260, -1,
      247, 260, 203, -1,
      203, 260, 261, -1,
      203, 261, 233, -1,
      231, 262, 205, -1,
      205, 262, 263, -1,
      205, 263, 203, -1,
      203, 263, 264, -1,
      203, 264, 247, -1,
      265, 266, 267, -1,
      268, 269, 270, -1,
      270, 269, 271, -1,
      270, 271, 272, -1,
      272, 273, 270, -1,
      270, 273, 274, -1,
      270, 274, 275, -1,
      276, 277, 267, -1,
      277, 278, 267, -1,
      267, 278, 279, -1,
      267, 279, 280, -1,
      280, 281, 267, -1,
      267, 281, 282, -1,
      267, 282, 265, -1,
      283, 284, 285, -1,
      285, 284, 286, -1,
      285, 286, 267, -1,
      267, 286, 287, -1,
      267, 287, 276, -1,
      288, 289, 290, -1,
      290, 289, 291, -1,
      238, 292, 236, -1,
      236, 292, 293, -1,
      236, 293, 294, -1,
      289, 295, 291, -1,
      291, 295, 296, -1,
      291, 296, 297, -1,
      297, 296, 236, -1,
      297, 236, 298, -1,
      298, 236, 294, -1,
      299, 300, 301, -1,
      302, 303, 296, -1,
      236, 304, 305, -1,
      306, 307, 196, -1,
      302, 296, 308, -1,
      309, 310, 311, -1,
      311, 310, 312, -1,
      313, 314, 301, -1,
      301, 314, 315, -1,
      301, 315, 316, -1,
      303, 317, 296, -1,
      296, 317, 318, -1,
      296, 318, 319, -1,
      195, 320, 196, -1,
      196, 320, 321, -1,
      196, 321, 322, -1,
      300, 323, 324, -1,
      309, 325, 310, -1,
      310, 325, 326, -1,
      310, 326, 327, -1,
      308, 296, 328, -1,
      328, 296, 301, -1,
      328, 301, 329, -1,
      305, 330, 236, -1,
      236, 330, 331, -1,
      236, 331, 332, -1,
      307, 333, 196, -1,
      196, 333, 334, -1,
      196, 334, 301, -1,
      301, 334, 335, -1,
      301, 335, 299, -1,
      312, 310, 300, -1,
      300, 310, 336, -1,
      300, 336, 323, -1,
      324, 337, 300, -1,
      300, 337, 338, -1,
      300, 338, 301, -1,
      301, 338, 339, -1,
      301, 339, 313, -1,
      340, 341, 236, -1,
      236, 341, 342, -1,
      236, 342, 304, -1,
      343, 344, 196, -1,
      196, 344, 345, -1,
      196, 345, 306, -1,
      322, 346, 196, -1,
      196, 346, 347, -1,
      196, 347, 343, -1,
      348, 349, 301, -1,
      301, 349, 350, -1,
      301, 350, 329, -1,
      316, 351, 301, -1,
      301, 351, 352, -1,
      301, 352, 353, -1,
      319, 354, 296, -1,
      296, 354, 355, -1,
      296, 355, 236, -1,
      236, 355, 356, -1,
      236, 356, 340, -1,
      353, 357, 301, -1,
      301, 357, 358, -1,
      301, 358, 348, -1,
      359, 201, 360, -1,
      360, 201, 203, -1,
      360, 203, 361, -1,
      361, 203, 236, -1,
      361, 236, 362, -1,
      362, 236, 332, -1,
      363, 364, 365, -1,
      366, 367, 368, -1,
      369, 370, 371, -1,
      371, 370, 372, -1,
      373, 374, 375, -1,
      367, 376, 368, -1,
      368, 376, 377, -1,
      368, 377, 378, -1,
      375, 379, 373, -1,
      373, 379, 380, -1,
      373, 380, 381, -1,
      381, 380, 371, -1,
      381, 371, 382, -1,
      382, 371, 372, -1,
      363, 365, 383, -1,
      384, 385, 386, -1,
      387, 388, 368, -1,
      368, 388, 389, -1,
      390, 391, 301, -1,
      392, 393, 394, -1,
      394, 393, 395, -1,
      394, 395, 396, -1,
      396, 395, 397, -1,
      396, 397, 398, -1,
      398, 397, 399, -1,
      386, 400, 384, -1,
      384, 400, 401, -1,
      384, 401, 402, -1,
      389, 403, 368, -1,
      368, 403, 404, -1,
      368, 404, 366, -1,
      378, 405, 368, -1,
      368, 405, 406, -1,
      368, 406, 407, -1,
      408, 409, 301, -1,
      301, 409, 410, -1,
      411, 412, 413, -1,
      374, 373, 394, -1,
      394, 373, 414, -1,
      394, 414, 392, -1,
      301, 365, 415, -1,
      416, 417, 196, -1,
      196, 417, 418, -1,
      385, 384, 419, -1,
      419, 384, 196, -1,
      419, 196, 420, -1,
      402, 421, 384, -1,
      384, 421, 422, -1,
      384, 422, 423, -1,
      391, 424, 301, -1,
      301, 424, 425, -1,
      301, 425, 399, -1,
      364, 426, 365, -1,
      365, 426, 427, -1,
      365, 427, 428, -1,
      428, 427, 411, -1,
      428, 411, 429, -1,
      429, 411, 413, -1,
      430, 431, 384, -1,
      399, 397, 301, -1,
      301, 397, 432, -1,
      301, 432, 365, -1,
      365, 432, 433, -1,
      365, 433, 383, -1,
      415, 434, 301, -1,
      301, 434, 435, -1,
      301, 435, 196, -1,
      196, 435, 436, -1,
      196, 436, 416, -1,
      418, 437, 196, -1,
      196, 437, 438, -1,
      196, 438, 439, -1,
      439, 440, 196, -1,
      196, 440, 441, -1,
      196, 441, 442, -1,
      407, 443, 368, -1,
      368, 443, 444, -1,
      368, 444, 445, -1,
      410, 446, 301, -1,
      301, 446, 447, -1,
      301, 447, 390, -1,
      448, 449, 196, -1,
      196, 449, 450, -1,
      196, 450, 420, -1,
      423, 451, 384, -1,
      384, 451, 452, -1,
      384, 452, 453, -1,
      445, 454, 368, -1,
      368, 454, 455, -1,
      368, 455, 456, -1,
      456, 457, 368, -1,
      368, 457, 458, -1,
      368, 458, 459, -1,
      442, 460, 196, -1,
      196, 460, 461, -1,
      196, 461, 448, -1,
      462, 430, 463, -1,
      463, 430, 384, -1,
      463, 384, 464, -1,
      464, 384, 453, -1,
      465, 466, 467, -1,
      467, 466, 468, -1,
      467, 468, 469, -1,
      470, 471, 472, -1,
      473, 474, 475, -1,
      476, 477, 478, -1,
      478, 477, 470, -1,
      479, 480, 478, -1,
      478, 480, 481, -1,
      478, 481, 473, -1,
      473, 481, 482, -1,
      473, 482, 474, -1,
      470, 472, 478, -1,
      478, 472, 483, -1,
      478, 483, 479, -1,
      484, 485, 470, -1,
      470, 485, 486, -1,
      470, 486, 487, -1,
      487, 488, 470, -1,
      470, 488, 489, -1,
      470, 489, 471, -1,
      490, 491, 492, -1,
      492, 491, 493, -1,
      494, 495, 492, -1,
      492, 495, 496, -1,
      493, 497, 492, -1,
      492, 497, 498, -1,
      492, 498, 494, -1,
      496, 499, 492, -1,
      492, 499, 500, -1,
      492, 500, 467, -1,
      467, 500, 501, -1,
      467, 501, 465, -1,
      475, 502, 473, -1,
      473, 502, 503, -1,
      473, 503, 504, -1,
      504, 505, 473, -1,
      473, 505, 506, -1,
      473, 506, 507, -1,
      507, 508, 473, -1,
      473, 508, 509, -1,
      473, 509, 510, -1,
      490, 492, 511, -1,
      511, 492, 473, -1,
      511, 473, 512, -1,
      512, 473, 510, -1,
      512, 510, 513, -1,
      514, 515, 516, -1,
      516, 515, 517, -1,
      516, 517, 478, -1,
      478, 517, 518, -1,
      478, 518, 476, -1,
      468, 519, 469, -1,
      469, 519, 520, -1,
      469, 520, 188, -1,
      188, 520, 514, -1,
      188, 514, 521, -1,
      521, 514, 516, -1,
      522, 523, 524, -1,
      524, 523, 525, -1,
      524, 525, 526, -1,
      526, 525, 527, -1,
      526, 527, 528, -1,
      528, 527, 529, -1,
      528, 529, 530, -1,
      530, 529, 531, -1,
      530, 531, 532, -1,
      532, 531, 533, -1,
      532, 533, 534, -1,
      534, 533, 535, -1,
      534, 535, 536, -1,
      536, 535, 537, -1,
      536, 537, 538, -1,
      538, 537, 539, -1,
      538, 539, 540, -1,
      540, 539, 541, -1,
      540, 541, 542, -1,
      542, 541, 543, -1,
      542, 543, 207, -1,
      207, 543, 544, -1,
      207, 544, 205, -1,
      205, 544, 545, -1,
      205, 545, 546, -1,
      546, 545, 547, -1,
      546, 547, 522, -1,
      522, 547, 523, -1,
      548, 549, 550, -1,
      550, 549, 551, -1,
      550, 551, 552, -1,
      553, 554, 530, -1,
      555, 556, 528, -1,
      528, 556, 557, -1,
      558, 559, 560, -1,
      557, 561, 528, -1,
      528, 561, 562, -1,
      528, 562, 558, -1,
      558, 562, 563, -1,
      558, 563, 559, -1,
      564, 565, 566, -1,
      567, 568, 530, -1,
      530, 568, 569, -1,
      530, 569, 553, -1,
      564, 566, 530, -1,
      530, 566, 570, -1,
      530, 570, 567, -1,
      571, 572, 573, -1,
      573, 572, 574, -1,
      573, 574, 575, -1,
      551, 576, 552, -1,
      552, 576, 573, -1,
      552, 573, 577, -1,
      577, 573, 578, -1,
      571, 579, 572, -1,
      572, 579, 580, -1,
      572, 580, 581, -1,
      575, 582, 573, -1,
      573, 582, 583, -1,
      573, 583, 578, -1,
      581, 584, 572, -1,
      572, 584, 585, -1,
      572, 585, 528, -1,
      528, 585, 586, -1,
      528, 586, 555, -1,
      554, 587, 530, -1,
      530, 587, 588, -1,
      530, 588, 528, -1,
      528, 588, 589, -1,
      528, 589, 572, -1,
      590, 591, 564, -1,
      592, 593, 594, -1,
      594, 593, 595, -1,
      594, 595, 564, -1,
      564, 595, 596, -1,
      564, 596, 590, -1,
      591, 597, 564, -1,
      564, 597, 598, -1,
      564, 598, 565, -1,
      599, 600, 594, -1,
      600, 601, 594, -1,
      594, 601, 602, -1,
      594, 602, 603, -1,
      603, 604, 594, -1,
      594, 604, 605, -1,
      594, 605, 592, -1,
      594, 606, 607, -1,
      608, 609, 607, -1,
      607, 609, 610, -1,
      607, 610, 594, -1,
      594, 610, 611, -1,
      594, 611, 599, -1,
      612, 613, 614, -1,
      614, 613, 615, -1,
      560, 616, 558, -1,
      558, 616, 617, -1,
      558, 617, 618, -1,
      613, 619, 615, -1,
      615, 619, 620, -1,
      615, 620, 621, -1,
      621, 620, 558, -1,
      621, 558, 622, -1,
      622, 558, 618, -1,
      623, 624, 625, -1,
      626, 627, 620, -1,
      558, 628, 629, -1,
      630, 631, 193, -1,
      626, 620, 632, -1,
      633, 634, 635, -1,
      635, 634, 636, -1,
      637, 638, 625, -1,
      625, 638, 639, -1,
      625, 639, 640, -1,
      627, 641, 620, -1,
      620, 641, 642, -1,
      620, 642, 643, -1,
      192, 644, 193, -1,
      193, 644, 645, -1,
      193, 645, 646, -1,
      624, 647, 648, -1,
      633, 649, 634, -1,
      634, 649, 650, -1,
      634, 650, 651, -1,
      632, 620, 652, -1,
      652, 620, 625, -1,
      652, 625, 653, -1,
      629, 654, 558, -1,
      558, 654, 655, -1,
      558, 655, 656, -1,
      631, 657, 193, -1,
      193, 657, 658, -1,
      193, 658, 625, -1,
      625, 658, 659, -1,
      625, 659, 623, -1,
      636, 634, 624, -1,
      624, 634, 660, -1,
      624, 660, 647, -1,
      648, 661, 624, -1,
      624, 661, 662, -1,
      624, 662, 625, -1,
      625, 662, 663, -1,
      625, 663, 637, -1,
      664, 665, 558, -1,
      558, 665, 666, -1,
      558, 666, 628, -1,
      667, 668, 193, -1,
      193, 668, 669, -1,
      193, 669, 630, -1,
      646, 670, 193, -1,
      193, 670, 671, -1,
      193, 671, 667, -1,
      672, 673, 625, -1,
      625, 673, 674, -1,
      625, 674, 653, -1,
      640, 675, 625, -1,
      625, 675, 676, -1,
      625, 676, 677, -1,
      643, 678, 620, -1,
      620, 678, 679, -1,
      620, 679, 558, -1,
      558, 679, 680, -1,
      558, 680, 664, -1,
      677, 681, 625, -1,
      625, 681, 682, -1,
      625, 682, 672, -1,
      683, 526, 684, -1,
      684, 526, 528, -1,
      684, 528, 685, -1,
      685, 528, 558, -1,
      685, 558, 686, -1,
      686, 558, 656, -1,
      687, 688, 689, -1,
      690, 691, 692, -1,
      693, 694, 695, -1,
      695, 694, 696, -1,
      697, 698, 699, -1,
      691, 700, 692, -1,
      692, 700, 701, -1,
      692, 701, 702, -1,
      699, 703, 697, -1,
      697, 703, 704, -1,
      697, 704, 705, -1,
      705, 704, 695, -1,
      705, 695, 706, -1,
      706, 695, 696, -1,
      687, 689, 707, -1,
      708, 709, 710, -1,
      711, 712, 692, -1,
      692, 712, 713, -1,
      714, 715, 625, -1,
      716, 717, 718, -1,
      718, 717, 719, -1,
      718, 719, 720, -1,
      720, 719, 721, -1,
      720, 721, 722, -1,
      722, 721, 723, -1,
      710, 724, 708, -1,
      708, 724, 725, -1,
      708, 725, 726, -1,
      713, 727, 692, -1,
      692, 727, 728, -1,
      692, 728, 690, -1,
      702, 729, 692, -1,
      692, 729, 730, -1,
      692, 730, 731, -1,
      732, 733, 625, -1,
      625, 733, 734, -1,
      735, 736, 737, -1,
      698, 697, 718, -1,
      718, 697, 738, -1,
      718, 738, 716, -1,
      625, 689, 739, -1,
      740, 741, 193, -1,
      193, 741, 742, -1,
      709, 708, 743, -1,
      743, 708, 193, -1,
      743, 193, 744, -1,
      726, 745, 708, -1,
      708, 745, 746, -1,
      708, 746, 747, -1,
      715, 748, 625, -1,
      625, 748, 749, -1,
      625, 749, 723, -1,
      688, 750, 689, -1,
      689, 750, 751, -1,
      689, 751, 752, -1,
      752, 751, 735, -1,
      752, 735, 753, -1,
      753, 735, 737, -1,
      754, 755, 708, -1,
      723, 721, 625, -1,
      625, 721, 756, -1,
      625, 756, 689, -1,
      689, 756, 757, -1,
      689, 757, 707, -1,
      739, 758, 625, -1,
      625, 758, 759, -1,
      625, 759, 193, -1,
      193, 759, 760, -1,
      193, 760, 740, -1,
      742, 761, 193, -1,
      193, 761, 762, -1,
      193, 762, 763, -1,
      763, 764, 193, -1,
      193, 764, 765, -1,
      193, 765, 766, -1,
      731, 767, 692, -1,
      692, 767, 768, -1,
      692, 768, 769, -1,
      734, 770, 625, -1,
      625, 770, 771, -1,
      625, 771, 714, -1,
      772, 773, 193, -1,
      193, 773, 774, -1,
      193, 774, 744, -1,
      747, 775, 708, -1,
      708, 775, 776, -1,
      708, 776, 777, -1,
      769, 778, 692, -1,
      692, 778, 779, -1,
      692, 779, 780, -1,
      780, 781, 692, -1,
      692, 781, 782, -1,
      692, 782, 783, -1,
      766, 784, 193, -1,
      193, 784, 785, -1,
      193, 785, 772, -1,
      786, 754, 787, -1,
      787, 754, 708, -1,
      787, 708, 788, -1,
      788, 708, 777, -1,
      789, 790, 791, -1,
      792, 793, 794, -1,
      795, 796, 797, -1,
      798, 799, 800, -1,
      800, 799, 801, -1,
      800, 801, 792, -1,
      802, 803, 800, -1,
      800, 803, 804, -1,
      800, 804, 795, -1,
      795, 804, 805, -1,
      795, 805, 796, -1,
      792, 794, 800, -1,
      800, 794, 806, -1,
      800, 806, 802, -1,
      807, 808, 792, -1,
      792, 808, 809, -1,
      792, 809, 810, -1,
      811, 812, 813, -1,
      813, 812, 814, -1,
      813, 814, 815, -1,
      810, 816, 792, -1,
      792, 816, 817, -1,
      792, 817, 793, -1,
      818, 819, 820, -1,
      820, 819, 821, -1,
      821, 822, 820, -1,
      820, 822, 823, -1,
      820, 823, 824, -1,
      824, 825, 820, -1,
      820, 825, 826, -1,
      820, 826, 827, -1,
      797, 828, 795, -1,
      795, 828, 829, -1,
      795, 829, 830, -1,
      830, 831, 795, -1,
      795, 831, 832, -1,
      795, 832, 833, -1,
      833, 834, 795, -1,
      795, 834, 835, -1,
      795, 835, 836, -1,
      818, 820, 837, -1,
      837, 820, 795, -1,
      837, 795, 838, -1,
      838, 795, 836, -1,
      838, 836, 839, -1,
      798, 800, 840, -1,
      840, 800, 841, -1,
      840, 841, 842, -1,
      843, 844, 845, -1,
      842, 841, 844, -1,
      844, 841, 846, -1,
      844, 846, 845, -1,
      847, 848, 849, -1,
      849, 848, 850, -1,
      849, 850, 851, -1,
      851, 850, 607, -1,
      851, 607, 852, -1,
      852, 607, 606, -1,
      853, 854, 845, -1,
      845, 854, 791, -1,
      845, 791, 843, -1,
      843, 791, 790, -1,
      855, 856, 857, -1,
      857, 856, 858, -1,
      857, 858, 859, -1,
      859, 858, 285, -1,
      783, 860, 692, -1,
      692, 860, 861, -1,
      692, 861, 848, -1,
      848, 861, 732, -1,
      848, 732, 850, -1,
      850, 732, 625, -1,
      850, 625, 607, -1,
      607, 625, 620, -1,
      607, 620, 608, -1,
      608, 620, 619, -1,
      815, 789, 813, -1,
      813, 789, 791, -1,
      813, 791, 267, -1,
      267, 791, 854, -1,
      267, 854, 285, -1,
      285, 854, 853, -1,
      285, 853, 859, -1,
      459, 862, 368, -1,
      368, 862, 863, -1,
      368, 863, 856, -1,
      856, 863, 408, -1,
      856, 408, 858, -1,
      858, 408, 301, -1,
      858, 301, 285, -1,
      285, 301, 296, -1,
      285, 296, 283, -1,
      283, 296, 295, -1,
      864, 865, 692, -1,
      692, 865, 866, -1,
      867, 868, 795, -1,
      795, 868, 869, -1,
      795, 869, 870, -1,
      864, 871, 872, -1,
      873, 874, 800, -1,
      800, 874, 875, -1,
      800, 875, 876, -1,
      877, 878, 708, -1,
      879, 880, 708, -1,
      708, 880, 881, -1,
      708, 881, 795, -1,
      795, 881, 882, -1,
      795, 882, 867, -1,
      870, 883, 795, -1,
      795, 883, 884, -1,
      795, 884, 800, -1,
      800, 884, 885, -1,
      800, 885, 873, -1,
      872, 886, 864, -1,
      864, 886, 887, -1,
      864, 887, 888, -1,
      889, 890, 891, -1,
      891, 890, 892, -1,
      891, 892, 893, -1,
      877, 708, 894, -1,
      878, 895, 708, -1,
      708, 895, 896, -1,
      708, 896, 879, -1,
      876, 897, 800, -1,
      800, 897, 898, -1,
      800, 898, 899, -1,
      871, 864, 899, -1,
      899, 864, 692, -1,
      899, 692, 800, -1,
      800, 692, 848, -1,
      800, 848, 841, -1,
      841, 848, 847, -1,
      841, 847, 846, -1,
      900, 889, 901, -1,
      902, 893, 903, -1,
      903, 893, 892, -1,
      903, 892, 866, -1,
      866, 892, 894, -1,
      866, 894, 692, -1,
      692, 894, 708, -1,
      692, 708, 711, -1,
      711, 708, 755, -1,
      889, 904, 905, -1,
      906, 907, 908, -1,
      900, 909, 889, -1,
      889, 909, 910, -1,
      889, 910, 904, -1,
      905, 911, 889, -1,
      889, 911, 912, -1,
      889, 912, 890, -1,
      913, 914, 906, -1,
      906, 914, 915, -1,
      906, 915, 907, -1,
      916, 901, 917, -1,
      917, 901, 918, -1,
      916, 919, 901, -1,
      901, 919, 920, -1,
      901, 920, 900, -1,
      902, 921, 893, -1,
      893, 921, 922, -1,
      893, 922, 923, -1,
      908, 924, 906, -1,
      906, 924, 893, -1,
      906, 893, 925, -1,
      925, 893, 923, -1,
      266, 268, 267, -1,
      267, 268, 270, -1,
      267, 270, 813, -1,
      813, 270, 820, -1,
      813, 820, 811, -1,
      811, 820, 827, -1,
      926, 927, 368, -1,
      368, 927, 928, -1,
      929, 930, 473, -1,
      473, 930, 931, -1,
      473, 931, 932, -1,
      926, 933, 934, -1,
      935, 936, 478, -1,
      478, 936, 937, -1,
      478, 937, 938, -1,
      939, 940, 384, -1,
      941, 942, 384, -1,
      384, 942, 943, -1,
      384, 943, 473, -1,
      473, 943, 944, -1,
      473, 944, 929, -1,
      932, 945, 473, -1,
      473, 945, 946, -1,
      473, 946, 478, -1,
      478, 946, 947, -1,
      478, 947, 935, -1,
      934, 948, 926, -1,
      926, 948, 949, -1,
      926, 949, 950, -1,
      951, 952, 953, -1,
      953, 952, 954, -1,
      953, 954, 955, -1,
      939, 384, 956, -1,
      940, 957, 384, -1,
      384, 957, 958, -1,
      384, 958, 941, -1,
      938, 959, 478, -1,
      478, 959, 960, -1,
      478, 960, 961, -1,
      933, 926, 961, -1,
      961, 926, 368, -1,
      961, 368, 478, -1,
      478, 368, 856, -1,
      478, 856, 516, -1,
      516, 856, 855, -1,
      516, 855, 521, -1,
      962, 951, 963, -1,
      964, 955, 965, -1,
      965, 955, 954, -1,
      965, 954, 928, -1,
      928, 954, 956, -1,
      928, 956, 368, -1,
      368, 956, 384, -1,
      368, 384, 387, -1,
      387, 384, 431, -1,
      951, 966, 967, -1,
      968, 969, 970, -1,
      962, 971, 951, -1,
      951, 971, 972, -1,
      951, 972, 966, -1,
      967, 973, 951, -1,
      951, 973, 974, -1,
      951, 974, 952, -1,
      975, 976, 968, -1,
      968, 976, 977, -1,
      968, 977, 969, -1,
      978, 963, 979, -1,
      979, 963, 980, -1,
      978, 981, 963, -1,
      963, 981, 982, -1,
      963, 982, 962, -1,
      964, 983, 955, -1,
      955, 983, 984, -1,
      955, 984, 985, -1,
      970, 986, 968, -1,
      968, 986, 955, -1,
      968, 955, 987, -1,
      987, 955, 985, -1,
      188, 190, 469, -1,
      469, 190, 988, -1,
      469, 988, 467, -1,
      467, 988, 989, -1,
      467, 989, 492, -1,
      275, 242, 270, -1,
      270, 242, 205, -1,
      270, 205, 820, -1,
      820, 205, 546, -1,
      820, 546, 795, -1,
      795, 546, 522, -1,
      795, 522, 708, -1,
      708, 522, 524, -1,
      708, 524, 193, -1,
      193, 524, 526, -1,
      193, 526, 191, -1,
      191, 526, 683, -1,
      989, 221, 492, -1,
      492, 221, 223, -1,
      492, 223, 473, -1,
      473, 223, 197, -1,
      473, 197, 384, -1,
      384, 197, 199, -1,
      384, 199, 196, -1,
      196, 199, 201, -1,
      196, 201, 194, -1,
      194, 201, 359, -1,
      990, 991, 992, -1,
      852, 993, 994, -1,
      994, 993, 995, -1,
      996, 997, 998, -1,
      998, 997, 999, -1,
      998, 845, 846, -1,
      992, 189, 990, -1,
      990, 189, 188, -1,
      990, 188, 521, -1,
      846, 847, 998, -1,
      998, 847, 849, -1,
      998, 849, 994, -1,
      994, 849, 851, -1,
      994, 851, 852, -1,
      521, 855, 990, -1,
      990, 855, 857, -1,
      990, 857, 999, -1,
      999, 857, 859, -1,
      999, 859, 998, -1,
      998, 859, 853, -1,
      998, 853, 845, -1,
      1000, 1001, 1002, -1,
      1003, 1004, 1005, -1,
      1005, 1004, 1006, -1,
      1002, 532, 1000, -1,
      1000, 532, 534, -1,
      1000, 534, 1006, -1,
      1006, 534, 536, -1,
      1007, 1008, 219, -1,
      219, 1008, 1009, -1,
      219, 1009, 217, -1,
      217, 1009, 215, -1,
      536, 538, 1006, -1,
      1006, 538, 540, -1,
      1006, 540, 542, -1,
      542, 207, 1006, -1,
      1006, 207, 209, -1,
      1006, 209, 1005, -1,
      1005, 209, 211, -1,
      1005, 211, 1009, -1,
      1009, 211, 213, -1,
      1009, 213, 215, -1,
      1010, 1004, 1003, -1,
      1008, 1007, 1011, -1,
      1011, 1007, 1012, -1,
      1011, 1012, 1013, -1,
      1013, 1012, 1014, -1,
      1003, 1013, 1010, -1,
      1010, 1013, 1014, -1,
      1010, 1014, 1015, -1,
      1015, 1014, 1002, -1,
      1015, 1002, 1001, -1,
      1016, 1017, 1018, -1,
      1018, 1017, 1019, -1,
      1018, 1019, 1020, -1,
      1016, 1018, 1021, -1,
      1021, 1018, 1022, -1,
      1021, 1022, 1023, -1,
      1020, 1024, 1018, -1,
      1018, 1024, 1025, -1,
      1018, 1025, 1012, -1,
      1012, 1025, 1026, -1,
      1012, 1026, 1027, -1,
      1028, 1022, 1029, -1,
      1029, 1022, 1030, -1,
      1031, 1032, 1033, -1,
      1028, 1034, 1022, -1,
      1022, 1034, 1035, -1,
      1022, 1035, 1036, -1,
      1037, 1038, 1014, -1,
      1014, 1038, 1039, -1,
      1014, 1039, 1022, -1,
      1022, 1039, 1040, -1,
      1022, 1040, 1030, -1,
      1027, 1041, 1012, -1,
      1012, 1041, 1042, -1,
      1012, 1042, 1043, -1,
      1033, 1032, 1044, -1,
      1044, 1032, 1045, -1,
      1044, 1045, 1046, -1,
      1012, 1033, 1014, -1,
      1014, 1033, 1047, -1,
      1014, 1047, 1048, -1,
      1048, 1049, 1014, -1,
      1014, 1049, 1050, -1,
      1014, 1050, 1037, -1,
      1051, 1052, 1053, -1,
      1023, 1022, 1054, -1,
      1054, 1022, 1036, -1,
      1054, 1036, 1055, -1,
      1055, 1036, 1056, -1,
      1055, 1056, 1052, -1,
      1052, 1056, 1057, -1,
      1052, 1057, 1053, -1,
      1043, 1058, 1012, -1,
      1012, 1058, 1059, -1,
      1012, 1059, 1033, -1,
      1033, 1059, 1060, -1,
      1033, 1060, 1031, -1,
      1061, 1062, 1045, -1,
      1045, 1062, 1063, -1,
      1045, 1063, 1046, -1,
      1053, 1064, 1051, -1,
      1051, 1064, 1065, -1,
      1051, 1065, 1066, -1,
      1066, 1065, 1061, -1,
      1066, 1061, 1067, -1,
      1067, 1061, 1045, -1,
      1068, 1069, 1018, -1,
      1018, 1069, 1022, -1,
      1070, 1071, 1068, -1,
      1068, 1071, 1069, -1,
      993, 852, 606, -1,
      1014, 1022, 1002, -1,
      1002, 1022, 1069, -1,
      1069, 594, 564, -1,
      1072, 1073, 1074, -1,
      1074, 1073, 1075, -1,
      564, 530, 1069, -1,
      1069, 530, 532, -1,
      1069, 532, 1002, -1,
      1075, 993, 1074, -1,
      1074, 993, 606, -1,
      1074, 606, 1076, -1,
      1076, 606, 594, -1,
      1076, 594, 1071, -1,
      1071, 594, 1069, -1,
      1077, 1078, 1073, -1,
      1073, 1078, 1075, -1,
      1079, 997, 996, -1,
      1080, 1081, 1082, -1,
      1082, 1081, 1079, -1,
      1082, 1079, 1083, -1,
      1083, 1079, 996, -1,
      1084, 992, 991, -1,
      991, 1085, 1084, -1,
      1084, 1085, 1086, -1,
      1084, 1086, 1087, -1,
      1087, 1086, 1088, -1,
      1087, 1088, 1080, -1,
      995, 993, 1089, -1,
      1089, 993, 1075, -1,
      1089, 1075, 1090, -1,
      1090, 1075, 1078, -1,
      1082, 1077, 1080, -1,
      1080, 1077, 1073, -1,
      1080, 1073, 1087, -1,
      1087, 1073, 1072, -1,
      1087, 1072, 1091, -1,
      1091, 1072, 1074, -1,
      1091, 1074, 1092, -1,
      1092, 1074, 1076, -1,
      1092, 1076, 1093, -1,
      1093, 1076, 1071, -1,
      1093, 1071, 1070, -1,
      1094, 531, 1095, -1,
      1095, 531, 529, -1,
      1095, 529, 1096, -1,
      1096, 529, 527, -1,
      1096, 527, 525, -1,
      545, 1097, 547, -1,
      547, 1097, 1096, -1,
      547, 1096, 523, -1,
      523, 1096, 525, -1,
      1096, 1097, 1098, -1,
      1098, 1097, 1099, -1,
      1098, 1099, 1100, -1,
      1100, 1099, 1101, -1,
      1100, 1101, 1095, -1,
      1095, 1101, 1094, -1,
      1099, 1102, 1101, -1,
      1101, 1102, 1103, -1,
      1102, 1104, 1103, -1,
      1103, 1104, 1105, -1,
      178, 1105, 176, -1,
      176, 1105, 1104, -1,
      178, 180, 1105, -1,
      1105, 180, 182, -1,
      1105, 182, 184, -1,
      1104, 168, 170, -1,
      170, 172, 1104, -1,
      1104, 172, 174, -1,
      1104, 174, 176, -1,
      160, 1106, 158, -1,
      158, 1106, 156, -1,
      142, 1107, 140, -1,
      140, 1107, 1105, -1,
      140, 1105, 186, -1,
      186, 1105, 184, -1,
      142, 144, 1107, -1,
      1107, 144, 146, -1,
      1107, 146, 148, -1,
      148, 150, 1107, -1,
      1107, 150, 152, -1,
      1107, 152, 1106, -1,
      1106, 152, 154, -1,
      1106, 154, 156, -1,
      160, 162, 1106, -1,
      1106, 162, 164, -1,
      1106, 164, 1104, -1,
      1104, 164, 166, -1,
      1104, 166, 168, -1,
      1106, 1108, 1107, -1,
      1107, 1108, 1109, -1,
      1108, 1110, 1109, -1,
      1109, 1110, 1111, -1,
      1112, 1113, 1114, -1,
      1114, 1113, 1111, -1,
      1114, 1111, 1115, -1,
      1115, 1111, 1110, -1,
      1115, 1110, 1116, -1,
      1116, 1110, 1117, -1,
      1113, 1112, 1118, -1,
      1113, 1118, 1119, -1,
      1117, 1120, 1121, -1,
      1116, 1117, 1122, -1,
      1122, 1117, 1121, -1,
      1122, 1121, 1118, -1,
      1118, 1121, 1123, -1,
      1118, 1123, 1119, -1,
      1121, 1120, 1124, -1,
      1124, 1120, 544, -1,
      1119, 1123, 1125, -1,
      544, 543, 1124, -1,
      1124, 543, 541, -1,
      1124, 541, 539, -1,
      539, 537, 1124, -1,
      1124, 537, 535, -1,
      1124, 535, 1125, -1,
      1125, 535, 533, -1,
      1125, 533, 1119, -1,
      544, 1120, 545, -1,
      545, 1120, 1117, -1,
      1108, 1106, 1104, -1,
      1102, 1099, 1097, -1,
      1108, 1104, 1110, -1,
      1110, 1104, 1102, -1,
      1110, 1102, 1117, -1,
      1117, 1102, 1097, -1,
      1117, 1097, 545, -1,
      1119, 533, 1113, -1,
      1113, 533, 531, -1,
      1094, 1101, 1103, -1,
      531, 1094, 1113, -1,
      1113, 1094, 1103, -1,
      1113, 1103, 1111, -1,
      1111, 1103, 1105, -1,
      1111, 1105, 1109, -1,
      1109, 1105, 1107, -1,
      1126, 1127, 1128, -1,
      1128, 1127, 1129, -1,
      1128, 1129, 1130, -1,
      1130, 1129, 1131, -1,
      1130, 1131, 1132, -1,
      1132, 1131, 1133, -1,
      1132, 1133, 1134, -1,
      1134, 1133, 1135, -1,
      1134, 1135, 1136, -1,
      1136, 1135, 1137, -1,
      1136, 1137, 1138, -1,
      1138, 1137, 1139, -1,
      1138, 1139, 1140, -1,
      1140, 1139, 1141, -1,
      1140, 1141, 1142, -1,
      1142, 1141, 1143, -1,
      1142, 1143, 1144, -1,
      1144, 1143, 1145, -1,
      1144, 1145, 1146, -1,
      1146, 1145, 1147, -1,
      1146, 1147, 1148, -1,
      1148, 1147, 1149, -1,
      1148, 1149, 1150, -1,
      1150, 1149, 1151, -1,
      1150, 1151, 1152, -1,
      1152, 1151, 1153, -1,
      1152, 1153, 1154, -1,
      1154, 1153, 1155, -1,
      1154, 1155, 1156, -1,
      1156, 1155, 1157, -1,
      1156, 1157, 1158, -1,
      1158, 1157, 1159, -1,
      1158, 1159, 1160, -1,
      1160, 1159, 1161, -1,
      1160, 1161, 1162, -1,
      1162, 1161, 1163, -1,
      1162, 1163, 1164, -1,
      1164, 1163, 1165, -1,
      1164, 1165, 1166, -1,
      1166, 1165, 1167, -1,
      1166, 1167, 1168, -1,
      1168, 1167, 1169, -1,
      1168, 1169, 1170, -1,
      1170, 1169, 1171, -1,
      1170, 1171, 1172, -1,
      1172, 1171, 1173, -1,
      1172, 1173, 1126, -1,
      1126, 1173, 1127, -1,
      1167, 1174, 1169, -1,
      1169, 1174, 1175, -1,
      1169, 1175, 1171, -1,
      1171, 1175, 1176, -1,
      1171, 1176, 1173, -1,
      1173, 1176, 1177, -1,
      1173, 1177, 1127, -1,
      1127, 1177, 1178, -1,
      1127, 1178, 1129, -1,
      1129, 1178, 1179, -1,
      1129, 1179, 1131, -1,
      1131, 1179, 1180, -1,
      1131, 1180, 1133, -1,
      1133, 1180, 1181, -1,
      1133, 1181, 1135, -1,
      1135, 1181, 1182, -1,
      1135, 1182, 1137, -1,
      1137, 1182, 1183, -1,
      1137, 1183, 1139, -1,
      1139, 1183, 1184, -1,
      1139, 1184, 1141, -1,
      1141, 1184, 1185, -1,
      1141, 1185, 1143, -1,
      1143, 1185, 1186, -1,
      1143, 1186, 1145, -1,
      1145, 1186, 1187, -1,
      1145, 1187, 1147, -1,
      1147, 1187, 1188, -1,
      1147, 1188, 1149, -1,
      1149, 1188, 1189, -1,
      1149, 1189, 1151, -1,
      1151, 1189, 1190, -1,
      1151, 1190, 1153, -1,
      1153, 1190, 1191, -1,
      1153, 1191, 1155, -1,
      1155, 1191, 1192, -1,
      1155, 1192, 1157, -1,
      1157, 1192, 1193, -1,
      1157, 1193, 1159, -1,
      1159, 1193, 1194, -1,
      1159, 1194, 1161, -1,
      1161, 1194, 1195, -1,
      1161, 1195, 1163, -1,
      1163, 1195, 1196, -1,
      1163, 1196, 1165, -1,
      1165, 1196, 1197, -1,
      1165, 1197, 1167, -1,
      1167, 1197, 1174, -1,
      1198, 1199, 1186, -1,
      1186, 1199, 1200, -1,
      1186, 1200, 1187, -1,
      1187, 1200, 1201, -1,
      1187, 1201, 1188, -1,
      1188, 1201, 1202, -1,
      1188, 1202, 1189, -1,
      1189, 1202, 1203, -1,
      1189, 1203, 1190, -1,
      1190, 1203, 1204, -1,
      1190, 1204, 1191, -1,
      1191, 1204, 1205, -1,
      1191, 1205, 1192, -1,
      1192, 1205, 1206, -1,
      1192, 1206, 1193, -1,
      1193, 1206, 1207, -1,
      1193, 1207, 1194, -1,
      1194, 1207, 1208, -1,
      1194, 1208, 1195, -1,
      1195, 1208, 1209, -1,
      1195, 1209, 1196, -1,
      1196, 1209, 1210, -1,
      1196, 1210, 1197, -1,
      1197, 1210, 1211, -1,
      1197, 1211, 1174, -1,
      1174, 1211, 1212, -1,
      1174, 1212, 1175, -1,
      1175, 1212, 1213, -1,
      1175, 1213, 1176, -1,
      1176, 1213, 1214, -1,
      1176, 1214, 1177, -1,
      1177, 1214, 1215, -1,
      1177, 1215, 1178, -1,
      1178, 1215, 1216, -1,
      1178, 1216, 1179, -1,
      1179, 1216, 1217, -1,
      1179, 1217, 1180, -1,
      1180, 1217, 1218, -1,
      1180, 1218, 1181, -1,
      1181, 1218, 1219, -1,
      1181, 1219, 1182, -1,
      1182, 1219, 1220, -1,
      1182, 1220, 1183, -1,
      1183, 1220, 1221, -1,
      1183, 1221, 1184, -1,
      1184, 1221, 1222, -1,
      1184, 1222, 1185, -1,
      1185, 1222, 1198, -1,
      1185, 1198, 1186, -1,
      1212, 1039, 1213, -1,
      1213, 1039, 1038, -1,
      1213, 1038, 1214, -1,
      1214, 1038, 1037, -1,
      1214, 1037, 1215, -1,
      1215, 1037, 1050, -1,
      1215, 1050, 1216, -1,
      1216, 1050, 1049, -1,
      1216, 1049, 1217, -1,
      1217, 1049, 1048, -1,
      1217, 1048, 1218, -1,
      1218, 1048, 1047, -1,
      1218, 1047, 1219, -1,
      1219, 1047, 1033, -1,
      1219, 1033, 1220, -1,
      1220, 1033, 1044, -1,
      1220, 1044, 1221, -1,
      1221, 1044, 1046, -1,
      1221, 1046, 1222, -1,
      1222, 1046, 1063, -1,
      1222, 1063, 1198, -1,
      1198, 1063, 1062, -1,
      1198, 1062, 1199, -1,
      1199, 1062, 1061, -1,
      1199, 1061, 1200, -1,
      1200, 1061, 1065, -1,
      1200, 1065, 1201, -1,
      1201, 1065, 1064, -1,
      1201, 1064, 1202, -1,
      1202, 1064, 1053, -1,
      1202, 1053, 1203, -1,
      1203, 1053, 1057, -1,
      1203, 1057, 1204, -1,
      1204, 1057, 1056, -1,
      1204, 1056, 1205, -1,
      1205, 1056, 1036, -1,
      1205, 1036, 1206, -1,
      1206, 1036, 1035, -1,
      1206, 1035, 1207, -1,
      1207, 1035, 1034, -1,
      1207, 1034, 1208, -1,
      1208, 1034, 1028, -1,
      1208, 1028, 1209, -1,
      1209, 1028, 1029, -1,
      1209, 1029, 1210, -1,
      1210, 1029, 1030, -1,
      1210, 1030, 1211, -1,
      1211, 1030, 1040, -1,
      1211, 1040, 1212, -1,
      1212, 1040, 1039, -1,
      1320, 1321, 1322, -1,
      1322, 1321, 1323, -1,
      1321, 1324, 1323, -1,
      1323, 1324, 1325, -1,
      1324, 1098, 1325, -1,
      1325, 1098, 1100, -1,
      1096, 1326, 1095, -1,
      1095, 1326, 1327, -1,
      998, 994, 1328, -1,
      1327, 1326, 1328, -1,
      1328, 1326, 1329, -1,
      1328, 1329, 998, -1,
      1324, 1321, 1320, -1,
      1096, 1098, 1326, -1,
      1326, 1098, 1324, -1,
      1326, 1324, 1329, -1,
      1329, 1324, 1320, -1,
      1328, 1322, 1325, -1,
      1325, 1322, 1323, -1,
      1100, 1095, 1325, -1,
      1325, 1095, 1327, -1,
      1325, 1327, 1328, -1,
      1320, 1077, 1082, -1,
      998, 1329, 996, -1,
      996, 1329, 1320, -1,
      996, 1320, 1083, -1,
      1083, 1320, 1082, -1,
      1322, 1078, 1320, -1,
      1320, 1078, 1077, -1,
      1328, 994, 1322, -1,
      1322, 994, 995, -1,
      995, 1089, 1322, -1,
      1322, 1089, 1090, -1,
      1322, 1090, 1078, -1,
      1611, 1612, 1607, -1,
      1607, 1606, 1608, -1,
      1608, 1609, 1607, -1,
      1607, 1609, 1610, -1,
      1607, 1610, 1611, -1,
      1717, 1718, 1716, -1,
      1716, 1718, 1719, -1,
      1719, 1699, 1716, -1,
      1716, 1699, 1698, -1,
      1716, 1698, 1700, -1,
      1714, 1715, 1707, -1,
      1707, 1715, 1716, -1,
      1707, 1716, 1706, -1,
      1714, 1707, 1713, -1,
      1713, 1707, 1708, -1,
      1713, 1708, 1709, -1,
      1700, 1701, 1716, -1,
      1716, 1701, 1702, -1,
      1716, 1702, 1703, -1,
      1709, 1710, 1713, -1,
      1713, 1710, 1711, -1,
      1713, 1711, 1712, -1,
      1703, 1704, 1716, -1,
      1716, 1704, 1705, -1,
      1716, 1705, 1706, -1,
      1121, 1010, 1123, -1,
      1123, 1010, 1015, -1,
      1124, 1006, 1121, -1,
      1121, 1006, 1004, -1,
      1121, 1004, 1010, -1,
      1000, 1125, 1001, -1,
      1001, 1125, 1123, -1,
      1001, 1123, 1015, -1,
      1125, 1000, 1124, -1,
      1124, 1000, 1006, -1,
      219, 1068, 1007, -1,
      1007, 1068, 1018, -1,
      1007, 1018, 1012, -1,
      219, 221, 1068, -1,
      1068, 221, 989, -1,
      1068, 989, 1070, -1,
      190, 189, 992, -1,
      1070, 989, 1093, -1,
      1093, 989, 988, -1,
      1093, 988, 1092, -1,
      992, 1084, 1087, -1,
      988, 190, 1092, -1,
      1092, 190, 992, -1,
      1092, 992, 1091, -1,
      1091, 992, 1087, -1,
      2116, 206, 2117, -1,
      2117, 206, 204, -1,
      2117, 204, 2118, -1,
      2118, 204, 202, -1,
      2118, 202, 200, -1,
      222, 2119, 224, -1,
      224, 2119, 2118, -1,
      224, 2118, 198, -1,
      198, 2118, 200, -1,
      2118, 2119, 2120, -1,
      2120, 2119, 2121, -1,
      2120, 2121, 2122, -1,
      2122, 2121, 2123, -1,
      2122, 2123, 2117, -1,
      2117, 2123, 2116, -1,
      2121, 2124, 2123, -1,
      2123, 2124, 2125, -1,
      2124, 2126, 2125, -1,
      2125, 2126, 2127, -1,
      2106, 2127, 2104, -1,
      2104, 2127, 2126, -1,
      2106, 2108, 2127, -1,
      2127, 2108, 2110, -1,
      2127, 2110, 2112, -1,
      2098, 2126, 2096, -1,
      2096, 2126, 2094, -1,
      2098, 2100, 2126, -1,
      2126, 2100, 2102, -1,
      2126, 2102, 2104, -1,
      2094, 2126, 2092, -1,
      2092, 2126, 2128, -1,
      2092, 2128, 2090, -1,
      2129, 2072, 2074, -1,
      2084, 2086, 2128, -1,
      2128, 2086, 2088, -1,
      2128, 2088, 2090, -1,
      2129, 2080, 2128, -1,
      2128, 2080, 2082, -1,
      2128, 2082, 2084, -1,
      2112, 2114, 2127, -1,
      2127, 2114, 2068, -1,
      2127, 2068, 2129, -1,
      2129, 2068, 2070, -1,
      2129, 2070, 2072, -1,
      2074, 2076, 2129, -1,
      2129, 2076, 2078, -1,
      2129, 2078, 2080, -1,
      2128, 2130, 2129, -1,
      2129, 2130, 2131, -1,
      2130, 2132, 2131, -1,
      2131, 2132, 2133, -1,
      2134, 2135, 2136, -1,
      2136, 2135, 2133, -1,
      2136, 2133, 2137, -1,
      2137, 2133, 2132, -1,
      2137, 2132, 2138, -1,
      2138, 2132, 2139, -1,
      2135, 2134, 2140, -1,
      2135, 2140, 2141, -1,
      2139, 2142, 2143, -1,
      2138, 2139, 2144, -1,
      2144, 2139, 2143, -1,
      2144, 2143, 2140, -1,
      2140, 2143, 2145, -1,
      2140, 2145, 2141, -1,
      2143, 2142, 2146, -1,
      2146, 2142, 220, -1,
      2141, 2145, 2147, -1,
      220, 218, 2146, -1,
      2146, 218, 216, -1,
      2146, 216, 214, -1,
      214, 212, 2146, -1,
      2146, 212, 210, -1,
      2146, 210, 2147, -1,
      2147, 210, 208, -1,
      2147, 208, 2141, -1,
      220, 2142, 222, -1,
      222, 2142, 2139, -1,
      2130, 2128, 2126, -1,
      2124, 2121, 2119, -1,
      2130, 2126, 2132, -1,
      2132, 2126, 2124, -1,
      2132, 2124, 2139, -1,
      2139, 2124, 2119, -1,
      2139, 2119, 222, -1,
      2141, 208, 2135, -1,
      2135, 208, 206, -1,
      2116, 2123, 2125, -1,
      206, 2116, 2135, -1,
      2135, 2116, 2125, -1,
      2135, 2125, 2133, -1,
      2133, 2125, 2127, -1,
      2133, 2127, 2131, -1,
      2131, 2127, 2129, -1,
      2148, 2149, 2150, -1,
      2150, 2149, 2151, -1,
      2150, 2151, 2152, -1,
      2152, 2151, 2153, -1,
      2152, 2153, 2154, -1,
      2154, 2153, 2155, -1,
      2154, 2155, 2156, -1,
      2156, 2155, 2157, -1,
      2156, 2157, 2158, -1,
      2158, 2157, 2159, -1,
      2158, 2159, 2160, -1,
      2160, 2159, 2161, -1,
      2160, 2161, 2162, -1,
      2162, 2161, 2163, -1,
      2162, 2163, 2164, -1,
      2164, 2163, 2165, -1,
      2164, 2165, 2166, -1,
      2166, 2165, 2167, -1,
      2166, 2167, 2168, -1,
      2168, 2167, 2169, -1,
      2168, 2169, 2170, -1,
      2170, 2169, 2171, -1,
      2170, 2171, 2172, -1,
      2172, 2171, 2173, -1,
      2172, 2173, 2174, -1,
      2174, 2173, 2175, -1,
      2174, 2175, 2176, -1,
      2176, 2175, 2177, -1,
      2176, 2177, 2178, -1,
      2178, 2177, 2179, -1,
      2178, 2179, 2180, -1,
      2180, 2179, 2181, -1,
      2180, 2181, 2182, -1,
      2182, 2181, 2183, -1,
      2182, 2183, 2184, -1,
      2184, 2183, 2185, -1,
      2184, 2185, 2186, -1,
      2186, 2185, 2187, -1,
      2186, 2187, 2188, -1,
      2188, 2187, 2189, -1,
      2188, 2189, 2190, -1,
      2190, 2189, 2191, -1,
      2190, 2191, 2192, -1,
      2192, 2191, 2193, -1,
      2192, 2193, 2194, -1,
      2194, 2193, 2195, -1,
      2194, 2195, 2148, -1,
      2148, 2195, 2149, -1,
      2169, 2196, 2171, -1,
      2171, 2196, 2197, -1,
      2171, 2197, 2173, -1,
      2173, 2197, 2198, -1,
      2173, 2198, 2175, -1,
      2175, 2198, 2199, -1,
      2175, 2199, 2177, -1,
      2177, 2199, 2200, -1,
      2177, 2200, 2179, -1,
      2179, 2200, 2201, -1,
      2179, 2201, 2181, -1,
      2181, 2201, 2202, -1,
      2181, 2202, 2183, -1,
      2183, 2202, 2203, -1,
      2183, 2203, 2185, -1,
      2185, 2203, 2204, -1,
      2185, 2204, 2187, -1,
      2187, 2204, 2205, -1,
      2187, 2205, 2189, -1,
      2189, 2205, 2206, -1,
      2189, 2206, 2191, -1,
      2191, 2206, 2207, -1,
      2191, 2207, 2193, -1,
      2193, 2207, 2208, -1,
      2193, 2208, 2195, -1,
      2195, 2208, 2209, -1,
      2195, 2209, 2149, -1,
      2149, 2209, 2210, -1,
      2149, 2210, 2151, -1,
      2151, 2210, 2211, -1,
      2151, 2211, 2153, -1,
      2153, 2211, 2212, -1,
      2153, 2212, 2155, -1,
      2155, 2212, 2213, -1,
      2155, 2213, 2157, -1,
      2157, 2213, 2214, -1,
      2157, 2214, 2159, -1,
      2159, 2214, 2215, -1,
      2159, 2215, 2161, -1,
      2161, 2215, 2216, -1,
      2161, 2216, 2163, -1,
      2163, 2216, 2217, -1,
      2163, 2217, 2165, -1,
      2165, 2217, 2218, -1,
      2165, 2218, 2167, -1,
      2167, 2218, 2219, -1,
      2167, 2219, 2169, -1,
      2169, 2219, 2196, -1,
      2220, 2221, 2208, -1,
      2208, 2221, 2222, -1,
      2208, 2222, 2209, -1,
      2209, 2222, 2223, -1,
      2209, 2223, 2210, -1,
      2210, 2223, 2224, -1,
      2210, 2224, 2211, -1,
      2211, 2224, 2225, -1,
      2211, 2225, 2212, -1,
      2212, 2225, 2226, -1,
      2212, 2226, 2213, -1,
      2213, 2226, 2227, -1,
      2213, 2227, 2214, -1,
      2214, 2227, 2228, -1,
      2214, 2228, 2215, -1,
      2215, 2228, 2229, -1,
      2215, 2229, 2216, -1,
      2216, 2229, 2230, -1,
      2216, 2230, 2217, -1,
      2217, 2230, 2231, -1,
      2217, 2231, 2218, -1,
      2218, 2231, 2232, -1,
      2218, 2232, 2219, -1,
      2219, 2232, 2233, -1,
      2219, 2233, 2196, -1,
      2196, 2233, 2234, -1,
      2196, 2234, 2197, -1,
      2197, 2234, 2235, -1,
      2197, 2235, 2198, -1,
      2198, 2235, 2236, -1,
      2198, 2236, 2199, -1,
      2199, 2236, 2237, -1,
      2199, 2237, 2200, -1,
      2200, 2237, 2238, -1,
      2200, 2238, 2201, -1,
      2201, 2238, 2239, -1,
      2201, 2239, 2202, -1,
      2202, 2239, 2240, -1,
      2202, 2240, 2203, -1,
      2203, 2240, 2241, -1,
      2203, 2241, 2204, -1,
      2204, 2241, 2242, -1,
      2204, 2242, 2205, -1,
      2205, 2242, 2243, -1,
      2205, 2243, 2206, -1,
      2206, 2243, 2244, -1,
      2206, 2244, 2207, -1,
      2207, 2244, 2220, -1,
      2207, 2220, 2208, -1,
      2234, 1066, 2235, -1,
      2235, 1066, 1067, -1,
      2235, 1067, 2236, -1,
      2236, 1067, 1045, -1,
      2236, 1045, 2237, -1,
      2237, 1045, 1032, -1,
      2237, 1032, 2238, -1,
      2238, 1032, 1031, -1,
      2238, 1031, 2239, -1,
      2239, 1031, 1060, -1,
      2239, 1060, 2240, -1,
      2240, 1060, 1059, -1,
      2240, 1059, 2241, -1,
      2241, 1059, 1058, -1,
      2241, 1058, 2242, -1,
      2242, 1058, 1043, -1,
      2242, 1043, 2243, -1,
      2243, 1043, 1042, -1,
      2243, 1042, 2244, -1,
      2244, 1042, 1041, -1,
      2244, 1041, 2220, -1,
      2220, 1041, 1027, -1,
      2220, 1027, 2221, -1,
      2221, 1027, 1026, -1,
      2221, 1026, 2222, -1,
      2222, 1026, 1025, -1,
      2222, 1025, 2223, -1,
      2223, 1025, 1024, -1,
      2223, 1024, 2224, -1,
      2224, 1024, 1020, -1,
      2224, 1020, 2225, -1,
      2225, 1020, 1019, -1,
      2225, 1019, 2226, -1,
      2226, 1019, 1017, -1,
      2226, 1017, 2227, -1,
      2227, 1017, 1016, -1,
      2227, 1016, 2228, -1,
      2228, 1016, 1021, -1,
      2228, 1021, 2229, -1,
      2229, 1021, 1023, -1,
      2229, 1023, 2230, -1,
      2230, 1023, 1054, -1,
      2230, 1054, 2231, -1,
      2231, 1054, 1055, -1,
      2231, 1055, 2232, -1,
      2232, 1055, 1052, -1,
      2232, 1052, 2233, -1,
      2233, 1052, 1051, -1,
      2233, 1051, 2234, -1,
      2234, 1051, 1066, -1,
      2342, 2343, 2344, -1,
      2344, 2343, 2345, -1,
      2343, 2346, 2345, -1,
      2345, 2346, 2347, -1,
      2346, 2120, 2347, -1,
      2347, 2120, 2122, -1,
      2118, 2348, 2117, -1,
      2117, 2348, 2349, -1,
      990, 999, 2350, -1,
      2349, 2348, 2350, -1,
      2350, 2348, 2351, -1,
      2350, 2351, 990, -1,
      2346, 2343, 2342, -1,
      2118, 2120, 2348, -1,
      2348, 2120, 2346, -1,
      2348, 2346, 2351, -1,
      2351, 2346, 2342, -1,
      2350, 2344, 2347, -1,
      2347, 2344, 2345, -1,
      2122, 2117, 2347, -1,
      2347, 2117, 2349, -1,
      2347, 2349, 2350, -1,
      2342, 1088, 1086, -1,
      990, 2351, 991, -1,
      991, 2351, 2342, -1,
      991, 2342, 1085, -1,
      1085, 2342, 1086, -1,
      2344, 1080, 2342, -1,
      2342, 1080, 1088, -1,
      2350, 999, 2344, -1,
      2344, 999, 997, -1,
      997, 1079, 2344, -1,
      2344, 1079, 1081, -1,
      2344, 1081, 1080, -1,
      2633, 2634, 2629, -1,
      2629, 2628, 2630, -1,
      2630, 2631, 2629, -1,
      2629, 2631, 2632, -1,
      2629, 2632, 2633, -1,
      2739, 2740, 2738, -1,
      2738, 2740, 2741, -1,
      2741, 2721, 2738, -1,
      2738, 2721, 2720, -1,
      2738, 2720, 2722, -1,
      2736, 2737, 2729, -1,
      2729, 2737, 2738, -1,
      2729, 2738, 2728, -1,
      2736, 2729, 2735, -1,
      2735, 2729, 2730, -1,
      2735, 2730, 2731, -1,
      2722, 2723, 2738, -1,
      2738, 2723, 2724, -1,
      2738, 2724, 2725, -1,
      2731, 2732, 2735, -1,
      2735, 2732, 2733, -1,
      2735, 2733, 2734, -1,
      2725, 2726, 2738, -1,
      2738, 2726, 2727, -1,
      2738, 2727, 2728, -1,
      2143, 1011, 2145, -1,
      2145, 1011, 1013, -1,
      2146, 1009, 2143, -1,
      2143, 1009, 1008, -1,
      2143, 1008, 1011, -1,
      1005, 2147, 1003, -1,
      1003, 2147, 2145, -1,
      1003, 2145, 1013, -1,
      2147, 1005, 2146, -1,
      2146, 1005, 1009, -1,
    ]
    creaseAngle 0.55
    solid FALSE
  }
}

Shape {
  appearance Appearance {
    material Material { diffuseColor 1 0.94902 0.898039 specularColor 0.0117647 0.00784314 0.00784314 shininess 0.45 }
  }
  geometry IndexedFaceSet {
    coord USE KF_COORD
    coordIndex [
      1536, 551, 1537, -1,
      1537, 551, 549, -1,
      1538, 576, 1536, -1,
      1536, 576, 551, -1,
      1539, 571, 1538, -1,
      1538, 571, 573, -1,
      1538, 573, 576, -1,
      571, 1539, 1540, -1,
      571, 1540, 579, -1,
      579, 1540, 1541, -1,
      579, 1541, 580, -1,
      580, 1541, 1542, -1,
      580, 1542, 581, -1,
      581, 1542, 1543, -1,
      581, 1543, 584, -1,
      584, 1543, 1544, -1,
      584, 1544, 585, -1,
      585, 1544, 1545, -1,
      585, 1545, 586, -1,
      586, 1545, 1546, -1,
      586, 1546, 555, -1,
      555, 1546, 1547, -1,
      555, 1547, 556, -1,
      556, 1547, 1548, -1,
      556, 1548, 557, -1,
      557, 1548, 1549, -1,
      557, 1549, 561, -1,
      561, 1549, 1550, -1,
      561, 1550, 562, -1,
      562, 1550, 1551, -1,
      562, 1551, 563, -1,
      563, 1551, 1552, -1,
      563, 1552, 559, -1,
      559, 1552, 1553, -1,
      559, 1553, 560, -1,
      560, 1553, 616, -1,
      616, 1553, 1554, -1,
      616, 1554, 617, -1,
      1555, 618, 1554, -1,
      1554, 618, 617, -1,
      618, 1555, 1556, -1,
      618, 1556, 622, -1,
      622, 1556, 1557, -1,
      622, 1557, 621, -1,
      621, 1557, 1558, -1,
      621, 1558, 615, -1,
      615, 1558, 1559, -1,
      615, 1559, 614, -1,
      1560, 612, 1559, -1,
      1559, 612, 614, -1,
      612, 1560, 1561, -1,
      612, 1561, 613, -1,
      613, 1561, 1562, -1,
      613, 1562, 619, -1,
      619, 1562, 608, -1,
      608, 1562, 1563, -1,
      608, 1563, 609, -1,
      1564, 610, 1563, -1,
      1563, 610, 609, -1,
      1565, 599, 1564, -1,
      1564, 599, 611, -1,
      1564, 611, 610, -1,
      1566, 600, 1565, -1,
      1565, 600, 599, -1,
      600, 1566, 1567, -1,
      600, 1567, 601, -1,
      601, 1567, 1568, -1,
      601, 1568, 602, -1,
      1569, 603, 1568, -1,
      1568, 603, 602, -1,
      603, 1569, 1570, -1,
      603, 1570, 604, -1,
      604, 1570, 1571, -1,
      604, 1571, 605, -1,
      605, 1571, 1572, -1,
      605, 1572, 592, -1,
      592, 1572, 1573, -1,
      592, 1573, 593, -1,
      593, 1573, 1574, -1,
      593, 1574, 595, -1,
      595, 1574, 1575, -1,
      595, 1575, 596, -1,
      596, 1575, 1576, -1,
      596, 1576, 590, -1,
      590, 1576, 1577, -1,
      590, 1577, 591, -1,
      591, 1577, 1578, -1,
      591, 1578, 597, -1,
      1579, 598, 1578, -1,
      1578, 598, 597, -1,
      598, 1579, 565, -1,
      565, 1579, 1580, -1,
      565, 1580, 566, -1,
      566, 1580, 1581, -1,
      566, 1581, 570, -1,
      570, 1581, 1582, -1,
      570, 1582, 567, -1,
      567, 1582, 1583, -1,
      567, 1583, 568, -1,
      568, 1583, 1584, -1,
      568, 1584, 569, -1,
      569, 1584, 1585, -1,
      569, 1585, 553, -1,
      553, 1585, 1586, -1,
      553, 1586, 554, -1,
      554, 1586, 1587, -1,
      554, 1587, 587, -1,
      587, 1587, 1588, -1,
      587, 1588, 588, -1,
      588, 1588, 1589, -1,
      588, 1589, 589, -1,
      589, 1589, 1590, -1,
      589, 1590, 572, -1,
      572, 1590, 1591, -1,
      572, 1591, 574, -1,
      574, 1591, 1592, -1,
      574, 1592, 575, -1,
      575, 1592, 1593, -1,
      575, 1593, 582, -1,
      582, 1593, 1594, -1,
      582, 1594, 583, -1,
      583, 1594, 1595, -1,
      583, 1595, 578, -1,
      578, 1595, 1596, -1,
      578, 1596, 577, -1,
      1597, 550, 1596, -1,
      1596, 550, 552, -1,
      1596, 552, 577, -1,
      1598, 548, 1597, -1,
      1597, 548, 550, -1,
      1598, 1537, 548, -1,
      548, 1537, 549, -1,
      1599, 1563, 1600, -1,
      1600, 1563, 1562, -1,
      1539, 1538, 1553, -1,
      1598, 1601, 1602, -1,
      1571, 1570, 1597, -1,
      1597, 1570, 1569, -1,
      1602, 1603, 1598, -1,
      1598, 1603, 1604, -1,
      1598, 1604, 1537, -1,
      1537, 1604, 1605, -1,
      1561, 1536, 1562, -1,
      1562, 1536, 1537, -1,
      1562, 1537, 1600, -1,
      1600, 1537, 1605, -1,
      1569, 1568, 1597, -1,
      1597, 1568, 1567, -1,
      1597, 1567, 1598, -1,
      1598, 1567, 1566, -1,
      1598, 1566, 1601, -1,
      1601, 1566, 1565, -1,
      1601, 1565, 1599, -1,
      1599, 1565, 1564, -1,
      1599, 1564, 1563, -1,
      1536, 1555, 1538, -1,
      1538, 1555, 1554, -1,
      1538, 1554, 1553, -1,
      1582, 1581, 1596, -1,
      1596, 1581, 1580, -1,
      1596, 1580, 1597, -1,
      1597, 1580, 1579, -1,
      1579, 1578, 1597, -1,
      1597, 1578, 1577, -1,
      1597, 1577, 1571, -1,
      1571, 1577, 1576, -1,
      1571, 1576, 1572, -1,
      1561, 1560, 1536, -1,
      1536, 1560, 1559, -1,
      1536, 1559, 1558, -1,
      1552, 1541, 1553, -1,
      1553, 1541, 1540, -1,
      1553, 1540, 1539, -1,
      1558, 1557, 1536, -1,
      1536, 1557, 1556, -1,
      1536, 1556, 1555, -1,
      1575, 1574, 1576, -1,
      1576, 1574, 1573, -1,
      1576, 1573, 1572, -1,
      1594, 1585, 1595, -1,
      1595, 1585, 1584, -1,
      1595, 1584, 1596, -1,
      1596, 1584, 1583, -1,
      1596, 1583, 1582, -1,
      1594, 1593, 1585, -1,
      1585, 1593, 1592, -1,
      1585, 1592, 1586, -1,
      1551, 1543, 1552, -1,
      1552, 1543, 1542, -1,
      1552, 1542, 1541, -1,
      1551, 1550, 1543, -1,
      1543, 1550, 1549, -1,
      1543, 1549, 1548, -1,
      1545, 1544, 1546, -1,
      1546, 1544, 1543, -1,
      1546, 1543, 1547, -1,
      1547, 1543, 1548, -1,
      1590, 1589, 1591, -1,
      1591, 1589, 1588, -1,
      1591, 1588, 1592, -1,
      1592, 1588, 1587, -1,
      1592, 1587, 1586, -1,
      1600, 1606, 1599, -1,
      1599, 1606, 1607, -1,
      1606, 1600, 1605, -1,
      1606, 1605, 1608, -1,
      1608, 1605, 1604, -1,
      1608, 1604, 1609, -1,
      1609, 1604, 1603, -1,
      1609, 1603, 1610, -1,
      1602, 1611, 1603, -1,
      1603, 1611, 1610, -1,
      1601, 1612, 1602, -1,
      1602, 1612, 1611, -1,
      1607, 1612, 1599, -1,
      1599, 1612, 1601, -1,
      1613, 648, 1614, -1,
      1614, 648, 647, -1,
      648, 1613, 1615, -1,
      648, 1615, 661, -1,
      661, 1615, 1616, -1,
      661, 1616, 662, -1,
      662, 1616, 1617, -1,
      662, 1617, 663, -1,
      663, 1617, 1618, -1,
      663, 1618, 637, -1,
      637, 1618, 1619, -1,
      637, 1619, 638, -1,
      638, 1619, 1620, -1,
      638, 1620, 639, -1,
      639, 1620, 1621, -1,
      639, 1621, 640, -1,
      640, 1621, 1622, -1,
      640, 1622, 675, -1,
      675, 1622, 1623, -1,
      675, 1623, 676, -1,
      1624, 677, 1623, -1,
      1623, 677, 676, -1,
      1625, 681, 1624, -1,
      1624, 681, 677, -1,
      681, 1625, 1626, -1,
      681, 1626, 682, -1,
      682, 1626, 1627, -1,
      682, 1627, 672, -1,
      1628, 673, 1627, -1,
      1627, 673, 672, -1,
      1629, 674, 1628, -1,
      1628, 674, 673, -1,
      674, 1629, 1630, -1,
      674, 1630, 653, -1,
      653, 1630, 1631, -1,
      653, 1631, 652, -1,
      652, 1631, 1632, -1,
      652, 1632, 632, -1,
      632, 1632, 1633, -1,
      632, 1633, 626, -1,
      626, 1633, 1634, -1,
      626, 1634, 627, -1,
      627, 1634, 1635, -1,
      627, 1635, 641, -1,
      641, 1635, 1636, -1,
      641, 1636, 642, -1,
      642, 1636, 1637, -1,
      642, 1637, 643, -1,
      643, 1637, 1638, -1,
      643, 1638, 678, -1,
      678, 1638, 1639, -1,
      678, 1639, 679, -1,
      679, 1639, 1640, -1,
      679, 1640, 680, -1,
      680, 1640, 1641, -1,
      680, 1641, 664, -1,
      664, 1641, 1642, -1,
      664, 1642, 665, -1,
      665, 1642, 1643, -1,
      665, 1643, 666, -1,
      666, 1643, 1644, -1,
      666, 1644, 628, -1,
      628, 1644, 1645, -1,
      628, 1645, 629, -1,
      629, 1645, 1646, -1,
      629, 1646, 654, -1,
      1647, 655, 1646, -1,
      1646, 655, 654, -1,
      655, 1647, 1648, -1,
      655, 1648, 656, -1,
      656, 1648, 1649, -1,
      656, 1649, 686, -1,
      686, 1649, 685, -1,
      685, 1649, 1650, -1,
      685, 1650, 684, -1,
      684, 1650, 1651, -1,
      684, 1651, 683, -1,
      191, 683, 1652, -1,
      1652, 683, 1651, -1,
      191, 1652, 192, -1,
      192, 1652, 1653, -1,
      192, 1653, 644, -1,
      644, 1653, 1654, -1,
      644, 1654, 645, -1,
      645, 1654, 1655, -1,
      645, 1655, 646, -1,
      646, 1655, 1656, -1,
      646, 1656, 670, -1,
      1657, 671, 1656, -1,
      1656, 671, 670, -1,
      671, 1657, 1658, -1,
      671, 1658, 667, -1,
      667, 1658, 1659, -1,
      667, 1659, 668, -1,
      668, 1659, 1660, -1,
      668, 1660, 669, -1,
      669, 1660, 1661, -1,
      669, 1661, 630, -1,
      630, 1661, 1662, -1,
      630, 1662, 631, -1,
      631, 1662, 1663, -1,
      631, 1663, 657, -1,
      657, 1663, 1664, -1,
      657, 1664, 658, -1,
      658, 1664, 1665, -1,
      658, 1665, 659, -1,
      659, 1665, 1666, -1,
      659, 1666, 623, -1,
      623, 1666, 1667, -1,
      623, 1667, 624, -1,
      624, 1667, 1668, -1,
      624, 1668, 636, -1,
      636, 1668, 1669, -1,
      636, 1669, 635, -1,
      635, 1669, 1670, -1,
      635, 1670, 633, -1,
      633, 1670, 1671, -1,
      633, 1671, 649, -1,
      1672, 650, 1671, -1,
      1671, 650, 649, -1,
      1673, 651, 1672, -1,
      1672, 651, 650, -1,
      1674, 634, 1673, -1,
      1673, 634, 651, -1,
      634, 1674, 1675, -1,
      634, 1675, 660, -1,
      660, 1675, 1614, -1,
      660, 1614, 647, -1,
      1660, 1659, 1671, -1,
      1625, 1624, 1676, -1,
      1624, 1623, 1613, -1,
      1613, 1623, 1622, -1,
      1613, 1622, 1615, -1,
      1613, 1614, 1624, -1,
      1624, 1614, 1675, -1,
      1624, 1675, 1676, -1,
      1676, 1675, 1674, -1,
      1676, 1674, 1677, -1,
      1678, 1679, 1655, -1,
      1655, 1679, 1680, -1,
      1655, 1680, 1681, -1,
      1659, 1658, 1671, -1,
      1671, 1658, 1657, -1,
      1671, 1657, 1672, -1,
      1672, 1657, 1656, -1,
      1672, 1656, 1673, -1,
      1673, 1656, 1655, -1,
      1655, 1654, 1678, -1,
      1678, 1654, 1648, -1,
      1678, 1648, 1682, -1,
      1674, 1673, 1677, -1,
      1677, 1673, 1655, -1,
      1677, 1655, 1683, -1,
      1683, 1655, 1681, -1,
      1684, 1685, 1629, -1,
      1629, 1685, 1630, -1,
      1630, 1685, 1686, -1,
      1630, 1686, 1631, -1,
      1668, 1667, 1666, -1,
      1629, 1628, 1684, -1,
      1684, 1628, 1627, -1,
      1684, 1627, 1676, -1,
      1676, 1627, 1626, -1,
      1676, 1626, 1625, -1,
      1631, 1686, 1632, -1,
      1632, 1686, 1687, -1,
      1632, 1687, 1633, -1,
      1671, 1664, 1663, -1,
      1621, 1617, 1622, -1,
      1622, 1617, 1616, -1,
      1622, 1616, 1615, -1,
      1621, 1620, 1617, -1,
      1617, 1620, 1619, -1,
      1617, 1619, 1618, -1,
      1688, 1689, 1641, -1,
      1664, 1671, 1665, -1,
      1665, 1671, 1670, -1,
      1665, 1670, 1666, -1,
      1666, 1670, 1669, -1,
      1666, 1669, 1668, -1,
      1663, 1662, 1671, -1,
      1671, 1662, 1661, -1,
      1671, 1661, 1660, -1,
      1652, 1651, 1653, -1,
      1653, 1651, 1650, -1,
      1653, 1650, 1654, -1,
      1654, 1650, 1649, -1,
      1654, 1649, 1648, -1,
      1641, 1689, 1642, -1,
      1648, 1647, 1682, -1,
      1682, 1647, 1646, -1,
      1682, 1646, 1645, -1,
      1689, 1690, 1642, -1,
      1642, 1690, 1691, -1,
      1642, 1691, 1643, -1,
      1643, 1691, 1682, -1,
      1643, 1682, 1644, -1,
      1644, 1682, 1645, -1,
      1633, 1687, 1634, -1,
      1634, 1687, 1692, -1,
      1634, 1692, 1635, -1,
      1635, 1692, 1693, -1,
      1635, 1693, 1636, -1,
      1636, 1693, 1694, -1,
      1636, 1694, 1637, -1,
      1694, 1695, 1637, -1,
      1637, 1695, 1696, -1,
      1637, 1696, 1638, -1,
      1638, 1696, 1697, -1,
      1638, 1697, 1639, -1,
      1639, 1697, 1688, -1,
      1639, 1688, 1640, -1,
      1640, 1688, 1641, -1,
      1680, 1698, 1681, -1,
      1681, 1698, 1699, -1,
      1698, 1680, 1679, -1,
      1698, 1679, 1700, -1,
      1700, 1679, 1678, -1,
      1700, 1678, 1701, -1,
      1701, 1678, 1682, -1,
      1701, 1682, 1702, -1,
      1702, 1682, 1691, -1,
      1702, 1691, 1703, -1,
      1703, 1691, 1690, -1,
      1703, 1690, 1704, -1,
      1704, 1690, 1689, -1,
      1704, 1689, 1705, -1,
      1705, 1689, 1688, -1,
      1705, 1688, 1706, -1,
      1706, 1688, 1697, -1,
      1706, 1697, 1707, -1,
      1707, 1697, 1696, -1,
      1707, 1696, 1708, -1,
      1708, 1696, 1695, -1,
      1708, 1695, 1709, -1,
      1709, 1695, 1694, -1,
      1709, 1694, 1710, -1,
      1710, 1694, 1693, -1,
      1710, 1693, 1711, -1,
      1711, 1693, 1692, -1,
      1711, 1692, 1712, -1,
      1712, 1692, 1687, -1,
      1712, 1687, 1713, -1,
      1713, 1687, 1686, -1,
      1713, 1686, 1714, -1,
      1714, 1686, 1685, -1,
      1714, 1685, 1715, -1,
      1715, 1685, 1684, -1,
      1715, 1684, 1716, -1,
      1676, 1717, 1684, -1,
      1684, 1717, 1716, -1,
      1677, 1718, 1676, -1,
      1676, 1718, 1717, -1,
      1718, 1677, 1683, -1,
      1718, 1683, 1719, -1,
      1719, 1683, 1681, -1,
      1719, 1681, 1699, -1,
      1720, 694, 1721, -1,
      1721, 694, 693, -1,
      694, 1720, 1722, -1,
      694, 1722, 696, -1,
      696, 1722, 1723, -1,
      696, 1723, 706, -1,
      706, 1723, 1724, -1,
      706, 1724, 705, -1,
      1725, 697, 1724, -1,
      1724, 697, 705, -1,
      1726, 738, 1725, -1,
      1725, 738, 697, -1,
      738, 1726, 1727, -1,
      738, 1727, 716, -1,
      716, 1727, 1728, -1,
      716, 1728, 717, -1,
      717, 1728, 1729, -1,
      717, 1729, 719, -1,
      719, 1729, 1730, -1,
      719, 1730, 721, -1,
      721, 1730, 1731, -1,
      721, 1731, 756, -1,
      756, 1731, 1732, -1,
      756, 1732, 757, -1,
      757, 1732, 1733, -1,
      757, 1733, 707, -1,
      707, 1733, 1734, -1,
      707, 1734, 687, -1,
      687, 1734, 1735, -1,
      687, 1735, 688, -1,
      688, 1735, 1736, -1,
      688, 1736, 750, -1,
      750, 1736, 1737, -1,
      750, 1737, 751, -1,
      1738, 735, 1737, -1,
      1737, 735, 751, -1,
      1739, 736, 1738, -1,
      1738, 736, 735, -1,
      1740, 737, 1739, -1,
      1739, 737, 736, -1,
      737, 1740, 1741, -1,
      737, 1741, 753, -1,
      753, 1741, 1742, -1,
      753, 1742, 752, -1,
      1743, 689, 1742, -1,
      1742, 689, 752, -1,
      1744, 739, 1743, -1,
      1743, 739, 689, -1,
      739, 1744, 1745, -1,
      739, 1745, 758, -1,
      758, 1745, 1746, -1,
      758, 1746, 759, -1,
      759, 1746, 1747, -1,
      759, 1747, 760, -1,
      760, 1747, 1748, -1,
      760, 1748, 740, -1,
      740, 1748, 1749, -1,
      740, 1749, 741, -1,
      741, 1749, 1750, -1,
      741, 1750, 742, -1,
      742, 1750, 1751, -1,
      742, 1751, 761, -1,
      761, 1751, 1752, -1,
      761, 1752, 762, -1,
      762, 1752, 1753, -1,
      762, 1753, 763, -1,
      763, 1753, 1754, -1,
      763, 1754, 764, -1,
      764, 1754, 1755, -1,
      764, 1755, 765, -1,
      765, 1755, 1756, -1,
      765, 1756, 766, -1,
      1757, 784, 1756, -1,
      1756, 784, 766, -1,
      784, 1757, 1758, -1,
      784, 1758, 785, -1,
      785, 1758, 1759, -1,
      785, 1759, 772, -1,
      1760, 773, 1759, -1,
      1759, 773, 772, -1,
      773, 1760, 1761, -1,
      773, 1761, 774, -1,
      774, 1761, 1762, -1,
      774, 1762, 744, -1,
      744, 1762, 1763, -1,
      744, 1763, 743, -1,
      743, 1763, 1764, -1,
      743, 1764, 709, -1,
      709, 1764, 1765, -1,
      709, 1765, 710, -1,
      710, 1765, 1766, -1,
      710, 1766, 724, -1,
      724, 1766, 1767, -1,
      724, 1767, 725, -1,
      725, 1767, 1768, -1,
      725, 1768, 726, -1,
      726, 1768, 1769, -1,
      726, 1769, 745, -1,
      745, 1769, 1770, -1,
      745, 1770, 746, -1,
      746, 1770, 1771, -1,
      746, 1771, 747, -1,
      747, 1771, 1772, -1,
      747, 1772, 775, -1,
      775, 1772, 1773, -1,
      775, 1773, 776, -1,
      1774, 777, 1773, -1,
      1773, 777, 776, -1,
      777, 1774, 1775, -1,
      777, 1775, 788, -1,
      788, 1775, 1776, -1,
      788, 1776, 787, -1,
      1777, 786, 1776, -1,
      1776, 786, 787, -1,
      786, 1777, 1778, -1,
      786, 1778, 754, -1,
      754, 1778, 1779, -1,
      754, 1779, 755, -1,
      755, 1779, 1780, -1,
      755, 1780, 711, -1,
      711, 1780, 1781, -1,
      711, 1781, 712, -1,
      712, 1781, 1782, -1,
      712, 1782, 713, -1,
      713, 1782, 1783, -1,
      713, 1783, 727, -1,
      727, 1783, 1784, -1,
      727, 1784, 728, -1,
      728, 1784, 1785, -1,
      728, 1785, 690, -1,
      690, 1785, 1786, -1,
      690, 1786, 691, -1,
      691, 1786, 1787, -1,
      691, 1787, 700, -1,
      700, 1787, 1788, -1,
      700, 1788, 701, -1,
      701, 1788, 1789, -1,
      701, 1789, 702, -1,
      702, 1789, 1790, -1,
      702, 1790, 729, -1,
      729, 1790, 1791, -1,
      729, 1791, 730, -1,
      730, 1791, 1792, -1,
      730, 1792, 731, -1,
      1793, 767, 1792, -1,
      1792, 767, 731, -1,
      767, 1793, 1794, -1,
      767, 1794, 768, -1,
      768, 1794, 1795, -1,
      768, 1795, 769, -1,
      1796, 778, 1795, -1,
      1795, 778, 769, -1,
      778, 1796, 1797, -1,
      778, 1797, 779, -1,
      779, 1797, 1798, -1,
      779, 1798, 780, -1,
      1799, 781, 1798, -1,
      1798, 781, 780, -1,
      781, 1799, 1800, -1,
      781, 1800, 782, -1,
      782, 1800, 1801, -1,
      782, 1801, 783, -1,
      783, 1801, 1802, -1,
      783, 1802, 860, -1,
      860, 1802, 861, -1,
      861, 1802, 1803, -1,
      861, 1803, 732, -1,
      732, 1803, 733, -1,
      733, 1803, 1804, -1,
      733, 1804, 734, -1,
      734, 1804, 1805, -1,
      734, 1805, 770, -1,
      770, 1805, 1806, -1,
      770, 1806, 771, -1,
      771, 1806, 1807, -1,
      771, 1807, 714, -1,
      714, 1807, 1808, -1,
      714, 1808, 715, -1,
      715, 1808, 1809, -1,
      715, 1809, 748, -1,
      748, 1809, 1810, -1,
      748, 1810, 749, -1,
      749, 1810, 1811, -1,
      749, 1811, 723, -1,
      723, 1811, 1812, -1,
      723, 1812, 722, -1,
      722, 1812, 1813, -1,
      722, 1813, 720, -1,
      720, 1813, 1814, -1,
      720, 1814, 718, -1,
      718, 1814, 1815, -1,
      718, 1815, 698, -1,
      1816, 699, 1815, -1,
      1815, 699, 698, -1,
      699, 1816, 1817, -1,
      699, 1817, 703, -1,
      703, 1817, 1818, -1,
      703, 1818, 704, -1,
      1819, 695, 1818, -1,
      1818, 695, 704, -1,
      1819, 1721, 695, -1,
      695, 1721, 693, -1,
      1762, 1761, 1739, -1,
      1742, 1741, 1757, -1,
      1757, 1741, 1740, -1,
      1724, 1723, 1737, -1,
      1761, 1760, 1739, -1,
      1739, 1760, 1759, -1,
      1739, 1759, 1740, -1,
      1740, 1759, 1758, -1,
      1740, 1758, 1757, -1,
      1776, 1775, 1739, -1,
      1775, 1774, 1739, -1,
      1739, 1774, 1773, -1,
      1739, 1773, 1772, -1,
      1772, 1771, 1739, -1,
      1739, 1771, 1770, -1,
      1739, 1770, 1769, -1,
      1721, 1738, 1720, -1,
      1720, 1738, 1737, -1,
      1720, 1737, 1722, -1,
      1722, 1737, 1723, -1,
      1742, 1757, 1743, -1,
      1743, 1757, 1756, -1,
      1743, 1756, 1744, -1,
      1744, 1756, 1755, -1,
      1744, 1755, 1754, -1,
      1739, 1766, 1765, -1,
      1779, 1778, 1819, -1,
      1819, 1778, 1777, -1,
      1819, 1777, 1721, -1,
      1721, 1777, 1776, -1,
      1721, 1776, 1738, -1,
      1738, 1776, 1739, -1,
      1769, 1768, 1739, -1,
      1739, 1768, 1767, -1,
      1739, 1767, 1766, -1,
      1729, 1728, 1736, -1,
      1736, 1728, 1737, -1,
      1725, 1724, 1726, -1,
      1726, 1724, 1737, -1,
      1726, 1737, 1727, -1,
      1727, 1737, 1728, -1,
      1785, 1784, 1819, -1,
      1819, 1784, 1783, -1,
      1819, 1783, 1782, -1,
      1754, 1753, 1744, -1,
      1744, 1753, 1752, -1,
      1744, 1752, 1751, -1,
      1765, 1764, 1739, -1,
      1739, 1764, 1763, -1,
      1739, 1763, 1762, -1,
      1808, 1807, 1814, -1,
      1814, 1807, 1806, -1,
      1814, 1806, 1815, -1,
      1815, 1806, 1805, -1,
      1815, 1805, 1804, -1,
      1797, 1796, 1819, -1,
      1819, 1796, 1795, -1,
      1819, 1795, 1794, -1,
      1794, 1793, 1819, -1,
      1819, 1793, 1792, -1,
      1819, 1792, 1791, -1,
      1746, 1749, 1747, -1,
      1747, 1749, 1748, -1,
      1751, 1750, 1744, -1,
      1744, 1750, 1749, -1,
      1744, 1749, 1745, -1,
      1745, 1749, 1746, -1,
      1788, 1787, 1819, -1,
      1819, 1787, 1786, -1,
      1819, 1786, 1785, -1,
      1782, 1781, 1819, -1,
      1819, 1781, 1780, -1,
      1819, 1780, 1779, -1,
      1804, 1803, 1815, -1,
      1815, 1803, 1802, -1,
      1815, 1802, 1816, -1,
      1816, 1802, 1801, -1,
      1816, 1801, 1817, -1,
      1817, 1801, 1800, -1,
      1817, 1800, 1818, -1,
      1818, 1800, 1799, -1,
      1818, 1799, 1819, -1,
      1819, 1799, 1798, -1,
      1819, 1798, 1797, -1,
      1791, 1790, 1819, -1,
      1819, 1790, 1789, -1,
      1819, 1789, 1788, -1,
      1732, 1731, 1736, -1,
      1736, 1731, 1730, -1,
      1736, 1730, 1729, -1,
      1811, 1814, 1812, -1,
      1812, 1814, 1813, -1,
      1811, 1810, 1814, -1,
      1814, 1810, 1809, -1,
      1814, 1809, 1808, -1,
      1735, 1734, 1736, -1,
      1736, 1734, 1733, -1,
      1736, 1733, 1732, -1,
      1820, 865, 1821, -1,
      1821, 865, 864, -1,
      1822, 866, 1820, -1,
      1820, 866, 865, -1,
      1823, 903, 1822, -1,
      1822, 903, 866, -1,
      903, 1823, 1824, -1,
      903, 1824, 902, -1,
      902, 1824, 1825, -1,
      902, 1825, 921, -1,
      921, 1825, 1826, -1,
      921, 1826, 922, -1,
      922, 1826, 1827, -1,
      922, 1827, 923, -1,
      923, 1827, 1828, -1,
      923, 1828, 925, -1,
      925, 1828, 1829, -1,
      925, 1829, 906, -1,
      906, 1829, 1830, -1,
      906, 1830, 913, -1,
      913, 1830, 1831, -1,
      913, 1831, 914, -1,
      914, 1831, 1832, -1,
      914, 1832, 915, -1,
      915, 1832, 1833, -1,
      915, 1833, 907, -1,
      907, 1833, 1834, -1,
      907, 1834, 908, -1,
      908, 1834, 1835, -1,
      908, 1835, 924, -1,
      924, 1835, 1836, -1,
      924, 1836, 893, -1,
      893, 1836, 1837, -1,
      893, 1837, 891, -1,
      891, 1837, 1838, -1,
      891, 1838, 889, -1,
      889, 1838, 1839, -1,
      889, 1839, 901, -1,
      901, 1839, 1840, -1,
      901, 1840, 918, -1,
      918, 1840, 1841, -1,
      918, 1841, 917, -1,
      917, 1841, 1842, -1,
      917, 1842, 916, -1,
      916, 1842, 1843, -1,
      916, 1843, 919, -1,
      919, 1843, 1844, -1,
      919, 1844, 920, -1,
      920, 1844, 1845, -1,
      920, 1845, 900, -1,
      900, 1845, 1846, -1,
      900, 1846, 909, -1,
      909, 1846, 1847, -1,
      909, 1847, 910, -1,
      910, 1847, 1848, -1,
      910, 1848, 904, -1,
      904, 1848, 1849, -1,
      904, 1849, 905, -1,
      905, 1849, 1850, -1,
      905, 1850, 911, -1,
      911, 1850, 1851, -1,
      911, 1851, 912, -1,
      912, 1851, 1852, -1,
      912, 1852, 890, -1,
      1853, 892, 1852, -1,
      1852, 892, 890, -1,
      1854, 894, 1853, -1,
      1853, 894, 892, -1,
      894, 1854, 1855, -1,
      894, 1855, 877, -1,
      877, 1855, 1856, -1,
      877, 1856, 878, -1,
      878, 1856, 1857, -1,
      878, 1857, 895, -1,
      895, 1857, 1858, -1,
      895, 1858, 896, -1,
      896, 1858, 1859, -1,
      896, 1859, 879, -1,
      879, 1859, 1860, -1,
      879, 1860, 880, -1,
      880, 1860, 1861, -1,
      880, 1861, 881, -1,
      881, 1861, 1862, -1,
      881, 1862, 882, -1,
      882, 1862, 1863, -1,
      882, 1863, 867, -1,
      867, 1863, 1864, -1,
      867, 1864, 868, -1,
      868, 1864, 1865, -1,
      868, 1865, 869, -1,
      869, 1865, 1866, -1,
      869, 1866, 870, -1,
      870, 1866, 1867, -1,
      870, 1867, 883, -1,
      883, 1867, 1868, -1,
      883, 1868, 884, -1,
      884, 1868, 1869, -1,
      884, 1869, 885, -1,
      885, 1869, 1870, -1,
      885, 1870, 873, -1,
      873, 1870, 1871, -1,
      873, 1871, 874, -1,
      874, 1871, 1872, -1,
      874, 1872, 875, -1,
      875, 1872, 1873, -1,
      875, 1873, 876, -1,
      876, 1873, 1874, -1,
      876, 1874, 897, -1,
      897, 1874, 1875, -1,
      897, 1875, 898, -1,
      898, 1875, 1876, -1,
      898, 1876, 899, -1,
      899, 1876, 1877, -1,
      899, 1877, 871, -1,
      871, 1877, 1878, -1,
      871, 1878, 872, -1,
      872, 1878, 1879, -1,
      872, 1879, 886, -1,
      886, 1879, 1880, -1,
      886, 1880, 887, -1,
      1881, 888, 1880, -1,
      1880, 888, 887, -1,
      1881, 1821, 888, -1,
      888, 1821, 864, -1,
      1822, 1820, 1881, -1,
      1881, 1820, 1821, -1,
      1880, 1828, 1881, -1,
      1881, 1828, 1827, -1,
      1881, 1827, 1826, -1,
      1823, 1822, 1824, -1,
      1824, 1822, 1881, -1,
      1824, 1881, 1825, -1,
      1825, 1881, 1826, -1,
      1880, 1879, 1828, -1,
      1828, 1879, 1878, -1,
      1828, 1878, 1829, -1,
      1829, 1878, 1877, -1,
      1829, 1877, 1830, -1,
      1830, 1877, 1876, -1,
      1830, 1876, 1831, -1,
      1876, 1875, 1831, -1,
      1831, 1875, 1874, -1,
      1831, 1874, 1832, -1,
      1832, 1874, 1873, -1,
      1832, 1873, 1833, -1,
      1833, 1873, 1872, -1,
      1833, 1872, 1834, -1,
      1834, 1872, 1871, -1,
      1834, 1871, 1835, -1,
      1835, 1871, 1836, -1,
      1836, 1871, 1870, -1,
      1836, 1870, 1837, -1,
      1837, 1870, 1869, -1,
      1837, 1869, 1838, -1,
      1838, 1869, 1868, -1,
      1838, 1868, 1839, -1,
      1839, 1868, 1867, -1,
      1839, 1867, 1840, -1,
      1840, 1867, 1866, -1,
      1840, 1866, 1841, -1,
      1841, 1866, 1865, -1,
      1841, 1865, 1842, -1,
      1842, 1865, 1864, -1,
      1842, 1864, 1843, -1,
      1843, 1864, 1863, -1,
      1843, 1863, 1844, -1,
      1844, 1863, 1862, -1,
      1844, 1862, 1845, -1,
      1845, 1862, 1861, -1,
      1845, 1861, 1846, -1,
      1846, 1861, 1860, -1,
      1846, 1860, 1847, -1,
      1847, 1860, 1859, -1,
      1847, 1859, 1848, -1,
      1848, 1859, 1858, -1,
      1848, 1858, 1849, -1,
      1849, 1858, 1857, -1,
      1849, 1857, 1850, -1,
      1850, 1857, 1856, -1,
      1850, 1856, 1851, -1,
      1851, 1856, 1855, -1,
      1851, 1855, 1852, -1,
      1852, 1855, 1854, -1,
      1852, 1854, 1853, -1,
      1882, 1883, 798, -1,
      798, 840, 1882, -1,
      1882, 840, 842, -1,
      1882, 842, 844, -1,
      798, 1883, 1884, -1,
      798, 1884, 799, -1,
      799, 1884, 1885, -1,
      799, 1885, 801, -1,
      801, 1885, 1886, -1,
      801, 1886, 792, -1,
      1887, 807, 1886, -1,
      1886, 807, 792, -1,
      807, 1887, 1888, -1,
      807, 1888, 808, -1,
      808, 1888, 1889, -1,
      808, 1889, 809, -1,
      809, 1889, 1890, -1,
      809, 1890, 810, -1,
      810, 1890, 1891, -1,
      810, 1891, 816, -1,
      816, 1891, 1892, -1,
      816, 1892, 817, -1,
      817, 1892, 1893, -1,
      817, 1893, 793, -1,
      793, 1893, 1894, -1,
      793, 1894, 794, -1,
      794, 1894, 1895, -1,
      794, 1895, 806, -1,
      806, 1895, 1896, -1,
      806, 1896, 802, -1,
      802, 1896, 1897, -1,
      802, 1897, 803, -1,
      803, 1897, 1898, -1,
      803, 1898, 804, -1,
      804, 1898, 1899, -1,
      804, 1899, 805, -1,
      805, 1899, 1900, -1,
      805, 1900, 796, -1,
      796, 1900, 1901, -1,
      796, 1901, 797, -1,
      797, 1901, 1902, -1,
      797, 1902, 828, -1,
      828, 1902, 1903, -1,
      828, 1903, 829, -1,
      829, 1903, 1904, -1,
      829, 1904, 830, -1,
      830, 1904, 1905, -1,
      830, 1905, 831, -1,
      831, 1905, 1906, -1,
      831, 1906, 832, -1,
      832, 1906, 1907, -1,
      832, 1907, 833, -1,
      833, 1907, 1908, -1,
      833, 1908, 834, -1,
      834, 1908, 1909, -1,
      834, 1909, 835, -1,
      1910, 836, 1909, -1,
      1909, 836, 835, -1,
      1911, 839, 1910, -1,
      1910, 839, 836, -1,
      839, 1911, 1912, -1,
      839, 1912, 838, -1,
      838, 1912, 1913, -1,
      838, 1913, 837, -1,
      837, 1913, 1914, -1,
      837, 1914, 818, -1,
      818, 1914, 1915, -1,
      818, 1915, 819, -1,
      819, 1915, 1916, -1,
      819, 1916, 821, -1,
      821, 1916, 1917, -1,
      821, 1917, 822, -1,
      822, 1917, 1918, -1,
      822, 1918, 823, -1,
      823, 1918, 1919, -1,
      823, 1919, 824, -1,
      824, 1919, 1920, -1,
      824, 1920, 825, -1,
      825, 1920, 1921, -1,
      825, 1921, 826, -1,
      826, 1921, 1922, -1,
      826, 1922, 827, -1,
      1923, 811, 1922, -1,
      1922, 811, 827, -1,
      1924, 812, 1923, -1,
      1923, 812, 811, -1,
      814, 812, 1925, -1,
      1925, 812, 1924, -1,
      814, 1925, 815, -1,
      815, 1925, 1926, -1,
      815, 1926, 789, -1,
      1927, 790, 1926, -1,
      1926, 790, 789, -1,
      790, 1927, 843, -1,
      843, 1927, 1882, -1,
      843, 1882, 844, -1,
      1893, 1892, 1906, -1,
      1906, 1892, 1891, -1,
      1906, 1891, 1907, -1,
      1894, 1893, 1895, -1,
      1895, 1893, 1906, -1,
      1895, 1906, 1896, -1,
      1896, 1906, 1905, -1,
      1896, 1905, 1897, -1,
      1924, 1923, 1887, -1,
      1887, 1923, 1922, -1,
      1887, 1922, 1921, -1,
      1891, 1890, 1907, -1,
      1907, 1890, 1889, -1,
      1907, 1889, 1908, -1,
      1908, 1889, 1888, -1,
      1882, 1927, 1883, -1,
      1883, 1927, 1926, -1,
      1883, 1926, 1884, -1,
      1884, 1926, 1925, -1,
      1884, 1925, 1885, -1,
      1885, 1925, 1924, -1,
      1885, 1924, 1886, -1,
      1886, 1924, 1887, -1,
      1921, 1920, 1887, -1,
      1887, 1920, 1919, -1,
      1887, 1919, 1918, -1,
      1899, 1904, 1903, -1,
      1904, 1899, 1905, -1,
      1905, 1899, 1898, -1,
      1905, 1898, 1897, -1,
      1918, 1917, 1887, -1,
      1887, 1917, 1916, -1,
      1887, 1916, 1915, -1,
      1915, 1914, 1887, -1,
      1887, 1914, 1913, -1,
      1887, 1913, 1912, -1,
      1912, 1911, 1887, -1,
      1887, 1911, 1910, -1,
      1887, 1910, 1888, -1,
      1888, 1910, 1909, -1,
      1888, 1909, 1908, -1,
      1903, 1902, 1899, -1,
      1899, 1902, 1901, -1,
      1899, 1901, 1900, -1,
      2558, 228, 2559, -1,
      2559, 228, 226, -1,
      2560, 251, 2558, -1,
      2558, 251, 228, -1,
      2561, 246, 2560, -1,
      2560, 246, 248, -1,
      2560, 248, 251, -1,
      246, 2561, 2562, -1,
      246, 2562, 254, -1,
      254, 2562, 2563, -1,
      254, 2563, 255, -1,
      255, 2563, 2564, -1,
      255, 2564, 256, -1,
      256, 2564, 2565, -1,
      256, 2565, 259, -1,
      259, 2565, 2566, -1,
      259, 2566, 260, -1,
      260, 2566, 2567, -1,
      260, 2567, 261, -1,
      261, 2567, 2568, -1,
      261, 2568, 233, -1,
      233, 2568, 2569, -1,
      233, 2569, 234, -1,
      234, 2569, 2570, -1,
      234, 2570, 235, -1,
      235, 2570, 2571, -1,
      235, 2571, 239, -1,
      239, 2571, 2572, -1,
      239, 2572, 240, -1,
      240, 2572, 2573, -1,
      240, 2573, 241, -1,
      241, 2573, 2574, -1,
      241, 2574, 237, -1,
      237, 2574, 2575, -1,
      237, 2575, 238, -1,
      238, 2575, 292, -1,
      292, 2575, 2576, -1,
      292, 2576, 293, -1,
      2577, 294, 2576, -1,
      2576, 294, 293, -1,
      294, 2577, 2578, -1,
      294, 2578, 298, -1,
      298, 2578, 2579, -1,
      298, 2579, 297, -1,
      297, 2579, 2580, -1,
      297, 2580, 291, -1,
      291, 2580, 2581, -1,
      291, 2581, 290, -1,
      2582, 288, 2581, -1,
      2581, 288, 290, -1,
      288, 2582, 2583, -1,
      288, 2583, 289, -1,
      289, 2583, 2584, -1,
      289, 2584, 295, -1,
      295, 2584, 283, -1,
      283, 2584, 2585, -1,
      283, 2585, 284, -1,
      2586, 286, 2585, -1,
      2585, 286, 284, -1,
      2587, 276, 2586, -1,
      2586, 276, 287, -1,
      2586, 287, 286, -1,
      2588, 277, 2587, -1,
      2587, 277, 276, -1,
      277, 2588, 2589, -1,
      277, 2589, 278, -1,
      278, 2589, 2590, -1,
      278, 2590, 279, -1,
      2591, 280, 2590, -1,
      2590, 280, 279, -1,
      280, 2591, 2592, -1,
      280, 2592, 281, -1,
      281, 2592, 2593, -1,
      281, 2593, 282, -1,
      282, 2593, 2594, -1,
      282, 2594, 265, -1,
      265, 2594, 2595, -1,
      265, 2595, 266, -1,
      266, 2595, 2596, -1,
      266, 2596, 268, -1,
      268, 2596, 2597, -1,
      268, 2597, 269, -1,
      269, 2597, 2598, -1,
      269, 2598, 271, -1,
      271, 2598, 2599, -1,
      271, 2599, 272, -1,
      272, 2599, 2600, -1,
      272, 2600, 273, -1,
      2601, 274, 2600, -1,
      2600, 274, 273, -1,
      274, 2601, 275, -1,
      275, 2601, 2602, -1,
      275, 2602, 242, -1,
      242, 2602, 2603, -1,
      242, 2603, 243, -1,
      243, 2603, 2604, -1,
      243, 2604, 244, -1,
      244, 2604, 2605, -1,
      244, 2605, 245, -1,
      245, 2605, 2606, -1,
      245, 2606, 232, -1,
      232, 2606, 2607, -1,
      232, 2607, 230, -1,
      230, 2607, 2608, -1,
      230, 2608, 231, -1,
      231, 2608, 2609, -1,
      231, 2609, 262, -1,
      262, 2609, 2610, -1,
      262, 2610, 263, -1,
      263, 2610, 2611, -1,
      263, 2611, 264, -1,
      264, 2611, 2612, -1,
      264, 2612, 247, -1,
      247, 2612, 2613, -1,
      247, 2613, 249, -1,
      249, 2613, 2614, -1,
      249, 2614, 250, -1,
      250, 2614, 2615, -1,
      250, 2615, 257, -1,
      257, 2615, 2616, -1,
      257, 2616, 258, -1,
      258, 2616, 2617, -1,
      258, 2617, 253, -1,
      253, 2617, 2618, -1,
      253, 2618, 252, -1,
      2619, 227, 2618, -1,
      2618, 227, 229, -1,
      2618, 229, 252, -1,
      2620, 225, 2619, -1,
      2619, 225, 227, -1,
      2620, 2559, 225, -1,
      225, 2559, 226, -1,
      2621, 2585, 2622, -1,
      2622, 2585, 2584, -1,
      2561, 2560, 2575, -1,
      2620, 2623, 2624, -1,
      2593, 2592, 2619, -1,
      2619, 2592, 2591, -1,
      2624, 2625, 2620, -1,
      2620, 2625, 2626, -1,
      2620, 2626, 2559, -1,
      2559, 2626, 2627, -1,
      2583, 2558, 2584, -1,
      2584, 2558, 2559, -1,
      2584, 2559, 2622, -1,
      2622, 2559, 2627, -1,
      2591, 2590, 2619, -1,
      2619, 2590, 2589, -1,
      2619, 2589, 2620, -1,
      2620, 2589, 2588, -1,
      2620, 2588, 2623, -1,
      2623, 2588, 2587, -1,
      2623, 2587, 2621, -1,
      2621, 2587, 2586, -1,
      2621, 2586, 2585, -1,
      2558, 2577, 2560, -1,
      2560, 2577, 2576, -1,
      2560, 2576, 2575, -1,
      2604, 2603, 2618, -1,
      2618, 2603, 2602, -1,
      2618, 2602, 2619, -1,
      2619, 2602, 2601, -1,
      2601, 2600, 2619, -1,
      2619, 2600, 2599, -1,
      2619, 2599, 2593, -1,
      2593, 2599, 2598, -1,
      2593, 2598, 2594, -1,
      2583, 2582, 2558, -1,
      2558, 2582, 2581, -1,
      2558, 2581, 2580, -1,
      2574, 2563, 2575, -1,
      2575, 2563, 2562, -1,
      2575, 2562, 2561, -1,
      2580, 2579, 2558, -1,
      2558, 2579, 2578, -1,
      2558, 2578, 2577, -1,
      2597, 2596, 2598, -1,
      2598, 2596, 2595, -1,
      2598, 2595, 2594, -1,
      2616, 2607, 2617, -1,
      2617, 2607, 2606, -1,
      2617, 2606, 2618, -1,
      2618, 2606, 2605, -1,
      2618, 2605, 2604, -1,
      2616, 2615, 2607, -1,
      2607, 2615, 2614, -1,
      2607, 2614, 2608, -1,
      2573, 2565, 2574, -1,
      2574, 2565, 2564, -1,
      2574, 2564, 2563, -1,
      2573, 2572, 2565, -1,
      2565, 2572, 2571, -1,
      2565, 2571, 2570, -1,
      2567, 2566, 2568, -1,
      2568, 2566, 2565, -1,
      2568, 2565, 2569, -1,
      2569, 2565, 2570, -1,
      2612, 2611, 2613, -1,
      2613, 2611, 2610, -1,
      2613, 2610, 2614, -1,
      2614, 2610, 2609, -1,
      2614, 2609, 2608, -1,
      2622, 2628, 2621, -1,
      2621, 2628, 2629, -1,
      2628, 2622, 2627, -1,
      2628, 2627, 2630, -1,
      2630, 2627, 2626, -1,
      2630, 2626, 2631, -1,
      2631, 2626, 2625, -1,
      2631, 2625, 2632, -1,
      2624, 2633, 2625, -1,
      2625, 2633, 2632, -1,
      2623, 2634, 2624, -1,
      2624, 2634, 2633, -1,
      2629, 2634, 2621, -1,
      2621, 2634, 2623, -1,
      2635, 324, 2636, -1,
      2636, 324, 323, -1,
      324, 2635, 2637, -1,
      324, 2637, 337, -1,
      337, 2637, 2638, -1,
      337, 2638, 338, -1,
      338, 2638, 2639, -1,
      338, 2639, 339, -1,
      339, 2639, 2640, -1,
      339, 2640, 313, -1,
      313, 2640, 2641, -1,
      313, 2641, 314, -1,
      314, 2641, 2642, -1,
      314, 2642, 315, -1,
      315, 2642, 2643, -1,
      315, 2643, 316, -1,
      316, 2643, 2644, -1,
      316, 2644, 351, -1,
      351, 2644, 2645, -1,
      351, 2645, 352, -1,
      2646, 353, 2645, -1,
      2645, 353, 352, -1,
      2647, 357, 2646, -1,
      2646, 357, 353, -1,
      357, 2647, 2648, -1,
      357, 2648, 358, -1,
      358, 2648, 2649, -1,
      358, 2649, 348, -1,
      2650, 349, 2649, -1,
      2649, 349, 348, -1,
      2651, 350, 2650, -1,
      2650, 350, 349, -1,
      350, 2651, 2652, -1,
      350, 2652, 329, -1,
      329, 2652, 2653, -1,
      329, 2653, 328, -1,
      328, 2653, 2654, -1,
      328, 2654, 308, -1,
      308, 2654, 2655, -1,
      308, 2655, 302, -1,
      302, 2655, 2656, -1,
      302, 2656, 303, -1,
      303, 2656, 2657, -1,
      303, 2657, 317, -1,
      317, 2657, 2658, -1,
      317, 2658, 318, -1,
      318, 2658, 2659, -1,
      318, 2659, 319, -1,
      319, 2659, 2660, -1,
      319, 2660, 354, -1,
      354, 2660, 2661, -1,
      354, 2661, 355, -1,
      355, 2661, 2662, -1,
      355, 2662, 356, -1,
      356, 2662, 2663, -1,
      356, 2663, 340, -1,
      340, 2663, 2664, -1,
      340, 2664, 341, -1,
      341, 2664, 2665, -1,
      341, 2665, 342, -1,
      342, 2665, 2666, -1,
      342, 2666, 304, -1,
      304, 2666, 2667, -1,
      304, 2667, 305, -1,
      305, 2667, 2668, -1,
      305, 2668, 330, -1,
      2669, 331, 2668, -1,
      2668, 331, 330, -1,
      331, 2669, 2670, -1,
      331, 2670, 332, -1,
      332, 2670, 2671, -1,
      332, 2671, 362, -1,
      362, 2671, 361, -1,
      361, 2671, 2672, -1,
      361, 2672, 360, -1,
      360, 2672, 2673, -1,
      360, 2673, 359, -1,
      194, 359, 2674, -1,
      2674, 359, 2673, -1,
      194, 2674, 195, -1,
      195, 2674, 2675, -1,
      195, 2675, 320, -1,
      320, 2675, 2676, -1,
      320, 2676, 321, -1,
      321, 2676, 2677, -1,
      321, 2677, 322, -1,
      322, 2677, 2678, -1,
      322, 2678, 346, -1,
      2679, 347, 2678, -1,
      2678, 347, 346, -1,
      347, 2679, 2680, -1,
      347, 2680, 343, -1,
      343, 2680, 2681, -1,
      343, 2681, 344, -1,
      344, 2681, 2682, -1,
      344, 2682, 345, -1,
      345, 2682, 2683, -1,
      345, 2683, 306, -1,
      306, 2683, 2684, -1,
      306, 2684, 307, -1,
      307, 2684, 2685, -1,
      307, 2685, 333, -1,
      333, 2685, 2686, -1,
      333, 2686, 334, -1,
      334, 2686, 2687, -1,
      334, 2687, 335, -1,
      335, 2687, 2688, -1,
      335, 2688, 299, -1,
      299, 2688, 2689, -1,
      299, 2689, 300, -1,
      300, 2689, 2690, -1,
      300, 2690, 312, -1,
      312, 2690, 2691, -1,
      312, 2691, 311, -1,
      311, 2691, 2692, -1,
      311, 2692, 309, -1,
      309, 2692, 2693, -1,
      309, 2693, 325, -1,
      2694, 326, 2693, -1,
      2693, 326, 325, -1,
      2695, 327, 2694, -1,
      2694, 327, 326, -1,
      2696, 310, 2695, -1,
      2695, 310, 327, -1,
      310, 2696, 2697, -1,
      310, 2697, 336, -1,
      336, 2697, 2636, -1,
      336, 2636, 323, -1,
      2682, 2681, 2693, -1,
      2647, 2646, 2698, -1,
      2646, 2645, 2635, -1,
      2635, 2645, 2644, -1,
      2635, 2644, 2637, -1,
      2635, 2636, 2646, -1,
      2646, 2636, 2697, -1,
      2646, 2697, 2698, -1,
      2698, 2697, 2696, -1,
      2698, 2696, 2699, -1,
      2700, 2701, 2677, -1,
      2677, 2701, 2702, -1,
      2677, 2702, 2703, -1,
      2681, 2680, 2693, -1,
      2693, 2680, 2679, -1,
      2693, 2679, 2694, -1,
      2694, 2679, 2678, -1,
      2694, 2678, 2695, -1,
      2695, 2678, 2677, -1,
      2677, 2676, 2700, -1,
      2700, 2676, 2670, -1,
      2700, 2670, 2704, -1,
      2696, 2695, 2699, -1,
      2699, 2695, 2677, -1,
      2699, 2677, 2705, -1,
      2705, 2677, 2703, -1,
      2706, 2707, 2651, -1,
      2651, 2707, 2652, -1,
      2652, 2707, 2708, -1,
      2652, 2708, 2653, -1,
      2690, 2689, 2688, -1,
      2651, 2650, 2706, -1,
      2706, 2650, 2649, -1,
      2706, 2649, 2698, -1,
      2698, 2649, 2648, -1,
      2698, 2648, 2647, -1,
      2653, 2708, 2654, -1,
      2654, 2708, 2709, -1,
      2654, 2709, 2655, -1,
      2693, 2686, 2685, -1,
      2643, 2639, 2644, -1,
      2644, 2639, 2638, -1,
      2644, 2638, 2637, -1,
      2643, 2642, 2639, -1,
      2639, 2642, 2641, -1,
      2639, 2641, 2640, -1,
      2710, 2711, 2663, -1,
      2686, 2693, 2687, -1,
      2687, 2693, 2692, -1,
      2687, 2692, 2688, -1,
      2688, 2692, 2691, -1,
      2688, 2691, 2690, -1,
      2685, 2684, 2693, -1,
      2693, 2684, 2683, -1,
      2693, 2683, 2682, -1,
      2674, 2673, 2675, -1,
      2675, 2673, 2672, -1,
      2675, 2672, 2676, -1,
      2676, 2672, 2671, -1,
      2676, 2671, 2670, -1,
      2663, 2711, 2664, -1,
      2670, 2669, 2704, -1,
      2704, 2669, 2668, -1,
      2704, 2668, 2667, -1,
      2711, 2712, 2664, -1,
      2664, 2712, 2713, -1,
      2664, 2713, 2665, -1,
      2665, 2713, 2704, -1,
      2665, 2704, 2666, -1,
      2666, 2704, 2667, -1,
      2655, 2709, 2656, -1,
      2656, 2709, 2714, -1,
      2656, 2714, 2657, -1,
      2657, 2714, 2715, -1,
      2657, 2715, 2658, -1,
      2658, 2715, 2716, -1,
      2658, 2716, 2659, -1,
      2716, 2717, 2659, -1,
      2659, 2717, 2718, -1,
      2659, 2718, 2660, -1,
      2660, 2718, 2719, -1,
      2660, 2719, 2661, -1,
      2661, 2719, 2710, -1,
      2661, 2710, 2662, -1,
      2662, 2710, 2663, -1,
      2702, 2720, 2703, -1,
      2703, 2720, 2721, -1,
      2720, 2702, 2701, -1,
      2720, 2701, 2722, -1,
      2722, 2701, 2700, -1,
      2722, 2700, 2723, -1,
      2723, 2700, 2704, -1,
      2723, 2704, 2724, -1,
      2724, 2704, 2713, -1,
      2724, 2713, 2725, -1,
      2725, 2713, 2712, -1,
      2725, 2712, 2726, -1,
      2726, 2712, 2711, -1,
      2726, 2711, 2727, -1,
      2727, 2711, 2710, -1,
      2727, 2710, 2728, -1,
      2728, 2710, 2719, -1,
      2728, 2719, 2729, -1,
      2729, 2719, 2718, -1,
      2729, 2718, 2730, -1,
      2730, 2718, 2717, -1,
      2730, 2717, 2731, -1,
      2731, 2717, 2716, -1,
      2731, 2716, 2732, -1,
      2732, 2716, 2715, -1,
      2732, 2715, 2733, -1,
      2733, 2715, 2714, -1,
      2733, 2714, 2734, -1,
      2734, 2714, 2709, -1,
      2734, 2709, 2735, -1,
      2735, 2709, 2708, -1,
      2735, 2708, 2736, -1,
      2736, 2708, 2707, -1,
      2736, 2707, 2737, -1,
      2737, 2707, 2706, -1,
      2737, 2706, 2738, -1,
      2698, 2739, 2706, -1,
      2706, 2739, 2738, -1,
      2699, 2740, 2698, -1,
      2698, 2740, 2739, -1,
      2740, 2699, 2705, -1,
      2740, 2705, 2741, -1,
      2741, 2705, 2703, -1,
      2741, 2703, 2721, -1,
      2742, 370, 2743, -1,
      2743, 370, 369, -1,
      370, 2742, 2744, -1,
      370, 2744, 372, -1,
      372, 2744, 2745, -1,
      372, 2745, 382, -1,
      382, 2745, 2746, -1,
      382, 2746, 381, -1,
      2747, 373, 2746, -1,
      2746, 373, 381, -1,
      2748, 414, 2747, -1,
      2747, 414, 373, -1,
      414, 2748, 2749, -1,
      414, 2749, 392, -1,
      392, 2749, 2750, -1,
      392, 2750, 393, -1,
      393, 2750, 2751, -1,
      393, 2751, 395, -1,
      395, 2751, 2752, -1,
      395, 2752, 397, -1,
      397, 2752, 2753, -1,
      397, 2753, 432, -1,
      432, 2753, 2754, -1,
      432, 2754, 433, -1,
      433, 2754, 2755, -1,
      433, 2755, 383, -1,
      383, 2755, 2756, -1,
      383, 2756, 363, -1,
      363, 2756, 2757, -1,
      363, 2757, 364, -1,
      364, 2757, 2758, -1,
      364, 2758, 426, -1,
      426, 2758, 2759, -1,
      426, 2759, 427, -1,
      2760, 411, 2759, -1,
      2759, 411, 427, -1,
      2761, 412, 2760, -1,
      2760, 412, 411, -1,
      2762, 413, 2761, -1,
      2761, 413, 412, -1,
      413, 2762, 2763, -1,
      413, 2763, 429, -1,
      429, 2763, 2764, -1,
      429, 2764, 428, -1,
      2765, 365, 2764, -1,
      2764, 365, 428, -1,
      2766, 415, 2765, -1,
      2765, 415, 365, -1,
      415, 2766, 2767, -1,
      415, 2767, 434, -1,
      434, 2767, 2768, -1,
      434, 2768, 435, -1,
      435, 2768, 2769, -1,
      435, 2769, 436, -1,
      436, 2769, 2770, -1,
      436, 2770, 416, -1,
      416, 2770, 2771, -1,
      416, 2771, 417, -1,
      417, 2771, 2772, -1,
      417, 2772, 418, -1,
      418, 2772, 2773, -1,
      418, 2773, 437, -1,
      437, 2773, 2774, -1,
      437, 2774, 438, -1,
      438, 2774, 2775, -1,
      438, 2775, 439, -1,
      439, 2775, 2776, -1,
      439, 2776, 440, -1,
      440, 2776, 2777, -1,
      440, 2777, 441, -1,
      441, 2777, 2778, -1,
      441, 2778, 442, -1,
      2779, 460, 2778, -1,
      2778, 460, 442, -1,
      460, 2779, 2780, -1,
      460, 2780, 461, -1,
      461, 2780, 2781, -1,
      461, 2781, 448, -1,
      2782, 449, 2781, -1,
      2781, 449, 448, -1,
      449, 2782, 2783, -1,
      449, 2783, 450, -1,
      450, 2783, 2784, -1,
      450, 2784, 420, -1,
      420, 2784, 2785, -1,
      420, 2785, 419, -1,
      419, 2785, 2786, -1,
      419, 2786, 385, -1,
      385, 2786, 2787, -1,
      385, 2787, 386, -1,
      386, 2787, 2788, -1,
      386, 2788, 400, -1,
      400, 2788, 2789, -1,
      400, 2789, 401, -1,
      401, 2789, 2790, -1,
      401, 2790, 402, -1,
      402, 2790, 2791, -1,
      402, 2791, 421, -1,
      421, 2791, 2792, -1,
      421, 2792, 422, -1,
      422, 2792, 2793, -1,
      422, 2793, 423, -1,
      423, 2793, 2794, -1,
      423, 2794, 451, -1,
      451, 2794, 2795, -1,
      451, 2795, 452, -1,
      2796, 453, 2795, -1,
      2795, 453, 452, -1,
      453, 2796, 2797, -1,
      453, 2797, 464, -1,
      464, 2797, 2798, -1,
      464, 2798, 463, -1,
      2799, 462, 2798, -1,
      2798, 462, 463, -1,
      462, 2799, 2800, -1,
      462, 2800, 430, -1,
      430, 2800, 2801, -1,
      430, 2801, 431, -1,
      431, 2801, 2802, -1,
      431, 2802, 387, -1,
      387, 2802, 2803, -1,
      387, 2803, 388, -1,
      388, 2803, 2804, -1,
      388, 2804, 389, -1,
      389, 2804, 2805, -1,
      389, 2805, 403, -1,
      403, 2805, 2806, -1,
      403, 2806, 404, -1,
      404, 2806, 2807, -1,
      404, 2807, 366, -1,
      366, 2807, 2808, -1,
      366, 2808, 367, -1,
      367, 2808, 2809, -1,
      367, 2809, 376, -1,
      376, 2809, 2810, -1,
      376, 2810, 377, -1,
      377, 2810, 2811, -1,
      377, 2811, 378, -1,
      378, 2811, 2812, -1,
      378, 2812, 405, -1,
      405, 2812, 2813, -1,
      405, 2813, 406, -1,
      406, 2813, 2814, -1,
      406, 2814, 407, -1,
      2815, 443, 2814, -1,
      2814, 443, 407, -1,
      443, 2815, 2816, -1,
      443, 2816, 444, -1,
      444, 2816, 2817, -1,
      444, 2817, 445, -1,
      2818, 454, 2817, -1,
      2817, 454, 445, -1,
      454, 2818, 2819, -1,
      454, 2819, 455, -1,
      455, 2819, 2820, -1,
      455, 2820, 456, -1,
      2821, 457, 2820, -1,
      2820, 457, 456, -1,
      457, 2821, 2822, -1,
      457, 2822, 458, -1,
      458, 2822, 2823, -1,
      458, 2823, 459, -1,
      459, 2823, 2824, -1,
      459, 2824, 862, -1,
      862, 2824, 863, -1,
      863, 2824, 2825, -1,
      863, 2825, 408, -1,
      408, 2825, 409, -1,
      409, 2825, 2826, -1,
      409, 2826, 410, -1,
      410, 2826, 2827, -1,
      410, 2827, 446, -1,
      446, 2827, 2828, -1,
      446, 2828, 447, -1,
      447, 2828, 2829, -1,
      447, 2829, 390, -1,
      390, 2829, 2830, -1,
      390, 2830, 391, -1,
      391, 2830, 2831, -1,
      391, 2831, 424, -1,
      424, 2831, 2832, -1,
      424, 2832, 425, -1,
      425, 2832, 2833, -1,
      425, 2833, 399, -1,
      399, 2833, 2834, -1,
      399, 2834, 398, -1,
      398, 2834, 2835, -1,
      398, 2835, 396, -1,
      396, 2835, 2836, -1,
      396, 2836, 394, -1,
      394, 2836, 2837, -1,
      394, 2837, 374, -1,
      2838, 375, 2837, -1,
      2837, 375, 374, -1,
      375, 2838, 2839, -1,
      375, 2839, 379, -1,
      379, 2839, 2840, -1,
      379, 2840, 380, -1,
      2841, 371, 2840, -1,
      2840, 371, 380, -1,
      2841, 2743, 371, -1,
      371, 2743, 369, -1,
      2784, 2783, 2761, -1,
      2764, 2763, 2779, -1,
      2779, 2763, 2762, -1,
      2746, 2745, 2759, -1,
      2783, 2782, 2761, -1,
      2761, 2782, 2781, -1,
      2761, 2781, 2762, -1,
      2762, 2781, 2780, -1,
      2762, 2780, 2779, -1,
      2798, 2797, 2761, -1,
      2797, 2796, 2761, -1,
      2761, 2796, 2795, -1,
      2761, 2795, 2794, -1,
      2794, 2793, 2761, -1,
      2761, 2793, 2792, -1,
      2761, 2792, 2791, -1,
      2743, 2760, 2742, -1,
      2742, 2760, 2759, -1,
      2742, 2759, 2744, -1,
      2744, 2759, 2745, -1,
      2764, 2779, 2765, -1,
      2765, 2779, 2778, -1,
      2765, 2778, 2766, -1,
      2766, 2778, 2777, -1,
      2766, 2777, 2776, -1,
      2761, 2788, 2787, -1,
      2801, 2800, 2841, -1,
      2841, 2800, 2799, -1,
      2841, 2799, 2743, -1,
      2743, 2799, 2798, -1,
      2743, 2798, 2760, -1,
      2760, 2798, 2761, -1,
      2791, 2790, 2761, -1,
      2761, 2790, 2789, -1,
      2761, 2789, 2788, -1,
      2751, 2750, 2758, -1,
      2758, 2750, 2759, -1,
      2747, 2746, 2748, -1,
      2748, 2746, 2759, -1,
      2748, 2759, 2749, -1,
      2749, 2759, 2750, -1,
      2807, 2806, 2841, -1,
      2841, 2806, 2805, -1,
      2841, 2805, 2804, -1,
      2776, 2775, 2766, -1,
      2766, 2775, 2774, -1,
      2766, 2774, 2773, -1,
      2787, 2786, 2761, -1,
      2761, 2786, 2785, -1,
      2761, 2785, 2784, -1,
      2830, 2829, 2836, -1,
      2836, 2829, 2828, -1,
      2836, 2828, 2837, -1,
      2837, 2828, 2827, -1,
      2837, 2827, 2826, -1,
      2819, 2818, 2841, -1,
      2841, 2818, 2817, -1,
      2841, 2817, 2816, -1,
      2816, 2815, 2841, -1,
      2841, 2815, 2814, -1,
      2841, 2814, 2813, -1,
      2768, 2771, 2769, -1,
      2769, 2771, 2770, -1,
      2773, 2772, 2766, -1,
      2766, 2772, 2771, -1,
      2766, 2771, 2767, -1,
      2767, 2771, 2768, -1,
      2810, 2809, 2841, -1,
      2841, 2809, 2808, -1,
      2841, 2808, 2807, -1,
      2804, 2803, 2841, -1,
      2841, 2803, 2802, -1,
      2841, 2802, 2801, -1,
      2826, 2825, 2837, -1,
      2837, 2825, 2824, -1,
      2837, 2824, 2838, -1,
      2838, 2824, 2823, -1,
      2838, 2823, 2839, -1,
      2839, 2823, 2822, -1,
      2839, 2822, 2840, -1,
      2840, 2822, 2821, -1,
      2840, 2821, 2841, -1,
      2841, 2821, 2820, -1,
      2841, 2820, 2819, -1,
      2813, 2812, 2841, -1,
      2841, 2812, 2811, -1,
      2841, 2811, 2810, -1,
      2754, 2753, 2758, -1,
      2758, 2753, 2752, -1,
      2758, 2752, 2751, -1,
      2833, 2836, 2834, -1,
      2834, 2836, 2835, -1,
      2833, 2832, 2836, -1,
      2836, 2832, 2831, -1,
      2836, 2831, 2830, -1,
      2757, 2756, 2758, -1,
      2758, 2756, 2755, -1,
      2758, 2755, 2754, -1,
      2842, 927, 2843, -1,
      2843, 927, 926, -1,
      2844, 928, 2842, -1,
      2842, 928, 927, -1,
      2845, 965, 2844, -1,
      2844, 965, 928, -1,
      965, 2845, 2846, -1,
      965, 2846, 964, -1,
      964, 2846, 2847, -1,
      964, 2847, 983, -1,
      983, 2847, 2848, -1,
      983, 2848, 984, -1,
      984, 2848, 2849, -1,
      984, 2849, 985, -1,
      985, 2849, 2850, -1,
      985, 2850, 987, -1,
      987, 2850, 2851, -1,
      987, 2851, 968, -1,
      968, 2851, 2852, -1,
      968, 2852, 975, -1,
      975, 2852, 2853, -1,
      975, 2853, 976, -1,
      976, 2853, 2854, -1,
      976, 2854, 977, -1,
      977, 2854, 2855, -1,
      977, 2855, 969, -1,
      969, 2855, 2856, -1,
      969, 2856, 970, -1,
      970, 2856, 2857, -1,
      970, 2857, 986, -1,
      986, 2857, 2858, -1,
      986, 2858, 955, -1,
      955, 2858, 2859, -1,
      955, 2859, 953, -1,
      953, 2859, 2860, -1,
      953, 2860, 951, -1,
      951, 2860, 2861, -1,
      951, 2861, 963, -1,
      963, 2861, 2862, -1,
      963, 2862, 980, -1,
      980, 2862, 2863, -1,
      980, 2863, 979, -1,
      979, 2863, 2864, -1,
      979, 2864, 978, -1,
      978, 2864, 2865, -1,
      978, 2865, 981, -1,
      981, 2865, 2866, -1,
      981, 2866, 982, -1,
      982, 2866, 2867, -1,
      982, 2867, 962, -1,
      962, 2867, 2868, -1,
      962, 2868, 971, -1,
      971, 2868, 2869, -1,
      971, 2869, 972, -1,
      972, 2869, 2870, -1,
      972, 2870, 966, -1,
      966, 2870, 2871, -1,
      966, 2871, 967, -1,
      967, 2871, 2872, -1,
      967, 2872, 973, -1,
      973, 2872, 2873, -1,
      973, 2873, 974, -1,
      974, 2873, 2874, -1,
      974, 2874, 952, -1,
      2875, 954, 2874, -1,
      2874, 954, 952, -1,
      2876, 956, 2875, -1,
      2875, 956, 954, -1,
      956, 2876, 2877, -1,
      956, 2877, 939, -1,
      939, 2877, 2878, -1,
      939, 2878, 940, -1,
      940, 2878, 2879, -1,
      940, 2879, 957, -1,
      957, 2879, 2880, -1,
      957, 2880, 958, -1,
      958, 2880, 2881, -1,
      958, 2881, 941, -1,
      941, 2881, 2882, -1,
      941, 2882, 942, -1,
      942, 2882, 2883, -1,
      942, 2883, 943, -1,
      943, 2883, 2884, -1,
      943, 2884, 944, -1,
      944, 2884, 2885, -1,
      944, 2885, 929, -1,
      929, 2885, 2886, -1,
      929, 2886, 930, -1,
      930, 2886, 2887, -1,
      930, 2887, 931, -1,
      931, 2887, 2888, -1,
      931, 2888, 932, -1,
      932, 2888, 2889, -1,
      932, 2889, 945, -1,
      945, 2889, 2890, -1,
      945, 2890, 946, -1,
      946, 2890, 2891, -1,
      946, 2891, 947, -1,
      947, 2891, 2892, -1,
      947, 2892, 935, -1,
      935, 2892, 2893, -1,
      935, 2893, 936, -1,
      936, 2893, 2894, -1,
      936, 2894, 937, -1,
      937, 2894, 2895, -1,
      937, 2895, 938, -1,
      938, 2895, 2896, -1,
      938, 2896, 959, -1,
      959, 2896, 2897, -1,
      959, 2897, 960, -1,
      960, 2897, 2898, -1,
      960, 2898, 961, -1,
      961, 2898, 2899, -1,
      961, 2899, 933, -1,
      933, 2899, 2900, -1,
      933, 2900, 934, -1,
      934, 2900, 2901, -1,
      934, 2901, 948, -1,
      948, 2901, 2902, -1,
      948, 2902, 949, -1,
      2903, 950, 2902, -1,
      2902, 950, 949, -1,
      2903, 2843, 950, -1,
      950, 2843, 926, -1,
      2844, 2842, 2903, -1,
      2903, 2842, 2843, -1,
      2902, 2850, 2903, -1,
      2903, 2850, 2849, -1,
      2903, 2849, 2848, -1,
      2845, 2844, 2846, -1,
      2846, 2844, 2903, -1,
      2846, 2903, 2847, -1,
      2847, 2903, 2848, -1,
      2902, 2901, 2850, -1,
      2850, 2901, 2900, -1,
      2850, 2900, 2851, -1,
      2851, 2900, 2899, -1,
      2851, 2899, 2852, -1,
      2852, 2899, 2898, -1,
      2852, 2898, 2853, -1,
      2898, 2897, 2853, -1,
      2853, 2897, 2896, -1,
      2853, 2896, 2854, -1,
      2854, 2896, 2895, -1,
      2854, 2895, 2855, -1,
      2855, 2895, 2894, -1,
      2855, 2894, 2856, -1,
      2856, 2894, 2893, -1,
      2856, 2893, 2857, -1,
      2857, 2893, 2858, -1,
      2858, 2893, 2892, -1,
      2858, 2892, 2859, -1,
      2859, 2892, 2891, -1,
      2859, 2891, 2860, -1,
      2860, 2891, 2890, -1,
      2860, 2890, 2861, -1,
      2861, 2890, 2889, -1,
      2861, 2889, 2862, -1,
      2862, 2889, 2888, -1,
      2862, 2888, 2863, -1,
      2863, 2888, 2887, -1,
      2863, 2887, 2864, -1,
      2864, 2887, 2886, -1,
      2864, 2886, 2865, -1,
      2865, 2886, 2885, -1,
      2865, 2885, 2866, -1,
      2866, 2885, 2884, -1,
      2866, 2884, 2867, -1,
      2867, 2884, 2883, -1,
      2867, 2883, 2868, -1,
      2868, 2883, 2882, -1,
      2868, 2882, 2869, -1,
      2869, 2882, 2881, -1,
      2869, 2881, 2870, -1,
      2870, 2881, 2880, -1,
      2870, 2880, 2871, -1,
      2871, 2880, 2879, -1,
      2871, 2879, 2872, -1,
      2872, 2879, 2878, -1,
      2872, 2878, 2873, -1,
      2873, 2878, 2877, -1,
      2873, 2877, 2874, -1,
      2874, 2877, 2876, -1,
      2874, 2876, 2875, -1,
      2904, 2905, 518, -1,
      518, 517, 2904, -1,
      2904, 517, 515, -1,
      2904, 515, 514, -1,
      518, 2905, 2906, -1,
      518, 2906, 476, -1,
      476, 2906, 2907, -1,
      476, 2907, 477, -1,
      477, 2907, 2908, -1,
      477, 2908, 470, -1,
      2909, 484, 2908, -1,
      2908, 484, 470, -1,
      484, 2909, 2910, -1,
      484, 2910, 485, -1,
      485, 2910, 2911, -1,
      485, 2911, 486, -1,
      486, 2911, 2912, -1,
      486, 2912, 487, -1,
      487, 2912, 2913, -1,
      487, 2913, 488, -1,
      488, 2913, 2914, -1,
      488, 2914, 489, -1,
      489, 2914, 2915, -1,
      489, 2915, 471, -1,
      471, 2915, 2916, -1,
      471, 2916, 472, -1,
      472, 2916, 2917, -1,
      472, 2917, 483, -1,
      483, 2917, 2918, -1,
      483, 2918, 479, -1,
      479, 2918, 2919, -1,
      479, 2919, 480, -1,
      480, 2919, 2920, -1,
      480, 2920, 481, -1,
      481, 2920, 2921, -1,
      481, 2921, 482, -1,
      482, 2921, 2922, -1,
      482, 2922, 474, -1,
      474, 2922, 2923, -1,
      474, 2923, 475, -1,
      475, 2923, 2924, -1,
      475, 2924, 502, -1,
      502, 2924, 2925, -1,
      502, 2925, 503, -1,
      503, 2925, 2926, -1,
      503, 2926, 504, -1,
      504, 2926, 2927, -1,
      504, 2927, 505, -1,
      505, 2927, 2928, -1,
      505, 2928, 506, -1,
      506, 2928, 2929, -1,
      506, 2929, 507, -1,
      507, 2929, 2930, -1,
      507, 2930, 508, -1,
      508, 2930, 2931, -1,
      508, 2931, 509, -1,
      2932, 510, 2931, -1,
      2931, 510, 509, -1,
      2933, 513, 2932, -1,
      2932, 513, 510, -1,
      513, 2933, 2934, -1,
      513, 2934, 512, -1,
      512, 2934, 2935, -1,
      512, 2935, 511, -1,
      511, 2935, 2936, -1,
      511, 2936, 490, -1,
      490, 2936, 2937, -1,
      490, 2937, 491, -1,
      491, 2937, 2938, -1,
      491, 2938, 493, -1,
      493, 2938, 2939, -1,
      493, 2939, 497, -1,
      497, 2939, 2940, -1,
      497, 2940, 498, -1,
      498, 2940, 2941, -1,
      498, 2941, 494, -1,
      494, 2941, 2942, -1,
      494, 2942, 495, -1,
      495, 2942, 2943, -1,
      495, 2943, 496, -1,
      496, 2943, 2944, -1,
      496, 2944, 499, -1,
      2945, 500, 2944, -1,
      2944, 500, 499, -1,
      2946, 501, 2945, -1,
      2945, 501, 500, -1,
      465, 501, 2947, -1,
      2947, 501, 2946, -1,
      465, 2947, 466, -1,
      466, 2947, 2948, -1,
      466, 2948, 468, -1,
      2949, 519, 2948, -1,
      2948, 519, 468, -1,
      519, 2949, 520, -1,
      520, 2949, 2904, -1,
      520, 2904, 514, -1,
      2915, 2914, 2928, -1,
      2928, 2914, 2913, -1,
      2928, 2913, 2929, -1,
      2916, 2915, 2917, -1,
      2917, 2915, 2928, -1,
      2917, 2928, 2918, -1,
      2918, 2928, 2927, -1,
      2918, 2927, 2919, -1,
      2946, 2945, 2909, -1,
      2909, 2945, 2944, -1,
      2909, 2944, 2943, -1,
      2913, 2912, 2929, -1,
      2929, 2912, 2911, -1,
      2929, 2911, 2930, -1,
      2930, 2911, 2910, -1,
      2904, 2949, 2905, -1,
      2905, 2949, 2948, -1,
      2905, 2948, 2906, -1,
      2906, 2948, 2947, -1,
      2906, 2947, 2907, -1,
      2907, 2947, 2946, -1,
      2907, 2946, 2908, -1,
      2908, 2946, 2909, -1,
      2943, 2942, 2909, -1,
      2909, 2942, 2941, -1,
      2909, 2941, 2940, -1,
      2921, 2926, 2925, -1,
      2926, 2921, 2927, -1,
      2927, 2921, 2920, -1,
      2927, 2920, 2919, -1,
      2940, 2939, 2909, -1,
      2909, 2939, 2938, -1,
      2909, 2938, 2937, -1,
      2937, 2936, 2909, -1,
      2909, 2936, 2935, -1,
      2909, 2935, 2934, -1,
      2934, 2933, 2909, -1,
      2909, 2933, 2932, -1,
      2909, 2932, 2910, -1,
      2910, 2932, 2931, -1,
      2910, 2931, 2930, -1,
      2925, 2924, 2921, -1,
      2921, 2924, 2923, -1,
      2921, 2923, 2922, -1,
    ]
    creaseAngle 0.55
    solid FALSE
  }
}
