ISO-10303-21;
HEADER;
FILE_DESCRIPTION (( 'STEP AP203' ),
    '1' );
FILE_NAME ('pad.STEP',
    '2026-09-18T23:58:51',
    ( '' ),
    ( '' ),
    'SwSTEP 2.0',
    'SolidWorks 2025',
    '' );
FILE_SCHEMA (( 'CONFIG_CONTROL_DESIGN' ));
ENDSEC;

DATA;
#1 = ORIENTED_EDGE ( 'NONE', *, *, #1715, .F. ) ;
#2 = ORIENTED_EDGE ( 'NONE', *, *, #1696, .F. ) ;
#3 = CARTESIAN_POINT ( 'NONE',  ( -4.342414884302162825, 0.5999999999999999778, 12.50000000000000000 ) ) ;
#4 = EDGE_CURVE ( 'NONE', #525, #705, #1076, .T. ) ;
#5 = VERTEX_POINT ( 'NONE', #6 ) ;
#6 = CARTESIAN_POINT ( 'NONE',  ( -5.484679857383200741, 3.840331450268672508, 12.40000000000000213 ) ) ;
#7 = DIRECTION ( 'NONE',  ( -1.000000000000000000, 0.000000000000000000, 0.000000000000000000 ) ) ;
#8 = DIRECTION ( 'NONE',  ( -0.000000000000000000, -0.000000000000000000, 1.000000000000000000 ) ) ;
#9 = CYLINDRICAL_SURFACE ( 'NONE', #1913, 0.8000000000000000444 ) ;
#10 = ADVANCED_FACE ( 'NONE', ( #1097 ), #1279, .T. ) ;
#11 = CARTESIAN_POINT ( 'NONE',  ( -1.826944830464239500, 10.50000000000000178, 12.50000000000000000 ) ) ;
#12 = DIRECTION ( 'NONE',  ( 0.000000000000000000, 1.000000000000000000, 0.000000000000000000 ) ) ;
#13 = EDGE_CURVE ( 'NONE', #1836, #1906, #2186, .T. ) ;
#14 = VERTEX_POINT ( 'NONE', #381 ) ;
#15 = LINE ( 'NONE', #1455, #725 ) ;
#16 = ORIENTED_EDGE ( 'NONE', *, *, #1592, .T. ) ;
#17 = LINE ( 'NONE', #1107, #2131 ) ;
#18 = AXIS2_PLACEMENT_3D ( 'NONE', #534, #680, #1636 ) ;
#19 = EDGE_LOOP ( 'NONE', ( #2136, #1646, #1427, #1260 ) ) ;
#20 = ORIENTED_EDGE ( 'NONE', *, *, #1555, .F. ) ;
#21 = ADVANCED_FACE ( 'NONE', ( #2008 ), #1653, .F. ) ;
#22 = CARTESIAN_POINT ( 'NONE',  ( -5.426944830464237590, -1.023287891330139880E-15, 12.50000000000000000 ) ) ;
#23 = CARTESIAN_POINT ( 'NONE',  ( -7.884679857383201096, 10.83166247903553980, 12.40000000000000213 ) ) ;
#24 = FACE_OUTER_BOUND ( 'NONE', #1291, .T. ) ;
#25 = VERTEX_POINT ( 'NONE', #690 ) ;
#26 = ORIENTED_EDGE ( 'NONE', *, *, #126, .T. ) ;
#27 = CARTESIAN_POINT ( 'NONE',  ( -4.284679857383200563, 0.2683375209644605075, 12.40000000000000213 ) ) ;
#28 = VERTEX_POINT ( 'NONE', #1619 ) ;
#29 = EDGE_CURVE ( 'NONE', #1257, #672, #158, .T. ) ;
#30 = AXIS2_PLACEMENT_3D ( 'NONE', #526, #1980, #7 ) ;
#31 = DIRECTION ( 'NONE',  ( -0.000000000000000000, -0.000000000000000000, 1.000000000000000000 ) ) ;
#32 = DIRECTION ( 'NONE',  ( -0.000000000000000000, -0.000000000000000000, 1.000000000000000000 ) ) ;
#33 = DIRECTION ( 'NONE',  ( 1.000000000000000000, 0.000000000000000000, 0.000000000000000000 ) ) ;
#34 = ADVANCED_FACE ( 'NONE', ( #542 ), #2154, .F. ) ;
#35 = VECTOR ( 'NONE', #1697, 1000.000000000000000 ) ;
#36 = CARTESIAN_POINT ( 'NONE',  ( -9.199999999999999289, 9.900000000000000355, 0.000000000000000000 ) ) ;
#37 = CARTESIAN_POINT ( 'NONE',  ( -6.299999999999999822, 9.900000000000000355, 4.000000000000000000 ) ) ;
#38 = ORIENTED_EDGE ( 'NONE', *, *, #1859, .F. ) ;
#39 = PLANE ( 'NONE',  #1489 ) ;
#40 =( BOUNDED_CURVE ( )  B_SPLINE_CURVE ( 3, ( #405, #1124, #1849, #940 ),
 .UNSPECIFIED., .F., .F. )
 B_SPLINE_CURVE_WITH_KNOTS ( ( 4, 4 ),
 ( 5.697499763722437827, 6.283185307179586232 ),
 .UNSPECIFIED. )
 CURVE ( )  GEOMETRIC_REPRESENTATION_ITEM ( )  RATIONAL_B_SPLINE_CURVE ( ( 1.000000000000000000, 0.9716180718375589942, 0.9716180718375589942, 1.000000000000000000 ) )
 REPRESENTATION_ITEM ( '' )  );
#41 = ORIENTED_EDGE ( 'NONE', *, *, #317, .F. ) ;
#42 = LOCAL_TIME ( 3, 58, 51.00000000000000000, #495 ) ;
#43 = EDGE_CURVE ( 'NONE', #83, #697, #1256, .T. ) ;
#44 = LINE ( 'NONE', #352, #744 ) ;
#45 = VECTOR ( 'NONE', #1460, 1000.000000000000000 ) ;
#46 = CARTESIAN_POINT ( 'NONE',  ( -7.100000000000001421, 1.199999999999999956, 0.000000000000000000 ) ) ;
#47 = CARTESIAN_POINT ( 'NONE',  ( -6.299999999999999822, 9.900000000000000355, 0.8000000000000000444 ) ) ;
#48 = DIRECTION ( 'NONE',  ( 0.000000000000000000, 0.000000000000000000, -1.000000000000000000 ) ) ;
#49 = PLANE ( 'NONE',  #1614 ) ;
#50 = ORIENTED_EDGE ( 'NONE', *, *, #949, .F. ) ;
#51 = DIRECTION ( 'NONE',  ( 1.000000000000000000, 0.000000000000000000, -0.000000000000000000 ) ) ;
#52 = ORIENTED_EDGE ( 'NONE', *, *, #87, .T. ) ;
#53 =( BOUNDED_CURVE ( )  B_SPLINE_CURVE ( 3, ( #1631, #897, #711, #1642 ),
 .UNSPECIFIED., .F., .F. )
 B_SPLINE_CURVE_WITH_KNOTS ( ( 4, 4 ),
 ( 3.141592653589793116, 3.727278197046941965 ),
 .UNSPECIFIED. )
 CURVE ( )  GEOMETRIC_REPRESENTATION_ITEM ( )  RATIONAL_B_SPLINE_CURVE ( ( 1.000000000000000000, 0.9716180718375589942, 0.9716180718375589942, 1.000000000000000000 ) )
 REPRESENTATION_ITEM ( '' )  );
#54 = LINE ( 'NONE', #1495, #397 ) ;
#55 = CARTESIAN_POINT ( 'NONE',  ( -9.199999999999999289, 0.5999999999999999778, 12.50000000000000000 ) ) ;
#56 = APPROVAL ( #832, 'UNSPECIFIED' ) ;
#57 = AXIS2_PLACEMENT_3D ( 'NONE', #1237, #1066, #1094 ) ;
#58 = DIRECTION ( 'NONE',  ( -0.4999999999999996114, 0.000000000000000000, -0.8660254037844388186 ) ) ;
#59 = CARTESIAN_POINT ( 'NONE',  ( -5.426944830464238478, 3.701544632032337745, 12.50000000000000178 ) ) ;
#60 = EDGE_CURVE ( 'NONE', #615, #1351, #712, .T. ) ;
#61 = CARTESIAN_POINT ( 'NONE',  ( -5.426944830464237590, -1.023287891330139880E-15, 12.50000000000000000 ) ) ;
#62 = VECTOR ( 'NONE', #1740, 1000.000000000000000 ) ;
#63 = ORIENTED_EDGE ( 'NONE', *, *, #2034, .T. ) ;
#64 = CARTESIAN_POINT ( 'NONE',  ( -0.7424148843021642907, 10.61884304870899065, 12.50000000000000000 ) ) ;
#65 = ORIENTED_EDGE ( 'NONE', *, *, #1696, .T. ) ;
#66 = DIRECTION ( 'NONE',  ( -0.000000000000000000, -0.000000000000000000, 1.000000000000000000 ) ) ;
#67 = DIRECTION ( 'NONE',  ( 0.8660254037844388186, 1.632950650801260931E-16, -0.4999999999999996114 ) ) ;
#68 = VECTOR ( 'NONE', #12, 1000.000000000000000 ) ;
#69 = B_SPLINE_CURVE_WITH_KNOTS ( 'NONE', 3,
 ( #1871, #1134, #994, #1921 ),
 .UNSPECIFIED., .F., .F.,
 ( 4, 4 ),
 ( 2.839717598556298512E-07, 0.0001422971438929356762 ),
 .UNSPECIFIED. ) ;
#70 = FACE_OUTER_BOUND ( 'NONE', #841, .T. ) ;
#71 = LINE ( 'NONE', #863, #1867 ) ;
#72 = ORIENTED_EDGE ( 'NONE', *, *, #2185, .F. ) ;
#73 = CARTESIAN_POINT ( 'NONE',  ( -7.826944830464239722, 10.50000000000000000, 12.50000000000000000 ) ) ;
#74 = ORIENTED_EDGE ( 'NONE', *, *, #1077, .F. ) ;
#75 = VECTOR ( 'NONE', #2268, 1000.000000000000000 ) ;
#76 = CARTESIAN_POINT ( 'NONE',  ( 0.000000000000000000, 0.000000000000000000, 12.50000000000000000 ) ) ;
#77 = FACE_OUTER_BOUND ( 'NONE', #1250, .T. ) ;
#78 = DIRECTION ( 'NONE',  ( -0.000000000000000000, -0.000000000000000000, 1.000000000000000000 ) ) ;
#79 = DIRECTION ( 'NONE',  ( 1.000000000000000000, 0.000000000000000000, 0.000000000000000000 ) ) ;
#80 = ADVANCED_FACE ( 'NONE', ( #1961 ), #1997, .F. ) ;
#81 = DIRECTION ( 'NONE',  ( 1.000000000000000000, 0.000000000000000000, -8.673617379884034486E-16 ) ) ;
#82 = CARTESIAN_POINT ( 'NONE',  ( -1.826944830464237501, 0.5999999999999999778, 12.50000000000000000 ) ) ;
#83 = VERTEX_POINT ( 'NONE', #1828 ) ;
#84 = EDGE_CURVE ( 'NONE', #1678, #635, #1049, .T. ) ;
#85 = CARTESIAN_POINT ( 'NONE',  ( -9.199999999999999289, 11.10000000000000142, 4.000000000000000000 ) ) ;
#86 = ORIENTED_EDGE ( 'NONE', *, *, #1542, .T. ) ;
#87 = EDGE_CURVE ( 'NONE', #267, #904, #2058, .T. ) ;
#88 = AXIS2_PLACEMENT_3D ( 'NONE', #1326, #1704, #241 ) ;
#89 = DIRECTION ( 'NONE',  ( 1.000000000000000000, 0.000000000000000000, -0.000000000000000000 ) ) ;
#90 = CARTESIAN_POINT ( 'NONE',  ( -6.624999999999999112, 5.549999999999999822, 12.50000000000000178 ) ) ;
#91 = PERSON_AND_ORGANIZATION_ROLE ( 'creator' ) ;
#92 = CARTESIAN_POINT ( 'NONE',  ( -4.599999999999999645, 5.549999999999999822, 12.50000000000000178 ) ) ;
#93 = AXIS2_PLACEMENT_3D ( 'NONE', #1640, #720, #1461 ) ;
#94 = LINE ( 'NONE', #2260, #2244 ) ;
#95 = ORIENTED_EDGE ( 'NONE', *, *, #1954, .T. ) ;
#96 = CARTESIAN_POINT ( 'NONE',  ( -1.884679857383201540, 10.83166247903554158, 12.40000000000000213 ) ) ;
#97 = VERTEX_POINT ( 'NONE', #406 ) ;
#98 = VERTEX_POINT ( 'NONE', #1300 ) ;
#99 = AXIS2_PLACEMENT_3D ( 'NONE', #148, #172, #2319 ) ;
#100 = PLANE ( 'NONE',  #2022 ) ;
#101 = CARTESIAN_POINT ( 'NONE',  ( -6.299999999999999822, 11.10000000000000142, 4.000000000000000000 ) ) ;
#102 = DATE_AND_TIME ( #251, #899 ) ;
#103 = ADVANCED_FACE ( 'NONE', ( #764 ), #49, .F. ) ;
#104 = LINE ( 'NONE', #808, #539 ) ;
#105 = DIRECTION ( 'NONE',  ( 1.000000000000000000, 1.885568995626964287E-16, -0.000000000000000000 ) ) ;
#106 = ORIENTED_EDGE ( 'NONE', *, *, #2054, .T. ) ;
#107 = DIRECTION ( 'NONE',  ( 1.084202172485504187E-16, 0.000000000000000000, 1.000000000000000000 ) ) ;
#108 = DIRECTION ( 'NONE',  ( 0.000000000000000000, 1.000000000000000000, 0.000000000000000000 ) ) ;
#109 = VERTEX_POINT ( 'NONE', #2020 ) ;
#110 = AXIS2_PLACEMENT_3D ( 'NONE', #237, #1287, #2009 ) ;
#111 = ORIENTED_EDGE ( 'NONE', *, *, #2284, .T. ) ;
#112 = EDGE_CURVE ( 'NONE', #799, #351, #261, .T. ) ;
#113 = CARTESIAN_POINT ( 'NONE',  ( -4.226944830464240077, 10.61884304870898887, 12.50000000000000000 ) ) ;
#114 = FACE_OUTER_BOUND ( 'NONE', #993, .T. ) ;
#115 = COORDINATED_UNIVERSAL_TIME_OFFSET ( 4, 0, .AHEAD. ) ;
#116 = CARTESIAN_POINT ( 'NONE',  ( -2.100000000000001421, 11.10000000000000142, 0.8000000000000000444 ) ) ;
#117 = SECURITY_CLASSIFICATION ( '', '', #2151 ) ;
#118 = CARTESIAN_POINT ( 'NONE',  ( -5.465733589122057978, 7.306421464474290417, 12.43281589924212938 ) ) ;
#119 = ORIENTED_EDGE ( 'NONE', *, *, #213, .T. ) ;
#120 = VERTEX_POINT ( 'NONE', #394 ) ;
#121 = PLANE ( 'NONE',  #2224 ) ;
#122 = VERTEX_POINT ( 'NONE', #969 ) ;
#123 = EDGE_LOOP ( 'NONE', ( #157, #714, #1361, #491 ) ) ;
#124 = CARTESIAN_POINT ( 'NONE',  ( -2.099999999999999645, 1.199999999999999956, 0.000000000000000000 ) ) ;
#125 =( BOUNDED_CURVE ( )  B_SPLINE_CURVE ( 3, ( #1104, #1332, #1116, #765 ),
 .UNSPECIFIED., .F., .F. )
 B_SPLINE_CURVE_WITH_KNOTS ( ( 4, 4 ),
 ( 3.141592653589793116, 3.727278197046941521 ),
 .UNSPECIFIED. )
 CURVE ( )  GEOMETRIC_REPRESENTATION_ITEM ( )  RATIONAL_B_SPLINE_CURVE ( ( 1.000000000000000000, 0.9716180718375589942, 0.9716180718375589942, 1.000000000000000000 ) )
 REPRESENTATION_ITEM ( '' )  );
#126 = EDGE_CURVE ( 'NONE', #2340, #1454, #139, .T. ) ;
#127 = DIRECTION ( 'NONE',  ( 0.000000000000000000, 0.000000000000000000, 1.000000000000000000 ) ) ;
#128 = CARTESIAN_POINT ( 'NONE',  ( -1.979847445408312908E-15, 10.50000000000000178, 12.50000000000000000 ) ) ;
#129 = ORIENTED_EDGE ( 'NONE', *, *, #1416, .T. ) ;
#130 = ORIENTED_EDGE ( 'NONE', *, *, #466, .T. ) ;
#131 = CARTESIAN_POINT ( 'NONE',  ( -2.899999999999999911, 0.000000000000000000, 2.939152317953652529E-16 ) ) ;
#132 = ORIENTED_EDGE ( 'NONE', *, *, #654, .F. ) ;
#133 = ORIENTED_EDGE ( 'NONE', *, *, #1023, .T. ) ;
#134 = CARTESIAN_POINT ( 'NONE',  ( -4.323059080286330236, 3.577731621431277986, 12.46647476402323207 ) ) ;
#135 = DIRECTION ( 'NONE',  ( 0.000000000000000000, 0.000000000000000000, 1.000000000000000000 ) ) ;
#136 = ADVANCED_FACE ( 'NONE', ( #1686, #2216 ), #2236, .F. ) ;
#137 = DIRECTION ( 'NONE',  ( -1.000000000000000000, 0.000000000000000000, 0.000000000000000000 ) ) ;
#138 = VECTOR ( 'NONE', #853, 1000.000000000000000 ) ;
#139 =( BOUNDED_CURVE ( )  B_SPLINE_CURVE ( 3, ( #1153, #1500, #2245, #1883 ),
 .UNSPECIFIED., .F., .F. )
 B_SPLINE_CURVE_WITH_KNOTS ( ( 4, 4 ),
 ( 3.141592653589793116, 3.727278197046942854 ),
 .UNSPECIFIED. )
 CURVE ( )  GEOMETRIC_REPRESENTATION_ITEM ( )  RATIONAL_B_SPLINE_CURVE ( ( 1.000000000000000000, 0.9716180718375588832, 0.9716180718375588832, 1.000000000000000000 ) )
 REPRESENTATION_ITEM ( '' )  );
#140 = DIRECTION ( 'NONE',  ( -6.505213034913024632E-16, -0.000000000000000000, -1.000000000000000000 ) ) ;
#141 = ORIENTED_EDGE ( 'NONE', *, *, #1555, .T. ) ;
#142 = DIRECTION ( 'NONE',  ( -1.000000000000000000, -1.885568995626964287E-16, 0.000000000000000000 ) ) ;
#143 = EDGE_LOOP ( 'NONE', ( #745, #50, #522, #741 ) ) ;
#144 = AXIS2_PLACEMENT_3D ( 'NONE', #967, #412, #947 ) ;
#145 = ORIENTED_EDGE ( 'NONE', *, *, #996, .F. ) ;
#146 = DIRECTION ( 'NONE',  ( 6.505213034913024632E-16, 0.000000000000000000, 1.000000000000000000 ) ) ;
#147 = VECTOR ( 'NONE', #298, 1000.000000000000000 ) ;
#148 = CARTESIAN_POINT ( 'NONE',  ( -6.299999999999999822, 11.10000000000000142, 4.000000000000000000 ) ) ;
#149 = FACE_OUTER_BOUND ( 'NONE', #1560, .T. ) ;
#150 = EDGE_CURVE ( 'NONE', #1226, #347, #1744, .T. ) ;
#151 = FACE_OUTER_BOUND ( 'NONE', #766, .T. ) ;
#152 = AXIS2_PLACEMENT_3D ( 'NONE', #1824, #31, #390 ) ;
#153 = ORIENTED_EDGE ( 'NONE', *, *, #1252, .T. ) ;
#154 = ORIENTED_EDGE ( 'NONE', *, *, #1059, .T. ) ;
#155 = CARTESIAN_POINT ( 'NONE',  ( -5.426944830464237590, 0.5999999999999999778, 12.50000000000000000 ) ) ;
#156 = ORIENTED_EDGE ( 'NONE', *, *, #1396, .F. ) ;
#157 = ORIENTED_EDGE ( 'NONE', *, *, #441, .F. ) ;
#158 = B_SPLINE_CURVE_WITH_KNOTS ( 'NONE', 3,
 ( #1632, #1466, #1103, #1426 ),
 .UNSPECIFIED., .F., .F.,
 ( 4, 4 ),
 ( 3.202757815067536090E-07, 0.0001594893538229703704 ),
 .UNSPECIFIED. ) ;
#159 = CARTESIAN_POINT ( 'NONE',  ( -9.199999999999999289, 0.5999999999999999778, 11.90000000000000036 ) ) ;
#160 = EDGE_CURVE ( 'NONE', #715, #97, #1336, .T. ) ;
#161 = DIRECTION ( 'NONE',  ( 0.000000000000000000, -1.000000000000000000, -0.000000000000000000 ) ) ;
#162 = CARTESIAN_POINT ( 'NONE',  ( -4.322607709517331642, 10.73262660511138300, 12.46569296691827589 ) ) ;
#163 = ORIENTED_EDGE ( 'NONE', *, *, #972, .F. ) ;
#164 = FACE_OUTER_BOUND ( 'NONE', #668, .T. ) ;
#165 = VECTOR ( 'NONE', #1372, 1000.000000000000000 ) ;
#166 = ORIENTED_EDGE ( 'NONE', *, *, #60, .T. ) ;
#167 = DIRECTION ( 'NONE',  ( -0.5000000000000001110, 0.000000000000000000, 0.8660254037844384856 ) ) ;
#168 = ORIENTED_EDGE ( 'NONE', *, *, #754, .F. ) ;
#169 = ORIENTED_EDGE ( 'NONE', *, *, #1267, .T. ) ;
#170 = AXIS2_PLACEMENT_3D ( 'NONE', #252, #2270, #973 ) ;
#171 = DIRECTION ( 'NONE',  ( 1.000000000000000000, 0.000000000000000000, -0.000000000000000000 ) ) ;
#172 = DIRECTION ( 'NONE',  ( -1.000000000000000000, 0.000000000000000000, 0.000000000000000000 ) ) ;
#173 = DIRECTION ( 'NONE',  ( -1.000000000000000000, -1.885568995626964287E-16, 0.000000000000000000 ) ) ;
#174 = EDGE_CURVE ( 'NONE', #1388, #1986, #941, .T. ) ;
#175 = AXIS2_PLACEMENT_3D ( 'NONE', #1840, #218, #929 ) ;
#176 = EDGE_LOOP ( 'NONE', ( #1880, #2132, #106, #1109 ) ) ;
#177 = VERTEX_POINT ( 'NONE', #960 ) ;
#178 = DIRECTION ( 'NONE',  ( 0.000000000000000000, 0.000000000000000000, -1.000000000000000000 ) ) ;
#179 = VECTOR ( 'NONE', #200, 1000.000000000000000 ) ;
#180 = VERTEX_POINT ( 'NONE', #1674 ) ;
#181 = ORIENTED_EDGE ( 'NONE', *, *, #727, .T. ) ;
#182 = EDGE_CURVE ( 'NONE', #2253, #1999, #432, .T. ) ;
#183 = CARTESIAN_POINT ( 'NONE',  ( -2.100000000000001421, 11.10000000000000142, 0.8000000000000000444 ) ) ;
#184 = CARTESIAN_POINT ( 'NONE',  ( -3.142414884302163536, 10.50000000000000178, 12.50000000000000000 ) ) ;
#185 = PLANE ( 'NONE',  #430 ) ;
#186 = EDGE_CURVE ( 'NONE', #1527, #5, #69, .T. ) ;
#187 = CARTESIAN_POINT ( 'NONE',  ( -7.899999999999999467, 0.000000000000000000, 4.000000000000000000 ) ) ;
#188 = AXIS2_PLACEMENT_3D ( 'NONE', #1498, #1652, #33 ) ;
#189 = DIRECTION ( 'NONE',  ( 8.673617379884034486E-16, 0.000000000000000000, 1.000000000000000000 ) ) ;
#190 = ORIENTED_EDGE ( 'NONE', *, *, #1850, .F. ) ;
#191 = ORIENTED_EDGE ( 'NONE', *, *, #201, .T. ) ;
#192 = CARTESIAN_POINT ( 'NONE',  ( -3.084679857383199497, 0.000000000000000000, 12.40000000000000213 ) ) ;
#193 = EDGE_CURVE ( 'NONE', #1638, #1294, #784, .T. ) ;
#194 = ORIENTED_EDGE ( 'NONE', *, *, #882, .T. ) ;
#195 = ORIENTED_EDGE ( 'NONE', *, *, #213, .F. ) ;
#196 = CARTESIAN_POINT ( 'NONE',  ( -1.979847445408312908E-15, 10.50000000000000178, 12.50000000000000000 ) ) ;
#197 = DIRECTION ( 'NONE',  ( 0.8660254037844388186, 1.632950650801260931E-16, -0.4999999999999996114 ) ) ;
#198 = CARTESIAN_POINT ( 'NONE',  ( -4.599999999999999645, 5.549999999999999822, 12.50000000000000178 ) ) ;
#199 = DIRECTION ( 'NONE',  ( -0.5000000000000001110, 0.000000000000000000, 0.8660254037844384856 ) ) ;
#200 = DIRECTION ( 'NONE',  ( -1.000000000000000000, -1.885568995626964287E-16, 0.000000000000000000 ) ) ;
#201 = EDGE_CURVE ( 'NONE', #2134, #109, #662, .T. ) ;
#202 = VERTEX_POINT ( 'NONE', #2098 ) ;
#203 = VERTEX_POINT ( 'NONE', #1032 ) ;
#204 = LINE ( 'NONE', #1989, #790 ) ;
#205 = VECTOR ( 'NONE', #1854, 1000.000000000000000 ) ;
#206 = ORIENTED_EDGE ( 'NONE', *, *, #1734, .F. ) ;
#207 = ADVANCED_FACE ( 'NONE', ( #1944 ), #1020, .T. ) ;
#208 = DIRECTION ( 'NONE',  ( -1.885568995626964287E-16, 1.000000000000000000, 0.000000000000000000 ) ) ;
#209 = VECTOR ( 'NONE', #329, 1000.000000000000000 ) ;
#210 = CARTESIAN_POINT ( 'NONE',  ( -7.112293164232705855, 5.549999999999999822, 10.00000000000000178 ) ) ;
#211 = DIRECTION ( 'NONE',  ( -1.084202172485504187E-16, 0.000000000000000000, -1.000000000000000000 ) ) ;
#212 = DIRECTION ( 'NONE',  ( -1.000000000000000000, 0.000000000000000000, 0.000000000000000000 ) ) ;
#213 = EDGE_CURVE ( 'NONE', #1678, #1176, #1194, .T. ) ;
#214 = PLANE ( 'NONE',  #110 ) ;
#215 = VERTEX_POINT ( 'NONE', #819 ) ;
#216 = EDGE_LOOP ( 'NONE', ( #1785, #63, #901, #2157 ) ) ;
#217 = CARTESIAN_POINT ( 'NONE',  ( -1.300000000000001599, 1.199999999999999734, 0.7999999999999994893 ) ) ;
#218 = DIRECTION ( 'NONE',  ( -0.8660254037844385966, -1.632950650801260438E-16, -0.5000000000000002220 ) ) ;
#219 = CARTESIAN_POINT ( 'NONE',  ( -6.249999999999992895, 5.549999999999999822, 10.00000000000000178 ) ) ;
#220 = CARTESIAN_POINT ( 'NONE',  ( 0.000000000000000000, 0.000000000000000000, 11.30000000000000071 ) ) ;
#221 = ORIENTED_EDGE ( 'NONE', *, *, #1932, .T. ) ;
#222 = APPROVAL ( #1219, 'UNSPECIFIED' ) ;
#223 = DIRECTION ( 'NONE',  ( 1.885568995626964287E-16, -1.000000000000000000, 0.000000000000000000 ) ) ;
#224 = VERTEX_POINT ( 'NONE', #1007 ) ;
#225 = LINE ( 'NONE', #1671, #729 ) ;
#226 = CIRCLE ( 'NONE', #2187, 0.7999999999999994893 ) ;
#227 = PLANE ( 'NONE',  #862 ) ;
#228 = DIRECTION ( 'NONE',  ( 0.7071067811865556774, 0.000000000000000000, 0.7071067811865393571 ) ) ;
#229 = EDGE_CURVE ( 'NONE', #778, #1052, #881, .T. ) ;
#230 = DIRECTION ( 'NONE',  ( 1.000000000000000000, 0.000000000000000000, 0.000000000000000000 ) ) ;
#231 = ORIENTED_EDGE ( 'NONE', *, *, #703, .F. ) ;
#232 = LINE ( 'NONE', #944, #1600 ) ;
#233 = ORIENTED_EDGE ( 'NONE', *, *, #752, .F. ) ;
#234 = CARTESIAN_POINT ( 'NONE',  ( 0.000000000000000000, 10.50000000000000178, 12.50000000000000000 ) ) ;
#235 = CARTESIAN_POINT ( 'NONE',  ( -6.299999999999999822, 11.10000000000000142, 4.000000000000000000 ) ) ;
#236 = CARTESIAN_POINT ( 'NONE',  ( -6.722607709517331998, 10.73262660511137945, 12.46569296691827411 ) ) ;
#237 = CARTESIAN_POINT ( 'NONE',  ( 0.000000000000000000, 0.000000000000000000, 12.50000000000000000 ) ) ;
#238 = AXIS2_PLACEMENT_3D ( 'NONE', #518, #1036, #666 ) ;
#239 = EDGE_LOOP ( 'NONE', ( #1733, #816, #458, #308 ) ) ;
#240 = EDGE_CURVE ( 'NONE', #1249, #1774, #1450, .T. ) ;
#241 = DIRECTION ( 'NONE',  ( -1.000000000000000000, 0.000000000000000000, -0.000000000000000000 ) ) ;
#242 = ORIENTED_EDGE ( 'NONE', *, *, #112, .T. ) ;
#243 = LINE ( 'NONE', #429, #2193 ) ;
#244 = CIRCLE ( 'NONE', #2297, 1.649999999999988365 ) ;
#245 = EDGE_CURVE ( 'NONE', #1799, #1889, #1181, .T. ) ;
#246 = LINE ( 'NONE', #210, #1288 ) ;
#247 = CC_DESIGN_PERSON_AND_ORGANIZATION_ASSIGNMENT ( #640, #1959, ( #818 ) ) ;
#248 = CARTESIAN_POINT ( 'NONE',  ( -3.122116817658409982, 4.215964362854760950, 12.46484271727760174 ) ) ;
#249 = EDGE_CURVE ( 'NONE', #1607, #536, #1552, .T. ) ;
#250 = DIRECTION ( 'NONE',  ( -1.885568995626964287E-16, 1.000000000000000000, 0.000000000000000000 ) ) ;
#251 = CALENDAR_DATE ( 2026, 19, 9 ) ;
#252 = CARTESIAN_POINT ( 'NONE',  ( -4.599999999999999645, 5.549999999999999822, 11.30000000000000071 ) ) ;
#253 = AXIS2_PLACEMENT_3D ( 'NONE', #92, #617, #1912 ) ;
#254 = DIRECTION ( 'NONE',  ( -1.885568995626964287E-16, 1.000000000000000000, -0.000000000000000000 ) ) ;
#255 = ORIENTED_EDGE ( 'NONE', *, *, #1902, .F. ) ;
#256 = CIRCLE ( 'NONE', #443, 0.8000000000000000444 ) ;
#257 = EDGE_CURVE ( 'NONE', #1150, #1410, #1016, .T. ) ;
#258 = DIRECTION ( 'NONE',  ( 0.000000000000000000, 0.000000000000000000, 1.000000000000000000 ) ) ;
#259 = ORIENTED_EDGE ( 'NONE', *, *, #1531, .T. ) ;
#260 = LOCAL_TIME ( 3, 58, 51.00000000000000000, #288 ) ;
#261 = LINE ( 'NONE', #1477, #1916 ) ;
#262 = PLANE ( 'NONE',  #1811 ) ;
#263 = DIRECTION ( 'NONE',  ( 1.885568995626964287E-16, -1.000000000000000000, 0.000000000000000000 ) ) ;
#264 = CARTESIAN_POINT ( 'NONE',  ( -0.6269448304642375458, 0.4811569512910108815, 12.49999999999999822 ) ) ;
#265 = VERTEX_POINT ( 'NONE', #1217 ) ;
#266 = DIRECTION ( 'NONE',  ( 1.000000000000000000, 0.000000000000000000, 0.000000000000000000 ) ) ;
#267 = VERTEX_POINT ( 'NONE', #2279 ) ;
#268 = B_SPLINE_CURVE_WITH_KNOTS ( 'NONE', 3,
 ( #324, #1225, #868, #670 ),
 .UNSPECIFIED., .F., .F.,
 ( 4, 4 ),
 ( 2.898487121244510614E-07, 0.0001454707676965355751 ),
 .UNSPECIFIED. ) ;
#269 = ORIENTED_EDGE ( 'NONE', *, *, #346, .T. ) ;
#270 = EDGE_CURVE ( 'NONE', #1454, #97, #638, .T. ) ;
#271 =( BOUNDED_CURVE ( )  B_SPLINE_CURVE ( 3, ( #667, #1936, #2129, #655 ),
 .UNSPECIFIED., .F., .T. )
 B_SPLINE_CURVE_WITH_KNOTS ( ( 4, 4 ),
 ( 5.697499763722436938, 6.283185307179586232 ),
 .UNSPECIFIED. )
 CURVE ( )  GEOMETRIC_REPRESENTATION_ITEM ( )  RATIONAL_B_SPLINE_CURVE ( ( 1.000000000000000000, 0.9716180718375588832, 0.9716180718375588832, 1.000000000000000000 ) )
 REPRESENTATION_ITEM ( '' )  );
#272 = VECTOR ( 'NONE', #254, 1000.000000000000000 ) ;
#273 = DIRECTION ( 'NONE',  ( 1.000000000000000000, 0.000000000000000000, -0.000000000000000000 ) ) ;
#274 = CARTESIAN_POINT ( 'NONE',  ( -6.742414884302161404, 0.5999999999999999778, 12.50000000000000000 ) ) ;
#275 = CARTESIAN_POINT ( 'NONE',  ( -9.199999999999999289, 1.199999999999999956, 4.000000000000000000 ) ) ;
#276 = UNCERTAINTY_MEASURE_WITH_UNIT (LENGTH_MEASURE( 1.000000000000000082E-05 ), #1873, 'distance_accuracy_value', 'NONE');
#277 = VECTOR ( 'NONE', #423, 1000.000000000000000 ) ;
#278 = ORIENTED_EDGE ( 'NONE', *, *, #737, .T. ) ;
#279 = ADVANCED_FACE ( 'NONE', ( #1378 ), #472, .T. ) ;
#280 = CARTESIAN_POINT ( 'NONE',  ( 0.000000000000000000, 0.000000000000000000, 12.50000000000000000 ) ) ;
#281 = LINE ( 'NONE', #1508, #35 ) ;
#282 = ORIENTED_EDGE ( 'NONE', *, *, #1804, .F. ) ;
#283 = ORIENTED_EDGE ( 'NONE', *, *, #1616, .F. ) ;
#284 = AXIS2_PLACEMENT_3D ( 'NONE', #2214, #1662, #211 ) ;
#285 = DIRECTION ( 'NONE',  ( 0.000000000000000000, 0.000000000000000000, 1.000000000000000000 ) ) ;
#286 = CARTESIAN_POINT ( 'NONE',  ( 0.000000000000000000, 9.900000000000000355, 11.30000000000000071 ) ) ;
#287 =( BOUNDED_CURVE ( )  B_SPLINE_CURVE ( 3, ( #11, #1452, #1272, #1284 ),
 .UNSPECIFIED., .F., .F. )
 B_SPLINE_CURVE_WITH_KNOTS ( ( 4, 4 ),
 ( 3.141592653589793116, 3.727278197046941521 ),
 .UNSPECIFIED. )
 CURVE ( )  GEOMETRIC_REPRESENTATION_ITEM ( )  RATIONAL_B_SPLINE_CURVE ( ( 1.000000000000000000, 0.9716180718375589942, 0.9716180718375589942, 1.000000000000000000 ) )
 REPRESENTATION_ITEM ( '' )  );
#288 = COORDINATED_UNIVERSAL_TIME_OFFSET ( 4, 0, .AHEAD. ) ;
#289 = DIRECTION ( 'NONE',  ( -0.000000000000000000, -0.000000000000000000, 1.000000000000000000 ) ) ;
#290 = CARTESIAN_POINT ( 'NONE',  ( -0.6846798573831998080, 0.2683375209644607851, 12.40000000000000213 ) ) ;
#291 = ORIENTED_EDGE ( 'NONE', *, *, #1788, .T. ) ;
#292 = DIRECTION ( 'NONE',  ( 1.000000000000000000, 0.000000000000000000, -0.000000000000000000 ) ) ;
#293 = ORIENTED_EDGE ( 'NONE', *, *, #1440, .T. ) ;
#294 = CIRCLE ( 'NONE', #1474, 2.024999999999999023 ) ;
#295 = ADVANCED_FACE ( 'NONE', ( #297 ), #100, .F. ) ;
#296 = ORIENTED_EDGE ( 'NONE', *, *, #1516, .F. ) ;
#297 = FACE_OUTER_BOUND ( 'NONE', #509, .T. ) ;
#298 = DIRECTION ( 'NONE',  ( -1.885568995626964287E-16, 1.000000000000000000, -0.000000000000000000 ) ) ;
#299 = PERSON_AND_ORGANIZATION_ROLE ( 'design_owner' ) ;
#300 = CARTESIAN_POINT ( 'NONE',  ( 0.000000000000000000, 1.199999999999999956, 4.000000000000001776 ) ) ;
#301 = APPROVAL_PERSON_ORGANIZATION ( #1009, #1152, #1739 ) ;
#302 = CARTESIAN_POINT ( 'NONE',  ( -3.142414884302163536, 10.50000000000000178, 12.50000000000000000 ) ) ;
#303 = ORIENTED_EDGE ( 'NONE', *, *, #1371, .T. ) ;
#304 = ORIENTED_EDGE ( 'NONE', *, *, #2188, .T. ) ;
#305 = LINE ( 'NONE', #990, #686 ) ;
#306 = ORIENTED_EDGE ( 'NONE', *, *, #1075, .F. ) ;
#307 = ADVANCED_FACE ( 'NONE', ( #650 ), #1533, .F. ) ;
#308 = ORIENTED_EDGE ( 'NONE', *, *, #60, .F. ) ;
#309 = CARTESIAN_POINT ( 'NONE',  ( -6.299999999999999822, 11.10000000000000142, 0.7999999999999999334 ) ) ;
#310 = VECTOR ( 'NONE', #2338, 1000.000000000000000 ) ;
#311 = CARTESIAN_POINT ( 'NONE',  ( -4.342414884302164602, 10.50000000000000178, 12.50000000000000000 ) ) ;
#312 = DIRECTION ( 'NONE',  ( -6.505213034913024632E-16, -0.000000000000000000, -1.000000000000000000 ) ) ;
#313 = EDGE_LOOP ( 'NONE', ( #1433, #1709, #41, #1405 ) ) ;
#314 = DIRECTION ( 'NONE',  ( 1.000000000000000000, 0.000000000000000000, -0.000000000000000000 ) ) ;
#315 = ORIENTED_EDGE ( 'NONE', *, *, #657, .T. ) ;
#316 = ORIENTED_EDGE ( 'NONE', *, *, #2287, .F. ) ;
#317 = EDGE_CURVE ( 'NONE', #1257, #1410, #483, .T. ) ;
#318 = CARTESIAN_POINT ( 'NONE',  ( -0.6269448304642396552, 10.50000000000000178, 12.50000000000000000 ) ) ;
#319 = CARTESIAN_POINT ( 'NONE',  ( -3.122116817658410426, 6.884035637145239583, 12.46484271727760174 ) ) ;
#320 = CARTESIAN_POINT ( 'NONE',  ( -3.026944830464239011, 10.61884304870899065, 12.50000000000000000 ) ) ;
#321 = CARTESIAN_POINT ( 'NONE',  ( 0.000000000000000000, 0.000000000000000000, 12.50000000000000000 ) ) ;
#322 = VERTEX_POINT ( 'NONE', #318 ) ;
#323 = ORIENTED_EDGE ( 'NONE', *, *, #1902, .T. ) ;
#324 = CARTESIAN_POINT ( 'NONE',  ( -3.026944830464238567, 6.825195057078254912, 12.50000000000000178 ) ) ;
#325 = EDGE_CURVE ( 'NONE', #2094, #1626, #1517, .T. ) ;
#326 = ORIENTED_EDGE ( 'NONE', *, *, #453, .F. ) ;
#327 = CIRCLE ( 'NONE', #1469, 2.024999999999999023 ) ;
#328 = ORIENTED_EDGE ( 'NONE', *, *, #583, .T. ) ;
#329 = DIRECTION ( 'NONE',  ( 1.885568995626964287E-16, -1.000000000000000000, 0.000000000000000000 ) ) ;
#330 = DIRECTION ( 'NONE',  ( 1.000000000000000000, 0.000000000000000000, 0.000000000000000000 ) ) ;
#331 = PERSON_AND_ORGANIZATION_ROLE ( 'design_supplier' ) ;
#332 = LINE ( 'NONE', #849, #1494 ) ;
#333 = LOCAL_TIME ( 3, 58, 51.00000000000000000, #2088 ) ;
#334 = VECTOR ( 'NONE', #1473, 1000.000000000000000 ) ;
#335 = ORIENTED_EDGE ( 'NONE', *, *, #2068, .F. ) ;
#336 = ORIENTED_EDGE ( 'NONE', *, *, #1513, .F. ) ;
#337 = PLANE ( 'NONE',  #1019 ) ;
#338 = ORIENTED_EDGE ( 'NONE', *, *, #1756, .F. ) ;
#339 = ORIENTED_EDGE ( 'NONE', *, *, #918, .T. ) ;
#340 = EDGE_CURVE ( 'NONE', #1690, #2161, #597, .T. ) ;
#341 = CARTESIAN_POINT ( 'NONE',  ( -9.199999999999999289, 1.199999999999999956, 0.000000000000000000 ) ) ;
#342 = LINE ( 'NONE', #1060, #1462 ) ;
#343 = DIRECTION ( 'NONE',  ( -1.885568995626964287E-16, 1.000000000000000000, 0.000000000000000000 ) ) ;
#344 = EDGE_LOOP ( 'NONE', ( #2301, #154, #1943, #278, #1056, #2170, #2110, #1239, #1927, #952, #2276, #1801, #1920, #1418 ) ) ;
#345 = VECTOR ( 'NONE', #223, 1000.000000000000000 ) ;
#346 = EDGE_CURVE ( 'NONE', #888, #1775, #883, .T. ) ;
#347 = VERTEX_POINT ( 'NONE', #895 ) ;
#348 = LINE ( 'NONE', #1787, #2184 ) ;
#349 = ORIENTED_EDGE ( 'NONE', *, *, #1193, .F. ) ;
#350 = ADVANCED_FACE ( 'NONE', ( #1615 ), #2330, .F. ) ;
#351 = VERTEX_POINT ( 'NONE', #906 ) ;
#352 = CARTESIAN_POINT ( 'NONE',  ( -1.979847445408312908E-15, 10.50000000000000178, 12.50000000000000000 ) ) ;
#353 = AXIS2_PLACEMENT_3D ( 'NONE', #116, #822, #1556 ) ;
#354 = EDGE_CURVE ( 'NONE', #1999, #1428, #367, .T. ) ;
#355 = CARTESIAN_POINT ( 'NONE',  ( -7.846752005249070905, 10.73262660511138122, 12.46569296691827589 ) ) ;
#356 = FACE_OUTER_BOUND ( 'NONE', #1213, .T. ) ;
#357 = DIRECTION ( 'NONE',  ( 0.000000000000000000, 0.000000000000000000, -1.000000000000000000 ) ) ;
#358 = VECTOR ( 'NONE', #1310, 1000.000000000000000 ) ;
#359 = ORIENTED_EDGE ( 'NONE', *, *, #512, .F. ) ;
#360 = VERTEX_POINT ( 'NONE', #1268 ) ;
#361 = LINE ( 'NONE', #2198, #272 ) ;
#362 = AXIS2_PLACEMENT_3D ( 'NONE', #461, #1543, #2306 ) ;
#363 = ORIENTED_EDGE ( 'NONE', *, *, #1264, .T. ) ;
#364 = ORIENTED_EDGE ( 'NONE', *, *, #193, .F. ) ;
#365 = LINE ( 'NONE', #2005, #625 ) ;
#366 = ADVANCED_FACE ( 'NONE', ( #1792 ), #1805, .F. ) ;
#367 = LINE ( 'NONE', #1435, #209 ) ;
#368 = DIRECTION ( 'NONE',  ( -0.000000000000000000, -0.000000000000000000, 1.000000000000000000 ) ) ;
#369 = AXIS2_PLACEMENT_3D ( 'NONE', #1322, #357, #1808 ) ;
#370 = ORIENTED_EDGE ( 'NONE', *, *, #1932, .F. ) ;
#371 = ORIENTED_EDGE ( 'NONE', *, *, #340, .F. ) ;
#372 = LINE ( 'NONE', #1835, #310 ) ;
#373 = VERTEX_POINT ( 'NONE', #2138 ) ;
#374 = DIRECTION ( 'NONE',  ( 1.000000000000000000, 0.000000000000000000, -0.000000000000000000 ) ) ;
#375 =( BOUNDED_CURVE ( )  B_SPLINE_CURVE ( 3, ( #921, #1102, #762, #1827 ),
 .UNSPECIFIED., .F., .F. )
 B_SPLINE_CURVE_WITH_KNOTS ( ( 4, 4 ),
 ( 3.141592653589793116, 3.727278197046942854 ),
 .UNSPECIFIED. )
 CURVE ( )  GEOMETRIC_REPRESENTATION_ITEM ( )  RATIONAL_B_SPLINE_CURVE ( ( 1.000000000000000000, 0.9716180718375588832, 0.9716180718375588832, 1.000000000000000000 ) )
 REPRESENTATION_ITEM ( '' )  );
#376 = DIRECTION ( 'NONE',  ( -0.000000000000000000, -1.000000000000000000, -0.000000000000000000 ) ) ;
#377 = EDGE_CURVE ( 'NONE', #478, #203, #1601, .T. ) ;
#378 = FACE_OUTER_BOUND ( 'NONE', #1587, .T. ) ;
#379 = PLANE ( 'NONE',  #175 ) ;
#380 = CARTESIAN_POINT ( 'NONE',  ( 1.846786262534349632, 0.000000000000000000, 4.000000000000001776 ) ) ;
#381 = CARTESIAN_POINT ( 'NONE',  ( -3.084679857383200829, 6.737194114447921933, 12.40000000000000213 ) ) ;
#382 = CARTESIAN_POINT ( 'NONE',  ( -4.284679857383201451, 7.448999264786614560, 12.40000000000000213 ) ) ;
#383 = ORIENTED_EDGE ( 'NONE', *, *, #1804, .T. ) ;
#384 = PLANE ( 'NONE',  #471 ) ;
#385 = EDGE_LOOP ( 'NONE', ( #169, #420, #1205, #2146, #1306, #1571, #557, #1063, #1599, #190, #524, #1078, #316, #900 ) ) ;
#386 = DIRECTION ( 'NONE',  ( -0.8660254037844385966, -1.632950650801260438E-16, -0.5000000000000002220 ) ) ;
#387 = EDGE_LOOP ( 'NONE', ( #1843, #191, #1044, #661 ) ) ;
#388 = CARTESIAN_POINT ( 'NONE',  ( -6.626944830464239544, 10.50000000000000000, 12.50000000000000000 ) ) ;
#389 = AXIS2_PLACEMENT_3D ( 'NONE', #1229, #1045, #1781 ) ;
#390 = DIRECTION ( 'NONE',  ( 1.000000000000000000, 0.000000000000000000, 0.000000000000000000 ) ) ;
#391 = DIRECTION ( 'NONE',  ( 1.885568995626964287E-16, -1.000000000000000000, 0.000000000000000000 ) ) ;
#392 = EDGE_CURVE ( 'NONE', #1799, #28, #684, .T. ) ;
#393 = DIRECTION ( 'NONE',  ( 1.000000000000000000, 0.000000000000000000, 0.000000000000000000 ) ) ;
#394 = CARTESIAN_POINT ( 'NONE',  ( 0.000000000000000000, 0.5999999999999999778, 12.50000000000000000 ) ) ;
#395 = CARTESIAN_POINT ( 'NONE',  ( -4.342414884302163713, 3.541449550503914523, 12.50000000000000178 ) ) ;
#396 = EDGE_LOOP ( 'NONE', ( #1397, #803, #903, #1778 ) ) ;
#397 = VECTOR ( 'NONE', #581, 1000.000000000000000 ) ;
#398 = CARTESIAN_POINT ( 'NONE',  ( 0.000000000000000000, 0.000000000000000000, 12.50000000000000000 ) ) ;
#399 = EDGE_CURVE ( 'NONE', #1422, #428, #1719, .T. ) ;
#400 = ORIENTED_EDGE ( 'NONE', *, *, #399, .F. ) ;
#401 = AXIS2_PLACEMENT_3D ( 'NONE', #1453, #2178, #724 ) ;
#402 = EDGE_CURVE ( 'NONE', #671, #1799, #450, .T. ) ;
#403 = CARTESIAN_POINT ( 'NONE',  ( -1.300000000000001599, 11.10000000000000142, 0.7999999999999994893 ) ) ;
#404 = CARTESIAN_POINT ( 'NONE',  ( -3.084679857383199497, 0.2683375209644607295, 12.40000000000000213 ) ) ;
#405 = CARTESIAN_POINT ( 'NONE',  ( -1.884679857383201540, 10.83166247903554158, 12.40000000000000213 ) ) ;
#406 = CARTESIAN_POINT ( 'NONE',  ( -3.084679857383199941, 4.362805885552078600, 12.40000000000000213 ) ) ;
#407 = CARTESIAN_POINT ( 'NONE',  ( 0.000000000000000000, 0.000000000000000000, 12.50000000000000000 ) ) ;
#408 = VECTOR ( 'NONE', #212, 1000.000000000000000 ) ;
#409 = ORIENTED_EDGE ( 'NONE', *, *, #2194, .T. ) ;
#410 = DIRECTION ( 'NONE',  ( -1.885568995626964287E-16, 1.000000000000000000, 0.000000000000000000 ) ) ;
#411 = EDGE_LOOP ( 'NONE', ( #2207, #1973, #1735, #1721 ) ) ;
#412 = DIRECTION ( 'NONE',  ( -0.8660254037844385966, -1.632950650801260438E-16, -0.5000000000000002220 ) ) ;
#413 = DIRECTION ( 'NONE',  ( -1.885568995626964287E-16, 1.000000000000000000, -0.000000000000000000 ) ) ;
#414 = ADVANCED_FACE ( 'NONE', ( #1448 ), #2174, .T. ) ;
#415 = CARTESIAN_POINT ( 'NONE',  ( -9.199999999999999289, 0.000000000000000000, 11.30000000000000071 ) ) ;
#416 = DIRECTION ( 'NONE',  ( -1.885568995626964287E-16, 1.000000000000000000, -0.000000000000000000 ) ) ;
#417 = ORIENTED_EDGE ( 'NONE', *, *, #1342, .T. ) ;
#418 = CARTESIAN_POINT ( 'NONE',  ( -2.087706835767293878, 5.549999999999999822, 10.00000000000000178 ) ) ;
#419 = ADVANCED_FACE ( 'NONE', ( #378 ), #2189, .F. ) ;
#420 = ORIENTED_EDGE ( 'NONE', *, *, #1214, .T. ) ;
#421 = LINE ( 'NONE', #1164, #1657 ) ;
#422 = ADVANCED_FACE ( 'NONE', ( #1589 ), #506, .F. ) ;
#423 = DIRECTION ( 'NONE',  ( -1.000000000000000000, -0.000000000000000000, -0.000000000000000000 ) ) ;
#424 = CARTESIAN_POINT ( 'NONE',  ( -5.446752005249071438, 10.73262660511138122, 12.46569296691827589 ) ) ;
#425 = DIRECTION ( 'NONE',  ( -1.000000000000000000, -1.885568995626964287E-16, 0.000000000000000000 ) ) ;
#426 = EDGE_CURVE ( 'NONE', #1986, #778, #2329, .T. ) ;
#427 = DIRECTION ( 'NONE',  ( -0.5000000000000001110, 0.000000000000000000, 0.8660254037844384856 ) ) ;
#428 = VERTEX_POINT ( 'NONE', #46 ) ;
#429 = CARTESIAN_POINT ( 'NONE',  ( -9.199999999999999289, 0.000000000000000000, 4.000000000000000000 ) ) ;
#430 = AXIS2_PLACEMENT_3D ( 'NONE', #861, #1034, #1617 ) ;
#431 = DIRECTION ( 'NONE',  ( -0.5000000000000001110, 0.000000000000000000, 0.8660254037844384856 ) ) ;
#432 =( BOUNDED_CURVE ( )  B_SPLINE_CURVE ( 3, ( #1862, #236, #950, #1141 ),
 .UNSPECIFIED., .F., .F. )
 B_SPLINE_CURVE_WITH_KNOTS ( ( 4, 4 ),
 ( 5.697499763722436938, 6.283185307179586232 ),
 .UNSPECIFIED. )
 CURVE ( )  GEOMETRIC_REPRESENTATION_ITEM ( )  RATIONAL_B_SPLINE_CURVE ( ( 1.000000000000000000, 0.9716180718375588832, 0.9716180718375588832, 1.000000000000000000 ) )
 REPRESENTATION_ITEM ( '' )  );
#433 = CARTESIAN_POINT ( 'NONE',  ( -4.284679857383200563, 0.000000000000000000, 12.40000000000000213 ) ) ;
#434 = CARTESIAN_POINT ( 'NONE',  ( -6.299999999999999822, 11.10000000000000142, 4.000000000000000000 ) ) ;
#435 = EDGE_CURVE ( 'NONE', #1351, #866, #760, .T. ) ;
#436 = CARTESIAN_POINT ( 'NONE',  ( 0.000000000000000000, 0.000000000000000000, 0.000000000000000000 ) ) ;
#437 = FACE_OUTER_BOUND ( 'NONE', #792, .T. ) ;
#438 = VECTOR ( 'NONE', #613, 1000.000000000000000 ) ;
#439 = PLANE ( 'NONE',  #1411 ) ;
#440 = EDGE_CURVE ( 'NONE', #1054, #1348, #2039, .T. ) ;
#441 = EDGE_CURVE ( 'NONE', #1176, #1013, #747, .T. ) ;
#442 = ORIENTED_EDGE ( 'NONE', *, *, #1882, .T. ) ;
#443 = AXIS2_PLACEMENT_3D ( 'NONE', #1090, #563, #48 ) ;
#444 = DIRECTION ( 'NONE',  ( 0.000000000000000000, 1.000000000000000000, 0.000000000000000000 ) ) ;
#445 = ORIENTED_EDGE ( 'NONE', *, *, #2081, .F. ) ;
#446 = VERTEX_POINT ( 'NONE', #1650 ) ;
#447 = VECTOR ( 'NONE', #1295, 1000.000000000000000 ) ;
#448 = MANIFOLD_SOLID_BREP ( 'LPattern1', #1315 ) ;
#449 = CARTESIAN_POINT ( 'NONE',  ( -9.199999999999999289, 0.000000000000000000, 11.30000000000000071 ) ) ;
#450 =( BOUNDED_CURVE ( )  B_SPLINE_CURVE ( 3, ( #1069, #1629, #1816, #1994 ),
 .UNSPECIFIED., .F., .F. )
 B_SPLINE_CURVE_WITH_KNOTS ( ( 4, 4 ),
 ( 5.697499763722437827, 6.283185307179586232 ),
 .UNSPECIFIED. )
 CURVE ( )  GEOMETRIC_REPRESENTATION_ITEM ( )  RATIONAL_B_SPLINE_CURVE ( ( 1.000000000000000000, 0.9716180718375589942, 0.9716180718375589942, 1.000000000000000000 ) )
 REPRESENTATION_ITEM ( '' )  );
#451 = CYLINDRICAL_SURFACE ( 'NONE', #2311, 1.649999999999991696 ) ;
#452 = CARTESIAN_POINT ( 'NONE',  ( -7.884679857383199320, -1.734723475976807094E-15, 12.40000000000000213 ) ) ;
#453 = EDGE_CURVE ( 'NONE', #1454, #647, #837, .T. ) ;
#454 = CARTESIAN_POINT ( 'NONE',  ( -7.884679857383199320, 0.2683375209644609516, 12.40000000000000213 ) ) ;
#455 = ORIENTED_EDGE ( 'NONE', *, *, #1438, .F. ) ;
#456 = CARTESIAN_POINT ( 'NONE',  ( -5.426944830464238478, 7.398455367967663676, 12.50000000000000178 ) ) ;
#457 = FACE_OUTER_BOUND ( 'NONE', #470, .T. ) ;
#458 = ORIENTED_EDGE ( 'NONE', *, *, #435, .F. ) ;
#459 = ORIENTED_EDGE ( 'NONE', *, *, #440, .F. ) ;
#460 = VECTOR ( 'NONE', #1358, 1000.000000000000000 ) ;
#461 = CARTESIAN_POINT ( 'NONE',  ( -4.599999999999999645, 5.549999999999999822, 10.00000000000000178 ) ) ;
#462 = CARTESIAN_POINT ( 'NONE',  ( -3.084679857383199497, 0.2683375209644607295, 12.40000000000000213 ) ) ;
#463 = CARTESIAN_POINT ( 'NONE',  ( -2.100000000000000089, 0.000000000000000000, 0.8000000000000000444 ) ) ;
#464 = LINE ( 'NONE', #823, #2212 ) ;
#465 = VECTOR ( 'NONE', #508, 1000.000000000000000 ) ;
#466 = EDGE_CURVE ( 'NONE', #2155, #215, #1779, .T. ) ;
#467 = ORIENTED_EDGE ( 'NONE', *, *, #882, .F. ) ;
#468 = CARTESIAN_POINT ( 'NONE',  ( 0.000000000000000000, 0.5999999999999999778, 12.50000000000000000 ) ) ;
#469 = ORIENTED_EDGE ( 'NONE', *, *, #512, .T. ) ;
#470 = EDGE_LOOP ( 'NONE', ( #370, #732, #1130, #2328 ) ) ;
#471 = AXIS2_PLACEMENT_3D ( 'NONE', #532, #1258, #1987 ) ;
#472 = CYLINDRICAL_SURFACE ( 'NONE', #2137, 2.512293164232706211 ) ;
#473 = LINE ( 'NONE', #1534, #75 ) ;
#474 = CARTESIAN_POINT ( 'NONE',  ( -4.599999999999999645, 5.549999999999999822, 12.50000000000000000 ) ) ;
#475 = VECTOR ( 'NONE', #285, 1000.000000000000000 ) ;
#476 = CARTESIAN_POINT ( 'NONE',  ( -4.599999999999999645, 5.549999999999999822, 10.00000000000000178 ) ) ;
#477 = DIRECTION ( 'NONE',  ( -0.4999999999999996114, 0.000000000000000000, -0.8660254037844388186 ) ) ;
#478 = VERTEX_POINT ( 'NONE', #1869 ) ;
#479 = CARTESIAN_POINT ( 'NONE',  ( -9.199999999999999289, 1.199999999999999956, 11.30000000000000071 ) ) ;
#480 = ORIENTED_EDGE ( 'NONE', *, *, #612, .T. ) ;
#481 = AXIS2_PLACEMENT_3D ( 'NONE', #101, #2246, #135 ) ;
#482 = EDGE_LOOP ( 'NONE', ( #455, #1004, #856, #1978 ) ) ;
#483 = LINE ( 'NONE', #1206, #1108 ) ;
#484 = CARTESIAN_POINT ( 'NONE',  ( -1.979847445408312908E-15, 10.50000000000000178, 12.50000000000000000 ) ) ;
#485 = CARTESIAN_POINT ( 'NONE',  ( -3.046752005249070638, 10.73262660511138300, 12.46569296691827589 ) ) ;
#486 = CARTESIAN_POINT ( 'NONE',  ( -1.300000000000002043, 0.000000000000000000, 5.878304635907295197E-16 ) ) ;
#487 = ORIENTED_EDGE ( 'NONE', *, *, #2127, .F. ) ;
#488 = ORIENTED_EDGE ( 'NONE', *, *, #854, .T. ) ;
#489 = DIRECTION ( 'NONE',  ( 0.000000000000000000, 0.000000000000000000, -1.000000000000000000 ) ) ;
#490 = EDGE_CURVE ( 'NONE', #215, #705, #246, .T. ) ;
#491 = ORIENTED_EDGE ( 'NONE', *, *, #1075, .T. ) ;
#492 = ORIENTED_EDGE ( 'NONE', *, *, #1759, .T. ) ;
#493 = DIRECTION ( 'NONE',  ( -1.885568995626964287E-16, 1.000000000000000000, -0.000000000000000000 ) ) ;
#494 = DIRECTION ( 'NONE',  ( -1.084202172485504187E-16, 0.000000000000000000, -1.000000000000000000 ) ) ;
#495 = COORDINATED_UNIVERSAL_TIME_OFFSET ( 4, 0, .AHEAD. ) ;
#496 = EDGE_CURVE ( 'NONE', #1774, #2220, #1703, .T. ) ;
#497 = VECTOR ( 'NONE', #1926, 1000.000000000000000 ) ;
#498 = CARTESIAN_POINT ( 'NONE',  ( -7.899999999999999467, 0.000000000000000000, 4.000000000000000000 ) ) ;
#499 = CARTESIAN_POINT ( 'NONE',  ( -1.300000000000002487, 1.199999999999999956, -5.139118297581287862E-15 ) ) ;
#500 = ORIENTED_EDGE ( 'NONE', *, *, #2325, .F. ) ;
#501 = ADVANCED_FACE ( 'NONE', ( #957 ), #227, .F. ) ;
#502 = VERTEX_POINT ( 'NONE', #596 ) ;
#503 = CARTESIAN_POINT ( 'NONE',  ( -7.900000000000002132, 1.199999999999999956, 0.8000000000000005995 ) ) ;
#504 = ORIENTED_EDGE ( 'NONE', *, *, #972, .T. ) ;
#505 = ORIENTED_EDGE ( 'NONE', *, *, #1516, .T. ) ;
#506 = PLANE ( 'NONE',  #389 ) ;
#507 = CARTESIAN_POINT ( 'NONE',  ( -5.542414884302163003, 3.757660973519313163, 12.50000000000000178 ) ) ;
#508 = DIRECTION ( 'NONE',  ( 1.000000000000000000, 0.000000000000000000, -0.000000000000000000 ) ) ;
#509 = EDGE_LOOP ( 'NONE', ( #513, #492, #2066, #1127 ) ) ;
#510 = ORIENTED_EDGE ( 'NONE', *, *, #767, .F. ) ;
#511 = CARTESIAN_POINT ( 'NONE',  ( -2.100000000000000089, 0.000000000000000000, 0.000000000000000000 ) ) ;
#512 = EDGE_CURVE ( 'NONE', #955, #697, #1341, .T. ) ;
#513 = ORIENTED_EDGE ( 'NONE', *, *, #2239, .T. ) ;
#514 = ORIENTED_EDGE ( 'NONE', *, *, #1438, .T. ) ;
#515 = VECTOR ( 'NONE', #1301, 1000.000000000000000 ) ;
#516 = CARTESIAN_POINT ( 'NONE',  ( -7.899999999999999467, 11.10000000000000142, 4.000000000000000000 ) ) ;
#517 = CARTESIAN_POINT ( 'NONE',  ( -9.199999999999999289, 11.09999999999999964, 11.30000000000000071 ) ) ;
#518 = CARTESIAN_POINT ( 'NONE',  ( -4.599999999999999645, 5.549999999999999822, 12.50000000000000178 ) ) ;
#519 = PRODUCT ( 'pad', 'pad', '', ( #1198 ) ) ;
#520 = ADVANCED_FACE ( 'NONE', ( #1133 ), #773, .F. ) ;
#521 = ORIENTED_EDGE ( 'NONE', *, *, #13, .F. ) ;
#522 = ORIENTED_EDGE ( 'NONE', *, *, #392, .F. ) ;
#523 = DIRECTION ( 'NONE',  ( -0.000000000000000000, 1.000000000000000000, -0.000000000000000000 ) ) ;
#524 = ORIENTED_EDGE ( 'NONE', *, *, #834, .T. ) ;
#525 = VERTEX_POINT ( 'NONE', #1297 ) ;
#526 = CARTESIAN_POINT ( 'NONE',  ( -2.100000000000000089, 11.10000000000000142, 0.8000000000000000444 ) ) ;
#527 = DIRECTION ( 'NONE',  ( -0.4999999999999996114, 0.000000000000000000, -0.8660254037844388186 ) ) ;
#528 = DIRECTION ( 'NONE',  ( 0.000000000000000000, -1.000000000000000000, 0.000000000000000000 ) ) ;
#529 = CARTESIAN_POINT ( 'NONE',  ( -6.249999999999988454, 5.549999999999999822, 12.12500000000000000 ) ) ;
#530 = CARTESIAN_POINT ( 'NONE',  ( -5.542414884302162115, 0.5999999999999999778, 12.50000000000000000 ) ) ;
#531 = ORIENTED_EDGE ( 'NONE', *, *, #1683, .F. ) ;
#532 = CARTESIAN_POINT ( 'NONE',  ( 0.000000000000000000, 0.000000000000000000, 12.50000000000000000 ) ) ;
#533 = VERTEX_POINT ( 'NONE', #1497 ) ;
#534 = CARTESIAN_POINT ( 'NONE',  ( -9.199999999999999289, 0.000000000000000000, 11.30000000000000071 ) ) ;
#535 = EDGE_CURVE ( 'NONE', #360, #1456, #1588, .T. ) ;
#536 = VERTEX_POINT ( 'NONE', #1320 ) ;
#537 = ORIENTED_EDGE ( 'NONE', *, *, #589, .T. ) ;
#538 = LINE ( 'NONE', #709, #45 ) ;
#539 = VECTOR ( 'NONE', #1545, 1000.000000000000000 ) ;
#540 = CARTESIAN_POINT ( 'NONE',  ( -7.826944830464237945, 0.5999999999999999778, 12.50000000000000000 ) ) ;
#541 = CARTESIAN_POINT ( 'NONE',  ( 0.000000000000000000, 0.000000000000000000, 11.30000000000000071 ) ) ;
#542 = FACE_OUTER_BOUND ( 'NONE', #344, .T. ) ;
#543 = ORIENTED_EDGE ( 'NONE', *, *, #402, .F. ) ;
#544 = ORIENTED_EDGE ( 'NONE', *, *, #160, .T. ) ;
#545 = FACE_OUTER_BOUND ( 'NONE', #1622, .T. ) ;
#546 = ADVANCED_FACE ( 'NONE', ( #77 ), #1860, .F. ) ;
#547 = ORIENTED_EDGE ( 'NONE', *, *, #2173, .T. ) ;
#548 = CARTESIAN_POINT ( 'NONE',  ( 0.000000000000000000, 0.000000000000000000, 12.50000000000000000 ) ) ;
#549 = VECTOR ( 'NONE', #266, 1000.000000000000000 ) ;
#550 = CARTESIAN_POINT ( 'NONE',  ( -1.300000000000002043, 11.10000000000000142, 5.878304635907295197E-16 ) ) ;
#551 = LINE ( 'NONE', #1100, #1421 ) ;
#552 = CARTESIAN_POINT ( 'NONE',  ( -7.899999999999999467, 11.10000000000000142, 4.000000000000000000 ) ) ;
#553 = CARTESIAN_POINT ( 'NONE',  ( 0.000000000000000000, 1.199999999999999956, 0.000000000000000000 ) ) ;
#554 = VECTOR ( 'NONE', #416, 1000.000000000000000 ) ;
#555 = CARTESIAN_POINT ( 'NONE',  ( -2.899999999999999467, 11.10000000000000142, 4.000000000000000888 ) ) ;
#556 = ORIENTED_EDGE ( 'NONE', *, *, #1228, .F. ) ;
#557 = ORIENTED_EDGE ( 'NONE', *, *, #1938, .T. ) ;
#558 = CC_DESIGN_APPROVAL ( #222, ( #117 ) ) ;
#559 = LINE ( 'NONE', #511, #569 ) ;
#560 = VERTEX_POINT ( 'NONE', #1140 ) ;
#561 = ADVANCED_FACE ( 'NONE', ( #1698 ), #783, .F. ) ;
#562 = DIRECTION ( 'NONE',  ( 1.000000000000000000, 0.000000000000000000, 2.551063935260009998E-16 ) ) ;
#563 = DIRECTION ( 'NONE',  ( 0.000000000000000000, -1.000000000000000000, 0.000000000000000000 ) ) ;
#564 = EDGE_CURVE ( 'NONE', #2336, #955, #1968, .T. ) ;
#565 = LINE ( 'NONE', #555, #2000 ) ;
#566 = ORIENTED_EDGE ( 'NONE', *, *, #1861, .T. ) ;
#567 = EDGE_CURVE ( 'NONE', #1373, #2134, #1890, .T. ) ;
#568 = CARTESIAN_POINT ( 'NONE',  ( -7.900000000000002132, 0.000000000000000000, 0.8000000000000005995 ) ) ;
#569 = VECTOR ( 'NONE', #523, 1000.000000000000000 ) ;
#570 = ORIENTED_EDGE ( 'NONE', *, *, #564, .T. ) ;
#571 = CARTESIAN_POINT ( 'NONE',  ( -3.026944830464237235, 0.5999999999999999778, 12.50000000000000000 ) ) ;
#572 = VECTOR ( 'NONE', #1354, 1000.000000000000000 ) ;
#573 = CARTESIAN_POINT ( 'NONE',  ( -3.953515882530390435, 0.000000000000000000, 12.97359283008153064 ) ) ;
#574 = CARTESIAN_POINT ( 'NONE',  ( -0.7424148843021620703, 0.5999999999999999778, 12.50000000000000000 ) ) ;
#575 = DIRECTION ( 'NONE',  ( 0.000000000000000000, 0.000000000000000000, -1.000000000000000000 ) ) ;
#576 = CARTESIAN_POINT ( 'NONE',  ( -5.426944830464239367, 10.50000000000000000, 12.50000000000000000 ) ) ;
#577 = ORIENTED_EDGE ( 'NONE', *, *, #1059, .F. ) ;
#578 = CIRCLE ( 'NONE', #989, 0.8000000000000000444 ) ;
#579 = LINE ( 'NONE', #1145, #2090 ) ;
#580 = ORIENTED_EDGE ( 'NONE', *, *, #654, .T. ) ;
#581 = DIRECTION ( 'NONE',  ( 8.673617379884035472E-16, -0.000000000000000000, 1.000000000000000000 ) ) ;
#582 = VECTOR ( 'NONE', #587, 1000.000000000000000 ) ;
#583 = EDGE_CURVE ( 'NONE', #202, #1893, #1660, .T. ) ;
#584 = DIRECTION ( 'NONE',  ( -0.000000000000000000, -1.000000000000000000, -0.000000000000000000 ) ) ;
#585 = DIRECTION ( 'NONE',  ( -7.047314121155778821E-15, 0.000000000000000000, -1.000000000000000000 ) ) ;
#586 = DIRECTION ( 'NONE',  ( -1.000000000000000000, -0.000000000000000000, -0.000000000000000000 ) ) ;
#587 = DIRECTION ( 'NONE',  ( -0.000000000000000000, 1.000000000000000000, -0.000000000000000000 ) ) ;
#588 = LINE ( 'NONE', #2041, #554 ) ;
#589 = EDGE_CURVE ( 'NONE', #2130, #804, #44, .T. ) ;
#590 = VECTOR ( 'NONE', #586, 1000.000000000000000 ) ;
#591 = ORIENTED_EDGE ( 'NONE', *, *, #1687, .T. ) ;
#592 = DIRECTION ( 'NONE',  ( 0.000000000000000000, 0.000000000000000000, 1.000000000000000000 ) ) ;
#593 = EDGE_CURVE ( 'NONE', #25, #2106, #538, .T. ) ;
#594 = EDGE_LOOP ( 'NONE', ( #852, #1166, #1998, #1877 ) ) ;
#595 = LINE ( 'NONE', #1319, #1878 ) ;
#596 = CARTESIAN_POINT ( 'NONE',  ( -2.099999999999999645, 11.09999999999999964, 0.000000000000000000 ) ) ;
#597 =( BOUNDED_CURVE ( )  B_SPLINE_CURVE ( 3, ( #1412, #1423, #1058, #184 ),
 .UNSPECIFIED., .F., .F. )
 B_SPLINE_CURVE_WITH_KNOTS ( ( 4, 4 ),
 ( 5.697499763722437827, 6.283185307179586232 ),
 .UNSPECIFIED. )
 CURVE ( )  GEOMETRIC_REPRESENTATION_ITEM ( )  RATIONAL_B_SPLINE_CURVE ( ( 1.000000000000000000, 0.9716180718375589942, 0.9716180718375589942, 1.000000000000000000 ) )
 REPRESENTATION_ITEM ( '' )  );
#598 = PLANE ( 'NONE',  #1123 ) ;
#599 = LINE ( 'NONE', #1898, #733 ) ;
#600 = CARTESIAN_POINT ( 'NONE',  ( -1.942414884302161804, -3.662557282484493257E-16, 12.50000000000000000 ) ) ;
#601 = ORIENTED_EDGE ( 'NONE', *, *, #1296, .F. ) ;
#602 = CIRCLE ( 'NONE', #1716, 0.5999999999999998668 ) ;
#603 = CARTESIAN_POINT ( 'NONE',  ( -2.899999999999999911, 1.199999999999999956, 0.8000000000000001554 ) ) ;
#604 = EDGE_CURVE ( 'NONE', #478, #373, #905, .T. ) ;
#605 = CARTESIAN_POINT ( 'NONE',  ( -3.026944830464236791, 0.4811569512910108815, 12.49999999999999822 ) ) ;
#606 = DIRECTION ( 'NONE',  ( 0.000000000000000000, -1.000000000000000000, 0.000000000000000000 ) ) ;
#607 = PERSON_AND_ORGANIZATION ( #812, #1851 ) ;
#608 = ADVANCED_FACE ( 'NONE', ( #2015 ), #1251, .T. ) ;
#609 = CARTESIAN_POINT ( 'NONE',  ( -4.599999999999999645, 5.549999999999999822, 12.50000000000000178 ) ) ;
#610 = DIRECTION ( 'NONE',  ( 1.000000000000000000, 0.000000000000000000, 0.000000000000000000 ) ) ;
#611 = ORIENTED_EDGE ( 'NONE', *, *, #2208, .F. ) ;
#612 = EDGE_CURVE ( 'NONE', #1178, #770, #1993, .T. ) ;
#613 = DIRECTION ( 'NONE',  ( -0.000000000000000000, -1.000000000000000000, -0.000000000000000000 ) ) ;
#614 = VERTEX_POINT ( 'NONE', #388 ) ;
#615 = VERTEX_POINT ( 'NONE', #1121 ) ;
#616 = FACE_OUTER_BOUND ( 'NONE', #2183, .T. ) ;
#617 = DIRECTION ( 'NONE',  ( -0.000000000000000000, -0.000000000000000000, 1.000000000000000000 ) ) ;
#618 = DIRECTION ( 'NONE',  ( 0.000000000000000000, -1.000000000000000000, 0.000000000000000000 ) ) ;
#619 = ORIENTED_EDGE ( 'NONE', *, *, #43, .T. ) ;
#620 = CARTESIAN_POINT ( 'NONE',  ( -4.226944830464239189, 7.540340383070855523, 12.50000000000000178 ) ) ;
#621 = CARTESIAN_POINT ( 'NONE',  ( -6.299999999999999822, 11.10000000000000142, 4.000000000000000000 ) ) ;
#622 = ORIENTED_EDGE ( 'NONE', *, *, #632, .F. ) ;
#623 = ORIENTED_EDGE ( 'NONE', *, *, #959, .F. ) ;
#624 = CC_DESIGN_PERSON_AND_ORGANIZATION_ASSIGNMENT ( #807, #91, ( #1051 ) ) ;
#625 = VECTOR ( 'NONE', #376, 1000.000000000000000 ) ;
#626 = CARTESIAN_POINT ( 'NONE',  ( -4.246752005249070372, 10.73262660511138300, 12.46569296691827589 ) ) ;
#627 = CARTESIAN_POINT ( 'NONE',  ( -7.884679857383199320, -1.734723475976807094E-15, 12.40000000000000213 ) ) ;
#628 = PERSON_AND_ORGANIZATION ( #812, #1851 ) ;
#629 = DIRECTION ( 'NONE',  ( 1.084202172485504187E-16, 0.000000000000000000, 1.000000000000000000 ) ) ;
#630 = CARTESIAN_POINT ( 'NONE',  ( -5.446471659835541601, 7.352667912263383343, 12.46617853941817700 ) ) ;
#631 = EDGE_LOOP ( 'NONE', ( #1043, #1079, #1853, #1761 ) ) ;
#632 = EDGE_CURVE ( 'NONE', #2161, #1150, #1627, .T. ) ;
#633 = DIRECTION ( 'NONE',  ( 1.885568995626966752E-16, -1.000000000000000000, 0.000000000000000000 ) ) ;
#634 = CARTESIAN_POINT ( 'NONE',  ( -6.299999999999999822, 1.199999999999999734, 0.7999999999999999334 ) ) ;
#635 = VERTEX_POINT ( 'NONE', #746 ) ;
#636 = ORIENTED_EDGE ( 'NONE', *, *, #2185, .T. ) ;
#637 = VECTOR ( 'NONE', #1557, 1000.000000000000000 ) ;
#638 = LINE ( 'NONE', #983, #1603 ) ;
#639 = CARTESIAN_POINT ( 'NONE',  ( -4.226944830464238301, -7.970196118549042149E-16, 12.50000000000000000 ) ) ;
#640 = PERSON_AND_ORGANIZATION ( #812, #1851 ) ;
#641 = LINE ( 'NONE', #1199, #643 ) ;
#642 = CARTESIAN_POINT ( 'NONE',  ( -0.6269448304642376568, 0.5999999999999999778, 12.50000000000000000 ) ) ;
#643 = VECTOR ( 'NONE', #1689, 1000.000000000000000 ) ;
#644 = ORIENTED_EDGE ( 'NONE', *, *, #2180, .T. ) ;
#645 = LINE ( 'NONE', #1398, #138 ) ;
#646 = ORIENTED_EDGE ( 'NONE', *, *, #2026, .F. ) ;
#647 = VERTEX_POINT ( 'NONE', #571 ) ;
#648 = EDGE_CURVE ( 'NONE', #1003, #224, #365, .T. ) ;
#649 = VECTOR ( 'NONE', #2192, 1000.000000000000000 ) ;
#650 = FACE_OUTER_BOUND ( 'NONE', #1136, .T. ) ;
#651 = CARTESIAN_POINT ( 'NONE',  ( -3.046223794234648174, 4.304049268584020815, 12.46660785523237003 ) ) ;
#652 = CARTESIAN_POINT ( 'NONE',  ( 0.000000000000000000, 9.900000000000000355, 4.000000000000001776 ) ) ;
#653 = DIRECTION ( 'NONE',  ( 0.000000000000000000, -1.000000000000000000, -0.000000000000000000 ) ) ;
#654 = EDGE_CURVE ( 'NONE', #904, #1820, #226, .T. ) ;
#655 = CARTESIAN_POINT ( 'NONE',  ( -5.542414884302164779, 10.50000000000000000, 12.50000000000000000 ) ) ;
#656 = VERTEX_POINT ( 'NONE', #1649 ) ;
#657 = EDGE_CURVE ( 'NONE', #1003, #1422, #225, .T. ) ;
#658 = CARTESIAN_POINT ( 'NONE',  ( -9.199999999999999289, 9.900000000000000355, 0.000000000000000000 ) ) ;
#659 = ORIENTED_EDGE ( 'NONE', *, *, #13, .T. ) ;
#660 = AXIS2_PLACEMENT_3D ( 'NONE', #541, #393, #1663 ) ;
#661 = ORIENTED_EDGE ( 'NONE', *, *, #2034, .F. ) ;
#662 = LINE ( 'NONE', #2071, #887 ) ;
#663 = CARTESIAN_POINT ( 'NONE',  ( -3.142414884302163536, 6.955727793883339061, 12.50000000000000178 ) ) ;
#664 = APPROVAL_ROLE ( '' ) ;
#665 = EDGE_CURVE ( 'NONE', #1117, #1388, #2172, .T. ) ;
#666 = DIRECTION ( 'NONE',  ( 1.000000000000000000, 0.000000000000000000, 0.000000000000000000 ) ) ;
#667 = CARTESIAN_POINT ( 'NONE',  ( -5.484679857383201629, 10.83166247903553980, 12.40000000000000213 ) ) ;
#668 = EDGE_LOOP ( 'NONE', ( #1327, #537, #1203, #1172 ) ) ;
#669 = ORIENTED_EDGE ( 'NONE', *, *, #186, .T. ) ;
#670 = CARTESIAN_POINT ( 'NONE',  ( -3.084679857383200829, 6.737194114447921933, 12.40000000000000213 ) ) ;
#671 = VERTEX_POINT ( 'NONE', #1838 ) ;
#672 = VERTEX_POINT ( 'NONE', #2163 ) ;
#673 = CARTESIAN_POINT ( 'NONE',  ( -4.284679857383200563, 0.2683375209644605075, 12.40000000000000213 ) ) ;
#674 = VECTOR ( 'NONE', #105, 1000.000000000000000 ) ;
#675 = CARTESIAN_POINT ( 'NONE',  ( -6.299999999999999822, 0.000000000000000000, 0.7999999999999999334 ) ) ;
#676 = EDGE_CURVE ( 'NONE', #502, #1864, #1033, .T. ) ;
#677 = VERTEX_POINT ( 'NONE', #96 ) ;
#678 = VECTOR ( 'NONE', #8, 1000.000000000000000 ) ;
#679 = ORIENTED_EDGE ( 'NONE', *, *, #1204, .F. ) ;
#680 = DIRECTION ( 'NONE',  ( -1.000000000000000000, 0.000000000000000000, 0.000000000000000000 ) ) ;
#681 =( BOUNDED_CURVE ( )  B_SPLINE_CURVE ( 3, ( #3, #2182, #1647, #27 ),
 .UNSPECIFIED., .F., .F. )
 B_SPLINE_CURVE_WITH_KNOTS ( ( 4, 4 ),
 ( 3.141592653589793116, 3.727278197046943298 ),
 .UNSPECIFIED. )
 CURVE ( )  GEOMETRIC_REPRESENTATION_ITEM ( )  RATIONAL_B_SPLINE_CURVE ( ( 1.000000000000000000, 0.9716180718375586611, 0.9716180718375586611, 1.000000000000000000 ) )
 REPRESENTATION_ITEM ( '' )  );
#682 = ORIENTED_EDGE ( 'NONE', *, *, #490, .T. ) ;
#683 = VERTEX_POINT ( 'NONE', #85 ) ;
#684 = LINE ( 'NONE', #22, #1180 ) ;
#685 = ADVANCED_FACE ( 'NONE', ( #1139 ), #1891, .T. ) ;
#686 = VECTOR ( 'NONE', #1570, 1000.000000000000000 ) ;
#687 = FACE_OUTER_BOUND ( 'NONE', #1611, .T. ) ;
#688 = CARTESIAN_POINT ( 'NONE',  ( -7.884679857383201096, 10.83166247903553980, 12.40000000000000213 ) ) ;
#689 = DIRECTION ( 'NONE',  ( -0.000000000000000000, -0.000000000000000000, 1.000000000000000000 ) ) ;
#690 = CARTESIAN_POINT ( 'NONE',  ( 4.336808689942017736E-16, 11.10000000000000142, 4.000000000000001776 ) ) ;
#691 = AXIS2_PLACEMENT_3D ( 'NONE', #548, #2003, #374 ) ;
#692 = ORIENTED_EDGE ( 'NONE', *, *, #981, .T. ) ;
#693 = CARTESIAN_POINT ( 'NONE',  ( -5.503920996395183174, 7.287236182850375776, 12.43332663036424890 ) ) ;
#694 = ORIENTED_EDGE ( 'NONE', *, *, #703, .T. ) ;
#695 = CARTESIAN_POINT ( 'NONE',  ( -9.199999999999999289, 0.000000000000000000, 11.90000000000000036 ) ) ;
#696 = ORIENTED_EDGE ( 'NONE', *, *, #186, .F. ) ;
#697 = VERTEX_POINT ( 'NONE', #1868 ) ;
#698 = CARTESIAN_POINT ( 'NONE',  ( -7.899999999999999467, 0.000000000000000000, 4.000000000000000000 ) ) ;
#699 = CARTESIAN_POINT ( 'NONE',  ( -7.826944830464239722, 10.61884304870898887, 12.50000000000000000 ) ) ;
#700 = FACE_OUTER_BOUND ( 'NONE', #396, .T. ) ;
#701 = DIRECTION ( 'NONE',  ( 0.000000000000000000, 0.000000000000000000, 1.000000000000000000 ) ) ;
#702 = DIRECTION ( 'NONE',  ( 0.000000000000000000, -0.000000000000000000, 1.000000000000000000 ) ) ;
#703 = EDGE_CURVE ( 'NONE', #1442, #904, #1147, .T. ) ;
#704 = ORIENTED_EDGE ( 'NONE', *, *, #676, .F. ) ;
#705 = VERTEX_POINT ( 'NONE', #1858 ) ;
#706 = DIRECTION ( 'NONE',  ( 1.000000000000000000, 0.000000000000000000, -0.000000000000000000 ) ) ;
#707 = ORIENTED_EDGE ( 'NONE', *, *, #126, .F. ) ;
#708 = VERTEX_POINT ( 'NONE', #1539 ) ;
#709 = CARTESIAN_POINT ( 'NONE',  ( 1.846786262534349632, 11.10000000000000142, 4.000000000000001776 ) ) ;
#710 = DIRECTION ( 'NONE',  ( 0.000000000000000000, -0.000000000000000000, 1.000000000000000000 ) ) ;
#711 = CARTESIAN_POINT ( 'NONE',  ( -6.722607709517329333, 0.3673733948886186429, 12.46569296691827589 ) ) ;
#712 = LINE ( 'NONE', #1234, #68 ) ;
#713 = CIRCLE ( 'NONE', #1334, 0.5999999999999998668 ) ;
#714 = ORIENTED_EDGE ( 'NONE', *, *, #1228, .T. ) ;
#715 = VERTEX_POINT ( 'NONE', #1328 ) ;
#716 = DIRECTION ( 'NONE',  ( -1.000000000000000000, 0.000000000000000000, -2.551063935260009998E-16 ) ) ;
#717 = ORIENTED_EDGE ( 'NONE', *, *, #2278, .F. ) ;
#718 = ORIENTED_EDGE ( 'NONE', *, *, #1193, .T. ) ;
#719 = CARTESIAN_POINT ( 'NONE',  ( -1.826944830464237057, 0.4811569512910108815, 12.49999999999999822 ) ) ;
#720 = DIRECTION ( 'NONE',  ( -0.000000000000000000, -0.000000000000000000, 1.000000000000000000 ) ) ;
#721 = LINE ( 'NONE', #1651, #358 ) ;
#722 = DIRECTION ( 'NONE',  ( -0.8660254037844385966, -1.632950650801260438E-16, -0.5000000000000002220 ) ) ;
#723 = CARTESIAN_POINT ( 'NONE',  ( -5.522607709517330044, 0.3673733948886184764, 12.46569296691827411 ) ) ;
#724 = DIRECTION ( 'NONE',  ( -0.4999999999999996114, 0.000000000000000000, -0.8660254037844388186 ) ) ;
#725 = VECTOR ( 'NONE', #1833, 1000.000000000000000 ) ;
#726 = VERTEX_POINT ( 'NONE', #2234 ) ;
#727 = EDGE_CURVE ( 'NONE', #177, #224, #421, .T. ) ;
#728 = ORIENTED_EDGE ( 'NONE', *, *, #657, .F. ) ;
#729 = VECTOR ( 'NONE', #734, 1000.000000000000000 ) ;
#730 = CC_DESIGN_PERSON_AND_ORGANIZATION_ASSIGNMENT ( #1807, #1232, ( #117 ) ) ;
#731 = LINE ( 'NONE', #916, #2285 ) ;
#732 = ORIENTED_EDGE ( 'NONE', *, *, #1149, .F. ) ;
#733 = VECTOR ( 'NONE', #263, 1000.000000000000000 ) ;
#734 = DIRECTION ( 'NONE',  ( 0.000000000000000000, 0.000000000000000000, -1.000000000000000000 ) ) ;
#735 = CARTESIAN_POINT ( 'NONE',  ( -1.884679857383199542, 0.2683375209644607295, 12.40000000000000213 ) ) ;
#736 = LINE ( 'NONE', #2029, #2070 ) ;
#737 = EDGE_CURVE ( 'NONE', #203, #2315, #1707, .T. ) ;
#738 = VECTOR ( 'NONE', #2237, 1000.000000000000000 ) ;
#739 = LINE ( 'NONE', #1126, #1773 ) ;
#740 = EDGE_CURVE ( 'NONE', #1645, #683, #243, .T. ) ;
#741 = ORIENTED_EDGE ( 'NONE', *, *, #245, .T. ) ;
#742 = AXIS2_PLACEMENT_3D ( 'NONE', #436, #1523, #2115 ) ;
#743 = CARTESIAN_POINT ( 'NONE',  ( -5.484679857383199852, -1.734723475976807094E-15, 12.40000000000000213 ) ) ;
#744 = VECTOR ( 'NONE', #893, 1000.000000000000000 ) ;
#745 = ORIENTED_EDGE ( 'NONE', *, *, #865, .F. ) ;
#746 = CARTESIAN_POINT ( 'NONE',  ( -2.950000000000011724, 5.549999999999999822, 12.12500000000000000 ) ) ;
#747 = LINE ( 'NONE', #2028, #1479 ) ;
#748 = CARTESIAN_POINT ( 'NONE',  ( -9.199999999999999289, 9.900000000000000355, 4.000000000000000000 ) ) ;
#749 = CYLINDRICAL_SURFACE ( 'NONE', #1510, 0.5999999999999998668 ) ;
#750 = DIRECTION ( 'NONE',  ( -0.5000000000000001110, 0.000000000000000000, 0.8660254037844384856 ) ) ;
#751 = LINE ( 'NONE', #1842, #738 ) ;
#752 = EDGE_CURVE ( 'NONE', #1278, #1730, #327, .T. ) ;
#753 = ORIENTED_EDGE ( 'NONE', *, *, #1095, .F. ) ;
#754 = EDGE_CURVE ( 'NONE', #536, #1810, #1039, .T. ) ;
#755 = LINE ( 'NONE', #788, #1979 ) ;
#756 = AXIS2_PLACEMENT_3D ( 'NONE', #1356, #1155, #1554 ) ;
#757 = ORIENTED_EDGE ( 'NONE', *, *, #2128, .F. ) ;
#758 = DIRECTION ( 'NONE',  ( -0.4999999999999996114, 0.000000000000000000, -0.8660254037844388186 ) ) ;
#759 = EDGE_CURVE ( 'NONE', #1893, #1294, #1339, .T. ) ;
#760 = LINE ( 'NONE', #1309, #277 ) ;
#761 = AXIS2_PLACEMENT_3D ( 'NONE', #1143, #81, #2247 ) ;
#762 = CARTESIAN_POINT ( 'NONE',  ( -0.7226077095173307763, 0.3673733948886183653, 12.46569296691827411 ) ) ;
#763 = EDGE_CURVE ( 'NONE', #1822, #1257, #1909, .T. ) ;
#764 = FACE_OUTER_BOUND ( 'NONE', #1201, .T. ) ;
#765 = CARTESIAN_POINT ( 'NONE',  ( -0.6846798573832019175, 10.83166247903554158, 12.40000000000000213 ) ) ;
#766 = EDGE_LOOP ( 'NONE', ( #409, #291, #153, #459 ) ) ;
#767 = EDGE_CURVE ( 'NONE', #2314, #1420, #595, .T. ) ;
#768 = VECTOR ( 'NONE', #2093, 1000.000000000000000 ) ;
#769 = DIRECTION ( 'NONE',  ( 0.000000000000000000, 0.000000000000000000, 1.000000000000000000 ) ) ;
#770 = VERTEX_POINT ( 'NONE', #978 ) ;
#771 = VECTOR ( 'NONE', #1115, 1000.000000000000000 ) ;
#772 = CARTESIAN_POINT ( 'NONE',  ( -5.426944830464239367, 10.50000000000000000, 12.50000000000000000 ) ) ;
#773 = PLANE ( 'NONE',  #2201 ) ;
#774 = DIRECTION ( 'NONE',  ( -0.8660254037844385966, -1.632950650801260438E-16, -0.5000000000000002220 ) ) ;
#775 = CYLINDRICAL_SURFACE ( 'NONE', #2233, 0.8000000000000000444 ) ;
#776 = CARTESIAN_POINT ( 'NONE',  ( 0.000000000000000000, 0.5999999999999999778, 12.50000000000000000 ) ) ;
#777 = VECTOR ( 'NONE', #1724, 1000.000000000000000 ) ;
#778 = VERTEX_POINT ( 'NONE', #55 ) ;
#779 = ADVANCED_FACE ( 'NONE', ( #457 ), #1175, .T. ) ;
#780 = CARTESIAN_POINT ( 'NONE',  ( -0.7226077095173328857, 10.73262660511138300, 12.46569296691827589 ) ) ;
#781 = EDGE_LOOP ( 'NONE', ( #364, #1992, #1718, #2119 ) ) ;
#782 = CARTESIAN_POINT ( 'NONE',  ( -4.226944830464239189, 7.540340383070855523, 12.50000000000000178 ) ) ;
#783 = PLANE ( 'NONE',  #2271 ) ;
#784 = LINE ( 'NONE', #1757, #475 ) ;
#785 = CARTESIAN_POINT ( 'NONE',  ( -7.100000000000000533, 0.000000000000000000, 0.8000000000000000444 ) ) ;
#786 = PLANE ( 'NONE',  #1182 ) ;
#787 = EDGE_CURVE ( 'NONE', #1294, #1607, #281, .T. ) ;
#788 = CARTESIAN_POINT ( 'NONE',  ( -7.900000000000002132, 9.900000000000000355, -1.127570259384922245E-15 ) ) ;
#789 = ORIENTED_EDGE ( 'NONE', *, *, #1908, .F. ) ;
#790 = VECTOR ( 'NONE', #1597, 1000.000000000000000 ) ;
#791 = DIRECTION ( 'NONE',  ( 0.000000000000000000, -1.000000000000000000, -0.000000000000000000 ) ) ;
#792 = EDGE_LOOP ( 'NONE', ( #2147, #2265, #1352, #669, #1318, #1547, #2042, #1966, #141, #544, #303, #1057, #349 ) ) ;
#793 = VERTEX_POINT ( 'NONE', #234 ) ;
#794 = DIRECTION ( 'NONE',  ( -1.084202172485504187E-16, 0.000000000000000000, -1.000000000000000000 ) ) ;
#795 = LINE ( 'NONE', #484, #2197 ) ;
#796 = PLANE ( 'NONE',  #756 ) ;
#797 = PLANE ( 'NONE',  #977 ) ;
#798 = ADVANCED_FACE ( 'NONE', ( #991 ), #1496, .F. ) ;
#799 = VERTEX_POINT ( 'NONE', #603 ) ;
#800 = CC_DESIGN_DATE_AND_TIME_ASSIGNMENT ( #1783, #1243, ( #117 ) ) ;
#801 = VECTOR ( 'NONE', #1253, 1000.000000000000000 ) ;
#802 = DIRECTION ( 'NONE',  ( -1.885568995626964287E-16, 1.000000000000000000, 0.000000000000000000 ) ) ;
#803 = ORIENTED_EDGE ( 'NONE', *, *, #1396, .T. ) ;
#804 = VERTEX_POINT ( 'NONE', #772 ) ;
#805 = DIRECTION ( 'NONE',  ( -0.4999999999999996114, 0.000000000000000000, -0.8660254037844388186 ) ) ;
#806 = CARTESIAN_POINT ( 'NONE',  ( -3.084679857383199941, 4.362805885552078600, 12.40000000000000213 ) ) ;
#807 = PERSON_AND_ORGANIZATION ( #812, #1851 ) ;
#808 = CARTESIAN_POINT ( 'NONE',  ( -4.342414884302162825, -8.187922871989209024E-16, 12.50000000000000000 ) ) ;
#809 = ADVANCED_FACE ( 'NONE', ( #1148 ), #2038, .F. ) ;
#810 = CARTESIAN_POINT ( 'NONE',  ( -7.942414884302164246, 10.50000000000000000, 12.50000000000000000 ) ) ;
#811 = VECTOR ( 'NONE', #1135, 1000.000000000000000 ) ;
#812 = PERSON ( 'UNSPECIFIED', 'UNSPECIFIED', 'UNSPECIFIED', ('UNSPECIFIED'), ('UNSPECIFIED'), ('UNSPECIFIED') ) ;
#813 = ORIENTED_EDGE ( 'NONE', *, *, #1837, .T. ) ;
#814 = DIRECTION ( 'NONE',  ( -0.000000000000000000, -0.000000000000000000, 1.000000000000000000 ) ) ;
#815 = CARTESIAN_POINT ( 'NONE',  ( -5.484679857383201629, 10.83166247903553980, 12.40000000000000213 ) ) ;
#816 = ORIENTED_EDGE ( 'NONE', *, *, #1882, .F. ) ;
#817 = VERTEX_POINT ( 'NONE', #1682 ) ;
#818 = PRODUCT_DEFINITION_FORMATION_WITH_SPECIFIED_SOURCE ( 'ANY', '', #519, .NOT_KNOWN. ) ;
#819 = CARTESIAN_POINT ( 'NONE',  ( -7.112293164232705855, 5.549999999999999822, 10.00000000000000178 ) ) ;
#820 = FACE_OUTER_BOUND ( 'NONE', #781, .T. ) ;
#821 = DATE_AND_TIME ( #1184, #333 ) ;
#822 = DIRECTION ( 'NONE',  ( -1.885568995626964287E-16, 1.000000000000000000, 0.000000000000000000 ) ) ;
#823 = CARTESIAN_POINT ( 'NONE',  ( -1.300000000000002043, 11.10000000000000142, 5.878304635907295197E-16 ) ) ;
#824 = EDGE_CURVE ( 'NONE', #1068, #1422, #2275, .T. ) ;
#825 = ORIENTED_EDGE ( 'NONE', *, *, #2004, .T. ) ;
#826 = CARTESIAN_POINT ( 'NONE',  ( -7.899999999999999467, 11.10000000000000142, 4.000000000000000000 ) ) ;
#827 = VERTEX_POINT ( 'NONE', #815 ) ;
#828 = ORIENTED_EDGE ( 'NONE', *, *, #2180, .F. ) ;
#829 = EDGE_CURVE ( 'NONE', #799, #923, #1732, .T. ) ;
#830 = DIRECTION ( 'NONE',  ( 0.000000000000000000, 1.000000000000000000, 0.000000000000000000 ) ) ;
#831 = LINE ( 'NONE', #846, #801 ) ;
#832 = APPROVAL_STATUS ( 'not_yet_approved' ) ;
#833 = CARTESIAN_POINT ( 'NONE',  ( -7.942414884302164246, 10.61884304870898887, 12.50000000000000000 ) ) ;
#834 = EDGE_CURVE ( 'NONE', #351, #1722, #2304, .T. ) ;
#835 = LINE ( 'NONE', #2091, #497 ) ;
#836 = CIRCLE ( 'NONE', #2291, 0.8000000000000000444 ) ;
#837 =( BOUNDED_CURVE ( )  B_SPLINE_CURVE ( 3, ( #404, #1112, #605, #1684 ),
 .UNSPECIFIED., .F., .F. )
 B_SPLINE_CURVE_WITH_KNOTS ( ( 4, 4 ),
 ( 5.697499763722436938, 6.283185307179586232 ),
 .UNSPECIFIED. )
 CURVE ( )  GEOMETRIC_REPRESENTATION_ITEM ( )  RATIONAL_B_SPLINE_CURVE ( ( 1.000000000000000000, 0.9716180718375588832, 0.9716180718375588832, 1.000000000000000000 ) )
 REPRESENTATION_ITEM ( '' )  );
#838 = ADVANCED_FACE ( 'NONE', ( #437 ), #1276, .F. ) ;
#839 = VERTEX_POINT ( 'NONE', #300 ) ;
#840 = DIRECTION ( 'NONE',  ( 0.000000000000000000, 1.000000000000000000, 0.000000000000000000 ) ) ;
#841 = EDGE_LOOP ( 'NONE', ( #231, #2292, #1892, #52 ) ) ;
#842 = ORIENTED_EDGE ( 'NONE', *, *, #2173, .F. ) ;
#843 = EDGE_CURVE ( 'NONE', #2130, #672, #599, .T. ) ;
#844 = VECTOR ( 'NONE', #1293, 1000.000000000000000 ) ;
#845 = CARTESIAN_POINT ( 'NONE',  ( -4.342414884302163713, 3.541449550503914523, 12.50000000000000178 ) ) ;
#846 = CARTESIAN_POINT ( 'NONE',  ( -7.899999999999999467, 11.10000000000000142, 4.000000000000000000 ) ) ;
#847 = PERSON_AND_ORGANIZATION ( #812, #1851 ) ;
#848 = APPLICATION_CONTEXT ( 'configuration controlled 3d designs of mechanical parts and assemblies' ) ;
#849 = CARTESIAN_POINT ( 'NONE',  ( -4.284679857383200563, 0.000000000000000000, 12.40000000000000213 ) ) ;
#850 = CARTESIAN_POINT ( 'NONE',  ( -3.142414884302161759, -5.925240077236850401E-16, 12.50000000000000000 ) ) ;
#851 = AXIS2_PLACEMENT_3D ( 'NONE', #1350, #791, #1529 ) ;
#852 = ORIENTED_EDGE ( 'NONE', *, *, #1788, .F. ) ;
#853 = DIRECTION ( 'NONE',  ( 0.000000000000000000, -1.000000000000000000, -0.000000000000000000 ) ) ;
#854 = EDGE_CURVE ( 'NONE', #215, #2155, #2064, .T. ) ;
#855 =( BOUNDED_CURVE ( )  B_SPLINE_CURVE ( 3, ( #2332, #162, #1255, #311 ),
 .UNSPECIFIED., .F., .F. )
 B_SPLINE_CURVE_WITH_KNOTS ( ( 4, 4 ),
 ( 5.697499763722435162, 6.283185307179586232 ),
 .UNSPECIFIED. )
 CURVE ( )  GEOMETRIC_REPRESENTATION_ITEM ( )  RATIONAL_B_SPLINE_CURVE ( ( 1.000000000000000000, 0.9716180718375586611, 0.9716180718375586611, 1.000000000000000000 ) )
 REPRESENTATION_ITEM ( '' )  );
#856 = ORIENTED_EDGE ( 'NONE', *, *, #996, .T. ) ;
#857 = VECTOR ( 'NONE', #2191, 1000.000000000000000 ) ;
#858 = EDGE_LOOP ( 'NONE', ( #338, #323, #1105, #611, #591, #166, #1596, #2199, #1490, #1445 ) ) ;
#859 = EDGE_CURVE ( 'NONE', #1581, #1428, #2282, .T. ) ;
#860 = CARTESIAN_POINT ( 'NONE',  ( -1.553515882530389858, 0.000000000000000000, 12.97359283008153064 ) ) ;
#861 = CARTESIAN_POINT ( 'NONE',  ( -9.199999999999999289, 1.199999999999999956, 0.000000000000000000 ) ) ;
#862 = AXIS2_PLACEMENT_3D ( 'NONE', #573, #67, #939 ) ;
#863 = CARTESIAN_POINT ( 'NONE',  ( -9.199999999999999289, 0.000000000000000000, 12.50000000000000000 ) ) ;
#864 = DIRECTION ( 'NONE',  ( 0.000000000000000000, 0.000000000000000000, 1.000000000000000000 ) ) ;
#865 = EDGE_CURVE ( 'NONE', #1249, #1889, #104, .T. ) ;
#866 = VERTEX_POINT ( 'NONE', #1514 ) ;
#867 = ORIENTED_EDGE ( 'NONE', *, *, #1010, .F. ) ;
#868 = CARTESIAN_POINT ( 'NONE',  ( -3.065471301524615555, 6.766623179791470655, 12.43327019468709693 ) ) ;
#869 = ORIENTED_EDGE ( 'NONE', *, *, #466, .F. ) ;
#870 = EDGE_LOOP ( 'NONE', ( #156, #704, #2222, #168 ) ) ;
#871 = DIRECTION ( 'NONE',  ( -1.000000000000000000, 0.000000000000000000, 0.000000000000000000 ) ) ;
#872 = DIRECTION ( 'NONE',  ( 0.000000000000000000, 0.000000000000000000, 1.000000000000000000 ) ) ;
#873 = AXIS2_PLACEMENT_3D ( 'NONE', #321, #864, #1772 ) ;
#874 = LINE ( 'NONE', #498, #1795 ) ;
#875 = CARTESIAN_POINT ( 'NONE',  ( -2.950000000000008171, 5.549999999999999822, 12.50000000000000000 ) ) ;
#876 = ORIENTED_EDGE ( 'NONE', *, *, #1521, .T. ) ;
#877 = ORIENTED_EDGE ( 'NONE', *, *, #1616, .T. ) ;
#878 = VECTOR ( 'NONE', #425, 1000.000000000000000 ) ;
#879 = DIRECTION ( 'NONE',  ( -0.000000000000000000, 1.000000000000000000, -0.000000000000000000 ) ) ;
#880 = ORIENTED_EDGE ( 'NONE', *, *, #325, .F. ) ;
#881 = LINE ( 'NONE', #1894, #572 ) ;
#882 = EDGE_CURVE ( 'NONE', #2326, #614, #1156, .T. ) ;
#883 = LINE ( 'NONE', #341, #678 ) ;
#884 = AXIS2_PLACEMENT_3D ( 'NONE', #1583, #1776, #314 ) ;
#885 = CARTESIAN_POINT ( 'NONE',  ( -9.199999999999999289, 1.199999999999999956, 4.000000000000001776 ) ) ;
#886 = LINE ( 'NONE', #1221, #465 ) ;
#887 = VECTOR ( 'NONE', #2086, 1000.000000000000000 ) ;
#888 = VERTEX_POINT ( 'NONE', #275 ) ;
#889 = EDGE_LOOP ( 'NONE', ( #979, #1634, #1813, #283 ) ) ;
#890 = CARTESIAN_POINT ( 'NONE',  ( -6.742414884302164069, 10.50000000000000000, 12.50000000000000000 ) ) ;
#891 = ORIENTED_EDGE ( 'NONE', *, *, #859, .F. ) ;
#892 = DIRECTION ( 'NONE',  ( 1.000000000000000000, 0.000000000000000000, 0.000000000000000000 ) ) ;
#893 = DIRECTION ( 'NONE',  ( -1.000000000000000000, -1.885568995626964287E-16, 0.000000000000000000 ) ) ;
#894 = AXIS2_PLACEMENT_3D ( 'NONE', #922, #1654, #2228 ) ;
#895 = CARTESIAN_POINT ( 'NONE',  ( -6.626944830464238656, 0.5999999999999999778, 12.50000000000000000 ) ) ;
#896 = CARTESIAN_POINT ( 'NONE',  ( -7.942414884302160694, 0.4811569512910114366, 12.50000000000000000 ) ) ;
#897 = CARTESIAN_POINT ( 'NONE',  ( -6.742414884302161404, 0.4811569512910114366, 12.50000000000000000 ) ) ;
#898 = CARTESIAN_POINT ( 'NONE',  ( -1.979847445408312908E-15, 10.50000000000000178, 12.50000000000000000 ) ) ;
#899 = LOCAL_TIME ( 3, 58, 51.00000000000000000, #115 ) ;
#900 = ORIENTED_EDGE ( 'NONE', *, *, #1186, .F. ) ;
#901 = ORIENTED_EDGE ( 'NONE', *, *, #1204, .T. ) ;
#902 = CARTESIAN_POINT ( 'NONE',  ( 0.000000000000000000, 0.5999999999999999778, 11.90000000000000036 ) ) ;
#903 = ORIENTED_EDGE ( 'NONE', *, *, #249, .F. ) ;
#904 = VERTEX_POINT ( 'NONE', #986 ) ;
#905 = LINE ( 'NONE', #403, #2078 ) ;
#906 = CARTESIAN_POINT ( 'NONE',  ( -2.899999999999999911, 0.000000000000000000, 0.8000000000000001554 ) ) ;
#907 = CARTESIAN_POINT ( 'NONE',  ( -1.942414884302162026, 0.4811569512910112145, 12.49999999999999822 ) ) ;
#908 = ADVANCED_FACE ( 'NONE', ( #1344 ), #786, .F. ) ;
#909 = CARTESIAN_POINT ( 'NONE',  ( -5.484679857383200741, 3.840331450268672508, 12.40000000000000213 ) ) ;
#910 = DIRECTION ( 'NONE',  ( -0.000000000000000000, -0.000000000000000000, 1.000000000000000000 ) ) ;
#911 = DIRECTION ( 'NONE',  ( 6.505213034913024632E-16, 0.000000000000000000, 1.000000000000000000 ) ) ;
#912 = AXIS2_PLACEMENT_3D ( 'NONE', #398, #769, #51 ) ;
#913 = EDGE_CURVE ( 'NONE', #202, #1607, #1886, .T. ) ;
#914 = ORIENTED_EDGE ( 'NONE', *, *, #1656, .T. ) ;
#915 = EDGE_LOOP ( 'NONE', ( #2092, #1625, #1406, #1192 ) ) ;
#916 = CARTESIAN_POINT ( 'NONE',  ( -7.100000000000001421, 1.199999999999999734, 0.000000000000000000 ) ) ;
#917 = ORIENTED_EDGE ( 'NONE', *, *, #959, .T. ) ;
#918 = EDGE_CURVE ( 'NONE', #705, #525, #2177, .T. ) ;
#919 = CARTESIAN_POINT ( 'NONE',  ( -4.284679857383201451, 3.651000735213385084, 12.40000000000000213 ) ) ;
#920 = PLANE ( 'NONE',  #1269 ) ;
#921 = CARTESIAN_POINT ( 'NONE',  ( -0.7424148843021620703, 0.5999999999999999778, 12.50000000000000000 ) ) ;
#922 = CARTESIAN_POINT ( 'NONE',  ( -4.599999999999999645, 5.549999999999999822, 12.50000000000000000 ) ) ;
#923 = VERTEX_POINT ( 'NONE', #1714 ) ;
#924 = CARTESIAN_POINT ( 'NONE',  ( -2.099999999999999645, 0.000000000000000000, 0.000000000000000000 ) ) ;
#925 = FACE_OUTER_BOUND ( 'NONE', #1096, .T. ) ;
#926 = ORIENTED_EDGE ( 'NONE', *, *, #767, .T. ) ;
#927 = AXIS2_PLACEMENT_3D ( 'NONE', #463, #1702, #1925 ) ;
#928 = CARTESIAN_POINT ( 'NONE',  ( -4.599999999999999645, 5.549999999999999822, 10.00000000000000178 ) ) ;
#929 = DIRECTION ( 'NONE',  ( -0.5000000000000001110, 0.000000000000000000, 0.8660254037844384856 ) ) ;
#930 =( BOUNDED_CURVE ( )  B_SPLINE_CURVE ( 3, ( #454, #1209, #1728, #1170 ),
 .UNSPECIFIED., .F., .F. )
 B_SPLINE_CURVE_WITH_KNOTS ( ( 4, 4 ),
 ( 5.697499763722437827, 6.283185307179586232 ),
 .UNSPECIFIED. )
 CURVE ( )  GEOMETRIC_REPRESENTATION_ITEM ( )  RATIONAL_B_SPLINE_CURVE ( ( 1.000000000000000000, 0.9716180718375589942, 0.9716180718375589942, 1.000000000000000000 ) )
 REPRESENTATION_ITEM ( '' )  );
#931 = CARTESIAN_POINT ( 'NONE',  ( -0.6846798573831998080, 0.000000000000000000, 12.40000000000000213 ) ) ;
#932 = ADVANCED_FACE ( 'NONE', ( #2051 ), #1524, .F. ) ;
#933 = DIRECTION ( 'NONE',  ( 0.000000000000000000, 0.000000000000000000, 1.000000000000000000 ) ) ;
#934 = ORIENTED_EDGE ( 'NONE', *, *, #2325, .T. ) ;
#935 = CARTESIAN_POINT ( 'NONE',  ( -4.342414884302164602, 10.50000000000000178, 12.50000000000000000 ) ) ;
#936 = VECTOR ( 'NONE', #413, 1000.000000000000000 ) ;
#937 = ORIENTED_EDGE ( 'NONE', *, *, #354, .T. ) ;
#938 = EDGE_CURVE ( 'NONE', #614, #2253, #1985, .T. ) ;
#939 = DIRECTION ( 'NONE',  ( -0.4999999999999996114, 0.000000000000000000, -0.8660254037844388186 ) ) ;
#940 = CARTESIAN_POINT ( 'NONE',  ( -1.942414884302163802, 10.50000000000000178, 12.50000000000000000 ) ) ;
#941 = LINE ( 'NONE', #415, #771 ) ;
#942 = CARTESIAN_POINT ( 'NONE',  ( 0.000000000000000000, 0.000000000000000000, 12.50000000000000000 ) ) ;
#943 = EDGE_LOOP ( 'NONE', ( #521, #1866, #1752, #646 ) ) ;
#944 = CARTESIAN_POINT ( 'NONE',  ( -9.199999999999999289, 0.000000000000000000, 4.000000000000000000 ) ) ;
#945 = CIRCLE ( 'NONE', #2322, 0.8000000000000000444 ) ;
#946 = ORIENTED_EDGE ( 'NONE', *, *, #1163, .F. ) ;
#947 = DIRECTION ( 'NONE',  ( -0.5000000000000001110, 0.000000000000000000, 0.8660254037844384856 ) ) ;
#948 = DIRECTION ( 'NONE',  ( -0.000000000000000000, -0.000000000000000000, 1.000000000000000000 ) ) ;
#949 = EDGE_CURVE ( 'NONE', #28, #1249, #1681, .T. ) ;
#950 = CARTESIAN_POINT ( 'NONE',  ( -6.742414884302164957, 10.61884304870898710, 12.49999999999999822 ) ) ;
#951 = DIRECTION ( 'NONE',  ( 1.000000000000000000, 0.000000000000000000, 0.000000000000000000 ) ) ;
#952 = ORIENTED_EDGE ( 'NONE', *, *, #1908, .T. ) ;
#953 = VECTOR ( 'NONE', #1231, 1000.000000000000000 ) ;
#954 = DIRECTION ( 'NONE',  ( 0.000000000000000000, 0.000000000000000000, -1.000000000000000000 ) ) ;
#955 = VERTEX_POINT ( 'NONE', #1169 ) ;
#956 = DIRECTION ( 'NONE',  ( 0.000000000000000000, 1.000000000000000000, 0.000000000000000000 ) ) ;
#957 = FACE_OUTER_BOUND ( 'NONE', #2080, .T. ) ;
#958 = AXIS2_PLACEMENT_3D ( 'NONE', #1905, #956, #258 ) ;
#959 = EDGE_CURVE ( 'NONE', #647, #726, #1185, .T. ) ;
#960 = CARTESIAN_POINT ( 'NONE',  ( -2.899999999999999467, 0.000000000000000000, 4.000000000000000888 ) ) ;
#961 = FACE_OUTER_BOUND ( 'NONE', #594, .T. ) ;
#962 = APPROVAL_STATUS ( 'not_yet_approved' ) ;
#963 = DIRECTION ( 'NONE',  ( 0.000000000000000000, 0.000000000000000000, -1.000000000000000000 ) ) ;
#964 = VECTOR ( 'NONE', #1197, 1000.000000000000000 ) ;
#965 = FACE_OUTER_BOUND ( 'NONE', #631, .T. ) ;
#966 = ORIENTED_EDGE ( 'NONE', *, *, #1005, .T. ) ;
#967 = CARTESIAN_POINT ( 'NONE',  ( -1.884679857383199542, 0.000000000000000000, 12.40000000000000213 ) ) ;
#968 = ORIENTED_EDGE ( 'NONE', *, *, #1283, .T. ) ;
#969 = CARTESIAN_POINT ( 'NONE',  ( 0.000000000000000000, 11.10000000000000142, 11.90000000000000036 ) ) ;
#970 = CARTESIAN_POINT ( 'NONE',  ( -6.299999999999999822, 1.199999999999999956, 0.7999999999999999334 ) ) ;
#971 = CARTESIAN_POINT ( 'NONE',  ( -2.575000000000001066, 5.549999999999999822, 12.50000000000000178 ) ) ;
#972 = EDGE_CURVE ( 'NONE', #373, #502, #1563, .T. ) ;
#973 = DIRECTION ( 'NONE',  ( 1.000000000000000000, 0.000000000000000000, 0.000000000000000000 ) ) ;
#974 = CC_DESIGN_PERSON_AND_ORGANIZATION_ASSIGNMENT ( #607, #299, ( #519 ) ) ;
#975 = LINE ( 'NONE', #499, #460 ) ;
#976 = ORIENTED_EDGE ( 'NONE', *, *, #270, .F. ) ;
#977 = AXIS2_PLACEMENT_3D ( 'NONE', #1383, #2079, #477 ) ;
#978 = CARTESIAN_POINT ( 'NONE',  ( -7.899999999999999467, 9.900000000000000355, 4.000000000000000000 ) ) ;
#979 = ORIENTED_EDGE ( 'NONE', *, *, #150, .T. ) ;
#980 = ORIENTED_EDGE ( 'NONE', *, *, #913, .T. ) ;
#981 = EDGE_CURVE ( 'NONE', #2134, #1635, #641, .T. ) ;
#982 = VECTOR ( 'NONE', #273, 1000.000000000000000 ) ;
#983 = CARTESIAN_POINT ( 'NONE',  ( -3.084679857383199497, 0.000000000000000000, 12.40000000000000213 ) ) ;
#984 = LINE ( 'NONE', #90, #2113 ) ;
#985 = APPLICATION_PROTOCOL_DEFINITION ( 'international standard', 'config_control_design', 1994, #1580 ) ;
#986 = CARTESIAN_POINT ( 'NONE',  ( -7.100000000000001421, 11.09999999999999964, 0.000000000000000000 ) ) ;
#987 = CARTESIAN_POINT ( 'NONE',  ( -4.226944830464239189, 3.559659616929144565, 12.50000000000000178 ) ) ;
#988 = ORIENTED_EDGE ( 'NONE', *, *, #1431, .T. ) ;
#989 = AXIS2_PLACEMENT_3D ( 'NONE', #1046, #161, #872 ) ;
#990 = CARTESIAN_POINT ( 'NONE',  ( -7.826944830464237945, -1.475824450280611210E-15, 12.50000000000000000 ) ) ;
#991 = FACE_OUTER_BOUND ( 'NONE', #1265, .T. ) ;
#992 = ORIENTED_EDGE ( 'NONE', *, *, #2194, .F. ) ;
#993 = EDGE_LOOP ( 'NONE', ( #163, #2273, #577, #1582 ) ) ;
#994 = CARTESIAN_POINT ( 'NONE',  ( -5.503920996395182286, 3.812763817149624312, 12.43332663036424890 ) ) ;
#995 = CARTESIAN_POINT ( 'NONE',  ( -7.899999999999999467, 11.10000000000000142, 4.000000000000000000 ) ) ;
#996 = EDGE_CURVE ( 'NONE', #708, #778, #71, .T. ) ;
#997 = CARTESIAN_POINT ( 'NONE',  ( -3.026944830464237679, -5.707513323796684512E-16, 12.50000000000000000 ) ) ;
#998 = DIRECTION ( 'NONE',  ( 0.000000000000000000, -1.000000000000000000, -0.000000000000000000 ) ) ;
#999 = AXIS2_PLACEMENT_3D ( 'NONE', #407, #2050, #2021 ) ;
#1000 = ORIENTED_EDGE ( 'NONE', *, *, #2250, .T. ) ;
#1001 = LINE ( 'NONE', #1742, #1991 ) ;
#1002 = EDGE_CURVE ( 'NONE', #708, #1777, #2219, .T. ) ;
#1003 = VERTEX_POINT ( 'NONE', #1593 ) ;
#1004 = ORIENTED_EDGE ( 'NONE', *, *, #2272, .T. ) ;
#1005 = EDGE_CURVE ( 'NONE', #1029, #1774, #332, .T. ) ;
#1006 = ADVANCED_FACE ( 'NONE', ( #1576 ), #1935, .T. ) ;
#1007 = CARTESIAN_POINT ( 'NONE',  ( -6.299999999999999822, 0.000000000000000000, 4.000000000000000000 ) ) ;
#1008 = DIRECTION ( 'NONE',  ( 1.000000000000000000, 0.000000000000000000, -8.673617379884034486E-16 ) ) ;
#1009 = PERSON_AND_ORGANIZATION ( #812, #1851 ) ;
#1010 = EDGE_CURVE ( 'NONE', #1626, #2241, #1171, .T. ) ;
#1011 = CARTESIAN_POINT ( 'NONE',  ( -2.753515882530389813, 0.000000000000000000, 12.97359283008153064 ) ) ;
#1012 = DIRECTION ( 'NONE',  ( 0.000000000000000000, 0.000000000000000000, -1.000000000000000000 ) ) ;
#1013 = VERTEX_POINT ( 'NONE', #529 ) ;
#1014 = VERTEX_POINT ( 'NONE', #2310 ) ;
#1015 = LINE ( 'NONE', #131, #1144 ) ;
#1016 =( BOUNDED_CURVE ( )  B_SPLINE_CURVE ( 3, ( #1746, #113, #626, #1401 ),
 .UNSPECIFIED., .F., .F. )
 B_SPLINE_CURVE_WITH_KNOTS ( ( 4, 4 ),
 ( 3.141592653589793116, 3.727278197046944186 ),
 .UNSPECIFIED. )
 CURVE ( )  GEOMETRIC_REPRESENTATION_ITEM ( )  RATIONAL_B_SPLINE_CURVE ( ( 1.000000000000000000, 0.9716180718375586611, 0.9716180718375586611, 1.000000000000000000 ) )
 REPRESENTATION_ITEM ( '' )  );
#1017 = ORIENTED_EDGE ( 'NONE', *, *, #1734, .T. ) ;
#1018 = ORIENTED_EDGE ( 'NONE', *, *, #496, .F. ) ;
#1019 = AXIS2_PLACEMENT_3D ( 'NONE', #192, #386, #167 ) ;
#1020 = CYLINDRICAL_SURFACE ( 'NONE', #2227, 0.8000000000000000444 ) ;
#1021 = LINE ( 'NONE', #2257, #2307 ) ;
#1022 = LINE ( 'NONE', #1403, #2153 ) ;
#1023 = EDGE_CURVE ( 'NONE', #1410, #2130, #855, .T. ) ;
#1024 = PRODUCT_DEFINITION_SHAPE ( 'NONE', 'NONE',  #1051 ) ;
#1025 = CARTESIAN_POINT ( 'NONE',  ( -6.684679857383201806, 10.83166247903553980, 12.40000000000000213 ) ) ;
#1026 = ORIENTED_EDGE ( 'NONE', *, *, #270, .T. ) ;
#1027 = LINE ( 'NONE', #1763, #1190 ) ;
#1028 = EDGE_CURVE ( 'NONE', #347, #533, #886, .T. ) ;
#1029 = VERTEX_POINT ( 'NONE', #2296 ) ;
#1030 = EDGE_LOOP ( 'NONE', ( #1955, #306, #718, #570, #383, #86, #1530, #1041, #1541, #259, #1325, #1493, #1385 ) ) ;
#1031 = CIRCLE ( 'NONE', #2142, 2.024999999999999023 ) ;
#1032 = CARTESIAN_POINT ( 'NONE',  ( -1.299999999999999600, 9.900000000000000355, 4.000000000000001776 ) ) ;
#1033 = CIRCLE ( 'NONE', #30, 0.7999999999999999334 ) ;
#1034 = DIRECTION ( 'NONE',  ( 0.000000000000000000, -1.000000000000000000, 0.000000000000000000 ) ) ;
#1035 = EDGE_CURVE ( 'NONE', #656, #1117, #874, .T. ) ;
#1036 = DIRECTION ( 'NONE',  ( -0.000000000000000000, -0.000000000000000000, 1.000000000000000000 ) ) ;
#1037 = CARTESIAN_POINT ( 'NONE',  ( -5.484679857383199852, 0.2683375209644609516, 12.40000000000000213 ) ) ;
#1038 = FACE_OUTER_BOUND ( 'NONE', #482, .T. ) ;
#1039 = CIRCLE ( 'NONE', #851, 0.8000000000000000444 ) ;
#1040 = ORIENTED_EDGE ( 'NONE', *, *, #2208, .T. ) ;
#1041 = ORIENTED_EDGE ( 'NONE', *, *, #763, .T. ) ;
#1042 = DIRECTION ( 'NONE',  ( -1.000000000000000000, 0.000000000000000000, 0.000000000000000000 ) ) ;
#1043 = ORIENTED_EDGE ( 'NONE', *, *, #1876, .T. ) ;
#1044 = ORIENTED_EDGE ( 'NONE', *, *, #1177, .T. ) ;
#1045 = DIRECTION ( 'NONE',  ( -2.551063935260009998E-16, 0.000000000000000000, 1.000000000000000000 ) ) ;
#1046 = CARTESIAN_POINT ( 'NONE',  ( -7.100000000000000533, 9.900000000000000355, 0.8000000000000000444 ) ) ;
#1047 = AXIS2_PLACEMENT_3D ( 'NONE', #2235, #2225, #585 ) ;
#1048 = LINE ( 'NONE', #553, #2057 ) ;
#1049 = LINE ( 'NONE', #875, #1803 ) ;
#1050 = ADVANCED_FACE ( 'NONE', ( #1946 ), #2095, .F. ) ;
#1051 = PRODUCT_DEFINITION ( 'UNKNOWN', '', #818, #2076 ) ;
#1052 = VERTEX_POINT ( 'NONE', #2343 ) ;
#1053 = CARTESIAN_POINT ( 'NONE',  ( -5.484679857383200741, 7.259668549731328469, 12.40000000000000213 ) ) ;
#1054 = VERTEX_POINT ( 'NONE', #1393 ) ;
#1055 = DIRECTION ( 'NONE',  ( 0.000000000000000000, 0.000000000000000000, -1.000000000000000000 ) ) ;
#1056 = ORIENTED_EDGE ( 'NONE', *, *, #1705, .T. ) ;
#1057 = ORIENTED_EDGE ( 'NONE', *, *, #1259, .T. ) ;
#1058 = CARTESIAN_POINT ( 'NONE',  ( -3.142414884302163536, 10.61884304870899065, 12.50000000000000000 ) ) ;
#1059 = EDGE_CURVE ( 'NONE', #1810, #478, #836, .T. ) ;
#1060 = CARTESIAN_POINT ( 'NONE',  ( -6.684679857383200030, -1.734723475976807094E-15, 12.40000000000000213 ) ) ;
#1061 = FACE_OUTER_BOUND ( 'NONE', #176, .T. ) ;
#1062 = LINE ( 'NONE', #2333, #649 ) ;
#1063 = ORIENTED_EDGE ( 'NONE', *, *, #1976, .F. ) ;
#1064 = ORIENTED_EDGE ( 'NONE', *, *, #1189, .F. ) ;
#1065 = VECTOR ( 'NONE', #2089, 1000.000000000000000 ) ;
#1066 = DIRECTION ( 'NONE',  ( 0.000000000000000000, -1.000000000000000000, -0.000000000000000000 ) ) ;
#1067 = ORIENTED_EDGE ( 'NONE', *, *, #29, .F. ) ;
#1068 = VERTEX_POINT ( 'NONE', #675 ) ;
#1069 = CARTESIAN_POINT ( 'NONE',  ( -5.484679857383199852, 0.2683375209644609516, 12.40000000000000213 ) ) ;
#1070 = AXIS2_PLACEMENT_3D ( 'NONE', #2274, #142, #633 ) ;
#1071 = LINE ( 'NONE', #2139, #953 ) ;
#1072 = B_SPLINE_CURVE_WITH_KNOTS ( 'NONE', 3,
 ( #1760, #630, #118, #1404 ),
 .UNSPECIFIED., .F., .F.,
 ( 4, 4 ),
 ( 3.558346394443579546E-07, 0.0001808970051501440233 ),
 .UNSPECIFIED. ) ;
#1073 = FACE_OUTER_BOUND ( 'NONE', #2321, .T. ) ;
#1074 = CARTESIAN_POINT ( 'NONE',  ( -5.542414884302163003, 0.4811569512910112700, 12.49999999999999822 ) ) ;
#1075 = EDGE_CURVE ( 'NONE', #635, #1013, #1623, .T. ) ;
#1076 = CIRCLE ( 'NONE', #1729, 2.512293164232706211 ) ;
#1077 = EDGE_CURVE ( 'NONE', #2161, #1988, #1022, .T. ) ;
#1078 = ORIENTED_EDGE ( 'NONE', *, *, #1766, .T. ) ;
#1079 = ORIENTED_EDGE ( 'NONE', *, *, #737, .F. ) ;
#1080 = CARTESIAN_POINT ( 'NONE',  ( -4.342414884302162825, 0.5999999999999999778, 12.50000000000000000 ) ) ;
#1081 = ORIENTED_EDGE ( 'NONE', *, *, #843, .T. ) ;
#1082 = EDGE_LOOP ( 'NONE', ( #72, #20, #1506, #2084 ) ) ;
#1083 = EDGE_CURVE ( 'NONE', #697, #1690, #1502, .T. ) ;
#1084 = DIRECTION ( 'NONE',  ( -0.000000000000000000, 1.000000000000000000, -0.000000000000000000 ) ) ;
#1085 = VECTOR ( 'NONE', #2099, 1000.000000000000000 ) ;
#1086 =( BOUNDED_CURVE ( )  B_SPLINE_CURVE ( 3, ( #2221, #780, #64, #1865 ),
 .UNSPECIFIED., .F., .F. )
 B_SPLINE_CURVE_WITH_KNOTS ( ( 4, 4 ),
 ( 5.697499763722437827, 6.283185307179586232 ),
 .UNSPECIFIED. )
 CURVE ( )  GEOMETRIC_REPRESENTATION_ITEM ( )  RATIONAL_B_SPLINE_CURVE ( ( 1.000000000000000000, 0.9716180718375589942, 0.9716180718375589942, 1.000000000000000000 ) )
 REPRESENTATION_ITEM ( '' )  );
#1087 = CARTESIAN_POINT ( 'NONE',  ( -1.300000000000002487, 9.900000000000000355, -5.139118297581287862E-15 ) ) ;
#1088 = CARTESIAN_POINT ( 'NONE',  ( -7.942414884302160694, 0.5999999999999999778, 12.50000000000000000 ) ) ;
#1089 = ADVANCED_FACE ( 'NONE', ( #149 ), #2126, .F. ) ;
#1090 = CARTESIAN_POINT ( 'NONE',  ( -7.100000000000001421, 0.000000000000000000, 0.7999999999999999334 ) ) ;
#1091 = CARTESIAN_POINT ( 'NONE',  ( -1.300000000000002043, 11.10000000000000142, 5.878304635907295197E-16 ) ) ;
#1092 = ORIENTED_EDGE ( 'NONE', *, *, #829, .F. ) ;
#1093 = ORIENTED_EDGE ( 'NONE', *, *, #2255, .F. ) ;
#1094 = DIRECTION ( 'NONE',  ( 0.000000000000000000, 0.000000000000000000, 1.000000000000000000 ) ) ;
#1095 = EDGE_CURVE ( 'NONE', #347, #614, #1245, .T. ) ;
#1096 = EDGE_LOOP ( 'NONE', ( #1376, #1789, #16, #696 ) ) ;
#1097 = FACE_OUTER_BOUND ( 'NONE', #1338, .T. ) ;
#1098 = CARTESIAN_POINT ( 'NONE',  ( -7.100000000000001421, 11.09999999999999964, 0.7999999999999999334 ) ) ;
#1099 = B_SPLINE_CURVE_WITH_KNOTS ( 'NONE', 3,
 ( #806, #1207, #651, #2072 ),
 .UNSPECIFIED., .F., .F.,
 ( 4, 4 ),
 ( 2.909131601853246981E-07, 0.0001454718321445962756 ),
 .UNSPECIFIED. ) ;
#1100 = CARTESIAN_POINT ( 'NONE',  ( -5.542414884302162115, -1.045060566674156469E-15, 12.50000000000000000 ) ) ;
#1101 =( BOUNDED_CURVE ( )  B_SPLINE_CURVE ( 3, ( #576, #1829, #424, #1675 ),
 .UNSPECIFIED., .F., .F. )
 B_SPLINE_CURVE_WITH_KNOTS ( ( 4, 4 ),
 ( 3.141592653589793116, 3.727278197046941521 ),
 .UNSPECIFIED. )
 CURVE ( )  GEOMETRIC_REPRESENTATION_ITEM ( )  RATIONAL_B_SPLINE_CURVE ( ( 1.000000000000000000, 0.9716180718375589942, 0.9716180718375589942, 1.000000000000000000 ) )
 REPRESENTATION_ITEM ( '' )  );
#1102 = CARTESIAN_POINT ( 'NONE',  ( -0.7424148843021622923, 0.4811569512910112145, 12.49999999999999822 ) ) ;
#1103 = CARTESIAN_POINT ( 'NONE',  ( -4.323059080286330236, 7.522268378568720770, 12.46647476402323207 ) ) ;
#1104 = CARTESIAN_POINT ( 'NONE',  ( -0.6269448304642396552, 10.50000000000000178, 12.50000000000000000 ) ) ;
#1105 = ORIENTED_EDGE ( 'NONE', *, *, #1267, .F. ) ;
#1106 = ORIENTED_EDGE ( 'NONE', *, *, #392, .T. ) ;
#1107 = CARTESIAN_POINT ( 'NONE',  ( -9.200000000000001066, 1.199999999999999956, 3.999999999999999112 ) ) ;
#1108 = VECTOR ( 'NONE', #493, 1000.000000000000000 ) ;
#1109 = ORIENTED_EDGE ( 'NONE', *, *, #2278, .T. ) ;
#1110 = ADVANCED_FACE ( 'NONE', ( #1061 ), #1794, .F. ) ;
#1111 = DIRECTION ( 'NONE',  ( -1.000000000000000000, 0.000000000000000000, 0.000000000000000000 ) ) ;
#1112 = CARTESIAN_POINT ( 'NONE',  ( -3.046752005249068862, 0.3673733948886179213, 12.46569296691827411 ) ) ;
#1113 = FACE_OUTER_BOUND ( 'NONE', #858, .T. ) ;
#1114 = VECTOR ( 'NONE', #2308, 1000.000000000000000 ) ;
#1115 = DIRECTION ( 'NONE',  ( 0.000000000000000000, 0.000000000000000000, 1.000000000000000000 ) ) ;
#1116 = CARTESIAN_POINT ( 'NONE',  ( -0.6467520052490710603, 10.73262660511138300, 12.46569296691827589 ) ) ;
#1117 = VERTEX_POINT ( 'NONE', #187 ) ;
#1118 = ADVANCED_FACE ( 'NONE', ( #1113 ), #1996, .T. ) ;
#1119 = DIRECTION ( 'NONE',  ( 1.000000000000000000, 0.000000000000000000, -0.000000000000000000 ) ) ;
#1120 = ORIENTED_EDGE ( 'NONE', *, *, #84, .F. ) ;
#1121 = CARTESIAN_POINT ( 'NONE',  ( 0.000000000000000000, 1.199999999999999956, 11.30000000000000071 ) ) ;
#1122 = DIRECTION ( 'NONE',  ( -1.000000000000000000, 0.000000000000000000, 0.000000000000000000 ) ) ;
#1123 = AXIS2_PLACEMENT_3D ( 'NONE', #942, #933, #1142 ) ;
#1124 = CARTESIAN_POINT ( 'NONE',  ( -1.922607709517332619, 10.73262660511138300, 12.46569296691827589 ) ) ;
#1125 = CARTESIAN_POINT ( 'NONE',  ( -3.084679857383199941, 4.362805885552078600, 12.40000000000000213 ) ) ;
#1126 = CARTESIAN_POINT ( 'NONE',  ( -9.199999999999999289, 9.900000000000000355, 4.000000000000000000 ) ) ;
#1127 = ORIENTED_EDGE ( 'NONE', *, *, #1441, .F. ) ;
#1128 = LOCAL_TIME ( 3, 58, 51.00000000000000000, #1934 ) ;
#1129 = FACE_OUTER_BOUND ( 'NONE', #1389, .T. ) ;
#1130 = ORIENTED_EDGE ( 'NONE', *, *, #2045, .F. ) ;
#1131 = EDGE_CURVE ( 'NONE', #1428, #1226, #53, .T. ) ;
#1132 = DIRECTION ( 'NONE',  ( 1.000000000000000000, 0.000000000000000000, 0.000000000000000000 ) ) ;
#1133 = FACE_OUTER_BOUND ( 'NONE', #1845, .T. ) ;
#1134 = CARTESIAN_POINT ( 'NONE',  ( -5.523166183831992093, 3.785207483979591725, 12.46666027280598676 ) ) ;
#1135 = DIRECTION ( 'NONE',  ( 0.000000000000000000, 0.000000000000000000, 1.000000000000000000 ) ) ;
#1136 = EDGE_LOOP ( 'NONE', ( #1786, #877, #1648, #937 ) ) ;
#1137 = CYLINDRICAL_SURFACE ( 'NONE', #2016, 0.8000000000000000444 ) ;
#1138 = ORIENTED_EDGE ( 'NONE', *, *, #740, .T. ) ;
#1139 = FACE_OUTER_BOUND ( 'NONE', #1400, .T. ) ;
#1140 = CARTESIAN_POINT ( 'NONE',  ( -0.6269448304642376568, 0.5999999999999999778, 12.50000000000000000 ) ) ;
#1141 = CARTESIAN_POINT ( 'NONE',  ( -6.742414884302164069, 10.50000000000000000, 12.50000000000000000 ) ) ;
#1142 = DIRECTION ( 'NONE',  ( 1.000000000000000000, 0.000000000000000000, -0.000000000000000000 ) ) ;
#1143 = CARTESIAN_POINT ( 'NONE',  ( -7.899999999999999467, 11.10000000000000142, 4.000000000000000000 ) ) ;
#1144 = VECTOR ( 'NONE', #107, 1000.000000000000000 ) ;
#1145 = CARTESIAN_POINT ( 'NONE',  ( -4.226944830464238301, -7.970196118549042149E-16, 12.50000000000000000 ) ) ;
#1146 = ORIENTED_EDGE ( 'NONE', *, *, #150, .F. ) ;
#1147 = CIRCLE ( 'NONE', #1692, 0.8000000000000003775 ) ;
#1148 = FACE_OUTER_BOUND ( 'NONE', #216, .T. ) ;
#1149 = EDGE_CURVE ( 'NONE', #656, #1963, #256, .T. ) ;
#1150 = VERTEX_POINT ( 'NONE', #1299 ) ;
#1151 = VECTOR ( 'NONE', #108, 1000.000000000000000 ) ;
#1152 = APPROVAL ( #962, 'UNSPECIFIED' ) ;
#1153 = CARTESIAN_POINT ( 'NONE',  ( -3.142414884302161759, 0.5999999999999999778, 12.50000000000000000 ) ) ;
#1154 = PLANE ( 'NONE',  #1395 ) ;
#1155 = DIRECTION ( 'NONE',  ( 0.8660254037844388186, 1.632950650801260931E-16, -0.4999999999999996114 ) ) ;
#1156 = LINE ( 'NONE', #2101, #878 ) ;
#1157 = CIRCLE ( 'NONE', #1737, 2.024999999999999023 ) ;
#1158 = ADVANCED_FACE ( 'NONE', ( #24 ), #749, .T. ) ;
#1159 = PLANE ( 'NONE',  #88 ) ;
#1160 = ORIENTED_EDGE ( 'NONE', *, *, #1083, .T. ) ;
#1161 = EDGE_CURVE ( 'NONE', #5, #28, #1693, .T. ) ;
#1162 = VECTOR ( 'NONE', #1475, 1000.000000000000000 ) ;
#1163 = EDGE_CURVE ( 'NONE', #647, #98, #1311, .T. ) ;
#1164 = CARTESIAN_POINT ( 'NONE',  ( -6.299999999999999822, 0.000000000000000000, 4.000000000000000000 ) ) ;
#1165 = ORIENTED_EDGE ( 'NONE', *, *, #1289, .T. ) ;
#1166 = ORIENTED_EDGE ( 'NONE', *, *, #1859, .T. ) ;
#1167 = CARTESIAN_POINT ( 'NONE',  ( -4.303808293855830414, 3.614239492856437863, 12.43313142383994752 ) ) ;
#1168 = FACE_OUTER_BOUND ( 'NONE', #385, .T. ) ;
#1169 = CARTESIAN_POINT ( 'NONE',  ( -3.026944830464238567, 6.825195057078254912, 12.50000000000000178 ) ) ;
#1170 = CARTESIAN_POINT ( 'NONE',  ( -7.826944830464237945, 0.5999999999999999778, 12.50000000000000000 ) ) ;
#1171 =( BOUNDED_CURVE ( )  B_SPLINE_CURVE ( 3, ( #688, #1749, #833, #1566 ),
 .UNSPECIFIED., .F., .F. )
 B_SPLINE_CURVE_WITH_KNOTS ( ( 4, 4 ),
 ( 5.697499763722437827, 6.283185307179586232 ),
 .UNSPECIFIED. )
 CURVE ( )  GEOMETRIC_REPRESENTATION_ITEM ( )  RATIONAL_B_SPLINE_CURVE ( ( 1.000000000000000000, 0.9716180718375589942, 0.9716180718375589942, 1.000000000000000000 ) )
 REPRESENTATION_ITEM ( '' )  );
#1172 = ORIENTED_EDGE ( 'NONE', *, *, #1531, .F. ) ;
#1173 = LINE ( 'NONE', #658, #1870 ) ;
#1174 = AXIS2_PLACEMENT_3D ( 'NONE', #2062, #592, #1875 ) ;
#1175 = CYLINDRICAL_SURFACE ( 'NONE', #958, 0.7999999999999999334 ) ;
#1176 = VERTEX_POINT ( 'NONE', #219 ) ;
#1177 = EDGE_CURVE ( 'NONE', #109, #677, #287, .T. ) ;
#1178 = VERTEX_POINT ( 'NONE', #552 ) ;
#1179 = EDGE_CURVE ( 'NONE', #1635, #1054, #375, .T. ) ;
#1180 = VECTOR ( 'NONE', #1241, 1000.000000000000000 ) ;
#1181 = LINE ( 'NONE', #1910, #982 ) ;
#1182 = AXIS2_PLACEMENT_3D ( 'NONE', #452, #1726, #2238 ) ;
#1183 = DIRECTION ( 'NONE',  ( -0.000000000000000000, 1.000000000000000000, -0.000000000000000000 ) ) ;
#1184 = CALENDAR_DATE ( 2026, 19, 9 ) ;
#1185 = LINE ( 'NONE', #997, #62 ) ;
#1186 = EDGE_CURVE ( 'NONE', #180, #1420, #2215, .T. ) ;
#1187 = CARTESIAN_POINT ( 'NONE',  ( -2.100000000000000089, 1.199999999999999734, 0.8000000000000000444 ) ) ;
#1188 = ORIENTED_EDGE ( 'NONE', *, *, #354, .F. ) ;
#1189 = EDGE_CURVE ( 'NONE', #1730, #1527, #2344, .T. ) ;
#1190 = VECTOR ( 'NONE', #1042, 1000.000000000000000 ) ;
#1191 = CARTESIAN_POINT ( 'NONE',  ( -0.6269448304642375458, -1.182147734291969731E-16, 12.50000000000000000 ) ) ;
#1192 = ORIENTED_EDGE ( 'NONE', *, *, #1644, .T. ) ;
#1193 = EDGE_CURVE ( 'NONE', #635, #2336, #736, .T. ) ;
#1194 = CIRCLE ( 'NONE', #362, 1.649999999999992584 ) ;
#1195 = ORIENTED_EDGE ( 'NONE', *, *, #1535, .T. ) ;
#1196 = DIRECTION ( 'NONE',  ( 1.000000000000000000, 0.000000000000000000, 0.000000000000000000 ) ) ;
#1197 = DIRECTION ( 'NONE',  ( 0.000000000000000000, 0.000000000000000000, -1.000000000000000000 ) ) ;
#1198 = MECHANICAL_CONTEXT ( 'NONE', #848, 'mechanical' ) ;
#1199 = CARTESIAN_POINT ( 'NONE',  ( 0.000000000000000000, 0.5999999999999999778, 12.50000000000000000 ) ) ;
#1200 = DIRECTION ( 'NONE',  ( 0.000000000000000000, 0.000000000000000000, -1.000000000000000000 ) ) ;
#1201 = EDGE_LOOP ( 'NONE', ( #1446, #133, #1081, #1067 ) ) ;
#1202 = DIRECTION ( 'NONE',  ( 0.000000000000000000, -0.000000000000000000, 1.000000000000000000 ) ) ;
#1203 = ORIENTED_EDGE ( 'NONE', *, *, #1289, .F. ) ;
#1204 = EDGE_CURVE ( 'NONE', #677, #83, #40, .T. ) ;
#1205 = ORIENTED_EDGE ( 'NONE', *, *, #174, .F. ) ;
#1206 = CARTESIAN_POINT ( 'NONE',  ( -4.284679857383200563, 0.000000000000000000, 12.40000000000000213 ) ) ;
#1207 = CARTESIAN_POINT ( 'NONE',  ( -3.065471301524614667, 4.333376820208528990, 12.43327019468709693 ) ) ;
#1208 = CARTESIAN_POINT ( 'NONE',  ( -9.199999999999999289, 11.09999999999999964, 11.30000000000000071 ) ) ;
#1209 = CARTESIAN_POINT ( 'NONE',  ( -7.846752005249069128, 0.3673733948886182543, 12.46569296691827589 ) ) ;
#1210 = ORIENTED_EDGE ( 'NONE', *, *, #918, .F. ) ;
#1211 = ORIENTED_EDGE ( 'NONE', *, *, #829, .T. ) ;
#1212 = LINE ( 'NONE', #2133, #768 ) ;
#1213 = EDGE_LOOP ( 'NONE', ( #1754, #221, #400, #1365 ) ) ;
#1214 = EDGE_CURVE ( 'NONE', #817, #1986, #1673, .T. ) ;
#1215 = ORIENTED_EDGE ( 'NONE', *, *, #981, .F. ) ;
#1216 = VECTOR ( 'NONE', #998, 1000.000000000000000 ) ;
#1217 = CARTESIAN_POINT ( 'NONE',  ( -4.226944830464238301, 0.5999999999999999778, 12.50000000000000000 ) ) ;
#1218 = CARTESIAN_POINT ( 'NONE',  ( -3.084679857383200829, 6.737194114447921933, 12.40000000000000213 ) ) ;
#1219 = APPROVAL_STATUS ( 'not_yet_approved' ) ;
#1220 = AXIS2_PLACEMENT_3D ( 'NONE', #860, #197, #527 ) ;
#1221 = CARTESIAN_POINT ( 'NONE',  ( 0.000000000000000000, 0.5999999999999999778, 12.50000000000000000 ) ) ;
#1222 = CARTESIAN_POINT ( 'NONE',  ( -0.6467520052490689508, 0.3673733948886179213, 12.46569296691827411 ) ) ;
#1223 = ORIENTED_EDGE ( 'NONE', *, *, #1005, .F. ) ;
#1224 = EDGE_LOOP ( 'NONE', ( #1595, #682, #339, #828 ) ) ;
#1225 = CARTESIAN_POINT ( 'NONE',  ( -3.046223794234649063, 6.795950731415977941, 12.46660785523237003 ) ) ;
#1226 = VERTEX_POINT ( 'NONE', #2204 ) ;
#1227 = ORIENTED_EDGE ( 'NONE', *, *, #859, .T. ) ;
#1228 = EDGE_CURVE ( 'NONE', #1176, #1678, #1321, .T. ) ;
#1229 = CARTESIAN_POINT ( 'NONE',  ( -6.299999999999999822, 11.10000000000000142, 4.000000000000000000 ) ) ;
#1230 = CC_DESIGN_DATE_AND_TIME_ASSIGNMENT ( #2100, #2269, ( #1051 ) ) ;
#1231 = DIRECTION ( 'NONE',  ( -1.000000000000000000, -1.885568995626964287E-16, 0.000000000000000000 ) ) ;
#1232 = PERSON_AND_ORGANIZATION_ROLE ( 'classification_officer' ) ;
#1233 = CARTESIAN_POINT ( 'NONE',  ( -2.100000000000001421, 9.900000000000000355, 0.8000000000000000444 ) ) ;
#1234 = CARTESIAN_POINT ( 'NONE',  ( 0.000000000000000000, 0.000000000000000000, 11.30000000000000071 ) ) ;
#1235 = ORIENTED_EDGE ( 'NONE', *, *, #1002, .F. ) ;
#1236 = ORIENTED_EDGE ( 'NONE', *, *, #2287, .T. ) ;
#1237 = CARTESIAN_POINT ( 'NONE',  ( -7.100000000000001421, 9.900000000000000355, 0.7999999999999999334 ) ) ;
#1238 = ADVANCED_FACE ( 'NONE', ( #1073 ), #214, .T. ) ;
#1239 = ORIENTED_EDGE ( 'NONE', *, *, #1316, .T. ) ;
#1240 = ORIENTED_EDGE ( 'NONE', *, *, #1028, .F. ) ;
#1241 = DIRECTION ( 'NONE',  ( -1.885568995626964287E-16, 1.000000000000000000, 0.000000000000000000 ) ) ;
#1242 = DIRECTION ( 'NONE',  ( 0.000000000000000000, 0.000000000000000000, 1.000000000000000000 ) ) ;
#1243 = DATE_TIME_ROLE ( 'classification_date' ) ;
#1244 = AXIS2_PLACEMENT_3D ( 'NONE', #235, #2047, #562 ) ;
#1245 = LINE ( 'NONE', #1971, #1846 ) ;
#1246 = ORIENTED_EDGE ( 'NONE', *, *, #426, .T. ) ;
#1247 = EDGE_LOOP ( 'NONE', ( #417, #2305, #1503, #1930 ) ) ;
#1248 = DIRECTION ( 'NONE',  ( 1.000000000000000000, 0.000000000000000000, 0.000000000000000000 ) ) ;
#1249 = VERTEX_POINT ( 'NONE', #395 ) ;
#1250 = EDGE_LOOP ( 'NONE', ( #2002, #1366, #980, #1468 ) ) ;
#1251 = CYLINDRICAL_SURFACE ( 'NONE', #1363, 0.8000000000000000444 ) ;
#1252 = EDGE_CURVE ( 'NONE', #322, #1348, #125, .T. ) ;
#1253 = DIRECTION ( 'NONE',  ( -1.000000000000000000, 0.000000000000000000, 0.000000000000000000 ) ) ;
#1254 = CALENDAR_DATE ( 2026, 19, 9 ) ;
#1255 = CARTESIAN_POINT ( 'NONE',  ( -4.342414884302164602, 10.61884304870898887, 12.50000000000000000 ) ) ;
#1256 = LINE ( 'NONE', #898, #179 ) ;
#1257 = VERTEX_POINT ( 'NONE', #382 ) ;
#1258 = DIRECTION ( 'NONE',  ( 0.000000000000000000, 0.000000000000000000, 1.000000000000000000 ) ) ;
#1259 = EDGE_CURVE ( 'NONE', #726, #2336, #1157, .T. ) ;
#1260 = ORIENTED_EDGE ( 'NONE', *, *, #1751, .F. ) ;
#1261 = AXIS2_PLACEMENT_3D ( 'NONE', #2166, #137, #127 ) ;
#1262 = CARTESIAN_POINT ( 'NONE',  ( -7.100000000000001421, 0.000000000000000000, 0.000000000000000000 ) ) ;
#1263 = ORIENTED_EDGE ( 'NONE', *, *, #1161, .F. ) ;
#1264 = EDGE_CURVE ( 'NONE', #1014, #827, #751, .T. ) ;
#1265 = EDGE_LOOP ( 'NONE', ( #2251, #1637, #1106, #1263 ) ) ;
#1266 = DIRECTION ( 'NONE',  ( 0.000000000000000000, -1.000000000000000000, 0.000000000000000000 ) ) ;
#1267 = EDGE_CURVE ( 'NONE', #180, #817, #2206, .T. ) ;
#1268 = CARTESIAN_POINT ( 'NONE',  ( -1.300000000000002043, 1.199999999999999956, 0.7999999999999994893 ) ) ;
#1269 = AXIS2_PLACEMENT_3D ( 'NONE', #2190, #1476, #2203 ) ;
#1270 = CARTESIAN_POINT ( 'NONE',  ( -4.226944830464238301, 0.5999999999999999778, 12.50000000000000000 ) ) ;
#1271 =( BOUNDED_CURVE ( )  B_SPLINE_CURVE ( 3, ( #1088, #896, #1782, #1575 ),
 .UNSPECIFIED., .F., .F. )
 B_SPLINE_CURVE_WITH_KNOTS ( ( 4, 4 ),
 ( 3.141592653589793116, 3.727278197046941965 ),
 .UNSPECIFIED. )
 CURVE ( )  GEOMETRIC_REPRESENTATION_ITEM ( )  RATIONAL_B_SPLINE_CURVE ( ( 1.000000000000000000, 0.9716180718375589942, 0.9716180718375589942, 1.000000000000000000 ) )
 REPRESENTATION_ITEM ( '' )  );
#1272 = CARTESIAN_POINT ( 'NONE',  ( -1.846752005249071127, 10.73262660511138300, 12.46569296691827589 ) ) ;
#1273 = ADVANCED_FACE ( 'NONE', ( #1324 ), #598, .T. ) ;
#1274 = EDGE_LOOP ( 'NONE', ( #119, #1467, #914, #1120 ) ) ;
#1275 = ORIENTED_EDGE ( 'NONE', *, *, #1316, .F. ) ;
#1276 = CONICAL_SURFACE ( 'NONE', #253, 2.024999999999999023, 0.7853981633974598253 ) ;
#1277 = CARTESIAN_POINT ( 'NONE',  ( 0.000000000000000000, 0.000000000000000000, 12.50000000000000000 ) ) ;
#1278 = VERTEX_POINT ( 'NONE', #2217 ) ;
#1279 = PLANE ( 'NONE',  #691 ) ;
#1280 = AXIS2_PLACEMENT_3D ( 'NONE', #931, #722, #199 ) ;
#1281 = DIRECTION ( 'NONE',  ( 2.168404344971008868E-15, 0.000000000000000000, -1.000000000000000000 ) ) ;
#1282 = FACE_OUTER_BOUND ( 'NONE', #2053, .T. ) ;
#1283 = EDGE_CURVE ( 'NONE', #923, #177, #565, .T. ) ;
#1284 = CARTESIAN_POINT ( 'NONE',  ( -1.884679857383201540, 10.83166247903554158, 12.40000000000000213 ) ) ;
#1285 =( GEOMETRIC_REPRESENTATION_CONTEXT ( 3 ) GLOBAL_UNCERTAINTY_ASSIGNED_CONTEXT ( ( #276 ) ) GLOBAL_UNIT_ASSIGNED_CONTEXT ( ( #1873, #1381, #1885 ) ) REPRESENTATION_CONTEXT ( 'NONE', 'WORKASPACE' ) );
#1286 = CARTESIAN_POINT ( 'NONE',  ( -7.900000000000002132, 1.199999999999999956, -1.127570259384922245E-15 ) ) ;
#1287 = DIRECTION ( 'NONE',  ( 0.000000000000000000, 0.000000000000000000, 1.000000000000000000 ) ) ;
#1288 = VECTOR ( 'NONE', #948, 1000.000000000000000 ) ;
#1289 = EDGE_CURVE ( 'NONE', #1832, #804, #2032, .T. ) ;
#1290 = ORIENTED_EDGE ( 'NONE', *, *, #1214, .F. ) ;
#1291 = EDGE_LOOP ( 'NONE', ( #2303, #946, #326, #707, #2195, #336, #2143, #1790, #543, #531, #1240, #1146, #2179, #891, #1901, #2300, #1314, #1796, #1290, #255, #38, #992, #1741, #1215, #1764 ) ) ;
#1292 = ADVANCED_FACE ( 'NONE', ( #961 ), #1666, .T. ) ;
#1293 = DIRECTION ( 'NONE',  ( -0.000000000000000000, -1.000000000000000000, -0.000000000000000000 ) ) ;
#1294 = VERTEX_POINT ( 'NONE', #37 ) ;
#1295 = DIRECTION ( 'NONE',  ( -1.000000000000000000, -0.000000000000000000, -2.551063935260009998E-16 ) ) ;
#1296 = EDGE_CURVE ( 'NONE', #804, #827, #1101, .T. ) ;
#1297 = CARTESIAN_POINT ( 'NONE',  ( -2.087706835767293878, 5.549999999999999822, 11.30000000000000071 ) ) ;
#1298 = LINE ( 'NONE', #217, #1386 ) ;
#1299 = CARTESIAN_POINT ( 'NONE',  ( -4.226944830464240077, 10.50000000000000178, 12.50000000000000000 ) ) ;
#1300 = CARTESIAN_POINT ( 'NONE',  ( -1.942414884302162026, 0.5999999999999999778, 12.50000000000000000 ) ) ;
#1301 = DIRECTION ( 'NONE',  ( 1.000000000000000000, 0.000000000000000000, 0.000000000000000000 ) ) ;
#1302 = AXIS2_PLACEMENT_3D ( 'NONE', #1187, #2104, #1012 ) ;
#1303 = ORIENTED_EDGE ( 'NONE', *, *, #824, .T. ) ;
#1304 = DIRECTION ( 'NONE',  ( -0.8660254037844385966, -1.632950650801260438E-16, -0.5000000000000002220 ) ) ;
#1305 = AXIS2_PLACEMENT_3D ( 'NONE', #159, #871, #2202 ) ;
#1306 = ORIENTED_EDGE ( 'NONE', *, *, #1035, .F. ) ;
#1307 = CARTESIAN_POINT ( 'NONE',  ( -6.624999999999999112, 5.549999999999999822, 12.50000000000000178 ) ) ;
#1308 = DIRECTION ( 'NONE',  ( -1.000000000000000000, -1.885568995626964287E-16, 0.000000000000000000 ) ) ;
#1309 = CARTESIAN_POINT ( 'NONE',  ( -9.199999999999999289, 9.900000000000000355, 11.30000000000000071 ) ) ;
#1310 = DIRECTION ( 'NONE',  ( -0.000000000000000000, -1.000000000000000000, -0.000000000000000000 ) ) ;
#1311 = LINE ( 'NONE', #2176, #857 ) ;
#1312 = AXIS2_PLACEMENT_3D ( 'NONE', #1449, #1630, #2175 ) ;
#1313 = CARTESIAN_POINT ( 'NONE',  ( -6.684679857383200030, 0.2683375209644609516, 12.40000000000000213 ) ) ;
#1314 = ORIENTED_EDGE ( 'NONE', *, *, #229, .F. ) ;
#1315 = CLOSED_SHELL ( 'NONE', ( #279, #838, #2334, #10, #2103, #2013, #1273, #1708, #685, #2116, #2299, #1238, #136, #1384, #1924, #1006, #1118, #1292, #34, #1577, #419, #1815, #1586, #1507, #422, #932, #1826, #80, #2123, #1620, #1360, #546, #366, #1471, #1962, #1359, #2160, #1345, #207, #608, #779, #1491, #1340, #1050, #2077, #414, #1158, #1857, #1110, #2313, #908, #295, #307, #1679, #2230, #1677, #21, #103, #1089, #561, #809, #350, #2097, #798, #2135, #501, #1948, #520 ) ) ;
#1316 = EDGE_CURVE ( 'NONE', #1645, #770, #739, .T. ) ;
#1317 = DIRECTION ( 'NONE',  ( -8.673617379884034486E-16, 0.000000000000000000, -1.000000000000000000 ) ) ;
#1318 = ORIENTED_EDGE ( 'NONE', *, *, #1161, .T. ) ;
#1319 = CARTESIAN_POINT ( 'NONE',  ( -1.299999999999999600, 11.10000000000000142, 4.000000000000001776 ) ) ;
#1320 = CARTESIAN_POINT ( 'NONE',  ( -2.899999999999999911, 9.900000000000000355, 0.8000000000000001554 ) ) ;
#1321 = CIRCLE ( 'NONE', #369, 1.649999999999992584 ) ;
#1322 = CARTESIAN_POINT ( 'NONE',  ( -4.599999999999999645, 5.549999999999999822, 10.00000000000000178 ) ) ;
#1323 = CARTESIAN_POINT ( 'NONE',  ( -3.142414884302162648, 4.144272206116661472, 12.50000000000000178 ) ) ;
#1324 = FACE_OUTER_BOUND ( 'NONE', #143, .T. ) ;
#1325 = ORIENTED_EDGE ( 'NONE', *, *, #2259, .T. ) ;
#1326 = CARTESIAN_POINT ( 'NONE',  ( -4.599999999999999645, 5.549999999999999822, 10.00000000000000178 ) ) ;
#1327 = ORIENTED_EDGE ( 'NONE', *, *, #843, .F. ) ;
#1328 = CARTESIAN_POINT ( 'NONE',  ( -3.142414884302162648, 4.144272206116661472, 12.50000000000000178 ) ) ;
#1329 = CARTESIAN_POINT ( 'NONE',  ( -4.265470632299050990, 3.620463440341663119, 12.43327135381977477 ) ) ;
#1330 = EDGE_CURVE ( 'NONE', #1988, #1822, #294, .T. ) ;
#1331 = CARTESIAN_POINT ( 'NONE',  ( -6.646752005249068951, 0.3673733948886182543, 12.46569296691827589 ) ) ;
#1332 = CARTESIAN_POINT ( 'NONE',  ( -0.6269448304642396552, 10.61884304870899065, 12.50000000000000000 ) ) ;
#1333 =( BOUNDED_CURVE ( )  B_SPLINE_CURVE ( 3, ( #290, #1222, #264, #642 ),
 .UNSPECIFIED., .F., .T. )
 B_SPLINE_CURVE_WITH_KNOTS ( ( 4, 4 ),
 ( 5.697499763722436938, 6.283185307179586232 ),
 .UNSPECIFIED. )
 CURVE ( )  GEOMETRIC_REPRESENTATION_ITEM ( )  RATIONAL_B_SPLINE_CURVE ( ( 1.000000000000000000, 0.9716180718375588832, 0.9716180718375588832, 1.000000000000000000 ) )
 REPRESENTATION_ITEM ( '' )  );
#1334 = AXIS2_PLACEMENT_3D ( 'NONE', #902, #1248, #2012 ) ;
#1335 = FACE_OUTER_BOUND ( 'NONE', #2266, .T. ) ;
#1336 = B_SPLINE_CURVE_WITH_KNOTS ( 'NONE', 3,
 ( #1323, #248, #2031, #1125 ),
 .UNSPECIFIED., .F., .F.,
 ( 4, 4 ),
 ( 4.684403691619580395E-07, 0.0002476329652803437920 ),
 .UNSPECIFIED. ) ;
#1337 = EDGE_CURVE ( 'NONE', #1775, #615, #1872, .T. ) ;
#1338 = EDGE_LOOP ( 'NONE', ( #757, #619, #359, #1655, #2196, #623, #1956 ) ) ;
#1339 = LINE ( 'NONE', #621, #438 ) ;
#1340 = ADVANCED_FACE ( 'NONE', ( #1700 ), #1863, .F. ) ;
#1341 = LINE ( 'NONE', #2056, #1162 ) ;
#1342 = EDGE_CURVE ( 'NONE', #14, #1690, #588, .T. ) ;
#1343 = PLANE ( 'NONE',  #481 ) ;
#1344 = FACE_OUTER_BOUND ( 'NONE', #2111, .T. ) ;
#1345 = ADVANCED_FACE ( 'NONE', ( #70 ), #775, .T. ) ;
#1346 = FACE_OUTER_BOUND ( 'NONE', #1082, .T. ) ;
#1347 =( BOUNDED_CURVE ( )  B_SPLINE_CURVE ( 3, ( #1825, #907, #2018, #735 ),
 .UNSPECIFIED., .F., .T. )
 B_SPLINE_CURVE_WITH_KNOTS ( ( 4, 4 ),
 ( 3.141592653589793116, 3.727278197046942854 ),
 .UNSPECIFIED. )
 CURVE ( )  GEOMETRIC_REPRESENTATION_ITEM ( )  RATIONAL_B_SPLINE_CURVE ( ( 1.000000000000000000, 0.9716180718375588832, 0.9716180718375588832, 1.000000000000000000 ) )
 REPRESENTATION_ITEM ( '' )  );
#1348 = VERTEX_POINT ( 'NONE', #1564 ) ;
#1349 = AXIS2_PLACEMENT_3D ( 'NONE', #76, #2046, #1519 ) ;
#1350 = CARTESIAN_POINT ( 'NONE',  ( -2.100000000000000089, 9.900000000000000355, 0.8000000000000000444 ) ) ;
#1351 = VERTEX_POINT ( 'NONE', #286 ) ;
#1352 = ORIENTED_EDGE ( 'NONE', *, *, #1189, .T. ) ;
#1353 = AXIS2_PLACEMENT_3D ( 'NONE', #2223, #2242, #758 ) ;
#1354 = DIRECTION ( 'NONE',  ( 1.000000000000000000, 0.000000000000000000, -0.000000000000000000 ) ) ;
#1355 = DIRECTION ( 'NONE',  ( 0.000000000000000000, -1.000000000000000000, 0.000000000000000000 ) ) ;
#1356 = CARTESIAN_POINT ( 'NONE',  ( -0.3535158825303900132, 0.000000000000000000, 12.97359283008153064 ) ) ;
#1357 = CARTESIAN_POINT ( 'NONE',  ( -2.899999999999999467, 11.10000000000000142, 4.000000000000000888 ) ) ;
#1358 = DIRECTION ( 'NONE',  ( -6.505213034913024632E-16, 0.000000000000000000, -1.000000000000000000 ) ) ;
#1359 = ADVANCED_FACE ( 'NONE', ( #114 ), #2087, .T. ) ;
#1360 = ADVANCED_FACE ( 'NONE', ( #820 ), #1343, .F. ) ;
#1361 = ORIENTED_EDGE ( 'NONE', *, *, #84, .T. ) ;
#1362 = FACE_OUTER_BOUND ( 'NONE', #411, .T. ) ;
#1363 = AXIS2_PLACEMENT_3D ( 'NONE', #183, #1266, #1434 ) ;
#1364 = CARTESIAN_POINT ( 'NONE',  ( -4.265470632299051879, 7.479536559658336969, 12.43327135381977477 ) ) ;
#1365 = ORIENTED_EDGE ( 'NONE', *, *, #824, .F. ) ;
#1366 = ORIENTED_EDGE ( 'NONE', *, *, #583, .F. ) ;
#1367 = CARTESIAN_POINT ( 'NONE',  ( -4.284679857383201451, 3.651000735213385084, 12.40000000000000213 ) ) ;
#1368 = DIRECTION ( 'NONE',  ( 0.000000000000000000, 0.000000000000000000, -1.000000000000000000 ) ) ;
#1369 = APPLICATION_PROTOCOL_DEFINITION ( 'international standard', 'config_control_design', 1994, #848 ) ;
#1370 = CARTESIAN_POINT ( 'NONE',  ( -6.626944830464240432, 10.61884304870898887, 12.50000000000000000 ) ) ;
#1371 = EDGE_CURVE ( 'NONE', #97, #726, #1099, .T. ) ;
#1372 = DIRECTION ( 'NONE',  ( -1.000000000000000000, -1.885568995626964287E-16, 0.000000000000000000 ) ) ;
#1373 = VERTEX_POINT ( 'NONE', #2114 ) ;
#1374 = LINE ( 'NONE', #468, #2102 ) ;
#1375 = AXIS2_PLACEMENT_3D ( 'NONE', #1277, #1624, #706 ) ;
#1376 = ORIENTED_EDGE ( 'NONE', *, *, #1633, .T. ) ;
#1377 = ORIENTED_EDGE ( 'NONE', *, *, #240, .F. ) ;
#1378 = FACE_OUTER_BOUND ( 'NONE', #1224, .T. ) ;
#1379 = AXIS2_PLACEMENT_3D ( 'NONE', #609, #289, #2074 ) ;
#1380 = CARTESIAN_POINT ( 'NONE',  ( -9.199999999999999289, 0.000000000000000000, 4.000000000000000000 ) ) ;
#1381 =( NAMED_UNIT ( * ) PLANE_ANGLE_UNIT ( ) SI_UNIT ( $, .RADIAN. ) );
#1382 = CARTESIAN_POINT ( 'NONE',  ( -6.684679857383201806, 10.83166247903553980, 12.40000000000000213 ) ) ;
#1383 = CARTESIAN_POINT ( 'NONE',  ( -5.153515882530389725, -1.734723475976807094E-15, 12.97359283008153064 ) ) ;
#1384 = ADVANCED_FACE ( 'NONE', ( #1168 ), #262, .T. ) ;
#1385 = ORIENTED_EDGE ( 'NONE', *, *, #752, .T. ) ;
#1386 = VECTOR ( 'NONE', #2263, 1000.000000000000000 ) ;
#1387 = DIRECTION ( 'NONE',  ( 0.000000000000000000, -1.000000000000000000, 0.000000000000000000 ) ) ;
#1388 = VERTEX_POINT ( 'NONE', #1380 ) ;
#1389 = EDGE_LOOP ( 'NONE', ( #1188, #988, #2085, #1227 ) ) ;
#1390 = CARTESIAN_POINT ( 'NONE',  ( -6.684679857383200030, -1.734723475976807094E-15, 12.40000000000000213 ) ) ;
#1391 = DIRECTION ( 'NONE',  ( 0.000000000000000000, -0.000000000000000000, -1.000000000000000000 ) ) ;
#1392 = CARTESIAN_POINT ( 'NONE',  ( -7.900000000000002132, 11.10000000000000142, 0.8000000000000003775 ) ) ;
#1393 = CARTESIAN_POINT ( 'NONE',  ( -0.6846798573831998080, 0.2683375209644607851, 12.40000000000000213 ) ) ;
#1394 = LINE ( 'NONE', #1578, #1216 ) ;
#1395 = AXIS2_PLACEMENT_3D ( 'NONE', #995, #1008, #1738 ) ;
#1396 = EDGE_CURVE ( 'NONE', #1864, #536, #1712, .T. ) ;
#1397 = ORIENTED_EDGE ( 'NONE', *, *, #1861, .F. ) ;
#1398 = CARTESIAN_POINT ( 'NONE',  ( 0.000000000000000000, 0.000000000000000000, 4.000000000000001776 ) ) ;
#1399 = ORIENTED_EDGE ( 'NONE', *, *, #1710, .F. ) ;
#1400 = EDGE_LOOP ( 'NONE', ( #2, #194, #753, #2210, #2290, #1064, #233 ) ) ;
#1401 = CARTESIAN_POINT ( 'NONE',  ( -4.284679857383202339, 10.83166247903554336, 12.40000000000000213 ) ) ;
#1402 = FACE_OUTER_BOUND ( 'NONE', #1540, .T. ) ;
#1403 = CARTESIAN_POINT ( 'NONE',  ( -3.142414884302161759, -5.925240077236850401E-16, 12.50000000000000000 ) ) ;
#1404 = CARTESIAN_POINT ( 'NONE',  ( -5.484679857383200741, 7.259668549731328469, 12.40000000000000213 ) ) ;
#1405 = ORIENTED_EDGE ( 'NONE', *, *, #763, .F. ) ;
#1406 = ORIENTED_EDGE ( 'NONE', *, *, #2283, .F. ) ;
#1407 = FACE_OUTER_BOUND ( 'NONE', #1613, .T. ) ;
#1408 = EDGE_CURVE ( 'NONE', #1013, #1730, #984, .T. ) ;
#1409 = ORIENTED_EDGE ( 'NONE', *, *, #1431, .F. ) ;
#1410 = VERTEX_POINT ( 'NONE', #2280 ) ;
#1411 = AXIS2_PLACEMENT_3D ( 'NONE', #1505, #2209, #1119 ) ;
#1412 = CARTESIAN_POINT ( 'NONE',  ( -3.084679857383201718, 10.83166247903554158, 12.40000000000000213 ) ) ;
#1413 = DIRECTION ( 'NONE',  ( 1.000000000000000000, 0.000000000000000000, -1.084202172485504187E-16 ) ) ;
#1414 = AXIS2_PLACEMENT_3D ( 'NONE', #550, #2006, #146 ) ;
#1415 = DIRECTION ( 'NONE',  ( 1.000000000000000000, 0.000000000000000000, 0.000000000000000000 ) ) ;
#1416 = EDGE_CURVE ( 'NONE', #265, #2220, #1758, .T. ) ;
#1417 = ORIENTED_EDGE ( 'NONE', *, *, #1342, .F. ) ;
#1418 = ORIENTED_EDGE ( 'NONE', *, *, #249, .T. ) ;
#1419 = CARTESIAN_POINT ( 'NONE',  ( -9.199999999999999289, 0.000000000000000000, 11.30000000000000071 ) ) ;
#1420 = VERTEX_POINT ( 'NONE', #1895 ) ;
#1421 = VECTOR ( 'NONE', #391, 1000.000000000000000 ) ;
#1422 = VERTEX_POINT ( 'NONE', #970 ) ;
#1423 = CARTESIAN_POINT ( 'NONE',  ( -3.122607709517332797, 10.73262660511138300, 12.46569296691827589 ) ) ;
#1424 = CARTESIAN_POINT ( 'NONE',  ( -4.246752005249067707, 0.3673733948886179213, 12.46569296691827411 ) ) ;
#1425 = CARTESIAN_POINT ( 'NONE',  ( -4.599999999999999645, 5.549999999999999822, 12.12500000000000000 ) ) ;
#1426 = CARTESIAN_POINT ( 'NONE',  ( -4.342414884302163713, 7.558550449496086010, 12.50000000000000178 ) ) ;
#1427 = ORIENTED_EDGE ( 'NONE', *, *, #535, .F. ) ;
#1428 = VERTEX_POINT ( 'NONE', #274 ) ;
#1429 = AXIS2_PLACEMENT_3D ( 'NONE', #1425, #1439, #1415 ) ;
#1430 = CARTESIAN_POINT ( 'NONE',  ( -3.142414884302163536, 6.955727793883339061, 12.50000000000000178 ) ) ;
#1431 = EDGE_CURVE ( 'NONE', #1999, #2094, #795, .T. ) ;
#1432 = ORIENTED_EDGE ( 'NONE', *, *, #490, .F. ) ;
#1433 = ORIENTED_EDGE ( 'NONE', *, *, #2108, .T. ) ;
#1434 = DIRECTION ( 'NONE',  ( 0.000000000000000000, 0.000000000000000000, -1.000000000000000000 ) ) ;
#1435 = CARTESIAN_POINT ( 'NONE',  ( -6.742414884302161404, -1.271328846149392134E-15, 12.50000000000000000 ) ) ;
#1436 = CARTESIAN_POINT ( 'NONE',  ( -5.484679857383199852, -1.734723475976807094E-15, 12.40000000000000213 ) ) ;
#1437 = APPROVAL_DATE_TIME ( #1770, #222 ) ;
#1438 = EDGE_CURVE ( 'NONE', #2241, #1052, #473, .T. ) ;
#1439 = DIRECTION ( 'NONE',  ( -0.000000000000000000, -0.000000000000000000, 1.000000000000000000 ) ) ;
#1440 = EDGE_CURVE ( 'NONE', #1893, #1442, #1933, .T. ) ;
#1441 = EDGE_CURVE ( 'NONE', #2069, #1626, #1922, .T. ) ;
#1442 = VERTEX_POINT ( 'NONE', #309 ) ;
#1443 = ORIENTED_EDGE ( 'NONE', *, *, #593, .T. ) ;
#1444 = DIRECTION ( 'NONE',  ( -0.000000000000000000, 1.000000000000000000, -0.000000000000000000 ) ) ;
#1445 = ORIENTED_EDGE ( 'NONE', *, *, #2081, .T. ) ;
#1446 = ORIENTED_EDGE ( 'NONE', *, *, #317, .T. ) ;
#1447 = CARTESIAN_POINT ( 'NONE',  ( -7.899999999999999467, 11.10000000000000142, 4.000000000000000000 ) ) ;
#1448 = FACE_OUTER_BOUND ( 'NONE', #2288, .T. ) ;
#1449 = CARTESIAN_POINT ( 'NONE',  ( -4.599999999999999645, 5.549999999999999822, 12.50000000000000178 ) ) ;
#1450 = B_SPLINE_CURVE_WITH_KNOTS ( 'NONE', 3,
 ( #845, #134, #1167, #1367 ),
 .UNSPECIFIED., .F., .F.,
 ( 4, 4 ),
 ( 3.165066247254179708E-07, 0.0001594855846661898200 ),
 .UNSPECIFIED. ) ;
#1451 = PERSON_AND_ORGANIZATION ( #812, #1851 ) ;
#1452 = CARTESIAN_POINT ( 'NONE',  ( -1.826944830464239500, 10.61884304870899065, 12.50000000000000000 ) ) ;
#1453 = CARTESIAN_POINT ( 'NONE',  ( -3.953515882530390435, 0.000000000000000000, 12.97359283008153064 ) ) ;
#1454 = VERTEX_POINT ( 'NONE', #462 ) ;
#1455 = CARTESIAN_POINT ( 'NONE',  ( 0.000000000000000000, 11.10000000000000142, 11.30000000000000071 ) ) ;
#1456 = VERTEX_POINT ( 'NONE', #124 ) ;
#1457 = CYLINDRICAL_SURFACE ( 'NONE', #1939, 0.8000000000000000444 ) ;
#1458 = EDGE_LOOP ( 'NONE', ( #1942, #1210 ) ) ;
#1459 = ORIENTED_EDGE ( 'NONE', *, *, #1002, .T. ) ;
#1460 = DIRECTION ( 'NONE',  ( -1.000000000000000000, 0.000000000000000000, 0.000000000000000000 ) ) ;
#1461 = DIRECTION ( 'NONE',  ( 1.000000000000000000, 0.000000000000000000, 0.000000000000000000 ) ) ;
#1462 = VECTOR ( 'NONE', #2342, 1000.000000000000000 ) ;
#1463 = DIRECTION ( 'NONE',  ( 1.000000000000000000, 0.000000000000000000, 0.000000000000000000 ) ) ;
#1464 = CARTESIAN_POINT ( 'NONE',  ( -5.446471659835541601, 3.747332087736616746, 12.46617853941817700 ) ) ;
#1465 = EDGE_CURVE ( 'NONE', #1638, #1442, #1021, .T. ) ;
#1466 = CARTESIAN_POINT ( 'NONE',  ( -4.303808293855830414, 7.485760507143561782, 12.43313142383994752 ) ) ;
#1467 = ORIENTED_EDGE ( 'NONE', *, *, #441, .T. ) ;
#1468 = ORIENTED_EDGE ( 'NONE', *, *, #787, .F. ) ;
#1469 = AXIS2_PLACEMENT_3D ( 'NONE', #1879, #66, #1132 ) ;
#1470 = FACE_OUTER_BOUND ( 'NONE', #1809, .T. ) ;
#1471 = ADVANCED_FACE ( 'NONE', ( #616 ), #1154, .F. ) ;
#1472 = ORIENTED_EDGE ( 'NONE', *, *, #2284, .F. ) ;
#1473 = DIRECTION ( 'NONE',  ( -0.000000000000000000, -1.000000000000000000, -0.000000000000000000 ) ) ;
#1474 = AXIS2_PLACEMENT_3D ( 'NONE', #1478, #78, #230 ) ;
#1475 = DIRECTION ( 'NONE',  ( -1.885568995626964287E-16, 1.000000000000000000, 0.000000000000000000 ) ) ;
#1476 = DIRECTION ( 'NONE',  ( 0.8660254037844388186, 1.632950650801260931E-16, -0.4999999999999996114 ) ) ;
#1477 = CARTESIAN_POINT ( 'NONE',  ( -2.899999999999999911, 0.000000000000000000, 0.8000000000000001554 ) ) ;
#1478 = CARTESIAN_POINT ( 'NONE',  ( -4.599999999999999645, 5.549999999999999822, 12.50000000000000178 ) ) ;
#1479 = VECTOR ( 'NONE', #1485, 1000.000000000000000 ) ;
#1480 = ORIENTED_EDGE ( 'NONE', *, *, #257, .F. ) ;
#1481 = PLANE ( 'NONE',  #1174 ) ;
#1482 = ORIENTED_EDGE ( 'NONE', *, *, #1483, .T. ) ;
#1483 = EDGE_CURVE ( 'NONE', #1178, #683, #831, .T. ) ;
#1484 = CARTESIAN_POINT ( 'NONE',  ( -1.846752005249068906, 0.3673733948886179213, 12.46569296691827411 ) ) ;
#1485 = DIRECTION ( 'NONE',  ( -0.000000000000000000, -0.000000000000000000, 1.000000000000000000 ) ) ;
#1486 = CARTESIAN_POINT ( 'NONE',  ( -4.599999999999999645, 5.549999999999999822, 12.12500000000000000 ) ) ;
#1487 = CARTESIAN_POINT ( 'NONE',  ( -5.465733589122057090, 3.793578535525710116, 12.43281589924212938 ) ) ;
#1488 = CARTESIAN_POINT ( 'NONE',  ( -4.599999999999999645, 5.549999999999999822, 12.50000000000000178 ) ) ;
#1489 = AXIS2_PLACEMENT_3D ( 'NONE', #743, #1304, #2035 ) ;
#1490 = ORIENTED_EDGE ( 'NONE', *, *, #1710, .T. ) ;
#1491 = ADVANCED_FACE ( 'NONE', ( #356 ), #9, .T. ) ;
#1492 = CARTESIAN_POINT ( 'NONE',  ( -7.884679857383199320, 0.2683375209644609516, 12.40000000000000213 ) ) ;
#1493 = ORIENTED_EDGE ( 'NONE', *, *, #1715, .T. ) ;
#1494 = VECTOR ( 'NONE', #2320, 1000.000000000000000 ) ;
#1495 = CARTESIAN_POINT ( 'NONE',  ( -7.899999999999999467, 11.10000000000000142, 4.000000000000000000 ) ) ;
#1496 = PLANE ( 'NONE',  #1353 ) ;
#1497 = CARTESIAN_POINT ( 'NONE',  ( -5.542414884302162115, 0.5999999999999999778, 12.50000000000000000 ) ) ;
#1498 = CARTESIAN_POINT ( 'NONE',  ( -4.599999999999999645, 5.549999999999999822, 12.50000000000000178 ) ) ;
#1499 = VECTOR ( 'NONE', #2331, 1000.000000000000000 ) ;
#1500 = CARTESIAN_POINT ( 'NONE',  ( -3.142414884302161759, 0.4811569512910112145, 12.49999999999999822 ) ) ;
#1501 = DIRECTION ( 'NONE',  ( -0.000000000000000000, -0.000000000000000000, 1.000000000000000000 ) ) ;
#1502 =( BOUNDED_CURVE ( )  B_SPLINE_CURVE ( 3, ( #1983, #320, #485, #1771 ),
 .UNSPECIFIED., .F., .F. )
 B_SPLINE_CURVE_WITH_KNOTS ( ( 4, 4 ),
 ( 3.141592653589793116, 3.727278197046941521 ),
 .UNSPECIFIED. )
 CURVE ( )  GEOMETRIC_REPRESENTATION_ITEM ( )  RATIONAL_B_SPLINE_CURVE ( ( 1.000000000000000000, 0.9716180718375589942, 0.9716180718375589942, 1.000000000000000000 ) )
 REPRESENTATION_ITEM ( '' )  );
#1503 = ORIENTED_EDGE ( 'NONE', *, *, #1077, .T. ) ;
#1504 = AXIS2_PLACEMENT_3D ( 'NONE', #2040, #1711, #89 ) ;
#1505 = CARTESIAN_POINT ( 'NONE',  ( 1.846786262534349632, 11.10000000000000142, 4.000000000000001776 ) ) ;
#1506 = ORIENTED_EDGE ( 'NONE', *, *, #1416, .F. ) ;
#1507 = ADVANCED_FACE ( 'NONE', ( #687 ), #1817, .F. ) ;
#1508 = CARTESIAN_POINT ( 'NONE',  ( -9.200000000000001066, 9.900000000000000355, 3.999999999999999112 ) ) ;
#1509 = CARTESIAN_POINT ( 'NONE',  ( -2.753515882530389813, 0.000000000000000000, 12.97359283008153064 ) ) ;
#1510 = AXIS2_PLACEMENT_3D ( 'NONE', #2019, #1841, #575 ) ;
#1511 = DIRECTION ( 'NONE',  ( 0.000000000000000000, -1.000000000000000000, 0.000000000000000000 ) ) ;
#1512 = DIRECTION ( 'NONE',  ( 0.000000000000000000, -1.000000000000000000, 0.000000000000000000 ) ) ;
#1513 = EDGE_CURVE ( 'NONE', #1029, #265, #1831, .T. ) ;
#1514 = CARTESIAN_POINT ( 'NONE',  ( -9.199999999999999289, 9.900000000000000355, 11.30000000000000071 ) ) ;
#1515 = DIRECTION ( 'NONE',  ( 0.000000000000000000, 1.000000000000000000, 0.000000000000000000 ) ) ;
#1516 = EDGE_CURVE ( 'NONE', #1919, #109, #1071, .T. ) ;
#1517 =( BOUNDED_CURVE ( )  B_SPLINE_CURVE ( 3, ( #1957, #699, #355, #2148 ),
 .UNSPECIFIED., .F., .F. )
 B_SPLINE_CURVE_WITH_KNOTS ( ( 4, 4 ),
 ( 3.141592653589793116, 3.727278197046941521 ),
 .UNSPECIFIED. )
 CURVE ( )  GEOMETRIC_REPRESENTATION_ITEM ( )  RATIONAL_B_SPLINE_CURVE ( ( 1.000000000000000000, 0.9716180718375589942, 0.9716180718375589942, 1.000000000000000000 ) )
 REPRESENTATION_ITEM ( '' )  );
#1518 = ORIENTED_EDGE ( 'NONE', *, *, #1855, .T. ) ;
#1519 = DIRECTION ( 'NONE',  ( 1.000000000000000000, 0.000000000000000000, -0.000000000000000000 ) ) ;
#1520 = DIRECTION ( 'NONE',  ( -0.8660254037844385966, -1.632950650801260438E-16, -0.5000000000000002220 ) ) ;
#1521 = EDGE_CURVE ( 'NONE', #839, #2314, #1945, .T. ) ;
#1522 = CARTESIAN_POINT ( 'NONE',  ( -9.199999999999999289, 1.199999999999999956, 11.30000000000000071 ) ) ;
#1523 = DIRECTION ( 'NONE',  ( 0.000000000000000000, 0.000000000000000000, 1.000000000000000000 ) ) ;
#1524 = PLANE ( 'NONE',  #761 ) ;
#1525 = CIRCLE ( 'NONE', #1302, 0.8000000000000000444 ) ;
#1526 = CARTESIAN_POINT ( 'NONE',  ( -1.299999999999999600, 11.10000000000000142, 4.000000000000001776 ) ) ;
#1527 = VERTEX_POINT ( 'NONE', #507 ) ;
#1528 = AXIS2_PLACEMENT_3D ( 'NONE', #516, #710, #171 ) ;
#1529 = DIRECTION ( 'NONE',  ( 0.000000000000000000, 0.000000000000000000, 1.000000000000000000 ) ) ;
#1530 = ORIENTED_EDGE ( 'NONE', *, *, #1330, .T. ) ;
#1531 = EDGE_CURVE ( 'NONE', #672, #1832, #1031, .T. ) ;
#1532 = ORIENTED_EDGE ( 'NONE', *, *, #589, .F. ) ;
#1533 = PLANE ( 'NONE',  #1904 ) ;
#1534 = CARTESIAN_POINT ( 'NONE',  ( -7.942414884302160694, -1.497597125624627602E-15, 12.50000000000000000 ) ) ;
#1535 = EDGE_CURVE ( 'NONE', #1052, #2069, #1271, .T. ) ;
#1536 = CARTESIAN_POINT ( 'NONE',  ( -6.626944830464239544, 10.50000000000000000, 12.50000000000000000 ) ) ;
#1537 = DIRECTION ( 'NONE',  ( -0.000000000000000000, -0.000000000000000000, 1.000000000000000000 ) ) ;
#1538 = ORIENTED_EDGE ( 'NONE', *, *, #2188, .F. ) ;
#1539 = CARTESIAN_POINT ( 'NONE',  ( -9.199999999999999289, 10.50000000000000000, 12.50000000000000000 ) ) ;
#1540 = EDGE_LOOP ( 'NONE', ( #547, #2232, #111, #1211, #95, #315, #1990, #1000, #659, #813, #269, #1572, #1814, #876 ) ) ;
#1541 = ORIENTED_EDGE ( 'NONE', *, *, #29, .T. ) ;
#1542 = EDGE_CURVE ( 'NONE', #14, #1988, #1951, .T. ) ;
#1543 = DIRECTION ( 'NONE',  ( 0.000000000000000000, 0.000000000000000000, -1.000000000000000000 ) ) ;
#1544 = CALENDAR_DATE ( 2026, 19, 9 ) ;
#1545 = DIRECTION ( 'NONE',  ( 1.885568995626964287E-16, -1.000000000000000000, 0.000000000000000000 ) ) ;
#1546 = DIRECTION ( 'NONE',  ( -0.000000000000000000, 1.000000000000000000, -0.000000000000000000 ) ) ;
#1547 = ORIENTED_EDGE ( 'NONE', *, *, #949, .T. ) ;
#1548 = CARTESIAN_POINT ( 'NONE',  ( -9.199999999999999289, 11.09999999999999964, 11.90000000000000036 ) ) ;
#1549 = CARTESIAN_POINT ( 'NONE',  ( -2.899999999999999911, 1.199999999999999956, -6.830473686658676948E-16 ) ) ;
#1550 = ORIENTED_EDGE ( 'NONE', *, *, #1252, .F. ) ;
#1551 = ORIENTED_EDGE ( 'NONE', *, *, #648, .F. ) ;
#1552 = LINE ( 'NONE', #1736, #1830 ) ;
#1553 = CARTESIAN_POINT ( 'NONE',  ( -2.899999999999999911, 11.10000000000000142, 0.8000000000000001554 ) ) ;
#1554 = DIRECTION ( 'NONE',  ( -0.4999999999999996114, 0.000000000000000000, -0.8660254037844388186 ) ) ;
#1555 = EDGE_CURVE ( 'NONE', #2220, #715, #1685, .T. ) ;
#1556 = DIRECTION ( 'NONE',  ( -1.000000000000000000, 0.000000000000000000, 0.000000000000000000 ) ) ;
#1557 = DIRECTION ( 'NONE',  ( 1.885568995626964287E-16, -1.000000000000000000, 0.000000000000000000 ) ) ;
#1558 = ORIENTED_EDGE ( 'NONE', *, *, #865, .T. ) ;
#1559 = DIRECTION ( 'NONE',  ( 1.084202172485504187E-16, 0.000000000000000000, 1.000000000000000000 ) ) ;
#1560 = EDGE_LOOP ( 'NONE', ( #469, #1160, #1417, #282 ) ) ;
#1561 = EDGE_LOOP ( 'NONE', ( #2063, #1246, #145, #1459, #1745, #1937, #1518, #442, #1819, #487 ) ) ;
#1562 = CARTESIAN_POINT ( 'NONE',  ( -7.553515882530390080, -1.734723475976807094E-15, 12.97359283008153064 ) ) ;
#1563 = CIRCLE ( 'NONE', #353, 0.7999999999999999334 ) ;
#1564 = CARTESIAN_POINT ( 'NONE',  ( -0.6846798573832019175, 10.83166247903554158, 12.40000000000000213 ) ) ;
#1565 = APPROVAL_ROLE ( '' ) ;
#1566 = CARTESIAN_POINT ( 'NONE',  ( -7.942414884302164246, 10.50000000000000000, 12.50000000000000000 ) ) ;
#1567 = CARTESIAN_POINT ( 'NONE',  ( -7.100000000000001421, 11.10000000000000142, 0.7999999999999999334 ) ) ;
#1568 = ORIENTED_EDGE ( 'NONE', *, *, #1976, .T. ) ;
#1569 = AXIS2_PLACEMENT_3D ( 'NONE', #1918, #1387, #489 ) ;
#1570 = DIRECTION ( 'NONE',  ( -1.885568995626964287E-16, 1.000000000000000000, 0.000000000000000000 ) ) ;
#1571 = ORIENTED_EDGE ( 'NONE', *, *, #1149, .T. ) ;
#1572 = ORIENTED_EDGE ( 'NONE', *, *, #1337, .T. ) ;
#1573 = CARTESIAN_POINT ( 'NONE',  ( -4.599999999999999645, 5.549999999999999822, 10.00000000000000178 ) ) ;
#1574 = VECTOR ( 'NONE', #2060, 1000.000000000000000 ) ;
#1575 = CARTESIAN_POINT ( 'NONE',  ( -7.884679857383199320, 0.2683375209644609516, 12.40000000000000213 ) ) ;
#1576 = FACE_OUTER_BOUND ( 'NONE', #2167, .T. ) ;
#1577 = ADVANCED_FACE ( 'NONE', ( #1402 ), #185, .F. ) ;
#1578 = CARTESIAN_POINT ( 'NONE',  ( 0.000000000000000000, 0.000000000000000000, 4.000000000000001776 ) ) ;
#1579 = AXIS2_PLACEMENT_3D ( 'NONE', #1011, #2140, #1960 ) ;
#1580 = APPLICATION_CONTEXT ( 'configuration controlled 3d designs of mechanical parts and assemblies' ) ;
#1581 = VERTEX_POINT ( 'NONE', #540 ) ;
#1582 = ORIENTED_EDGE ( 'NONE', *, *, #1929, .T. ) ;
#1583 = CARTESIAN_POINT ( 'NONE',  ( 1.846786262534349632, 11.10000000000000142, 4.000000000000001776 ) ) ;
#1584 = CC_DESIGN_SECURITY_CLASSIFICATION ( #117, ( #818 ) ) ;
#1585 = ORIENTED_EDGE ( 'NONE', *, *, #1513, .T. ) ;
#1586 = ADVANCED_FACE ( 'NONE', ( #1806 ), #2125, .F. ) ;
#1587 = EDGE_LOOP ( 'NONE', ( #1236, #2254, #842, #926 ) ) ;
#1588 = CIRCLE ( 'NONE', #1047, 0.8000000000000000444 ) ;
#1589 = FACE_OUTER_BOUND ( 'NONE', #1974, .T. ) ;
#1590 = EDGE_CURVE ( 'NONE', #267, #1638, #578, .T. ) ;
#1591 = SHAPE_DEFINITION_REPRESENTATION ( #1024, #1896 ) ;
#1592 = EDGE_CURVE ( 'NONE', #671, #5, #1602, .T. ) ;
#1593 = CARTESIAN_POINT ( 'NONE',  ( -6.299999999999999822, 1.199999999999999734, 4.000000000000000000 ) ) ;
#1594 = CARTESIAN_POINT ( 'NONE',  ( 0.000000000000000000, 9.900000000000000355, 0.000000000000000000 ) ) ;
#1595 = ORIENTED_EDGE ( 'NONE', *, *, #854, .F. ) ;
#1596 = ORIENTED_EDGE ( 'NONE', *, *, #1705, .F. ) ;
#1597 = DIRECTION ( 'NONE',  ( -0.000000000000000000, -1.000000000000000000, -0.000000000000000000 ) ) ;
#1598 = ORIENTED_EDGE ( 'NONE', *, *, #43, .F. ) ;
#1599 = ORIENTED_EDGE ( 'NONE', *, *, #727, .F. ) ;
#1600 = VECTOR ( 'NONE', #1515, 1000.000000000000000 ) ;
#1601 = LINE ( 'NONE', #1087, #2218 ) ;
#1602 = LINE ( 'NONE', #1436, #1499 ) ;
#1603 = VECTOR ( 'NONE', #1723, 1000.000000000000000 ) ;
#1604 = DIRECTION ( 'NONE',  ( 8.673617379884035472E-16, -0.000000000000000000, 1.000000000000000000 ) ) ;
#1605 = DIRECTION ( 'NONE',  ( -0.000000000000000000, -0.000000000000000000, 1.000000000000000000 ) ) ;
#1606 = EDGE_CURVE ( 'NONE', #683, #1777, #2150, .T. ) ;
#1607 = VERTEX_POINT ( 'NONE', #1970 ) ;
#1608 = CARTESIAN_POINT ( 'NONE',  ( -5.523166183831992093, 7.314792516020407476, 12.46666027280598676 ) ) ;
#1609 = ORIENTED_EDGE ( 'NONE', *, *, #453, .T. ) ;
#1610 = FACE_OUTER_BOUND ( 'NONE', #870, .T. ) ;
#1611 = EDGE_LOOP ( 'NONE', ( #1092, #242, #1977, #1670 ) ) ;
#1612 = VECTOR ( 'NONE', #689, 1000.000000000000000 ) ;
#1613 = EDGE_LOOP ( 'NONE', ( #1040, #2317, #510, #1834 ) ) ;
#1614 = AXIS2_PLACEMENT_3D ( 'NONE', #433, #774, #750 ) ;
#1615 = FACE_OUTER_BOUND ( 'NONE', #387, .T. ) ;
#1616 = EDGE_CURVE ( 'NONE', #1226, #2253, #342, .T. ) ;
#1617 = DIRECTION ( 'NONE',  ( 0.000000000000000000, -0.000000000000000000, -1.000000000000000000 ) ) ;
#1618 = DIRECTION ( 'NONE',  ( -1.885568995626964287E-16, 1.000000000000000000, 0.000000000000000000 ) ) ;
#1619 = CARTESIAN_POINT ( 'NONE',  ( -5.426944830464238478, 3.701544632032337745, 12.50000000000000178 ) ) ;
#1620 = ADVANCED_FACE ( 'NONE', ( #700 ), #2165, .F. ) ;
#1621 = ORIENTED_EDGE ( 'NONE', *, *, #182, .F. ) ;
#1622 = EDGE_LOOP ( 'NONE', ( #74, #2010, #1950, #1797 ) ) ;
#1623 = CIRCLE ( 'NONE', #1429, 1.649999999999988365 ) ;
#1624 = DIRECTION ( 'NONE',  ( 0.000000000000000000, 0.000000000000000000, 1.000000000000000000 ) ) ;
#1625 = ORIENTED_EDGE ( 'NONE', *, *, #604, .T. ) ;
#1626 = VERTEX_POINT ( 'NONE', #23 ) ;
#1627 = LINE ( 'NONE', #196, #1667 ) ;
#1628 = APPROVAL_PERSON_ORGANIZATION ( #1451, #222, #664 ) ;
#1629 = CARTESIAN_POINT ( 'NONE',  ( -5.446752005249069661, 0.3673733948886182543, 12.46569296691827589 ) ) ;
#1630 = DIRECTION ( 'NONE',  ( -0.000000000000000000, -0.000000000000000000, 1.000000000000000000 ) ) ;
#1631 = CARTESIAN_POINT ( 'NONE',  ( -6.742414884302161404, 0.5999999999999999778, 12.50000000000000000 ) ) ;
#1632 = CARTESIAN_POINT ( 'NONE',  ( -4.284679857383201451, 7.448999264786614560, 12.40000000000000213 ) ) ;
#1633 = EDGE_CURVE ( 'NONE', #1527, #533, #551, .T. ) ;
#1634 = ORIENTED_EDGE ( 'NONE', *, *, #1095, .T. ) ;
#1635 = VERTEX_POINT ( 'NONE', #574 ) ;
#1636 = DIRECTION ( 'NONE',  ( 0.000000000000000000, 0.000000000000000000, 1.000000000000000000 ) ) ;
#1637 = ORIENTED_EDGE ( 'NONE', *, *, #402, .T. ) ;
#1638 = VERTEX_POINT ( 'NONE', #47 ) ;
#1639 = CIRCLE ( 'NONE', #1676, 0.8000000000000000444 ) ;
#1640 = CARTESIAN_POINT ( 'NONE',  ( -4.599999999999999645, 5.549999999999999822, 10.00000000000000178 ) ) ;
#1641 = CARTESIAN_POINT ( 'NONE',  ( -2.950000000000007283, 5.549999999999999822, 10.00000000000000178 ) ) ;
#1642 = CARTESIAN_POINT ( 'NONE',  ( -6.684679857383200030, 0.2683375209644609516, 12.40000000000000213 ) ) ;
#1643 = CARTESIAN_POINT ( 'NONE',  ( -3.084679857383201718, 10.83166247903554158, 12.40000000000000213 ) ) ;
#1644 = EDGE_CURVE ( 'NONE', #2106, #203, #721, .T. ) ;
#1645 = VERTEX_POINT ( 'NONE', #748 ) ;
#1646 = ORIENTED_EDGE ( 'NONE', *, *, #1897, .T. ) ;
#1647 = CARTESIAN_POINT ( 'NONE',  ( -4.322607709517330754, 0.3673733948886180878, 12.46569296691827589 ) ) ;
#1648 = ORIENTED_EDGE ( 'NONE', *, *, #182, .T. ) ;
#1649 = CARTESIAN_POINT ( 'NONE',  ( -7.900000000000002132, 0.000000000000000000, 0.8000000000000003775 ) ) ;
#1650 = CARTESIAN_POINT ( 'NONE',  ( -1.300000000000001599, 0.000000000000000000, 0.7999999999999994893 ) ) ;
#1651 = CARTESIAN_POINT ( 'NONE',  ( -1.299999999999999600, 11.10000000000000142, 4.000000000000001776 ) ) ;
#1652 = DIRECTION ( 'NONE',  ( -0.000000000000000000, -0.000000000000000000, 1.000000000000000000 ) ) ;
#1653 = PLANE ( 'NONE',  #401 ) ;
#1654 = DIRECTION ( 'NONE',  ( -0.000000000000000000, -0.000000000000000000, 1.000000000000000000 ) ) ;
#1655 = ORIENTED_EDGE ( 'NONE', *, *, #564, .F. ) ;
#1656 = EDGE_CURVE ( 'NONE', #1013, #635, #244, .T. ) ;
#1657 = VECTOR ( 'NONE', #2055, 1000.000000000000000 ) ;
#1658 = LINE ( 'NONE', #568, #205 ) ;
#1659 = EDGE_LOOP ( 'NONE', ( #500, #132, #2023, #789 ) ) ;
#1660 = LINE ( 'NONE', #1847, #447 ) ;
#1661 = CARTESIAN_POINT ( 'NONE',  ( -0.6846798573831998080, 0.000000000000000000, 12.40000000000000213 ) ) ;
#1662 = DIRECTION ( 'NONE',  ( 1.000000000000000000, 0.000000000000000000, -1.084202172485504187E-16 ) ) ;
#1663 = DIRECTION ( 'NONE',  ( 0.000000000000000000, 0.000000000000000000, -1.000000000000000000 ) ) ;
#1664 = CC_DESIGN_APPROVAL ( #56, ( #818 ) ) ;
#1665 = EDGE_CURVE ( 'NONE', #98, #1373, #1347, .T. ) ;
#1666 = PLANE ( 'NONE',  #999 ) ;
#1667 = VECTOR ( 'NONE', #1308, 1000.000000000000000 ) ;
#1668 = ORIENTED_EDGE ( 'NONE', *, *, #1606, .T. ) ;
#1669 = PLANE ( 'NONE',  #1899 ) ;
#1670 = ORIENTED_EDGE ( 'NONE', *, *, #1283, .F. ) ;
#1671 = CARTESIAN_POINT ( 'NONE',  ( -6.299999999999999822, 1.199999999999999956, 0.000000000000000000 ) ) ;
#1672 = DIRECTION ( 'NONE',  ( 0.8660254037844388186, 1.632950650801260931E-16, -0.4999999999999996114 ) ) ;
#1673 = LINE ( 'NONE', #2226, #590 ) ;
#1674 = CARTESIAN_POINT ( 'NONE',  ( 4.336808689942017736E-16, 0.000000000000000000, 4.000000000000001776 ) ) ;
#1675 = CARTESIAN_POINT ( 'NONE',  ( -5.484679857383201629, 10.83166247903553980, 12.40000000000000213 ) ) ;
#1676 = AXIS2_PLACEMENT_3D ( 'NONE', #1965, #2169, #1055 ) ;
#1677 = ADVANCED_FACE ( 'NONE', ( #1282 ), #379, .F. ) ;
#1678 = VERTEX_POINT ( 'NONE', #1641 ) ;
#1679 = ADVANCED_FACE ( 'NONE', ( #2007 ), #920, .F. ) ;
#1680 = ORIENTED_EDGE ( 'NONE', *, *, #2259, .F. ) ;
#1681 = CIRCLE ( 'NONE', #1379, 2.024999999999999023 ) ;
#1682 = CARTESIAN_POINT ( 'NONE',  ( 0.000000000000000000, 0.000000000000000000, 11.90000000000000036 ) ) ;
#1683 = EDGE_CURVE ( 'NONE', #533, #671, #2067, .T. ) ;
#1684 = CARTESIAN_POINT ( 'NONE',  ( -3.026944830464237235, 0.5999999999999999778, 12.50000000000000000 ) ) ;
#1685 = CIRCLE ( 'NONE', #1312, 2.024999999999999023 ) ;
#1686 = FACE_OUTER_BOUND ( 'NONE', #239, .T. ) ;
#1687 = EDGE_CURVE ( 'NONE', #839, #615, #1048, .T. ) ;
#1688 = DIRECTION ( 'NONE',  ( -0.000000000000000000, -1.000000000000000000, -0.000000000000000000 ) ) ;
#1689 = DIRECTION ( 'NONE',  ( 1.000000000000000000, 0.000000000000000000, -0.000000000000000000 ) ) ;
#1690 = VERTEX_POINT ( 'NONE', #1643 ) ;
#1691 = EDGE_CURVE ( 'NONE', #265, #2340, #1972, .T. ) ;
#1692 = AXIS2_PLACEMENT_3D ( 'NONE', #2264, #802, #1720 ) ;
#1693 = B_SPLINE_CURVE_WITH_KNOTS ( 'NONE', 3,
 ( #909, #1487, #1464, #59 ),
 .UNSPECIFIED., .F., .F.,
 ( 4, 4 ),
 ( 3.667578126344211003E-07, 0.0001809079283233334414 ),
 .UNSPECIFIED. ) ;
#1694 = FACE_OUTER_BOUND ( 'NONE', #1964, .T. ) ;
#1695 = ORIENTED_EDGE ( 'NONE', *, *, #1264, .F. ) ;
#1696 = EDGE_CURVE ( 'NONE', #2326, #1278, #1062, .T. ) ;
#1697 = DIRECTION ( 'NONE',  ( 1.000000000000000000, 0.000000000000000000, 2.551063935260009998E-16 ) ) ;
#1698 = FACE_OUTER_BOUND ( 'NONE', #1247, .T. ) ;
#1699 = CARTESIAN_POINT ( 'NONE',  ( -7.100000000000001421, 0.000000000000000000, 0.000000000000000000 ) ) ;
#1700 = FACE_OUTER_BOUND ( 'NONE', #123, .T. ) ;
#1701 = CARTESIAN_POINT ( 'NONE',  ( -1.299999999999999600, 1.199999999999999734, 4.000000000000001776 ) ) ;
#1702 = DIRECTION ( 'NONE',  ( 0.000000000000000000, -1.000000000000000000, 0.000000000000000000 ) ) ;
#1703 = B_SPLINE_CURVE_WITH_KNOTS ( 'NONE', 3,
 ( #919, #1329, #1848, #2213 ),
 .UNSPECIFIED., .F., .F.,
 ( 4, 4 ),
 ( 2.950079200409361673E-07, 0.0001475245335687642371 ),
 .UNSPECIFIED. ) ;
#1704 = DIRECTION ( 'NONE',  ( 0.000000000000000000, 0.000000000000000000, -1.000000000000000000 ) ) ;
#1705 = EDGE_CURVE ( 'NONE', #2315, #1351, #1947, .T. ) ;
#1706 = EDGE_LOOP ( 'NONE', ( #679, #1765, #296, #1856, #1550, #2181, #445, #1538, #1235, #2144, #867, #880, #1409, #1621, #2121, #467, #1093, #601, #1532, #1917, #1480, #622, #371, #1940, #1598 ) ) ;
#1707 = LINE ( 'NONE', #2252, #549 ) ;
#1708 = ADVANCED_FACE ( 'NONE', ( #164 ), #384, .T. ) ;
#1709 = ORIENTED_EDGE ( 'NONE', *, *, #257, .T. ) ;
#1710 = EDGE_CURVE ( 'NONE', #25, #122, #15, .T. ) ;
#1711 = DIRECTION ( 'NONE',  ( 0.000000000000000000, 0.000000000000000000, 1.000000000000000000 ) ) ;
#1712 = LINE ( 'NONE', #1553, #777 ) ;
#1713 = APPROVAL_DATE_TIME ( #102, #1152 ) ;
#1714 = CARTESIAN_POINT ( 'NONE',  ( -2.899999999999999467, 1.199999999999999734, 4.000000000000000888 ) ) ;
#1715 = EDGE_CURVE ( 'NONE', #1014, #1278, #1914, .T. ) ;
#1716 = AXIS2_PLACEMENT_3D ( 'NONE', #1888, #610, #954 ) ;
#1717 = DIRECTION ( 'NONE',  ( 0.000000000000000000, 0.000000000000000000, -1.000000000000000000 ) ) ;
#1718 = ORIENTED_EDGE ( 'NONE', *, *, #1440, .F. ) ;
#1719 = CIRCLE ( 'NONE', #2248, 0.8000000000000000444 ) ;
#1720 = DIRECTION ( 'NONE',  ( -1.000000000000000000, 0.000000000000000000, 0.000000000000000000 ) ) ;
#1721 = ORIENTED_EDGE ( 'NONE', *, *, #665, .T. ) ;
#1722 = VERTEX_POINT ( 'NONE', #924 ) ;
#1723 = DIRECTION ( 'NONE',  ( -1.885568995626964287E-16, 1.000000000000000000, -0.000000000000000000 ) ) ;
#1724 = DIRECTION ( 'NONE',  ( 0.000000000000000000, -1.000000000000000000, 0.000000000000000000 ) ) ;
#1725 = CARTESIAN_POINT ( 'NONE',  ( -3.142414884302161759, 0.5999999999999999778, 12.50000000000000000 ) ) ;
#1726 = DIRECTION ( 'NONE',  ( -0.8660254037844385966, -1.632950650801260438E-16, -0.5000000000000002220 ) ) ;
#1727 = VECTOR ( 'NONE', #840, 1000.000000000000000 ) ;
#1728 = CARTESIAN_POINT ( 'NONE',  ( -7.826944830464237945, 0.4811569512910111590, 12.50000000000000000 ) ) ;
#1729 = AXIS2_PLACEMENT_3D ( 'NONE', #2162, #2341, #892 ) ;
#1730 = VERTEX_POINT ( 'NONE', #1307 ) ;
#1731 = CARTESIAN_POINT ( 'NONE',  ( -4.284679857383201451, 3.651000735213385084, 12.40000000000000213 ) ) ;
#1732 = LINE ( 'NONE', #1549, #1768 ) ;
#1733 = ORIENTED_EDGE ( 'NONE', *, *, #1337, .F. ) ;
#1734 = EDGE_CURVE ( 'NONE', #1820, #1178, #54, .T. ) ;
#1735 = ORIENTED_EDGE ( 'NONE', *, *, #2026, .T. ) ;
#1736 = CARTESIAN_POINT ( 'NONE',  ( -2.899999999999999911, 9.900000000000000355, -6.830473686658676948E-16 ) ) ;
#1737 = AXIS2_PLACEMENT_3D ( 'NONE', #1488, #1501, #951 ) ;
#1738 = DIRECTION ( 'NONE',  ( -8.673617379884034486E-16, 0.000000000000000000, -1.000000000000000000 ) ) ;
#1739 = APPROVAL_ROLE ( '' ) ;
#1740 = DIRECTION ( 'NONE',  ( -1.885568995626964287E-16, 1.000000000000000000, 0.000000000000000000 ) ) ;
#1741 = ORIENTED_EDGE ( 'NONE', *, *, #1179, .F. ) ;
#1742 = CARTESIAN_POINT ( 'NONE',  ( -2.899999999999999911, 11.10000000000000142, 2.939152317953652529E-16 ) ) ;
#1743 = EDGE_LOOP ( 'NONE', ( #2036, #2168, #2096, #1472 ) ) ;
#1744 =( BOUNDED_CURVE ( )  B_SPLINE_CURVE ( 3, ( #1313, #1331, #2049, #2205 ),
 .UNSPECIFIED., .F., .F. )
 B_SPLINE_CURVE_WITH_KNOTS ( ( 4, 4 ),
 ( 5.697499763722437827, 6.283185307179586232 ),
 .UNSPECIFIED. )
 CURVE ( )  GEOMETRIC_REPRESENTATION_ITEM ( )  RATIONAL_B_SPLINE_CURVE ( ( 1.000000000000000000, 0.9716180718375589942, 0.9716180718375589942, 1.000000000000000000 ) )
 REPRESENTATION_ITEM ( '' )  );
#1745 = ORIENTED_EDGE ( 'NONE', *, *, #1606, .F. ) ;
#1746 = CARTESIAN_POINT ( 'NONE',  ( -4.226944830464240077, 10.50000000000000178, 12.50000000000000000 ) ) ;
#1747 = DIRECTION ( 'NONE',  ( -1.000000000000000000, -1.885568995626964287E-16, 0.000000000000000000 ) ) ;
#1748 = LINE ( 'NONE', #1392, #1823 ) ;
#1749 = CARTESIAN_POINT ( 'NONE',  ( -7.922607709517333952, 10.73262660511138122, 12.46569296691827589 ) ) ;
#1750 = LINE ( 'NONE', #486, #1791 ) ;
#1751 = EDGE_CURVE ( 'NONE', #446, #360, #1298, .T. ) ;
#1752 = ORIENTED_EDGE ( 'NONE', *, *, #1035, .T. ) ;
#1753 = FACE_OUTER_BOUND ( 'NONE', #1706, .T. ) ;
#1754 = ORIENTED_EDGE ( 'NONE', *, *, #1938, .F. ) ;
#1755 = ORIENTED_EDGE ( 'NONE', *, *, #160, .F. ) ;
#1756 = EDGE_CURVE ( 'NONE', #120, #793, #2120, .T. ) ;
#1757 = CARTESIAN_POINT ( 'NONE',  ( -6.299999999999999822, 9.900000000000000355, 0.000000000000000000 ) ) ;
#1758 = LINE ( 'NONE', #639, #1085 ) ;
#1759 = EDGE_CURVE ( 'NONE', #1581, #2094, #305, .T. ) ;
#1760 = CARTESIAN_POINT ( 'NONE',  ( -5.426944830464238478, 7.398455367967663676, 12.50000000000000178 ) ) ;
#1761 = ORIENTED_EDGE ( 'NONE', *, *, #593, .F. ) ;
#1762 = VECTOR ( 'NONE', #1784, 1000.000000000000000 ) ;
#1763 = CARTESIAN_POINT ( 'NONE',  ( -9.199999999999999289, 1.199999999999999956, 4.000000000000000000 ) ) ;
#1764 = ORIENTED_EDGE ( 'NONE', *, *, #567, .F. ) ;
#1765 = ORIENTED_EDGE ( 'NONE', *, *, #1177, .F. ) ;
#1766 = EDGE_CURVE ( 'NONE', #1722, #446, #1800, .T. ) ;
#1767 = DIRECTION ( 'NONE',  ( -0.5000000000000001110, 0.000000000000000000, 0.8660254037844384856 ) ) ;
#1768 = VECTOR ( 'NONE', #629, 1000.000000000000000 ) ;
#1769 = CARTESIAN_POINT ( 'NONE',  ( -7.100000000000000533, 11.10000000000000142, 0.7999999999999999334 ) ) ;
#1770 = DATE_AND_TIME ( #1254, #1128 ) ;
#1771 = CARTESIAN_POINT ( 'NONE',  ( -3.084679857383201718, 10.83166247903554158, 12.40000000000000213 ) ) ;
#1772 = DIRECTION ( 'NONE',  ( 1.000000000000000000, 0.000000000000000000, -0.000000000000000000 ) ) ;
#1773 = VECTOR ( 'NONE', #1852, 1000.000000000000000 ) ;
#1774 = VERTEX_POINT ( 'NONE', #1731 ) ;
#1775 = VERTEX_POINT ( 'NONE', #479 ) ;
#1776 = DIRECTION ( 'NONE',  ( 0.000000000000000000, -0.000000000000000000, 1.000000000000000000 ) ) ;
#1777 = VERTEX_POINT ( 'NONE', #1548 ) ;
#1778 = ORIENTED_EDGE ( 'NONE', *, *, #913, .F. ) ;
#1779 = CIRCLE ( 'NONE', #1887, 2.512293164232706211 ) ;
#1780 = EDGE_CURVE ( 'NONE', #793, #322, #1212, .T. ) ;
#1781 = DIRECTION ( 'NONE',  ( 1.000000000000000000, 0.000000000000000000, 2.551063935260009998E-16 ) ) ;
#1782 = CARTESIAN_POINT ( 'NONE',  ( -7.922607709517330399, 0.3673733948886186429, 12.46569296691827589 ) ) ;
#1783 = DATE_AND_TIME ( #2309, #42 ) ;
#1784 = DIRECTION ( 'NONE',  ( 1.000000000000000000, 0.000000000000000000, -0.000000000000000000 ) ) ;
#1785 = ORIENTED_EDGE ( 'NONE', *, *, #1665, .T. ) ;
#1786 = ORIENTED_EDGE ( 'NONE', *, *, #1131, .T. ) ;
#1787 = CARTESIAN_POINT ( 'NONE',  ( -2.100000000000000089, 1.199999999999999734, 0.000000000000000000 ) ) ;
#1788 = EDGE_CURVE ( 'NONE', #560, #322, #1928, .T. ) ;
#1789 = ORIENTED_EDGE ( 'NONE', *, *, #1683, .T. ) ;
#1790 = ORIENTED_EDGE ( 'NONE', *, *, #245, .F. ) ;
#1791 = VECTOR ( 'NONE', #312, 1000.000000000000000 ) ;
#1792 = FACE_OUTER_BOUND ( 'NONE', #2011, .T. ) ;
#1793 = DIRECTION ( 'NONE',  ( 0.000000000000000000, 0.000000000000000000, -1.000000000000000000 ) ) ;
#1794 = PLANE ( 'NONE',  #1280 ) ;
#1795 = VECTOR ( 'NONE', #1604, 1000.000000000000000 ) ;
#1796 = ORIENTED_EDGE ( 'NONE', *, *, #426, .F. ) ;
#1797 = ORIENTED_EDGE ( 'NONE', *, *, #1330, .F. ) ;
#1798 = DIRECTION ( 'NONE',  ( 0.000000000000000000, -1.000000000000000000, 0.000000000000000000 ) ) ;
#1799 = VERTEX_POINT ( 'NONE', #155 ) ;
#1800 = CIRCLE ( 'NONE', #1569, 0.8000000000000000444 ) ;
#1801 = ORIENTED_EDGE ( 'NONE', *, *, #193, .T. ) ;
#1802 = CARTESIAN_POINT ( 'NONE',  ( -1.884679857383199542, 0.2683375209644607295, 12.40000000000000213 ) ) ;
#1803 = VECTOR ( 'NONE', #1605, 1000.000000000000000 ) ;
#1804 = EDGE_CURVE ( 'NONE', #955, #14, #268, .T. ) ;
#1805 = PLANE ( 'NONE',  #1528 ) ;
#1806 = FACE_OUTER_BOUND ( 'NONE', #1907, .T. ) ;
#1807 = PERSON_AND_ORGANIZATION ( #812, #1851 ) ;
#1808 = DIRECTION ( 'NONE',  ( -1.000000000000000000, 0.000000000000000000, 0.000000000000000000 ) ) ;
#1809 = EDGE_LOOP ( 'NONE', ( #636, #26, #1026, #1755 ) ) ;
#1810 = VERTEX_POINT ( 'NONE', #2109 ) ;
#1811 = AXIS2_PLACEMENT_3D ( 'NONE', #449, #606, #1391 ) ;
#1812 = CARTESIAN_POINT ( 'NONE',  ( -7.899999999999999467, 1.199999999999999734, 4.000000000000000000 ) ) ;
#1813 = ORIENTED_EDGE ( 'NONE', *, *, #938, .T. ) ;
#1814 = ORIENTED_EDGE ( 'NONE', *, *, #1687, .F. ) ;
#1815 = ADVANCED_FACE ( 'NONE', ( #1407 ), #1953, .F. ) ;
#1816 = CARTESIAN_POINT ( 'NONE',  ( -5.426944830464239367, 0.4811569512910111590, 12.50000000000000000 ) ) ;
#1817 = PLANE ( 'NONE',  #2027 ) ;
#1818 = DIRECTION ( 'NONE',  ( -1.000000000000000000, 0.000000000000000000, 6.505213034913024632E-16 ) ) ;
#1819 = ORIENTED_EDGE ( 'NONE', *, *, #346, .F. ) ;
#1820 = VERTEX_POINT ( 'NONE', #2302 ) ;
#1821 = CARTESIAN_POINT ( 'NONE',  ( -0.7424148843021640687, 10.50000000000000178, 12.50000000000000000 ) ) ;
#1822 = VERTEX_POINT ( 'NONE', #620 ) ;
#1823 = VECTOR ( 'NONE', #2073, 1000.000000000000000 ) ;
#1824 = CARTESIAN_POINT ( 'NONE',  ( -4.599999999999999645, 5.549999999999999822, 12.50000000000000178 ) ) ;
#1825 = CARTESIAN_POINT ( 'NONE',  ( -1.942414884302162026, 0.5999999999999999778, 12.50000000000000000 ) ) ;
#1826 = ADVANCED_FACE ( 'NONE', ( #1362 ), #121, .F. ) ;
#1827 = CARTESIAN_POINT ( 'NONE',  ( -0.6846798573831998080, 0.2683375209644607851, 12.40000000000000213 ) ) ;
#1828 = CARTESIAN_POINT ( 'NONE',  ( -1.942414884302163802, 10.50000000000000178, 12.50000000000000000 ) ) ;
#1829 = CARTESIAN_POINT ( 'NONE',  ( -5.426944830464241143, 10.61884304870898887, 12.50000000000000000 ) ) ;
#1830 = VECTOR ( 'NONE', #794, 1000.000000000000000 ) ;
#1831 =( BOUNDED_CURVE ( )  B_SPLINE_CURVE ( 3, ( #673, #1424, #1958, #1270 ),
 .UNSPECIFIED., .F., .F. )
 B_SPLINE_CURVE_WITH_KNOTS ( ( 4, 4 ),
 ( 5.697499763722436938, 6.283185307179586232 ),
 .UNSPECIFIED. )
 CURVE ( )  GEOMETRIC_REPRESENTATION_ITEM ( )  RATIONAL_B_SPLINE_CURVE ( ( 1.000000000000000000, 0.9716180718375588832, 0.9716180718375588832, 1.000000000000000000 ) )
 REPRESENTATION_ITEM ( '' )  );
#1832 = VERTEX_POINT ( 'NONE', #456 ) ;
#1833 = DIRECTION ( 'NONE',  ( 0.000000000000000000, 0.000000000000000000, 1.000000000000000000 ) ) ;
#1834 = ORIENTED_EDGE ( 'NONE', *, *, #1521, .F. ) ;
#1835 = CARTESIAN_POINT ( 'NONE',  ( -6.299999999999999822, 0.000000000000000000, 4.000000000000000000 ) ) ;
#1836 = VERTEX_POINT ( 'NONE', #503 ) ;
#1837 = EDGE_CURVE ( 'NONE', #1906, #888, #1027, .T. ) ;
#1838 = CARTESIAN_POINT ( 'NONE',  ( -5.484679857383199852, 0.2683375209644609516, 12.40000000000000213 ) ) ;
#1839 = VECTOR ( 'NONE', #1941, 1000.000000000000000 ) ;
#1840 = CARTESIAN_POINT ( 'NONE',  ( -5.484679857383199852, -1.734723475976807094E-15, 12.40000000000000213 ) ) ;
#1841 = DIRECTION ( 'NONE',  ( 1.000000000000000000, 0.000000000000000000, -0.000000000000000000 ) ) ;
#1842 = CARTESIAN_POINT ( 'NONE',  ( -5.484679857383199852, -1.734723475976807094E-15, 12.40000000000000213 ) ) ;
#1843 = ORIENTED_EDGE ( 'NONE', *, *, #567, .T. ) ;
#1844 = LINE ( 'NONE', #600, #345 ) ;
#1845 = EDGE_LOOP ( 'NONE', ( #976, #1609, #917, #2014 ) ) ;
#1846 = VECTOR ( 'NONE', #343, 1000.000000000000000 ) ;
#1847 = CARTESIAN_POINT ( 'NONE',  ( -6.299999999999999822, 11.10000000000000142, 4.000000000000000000 ) ) ;
#1848 = CARTESIAN_POINT ( 'NONE',  ( -4.246224006084572622, 3.590020072146710817, 12.46660748829754084 ) ) ;
#1849 = CARTESIAN_POINT ( 'NONE',  ( -1.942414884302164024, 10.61884304870899065, 12.50000000000000000 ) ) ;
#1850 = EDGE_CURVE ( 'NONE', #351, #177, #1015, .T. ) ;
#1851 = ORGANIZATION ( 'UNSPECIFIED', 'UNSPECIFIED', '' ) ;
#1852 = DIRECTION ( 'NONE',  ( 1.000000000000000000, 0.000000000000000000, 0.000000000000000000 ) ) ;
#1853 = ORIENTED_EDGE ( 'NONE', *, *, #1644, .F. ) ;
#1854 = DIRECTION ( 'NONE',  ( 0.000000000000000000, -1.000000000000000000, 0.000000000000000000 ) ) ;
#1855 = EDGE_CURVE ( 'NONE', #1645, #866, #1173, .T. ) ;
#1856 = ORIENTED_EDGE ( 'NONE', *, *, #2054, .F. ) ;
#1857 = ADVANCED_FACE ( 'NONE', ( #1753 ), #1903, .T. ) ;
#1858 = CARTESIAN_POINT ( 'NONE',  ( -7.112293164232705855, 5.549999999999999822, 11.30000000000000071 ) ) ;
#1859 = EDGE_CURVE ( 'NONE', #560, #120, #1374, .T. ) ;
#1860 = PLANE ( 'NONE',  #1244 ) ;
#1861 = EDGE_CURVE ( 'NONE', #1864, #202, #1001, .T. ) ;
#1862 = CARTESIAN_POINT ( 'NONE',  ( -6.684679857383201806, 10.83166247903553980, 12.40000000000000213 ) ) ;
#1863 = CYLINDRICAL_SURFACE ( 'NONE', #894, 1.649999999999991696 ) ;
#1864 = VERTEX_POINT ( 'NONE', #2289 ) ;
#1865 = CARTESIAN_POINT ( 'NONE',  ( -0.7424148843021640687, 10.50000000000000178, 12.50000000000000000 ) ) ;
#1866 = ORIENTED_EDGE ( 'NONE', *, *, #2045, .T. ) ;
#1867 = VECTOR ( 'NONE', #2117, 1000.000000000000000 ) ;
#1868 = CARTESIAN_POINT ( 'NONE',  ( -3.026944830464239011, 10.50000000000000178, 12.50000000000000000 ) ) ;
#1869 = CARTESIAN_POINT ( 'NONE',  ( -1.300000000000002043, 9.900000000000000355, 0.7999999999999994893 ) ) ;
#1870 = VECTOR ( 'NONE', #814, 1000.000000000000000 ) ;
#1871 = CARTESIAN_POINT ( 'NONE',  ( -5.542414884302163003, 3.757660973519313163, 12.50000000000000178 ) ) ;
#1872 = LINE ( 'NONE', #1522, #515 ) ;
#1873 =( LENGTH_UNIT ( ) NAMED_UNIT ( * ) SI_UNIT ( .MILLI., .METRE. ) );
#1874 = DIRECTION ( 'NONE',  ( -1.000000000000000000, 0.000000000000000000, 0.000000000000000000 ) ) ;
#1875 = DIRECTION ( 'NONE',  ( 1.000000000000000000, 0.000000000000000000, -0.000000000000000000 ) ) ;
#1876 = EDGE_CURVE ( 'NONE', #25, #2315, #645, .T. ) ;
#1877 = ORIENTED_EDGE ( 'NONE', *, *, #1780, .T. ) ;
#1878 = VECTOR ( 'NONE', #584, 1000.000000000000000 ) ;
#1879 = CARTESIAN_POINT ( 'NONE',  ( -4.599999999999999645, 5.549999999999999822, 12.50000000000000178 ) ) ;
#1880 = ORIENTED_EDGE ( 'NONE', *, *, #1179, .T. ) ;
#1881 = AXIS2_PLACEMENT_3D ( 'NONE', #2294, #1355, #1368 ) ;
#1882 = EDGE_CURVE ( 'NONE', #866, #1775, #2316, .T. ) ;
#1883 = CARTESIAN_POINT ( 'NONE',  ( -3.084679857383199497, 0.2683375209644607295, 12.40000000000000213 ) ) ;
#1884 = DIRECTION ( 'NONE',  ( 0.000000000000000000, 0.000000000000000000, -1.000000000000000000 ) ) ;
#1885 =( NAMED_UNIT ( * ) SI_UNIT ( $, .STERADIAN. ) SOLID_ANGLE_UNIT ( ) );
#1886 = LINE ( 'NONE', #1357, #1065 ) ;
#1887 = AXIS2_PLACEMENT_3D ( 'NONE', #928, #2243, #1122 ) ;
#1888 = CARTESIAN_POINT ( 'NONE',  ( 0.000000000000000000, 10.50000000000000178, 11.90000000000000036 ) ) ;
#1889 = VERTEX_POINT ( 'NONE', #1080 ) ;
#1890 =( BOUNDED_CURVE ( )  B_SPLINE_CURVE ( 3, ( #1802, #1484, #719, #2200 ),
 .UNSPECIFIED., .F., .F. )
 B_SPLINE_CURVE_WITH_KNOTS ( ( 4, 4 ),
 ( 5.697499763722436938, 6.283185307179586232 ),
 .UNSPECIFIED. )
 CURVE ( )  GEOMETRIC_REPRESENTATION_ITEM ( )  RATIONAL_B_SPLINE_CURVE ( ( 1.000000000000000000, 0.9716180718375588832, 0.9716180718375588832, 1.000000000000000000 ) )
 REPRESENTATION_ITEM ( '' )  );
#1891 = PLANE ( 'NONE',  #1349 ) ;
#1892 = ORIENTED_EDGE ( 'NONE', *, *, #1590, .F. ) ;
#1893 = VERTEX_POINT ( 'NONE', #2324 ) ;
#1894 = CARTESIAN_POINT ( 'NONE',  ( 0.000000000000000000, 0.5999999999999999778, 12.50000000000000000 ) ) ;
#1895 = CARTESIAN_POINT ( 'NONE',  ( -1.299999999999999600, 0.000000000000000000, 4.000000000000001776 ) ) ;
#1896 = ADVANCED_BREP_SHAPE_REPRESENTATION ( 'pad', ( #448, #742 ), #1285 ) ;
#1897 = EDGE_CURVE ( 'NONE', #1722, #1456, #348, .T. ) ;
#1898 = CARTESIAN_POINT ( 'NONE',  ( -4.342414884302162825, -8.187922871989209024E-16, 12.50000000000000000 ) ) ;
#1899 = AXIS2_PLACEMENT_3D ( 'NONE', #2231, #2043, #427 ) ;
#1900 = CARTESIAN_POINT ( 'NONE',  ( -9.199999999999999289, 11.09999999999999964, 11.90000000000000036 ) ) ;
#1901 = ORIENTED_EDGE ( 'NONE', *, *, #2239, .F. ) ;
#1902 = EDGE_CURVE ( 'NONE', #120, #817, #713, .T. ) ;
#1903 = CYLINDRICAL_SURFACE ( 'NONE', #1070, 0.5999999999999998668 ) ;
#1904 = AXIS2_PLACEMENT_3D ( 'NONE', #1390, #2256, #1767 ) ;
#1905 = CARTESIAN_POINT ( 'NONE',  ( -7.100000000000001421, 11.10000000000000142, 0.7999999999999999334 ) ) ;
#1906 = VERTEX_POINT ( 'NONE', #1812 ) ;
#1907 = EDGE_LOOP ( 'NONE', ( #1568, #1303, #728, #2318 ) ) ;
#1908 = EDGE_CURVE ( 'NONE', #2044, #267, #2048, .T. ) ;
#1909 = B_SPLINE_CURVE_WITH_KNOTS ( 'NONE', 3,
 ( #782, #2065, #1364, #2083 ),
 .UNSPECIFIED., .F., .F.,
 ( 4, 4 ),
 ( 2.939354697982126402E-07, 0.0001475234611185217743 ),
 .UNSPECIFIED. ) ;
#1910 = CARTESIAN_POINT ( 'NONE',  ( 0.000000000000000000, 0.5999999999999999778, 12.50000000000000000 ) ) ;
#1911 = CARTESIAN_POINT ( 'NONE',  ( -5.542414884302164779, 10.50000000000000000, 12.50000000000000000 ) ) ;
#1912 = DIRECTION ( 'NONE',  ( 1.000000000000000000, 0.000000000000000000, 0.000000000000000000 ) ) ;
#1913 = AXIS2_PLACEMENT_3D ( 'NONE', #1769, #528, #1793 ) ;
#1914 = B_SPLINE_CURVE_WITH_KNOTS ( 'NONE', 3,
 ( #1053, #693, #1608, #2156 ),
 .UNSPECIFIED., .F., .F.,
 ( 4, 4 ),
 ( 2.840835789165468194E-07, 0.0001422972557119969294 ),
 .UNSPECIFIED. ) ;
#1915 = LINE ( 'NONE', #850, #637 ) ;
#1916 = VECTOR ( 'NONE', #1511, 1000.000000000000000 ) ;
#1917 = ORIENTED_EDGE ( 'NONE', *, *, #1023, .F. ) ;
#1918 = CARTESIAN_POINT ( 'NONE',  ( -2.100000000000001421, 0.000000000000000000, 0.8000000000000000444 ) ) ;
#1919 = VERTEX_POINT ( 'NONE', #1821 ) ;
#1920 = ORIENTED_EDGE ( 'NONE', *, *, #787, .T. ) ;
#1921 = CARTESIAN_POINT ( 'NONE',  ( -5.484679857383200741, 3.840331450268672508, 12.40000000000000213 ) ) ;
#1922 = LINE ( 'NONE', #627, #147 ) ;
#1923 = FACE_OUTER_BOUND ( 'NONE', #1274, .T. ) ;
#1924 = ADVANCED_FACE ( 'NONE', ( #2001 ), #2145, .T. ) ;
#1925 = DIRECTION ( 'NONE',  ( 0.000000000000000000, 0.000000000000000000, -1.000000000000000000 ) ) ;
#1926 = DIRECTION ( 'NONE',  ( 1.885568995626964287E-16, -1.000000000000000000, 0.000000000000000000 ) ) ;
#1927 = ORIENTED_EDGE ( 'NONE', *, *, #2068, .T. ) ;
#1928 = LINE ( 'NONE', #1191, #1839 ) ;
#1929 = EDGE_CURVE ( 'NONE', #1810, #502, #559, .T. ) ;
#1930 = ORIENTED_EDGE ( 'NONE', *, *, #1542, .F. ) ;
#1931 = EDGE_LOOP ( 'NONE', ( #1165, #2229, #1695, #1680 ) ) ;
#1932 = EDGE_CURVE ( 'NONE', #1963, #428, #731, .T. ) ;
#1933 = LINE ( 'NONE', #434, #964 ) ;
#1934 = COORDINATED_UNIVERSAL_TIME_OFFSET ( 4, 0, .AHEAD. ) ;
#1935 = PLANE ( 'NONE',  #1984 ) ;
#1936 = CARTESIAN_POINT ( 'NONE',  ( -5.522607709517332708, 10.73262660511137945, 12.46569296691827411 ) ) ;
#1937 = ORIENTED_EDGE ( 'NONE', *, *, #740, .F. ) ;
#1938 = EDGE_CURVE ( 'NONE', #1963, #1068, #1639, .T. ) ;
#1939 = AXIS2_PLACEMENT_3D ( 'NONE', #1975, #1798, #178 ) ;
#1940 = ORIENTED_EDGE ( 'NONE', *, *, #1083, .F. ) ;
#1941 = DIRECTION ( 'NONE',  ( -1.885568995626964287E-16, 1.000000000000000000, 0.000000000000000000 ) ) ;
#1942 = ORIENTED_EDGE ( 'NONE', *, *, #4, .F. ) ;
#1943 = ORIENTED_EDGE ( 'NONE', *, *, #377, .T. ) ;
#1944 = FACE_OUTER_BOUND ( 'NONE', #1743, .T. ) ;
#1945 = LINE ( 'NONE', #885, #1114 ) ;
#1946 = FACE_OUTER_BOUND ( 'NONE', #1030, .T. ) ;
#1947 = LINE ( 'NONE', #1594, #1612 ) ;
#1948 = ADVANCED_FACE ( 'NONE', ( #1470 ), #337, .F. ) ;
#1949 = PLANE ( 'NONE',  #873 ) ;
#1950 = ORIENTED_EDGE ( 'NONE', *, *, #2108, .F. ) ;
#1951 = B_SPLINE_CURVE_WITH_KNOTS ( 'NONE', 3,
 ( #1218, #1982, #319, #663 ),
 .UNSPECIFIED., .F., .F.,
 ( 4, 4 ),
 ( 5.250041625128344164E-07, 0.0002476895290736946787 ),
 .UNSPECIFIED. ) ;
#1952 = ORIENTED_EDGE ( 'NONE', *, *, #1954, .F. ) ;
#1953 = PLANE ( 'NONE',  #884 ) ;
#1954 = EDGE_CURVE ( 'NONE', #923, #1003, #17, .T. ) ;
#1955 = ORIENTED_EDGE ( 'NONE', *, *, #1408, .F. ) ;
#1956 = ORIENTED_EDGE ( 'NONE', *, *, #1163, .T. ) ;
#1957 = CARTESIAN_POINT ( 'NONE',  ( -7.826944830464239722, 10.50000000000000000, 12.50000000000000000 ) ) ;
#1958 = CARTESIAN_POINT ( 'NONE',  ( -4.226944830464238301, 0.4811569512910108815, 12.49999999999999822 ) ) ;
#1959 = PERSON_AND_ORGANIZATION_ROLE ( 'creator' ) ;
#1960 = DIRECTION ( 'NONE',  ( -0.4999999999999996114, 0.000000000000000000, -0.8660254037844388186 ) ) ;
#1961 = FACE_OUTER_BOUND ( 'NONE', #915, .T. ) ;
#1962 = ADVANCED_FACE ( 'NONE', ( #1610 ), #1457, .T. ) ;
#1963 = VERTEX_POINT ( 'NONE', #1262 ) ;
#1964 = EDGE_LOOP ( 'NONE', ( #130, #488 ) ) ;
#1965 = CARTESIAN_POINT ( 'NONE',  ( -7.100000000000000533, 0.000000000000000000, 0.7999999999999999334 ) ) ;
#1966 = ORIENTED_EDGE ( 'NONE', *, *, #496, .T. ) ;
#1967 = ORIENTED_EDGE ( 'NONE', *, *, #612, .F. ) ;
#1968 = CIRCLE ( 'NONE', #152, 2.024999999999999023 ) ;
#1969 = CARTESIAN_POINT ( 'NONE',  ( -7.100000000000000533, 1.199999999999999734, 0.7999999999999999334 ) ) ;
#1970 = CARTESIAN_POINT ( 'NONE',  ( -2.899999999999999467, 9.900000000000000355, 4.000000000000000888 ) ) ;
#1971 = CARTESIAN_POINT ( 'NONE',  ( -6.626944830464238656, -1.249556170805375742E-15, 12.50000000000000000 ) ) ;
#1972 = LINE ( 'NONE', #2141, #1762 ) ;
#1973 = ORIENTED_EDGE ( 'NONE', *, *, #1837, .F. ) ;
#1974 = EDGE_LOOP ( 'NONE', ( #968, #181, #1551, #1952 ) ) ;
#1975 = CARTESIAN_POINT ( 'NONE',  ( -2.100000000000000089, 11.10000000000000142, 0.8000000000000000444 ) ) ;
#1976 = EDGE_CURVE ( 'NONE', #224, #1068, #372, .T. ) ;
#1977 = ORIENTED_EDGE ( 'NONE', *, *, #1850, .T. ) ;
#1978 = ORIENTED_EDGE ( 'NONE', *, *, #229, .T. ) ;
#1979 = VECTOR ( 'NONE', #1317, 1000.000000000000000 ) ;
#1980 = DIRECTION ( 'NONE',  ( -1.885568995626964287E-16, 1.000000000000000000, 0.000000000000000000 ) ) ;
#1981 = DIRECTION ( 'NONE',  ( 6.505213034913024632E-16, 0.000000000000000000, 1.000000000000000000 ) ) ;
#1982 = CARTESIAN_POINT ( 'NONE',  ( -3.102794344602660015, 6.811189200681817546, 12.43137521221716213 ) ) ;
#1983 = CARTESIAN_POINT ( 'NONE',  ( -3.026944830464239011, 10.50000000000000178, 12.50000000000000000 ) ) ;
#1984 = AXIS2_PLACEMENT_3D ( 'NONE', #1208, #1618, #173 ) ;
#1985 =( BOUNDED_CURVE ( )  B_SPLINE_CURVE ( 3, ( #1536, #1370, #2258, #1382 ),
 .UNSPECIFIED., .F., .F. )
 B_SPLINE_CURVE_WITH_KNOTS ( ( 4, 4 ),
 ( 3.141592653589793116, 3.727278197046941521 ),
 .UNSPECIFIED. )
 CURVE ( )  GEOMETRIC_REPRESENTATION_ITEM ( )  RATIONAL_B_SPLINE_CURVE ( ( 1.000000000000000000, 0.9716180718375589942, 0.9716180718375589942, 1.000000000000000000 ) )
 REPRESENTATION_ITEM ( '' )  );
#1986 = VERTEX_POINT ( 'NONE', #695 ) ;
#1987 = DIRECTION ( 'NONE',  ( 1.000000000000000000, 0.000000000000000000, -0.000000000000000000 ) ) ;
#1988 = VERTEX_POINT ( 'NONE', #1430 ) ;
#1989 = CARTESIAN_POINT ( 'NONE',  ( -7.899999999999999467, 11.10000000000000142, 4.000000000000000000 ) ) ;
#1990 = ORIENTED_EDGE ( 'NONE', *, *, #399, .T. ) ;
#1991 = VECTOR ( 'NONE', #1559, 1000.000000000000000 ) ;
#1992 = ORIENTED_EDGE ( 'NONE', *, *, #1465, .T. ) ;
#1993 = LINE ( 'NONE', #1447, #334 ) ;
#1994 = CARTESIAN_POINT ( 'NONE',  ( -5.426944830464237590, 0.5999999999999999778, 12.50000000000000000 ) ) ;
#1995 = CARTESIAN_POINT ( 'NONE',  ( -2.899999999999999911, 11.10000000000000142, 2.939152317953652529E-16 ) ) ;
#1996 = PLANE ( 'NONE',  #660 ) ;
#1997 = PLANE ( 'NONE',  #2339 ) ;
#1998 = ORIENTED_EDGE ( 'NONE', *, *, #1756, .T. ) ;
#1999 = VERTEX_POINT ( 'NONE', #890 ) ;
#2000 = VECTOR ( 'NONE', #1688, 1000.000000000000000 ) ;
#2001 = FACE_OUTER_BOUND ( 'NONE', #1561, .T. ) ;
#2002 = ORIENTED_EDGE ( 'NONE', *, *, #759, .F. ) ;
#2003 = DIRECTION ( 'NONE',  ( 0.000000000000000000, 0.000000000000000000, 1.000000000000000000 ) ) ;
#2004 = EDGE_CURVE ( 'NONE', #1889, #1029, #681, .T. ) ;
#2005 = CARTESIAN_POINT ( 'NONE',  ( -6.299999999999999822, 11.10000000000000142, 4.000000000000000000 ) ) ;
#2006 = DIRECTION ( 'NONE',  ( -1.000000000000000000, 0.000000000000000000, 6.505213034913024632E-16 ) ) ;
#2007 = FACE_OUTER_BOUND ( 'NONE', #889, .T. ) ;
#2008 = FACE_OUTER_BOUND ( 'NONE', #313, .T. ) ;
#2009 = DIRECTION ( 'NONE',  ( 1.000000000000000000, 0.000000000000000000, -0.000000000000000000 ) ) ;
#2010 = ORIENTED_EDGE ( 'NONE', *, *, #632, .T. ) ;
#2011 = EDGE_LOOP ( 'NONE', ( #1138, #2337, #480, #1275 ) ) ;
#2012 = DIRECTION ( 'NONE',  ( 0.000000000000000000, 0.000000000000000000, -1.000000000000000000 ) ) ;
#2013 = ADVANCED_FACE ( 'NONE', ( #545 ), #2158, .T. ) ;
#2014 = ORIENTED_EDGE ( 'NONE', *, *, #1371, .F. ) ;
#2015 = FACE_OUTER_BOUND ( 'NONE', #19, .T. ) ;
#2016 = AXIS2_PLACEMENT_3D ( 'NONE', #1567, #618, #1717 ) ;
#2017 = CARTESIAN_POINT ( 'NONE',  ( -3.084679857383199497, 0.000000000000000000, 12.40000000000000213 ) ) ;
#2018 = CARTESIAN_POINT ( 'NONE',  ( -1.922607709517330621, 0.3673733948886183653, 12.46569296691827411 ) ) ;
#2019 = CARTESIAN_POINT ( 'NONE',  ( 0.000000000000000000, 0.5999999999999999778, 11.90000000000000036 ) ) ;
#2020 = CARTESIAN_POINT ( 'NONE',  ( -1.826944830464239500, 10.50000000000000178, 12.50000000000000000 ) ) ;
#2021 = DIRECTION ( 'NONE',  ( 1.000000000000000000, 0.000000000000000000, -0.000000000000000000 ) ) ;
#2022 = AXIS2_PLACEMENT_3D ( 'NONE', #1562, #2293, #805 ) ;
#2023 = ORIENTED_EDGE ( 'NONE', *, *, #87, .F. ) ;
#2024 = PLANE ( 'NONE',  #912 ) ;
#2025 = ORIENTED_EDGE ( 'NONE', *, *, #676, .T. ) ;
#2026 = EDGE_CURVE ( 'NONE', #1906, #1117, #204, .T. ) ;
#2027 = AXIS2_PLACEMENT_3D ( 'NONE', #1995, #1413, #494 ) ;
#2028 = CARTESIAN_POINT ( 'NONE',  ( -6.249999999999992006, 5.549999999999999822, 12.50000000000000000 ) ) ;
#2029 = CARTESIAN_POINT ( 'NONE',  ( -2.575000000000001066, 5.549999999999999822, 12.50000000000000178 ) ) ;
#2030 = AXIS2_PLACEMENT_3D ( 'NONE', #36, #2345, #702 ) ;
#2031 = CARTESIAN_POINT ( 'NONE',  ( -3.102794344602660015, 4.288810799318182987, 12.43137521221716391 ) ) ;
#2032 = LINE ( 'NONE', #61, #2037 ) ;
#2033 = ORIENTED_EDGE ( 'NONE', *, *, #1441, .T. ) ;
#2034 = EDGE_CURVE ( 'NONE', #1373, #677, #361, .T. ) ;
#2035 = DIRECTION ( 'NONE',  ( -0.5000000000000001110, 0.000000000000000000, 0.8660254037844384856 ) ) ;
#2036 = ORIENTED_EDGE ( 'NONE', *, *, #1897, .F. ) ;
#2037 = VECTOR ( 'NONE', #250, 1000.000000000000000 ) ;
#2038 = PLANE ( 'NONE',  #144 ) ;
#2039 = LINE ( 'NONE', #1661, #936 ) ;
#2040 = CARTESIAN_POINT ( 'NONE',  ( 0.000000000000000000, 0.000000000000000000, 11.30000000000000071 ) ) ;
#2041 = CARTESIAN_POINT ( 'NONE',  ( -3.084679857383199497, 0.000000000000000000, 12.40000000000000213 ) ) ;
#2042 = ORIENTED_EDGE ( 'NONE', *, *, #240, .T. ) ;
#2043 = DIRECTION ( 'NONE',  ( -0.8660254037844385966, -1.632950650801260438E-16, -0.5000000000000002220 ) ) ;
#2044 = VERTEX_POINT ( 'NONE', #2240 ) ;
#2045 = EDGE_CURVE ( 'NONE', #1836, #656, #1658, .T. ) ;
#2046 = DIRECTION ( 'NONE',  ( 0.000000000000000000, 0.000000000000000000, 1.000000000000000000 ) ) ;
#2047 = DIRECTION ( 'NONE',  ( -2.551063935260009998E-16, 0.000000000000000000, 1.000000000000000000 ) ) ;
#2048 = CIRCLE ( 'NONE', #57, 0.7999999999999999334 ) ;
#2049 = CARTESIAN_POINT ( 'NONE',  ( -6.626944830464238656, 0.4811569512910111590, 12.50000000000000000 ) ) ;
#2050 = DIRECTION ( 'NONE',  ( 0.000000000000000000, 0.000000000000000000, 1.000000000000000000 ) ) ;
#2051 = FACE_OUTER_BOUND ( 'NONE', #943, .T. ) ;
#2052 = FACE_OUTER_BOUND ( 'NONE', #1659, .T. ) ;
#2053 = EDGE_LOOP ( 'NONE', ( #363, #2171, #65, #1 ) ) ;
#2054 = EDGE_CURVE ( 'NONE', #1348, #1919, #1086, .T. ) ;
#2055 = DIRECTION ( 'NONE',  ( -1.000000000000000000, -0.000000000000000000, -2.551063935260009998E-16 ) ) ;
#2056 = CARTESIAN_POINT ( 'NONE',  ( -3.026944830464237679, -5.707513323796684512E-16, 12.50000000000000000 ) ) ;
#2057 = VECTOR ( 'NONE', #910, 1000.000000000000000 ) ;
#2058 = LINE ( 'NONE', #1699, #582 ) ;
#2059 = DIRECTION ( 'NONE',  ( -0.7071067811865556774, 8.659560562355032698E-17, 0.7071067811865393571 ) ) ;
#2060 = DIRECTION ( 'NONE',  ( 1.000000000000000000, 0.000000000000000000, -0.000000000000000000 ) ) ;
#2061 = VECTOR ( 'NONE', #1111, 1000.000000000000000 ) ;
#2062 = CARTESIAN_POINT ( 'NONE',  ( 0.000000000000000000, 0.000000000000000000, 12.50000000000000000 ) ) ;
#2063 = ORIENTED_EDGE ( 'NONE', *, *, #174, .T. ) ;
#2064 = CIRCLE ( 'NONE', #2262, 2.512293164232706211 ) ;
#2065 = CARTESIAN_POINT ( 'NONE',  ( -4.246224006084572622, 7.509979927853290604, 12.46660748829754084 ) ) ;
#2066 = ORIENTED_EDGE ( 'NONE', *, *, #325, .T. ) ;
#2067 =( BOUNDED_CURVE ( )  B_SPLINE_CURVE ( 3, ( #530, #1074, #723, #1037 ),
 .UNSPECIFIED., .F., .F. )
 B_SPLINE_CURVE_WITH_KNOTS ( ( 4, 4 ),
 ( 3.141592653589793116, 3.727278197046942410 ),
 .UNSPECIFIED. )
 CURVE ( )  GEOMETRIC_REPRESENTATION_ITEM ( )  RATIONAL_B_SPLINE_CURVE ( ( 1.000000000000000000, 0.9716180718375588832, 0.9716180718375588832, 1.000000000000000000 ) )
 REPRESENTATION_ITEM ( '' )  );
#2068 = EDGE_CURVE ( 'NONE', #770, #2044, #755, .T. ) ;
#2069 = VERTEX_POINT ( 'NONE', #1492 ) ;
#2070 = VECTOR ( 'NONE', #228, 1000.000000000000000 ) ;
#2071 = CARTESIAN_POINT ( 'NONE',  ( -1.826944830464237279, -3.444830529044326382E-16, 12.50000000000000000 ) ) ;
#2072 = CARTESIAN_POINT ( 'NONE',  ( -3.026944830464238123, 4.274804942921745621, 12.50000000000000178 ) ) ;
#2073 = DIRECTION ( 'NONE',  ( 0.000000000000000000, -1.000000000000000000, 0.000000000000000000 ) ) ;
#2074 = DIRECTION ( 'NONE',  ( 1.000000000000000000, 0.000000000000000000, 0.000000000000000000 ) ) ;
#2075 = CC_DESIGN_APPROVAL ( #1152, ( #1051 ) ) ;
#2076 = DESIGN_CONTEXT ( 'detailed design', #1580, 'design' ) ;
#2077 = ADVANCED_FACE ( 'NONE', ( #1694, #2249 ), #1159, .T. ) ;
#2078 = VECTOR ( 'NONE', #1084, 1000.000000000000000 ) ;
#2079 = DIRECTION ( 'NONE',  ( 0.8660254037844388186, 1.632950650801260931E-16, -0.4999999999999996114 ) ) ;
#2080 = EDGE_LOOP ( 'NONE', ( #1223, #1585, #129, #1018 ) ) ;
#2081 = EDGE_CURVE ( 'NONE', #122, #793, #602, .T. ) ;
#2082 = DIRECTION ( 'NONE',  ( 1.000000000000000000, 0.000000000000000000, -0.000000000000000000 ) ) ;
#2083 = CARTESIAN_POINT ( 'NONE',  ( -4.284679857383201451, 7.448999264786614560, 12.40000000000000213 ) ) ;
#2084 = ORIENTED_EDGE ( 'NONE', *, *, #1691, .T. ) ;
#2085 = ORIENTED_EDGE ( 'NONE', *, *, #1759, .F. ) ;
#2086 = DIRECTION ( 'NONE',  ( -1.885568995626964287E-16, 1.000000000000000000, 0.000000000000000000 ) ) ;
#2087 = CYLINDRICAL_SURFACE ( 'NONE', #1881, 0.8000000000000000444 ) ;
#2088 = COORDINATED_UNIVERSAL_TIME_OFFSET ( 4, 0, .AHEAD. ) ;
#2089 = DIRECTION ( 'NONE',  ( -0.000000000000000000, -1.000000000000000000, -0.000000000000000000 ) ) ;
#2090 = VECTOR ( 'NONE', #410, 1000.000000000000000 ) ;
#2091 = CARTESIAN_POINT ( 'NONE',  ( -0.7424148843021619593, -1.399874487732136360E-16, 12.50000000000000000 ) ) ;
#2092 = ORIENTED_EDGE ( 'NONE', *, *, #377, .F. ) ;
#2093 = DIRECTION ( 'NONE',  ( -1.000000000000000000, -1.885568995626964287E-16, 0.000000000000000000 ) ) ;
#2094 = VERTEX_POINT ( 'NONE', #73 ) ;
#2095 = CONICAL_SURFACE ( 'NONE', #238, 2.024999999999999023, 0.7853981633974598253 ) ;
#2096 = ORIENTED_EDGE ( 'NONE', *, *, #112, .F. ) ;
#2097 = ADVANCED_FACE ( 'NONE', ( #925 ), #39, .F. ) ;
#2098 = CARTESIAN_POINT ( 'NONE',  ( -2.899999999999999467, 11.10000000000000142, 4.000000000000000888 ) ) ;
#2099 = DIRECTION ( 'NONE',  ( -1.885568995626964287E-16, 1.000000000000000000, 0.000000000000000000 ) ) ;
#2100 = DATE_AND_TIME ( #1544, #260 ) ;
#2101 = CARTESIAN_POINT ( 'NONE',  ( -1.979847445408312908E-15, 10.50000000000000178, 12.50000000000000000 ) ) ;
#2102 = VECTOR ( 'NONE', #292, 1000.000000000000000 ) ;
#2103 = ADVANCED_FACE ( 'NONE', ( #1346 ), #2024, .T. ) ;
#2104 = DIRECTION ( 'NONE',  ( -0.000000000000000000, 1.000000000000000000, -0.000000000000000000 ) ) ;
#2105 = VECTOR ( 'NONE', #189, 1000.000000000000000 ) ;
#2106 = VERTEX_POINT ( 'NONE', #1526 ) ;
#2107 = ORIENTED_EDGE ( 'NONE', *, *, #4, .T. ) ;
#2108 = EDGE_CURVE ( 'NONE', #1822, #1150, #579, .T. ) ;
#2109 = CARTESIAN_POINT ( 'NONE',  ( -2.099999999999999645, 9.900000000000000355, 0.000000000000000000 ) ) ;
#2110 = ORIENTED_EDGE ( 'NONE', *, *, #1855, .F. ) ;
#2111 = EDGE_LOOP ( 'NONE', ( #1195, #2033, #2261, #514 ) ) ;
#2112 = CARTESIAN_POINT ( 'NONE',  ( -2.100000000000000089, 11.10000000000000142, 0.8000000000000000444 ) ) ;
#2113 = VECTOR ( 'NONE', #2059, 1000.000000000000000 ) ;
#2114 = CARTESIAN_POINT ( 'NONE',  ( -1.884679857383199542, 0.2683375209644607295, 12.40000000000000213 ) ) ;
#2115 = DIRECTION ( 'NONE',  ( 1.000000000000000000, 0.000000000000000000, 0.000000000000000000 ) ) ;
#2116 = ADVANCED_FACE ( 'NONE', ( #1129 ), #1481, .T. ) ;
#2117 = DIRECTION ( 'NONE',  ( -0.000000000000000000, -1.000000000000000000, -0.000000000000000000 ) ) ;
#2118 = LINE ( 'NONE', #128, #165 ) ;
#2119 = ORIENTED_EDGE ( 'NONE', *, *, #759, .T. ) ;
#2120 = LINE ( 'NONE', #280, #1727 ) ;
#2121 = ORIENTED_EDGE ( 'NONE', *, *, #938, .F. ) ;
#2122 = ORIENTED_EDGE ( 'NONE', *, *, #201, .F. ) ;
#2123 = ADVANCED_FACE ( 'NONE', ( #965 ), #439, .F. ) ;
#2124 = DIRECTION ( 'NONE',  ( -0.000000000000000000, -0.000000000000000000, 1.000000000000000000 ) ) ;
#2125 = PLANE ( 'NONE',  #99 ) ;
#2126 = PLANE ( 'NONE',  #1579 ) ;
#2127 = EDGE_CURVE ( 'NONE', #1388, #888, #232, .T. ) ;
#2128 = EDGE_CURVE ( 'NONE', #83, #98, #1844, .T. ) ;
#2129 = CARTESIAN_POINT ( 'NONE',  ( -5.542414884302164779, 10.61884304870898710, 12.49999999999999822 ) ) ;
#2130 = VERTEX_POINT ( 'NONE', #935 ) ;
#2131 = VECTOR ( 'NONE', #716, 1000.000000000000000 ) ;
#2132 = ORIENTED_EDGE ( 'NONE', *, *, #440, .T. ) ;
#2133 = CARTESIAN_POINT ( 'NONE',  ( -1.979847445408312908E-15, 10.50000000000000178, 12.50000000000000000 ) ) ;
#2134 = VERTEX_POINT ( 'NONE', #82 ) ;
#2135 = ADVANCED_FACE ( 'NONE', ( #1335 ), #1669, .F. ) ;
#2136 = ORIENTED_EDGE ( 'NONE', *, *, #1766, .F. ) ;
#2137 = AXIS2_PLACEMENT_3D ( 'NONE', #1573, #2124, #1196 ) ;
#2138 = CARTESIAN_POINT ( 'NONE',  ( -1.300000000000001599, 11.10000000000000142, 0.7999999999999994893 ) ) ;
#2139 = CARTESIAN_POINT ( 'NONE',  ( -1.979847445408312908E-15, 10.50000000000000178, 12.50000000000000000 ) ) ;
#2140 = DIRECTION ( 'NONE',  ( 0.8660254037844388186, 1.632950650801260931E-16, -0.4999999999999996114 ) ) ;
#2141 = CARTESIAN_POINT ( 'NONE',  ( 0.000000000000000000, 0.5999999999999999778, 12.50000000000000000 ) ) ;
#2142 = AXIS2_PLACEMENT_3D ( 'NONE', #198, #368, #330 ) ;
#2143 = ORIENTED_EDGE ( 'NONE', *, *, #2004, .F. ) ;
#2144 = ORIENTED_EDGE ( 'NONE', *, *, #2272, .F. ) ;
#2145 = PLANE ( 'NONE',  #18 ) ;
#2146 = ORIENTED_EDGE ( 'NONE', *, *, #665, .F. ) ;
#2147 = ORIENTED_EDGE ( 'NONE', *, *, #1656, .F. ) ;
#2148 = CARTESIAN_POINT ( 'NONE',  ( -7.884679857383201096, 10.83166247903553980, 12.40000000000000213 ) ) ;
#2149 = PRODUCT_RELATED_PRODUCT_CATEGORY ( 'detail', '', ( #519 ) ) ;
#2150 = LINE ( 'NONE', #517, #2335 ) ;
#2151 = SECURITY_CLASSIFICATION_LEVEL ( 'unclassified' ) ;
#2152 = DIRECTION ( 'NONE',  ( 1.885568995626964287E-16, -1.000000000000000000, 0.000000000000000000 ) ) ;
#2153 = VECTOR ( 'NONE', #2152, 1000.000000000000000 ) ;
#2154 = PLANE ( 'NONE',  #2030 ) ;
#2155 = VERTEX_POINT ( 'NONE', #418 ) ;
#2156 = CARTESIAN_POINT ( 'NONE',  ( -5.542414884302163003, 7.342339026480686925, 12.50000000000000178 ) ) ;
#2157 = ORIENTED_EDGE ( 'NONE', *, *, #2128, .T. ) ;
#2158 = PLANE ( 'NONE',  #1375 ) ;
#2159 = APPROVAL_PERSON_ORGANIZATION ( #628, #56, #1565 ) ;
#2160 = ADVANCED_FACE ( 'NONE', ( #2052 ), #1137, .T. ) ;
#2161 = VERTEX_POINT ( 'NONE', #302 ) ;
#2162 = CARTESIAN_POINT ( 'NONE',  ( -4.599999999999999645, 5.549999999999999822, 11.30000000000000071 ) ) ;
#2163 = CARTESIAN_POINT ( 'NONE',  ( -4.342414884302163713, 7.558550449496086010, 12.50000000000000178 ) ) ;
#2164 = DIRECTION ( 'NONE',  ( -0.000000000000000000, 1.000000000000000000, -0.000000000000000000 ) ) ;
#2165 = PLANE ( 'NONE',  #284 ) ;
#2166 = CARTESIAN_POINT ( 'NONE',  ( -9.199999999999999289, 10.50000000000000000, 11.90000000000000036 ) ) ;
#2167 = EDGE_LOOP ( 'NONE', ( #1668, #304, #1399, #1443, #2277, #504, #2025, #566, #328, #293, #694, #580, #1017, #1482 ) ) ;
#2168 = ORIENTED_EDGE ( 'NONE', *, *, #834, .F. ) ;
#2169 = DIRECTION ( 'NONE',  ( 0.000000000000000000, -1.000000000000000000, 0.000000000000000000 ) ) ;
#2170 = ORIENTED_EDGE ( 'NONE', *, *, #435, .T. ) ;
#2171 = ORIENTED_EDGE ( 'NONE', *, *, #2255, .T. ) ;
#2172 = LINE ( 'NONE', #698, #2061 ) ;
#2173 = EDGE_CURVE ( 'NONE', #2314, #360, #975, .T. ) ;
#2174 = CYLINDRICAL_SURFACE ( 'NONE', #93, 2.512293164232706211 ) ;
#2175 = DIRECTION ( 'NONE',  ( 1.000000000000000000, 0.000000000000000000, 0.000000000000000000 ) ) ;
#2176 = CARTESIAN_POINT ( 'NONE',  ( 0.000000000000000000, 0.5999999999999999778, 12.50000000000000000 ) ) ;
#2177 = CIRCLE ( 'NONE', #170, 2.512293164232706211 ) ;
#2178 = DIRECTION ( 'NONE',  ( 0.8660254037844388186, 1.632950650801260931E-16, -0.4999999999999996114 ) ) ;
#2179 = ORIENTED_EDGE ( 'NONE', *, *, #1131, .F. ) ;
#2180 = EDGE_CURVE ( 'NONE', #2155, #525, #94, .T. ) ;
#2181 = ORIENTED_EDGE ( 'NONE', *, *, #1780, .F. ) ;
#2182 = CARTESIAN_POINT ( 'NONE',  ( -4.342414884302162825, 0.4811569512910111035, 12.50000000000000000 ) ) ;
#2183 = EDGE_LOOP ( 'NONE', ( #206, #934, #335, #1967 ) ) ;
#2184 = VECTOR ( 'NONE', #1444, 1000.000000000000000 ) ;
#2185 = EDGE_CURVE ( 'NONE', #715, #2340, #1915, .T. ) ;
#2186 = LINE ( 'NONE', #1286, #2105 ) ;
#2187 = AXIS2_PLACEMENT_3D ( 'NONE', #1098, #208, #2211 ) ;
#2188 = EDGE_CURVE ( 'NONE', #1777, #122, #2298, .T. ) ;
#2189 = PLANE ( 'NONE',  #1414 ) ;
#2190 = CARTESIAN_POINT ( 'NONE',  ( -6.353515882530389902, -1.734723475976807094E-15, 12.97359283008153064 ) ) ;
#2191 = DIRECTION ( 'NONE',  ( 1.000000000000000000, 0.000000000000000000, -0.000000000000000000 ) ) ;
#2192 = DIRECTION ( 'NONE',  ( 1.885568995626964287E-16, -1.000000000000000000, 0.000000000000000000 ) ) ;
#2193 = VECTOR ( 'NONE', #444, 1000.000000000000000 ) ;
#2194 = EDGE_CURVE ( 'NONE', #1054, #560, #1333, .T. ) ;
#2195 = ORIENTED_EDGE ( 'NONE', *, *, #1691, .F. ) ;
#2196 = ORIENTED_EDGE ( 'NONE', *, *, #1259, .F. ) ;
#2197 = VECTOR ( 'NONE', #1747, 1000.000000000000000 ) ;
#2198 = CARTESIAN_POINT ( 'NONE',  ( -1.884679857383199542, 0.000000000000000000, 12.40000000000000213 ) ) ;
#2199 = ORIENTED_EDGE ( 'NONE', *, *, #1876, .F. ) ;
#2200 = CARTESIAN_POINT ( 'NONE',  ( -1.826944830464237501, 0.5999999999999999778, 12.50000000000000000 ) ) ;
#2201 = AXIS2_PLACEMENT_3D ( 'NONE', #1509, #1672, #58 ) ;
#2202 = DIRECTION ( 'NONE',  ( 0.000000000000000000, 0.000000000000000000, 1.000000000000000000 ) ) ;
#2203 = DIRECTION ( 'NONE',  ( -0.4999999999999996114, 0.000000000000000000, -0.8660254037844388186 ) ) ;
#2204 = CARTESIAN_POINT ( 'NONE',  ( -6.684679857383200030, 0.2683375209644609516, 12.40000000000000213 ) ) ;
#2205 = CARTESIAN_POINT ( 'NONE',  ( -6.626944830464238656, 0.5999999999999999778, 12.50000000000000000 ) ) ;
#2206 = LINE ( 'NONE', #220, #811 ) ;
#2207 = ORIENTED_EDGE ( 'NONE', *, *, #2127, .T. ) ;
#2208 = EDGE_CURVE ( 'NONE', #839, #180, #1394, .T. ) ;
#2209 = DIRECTION ( 'NONE',  ( 0.000000000000000000, -0.000000000000000000, 1.000000000000000000 ) ) ;
#2210 = ORIENTED_EDGE ( 'NONE', *, *, #1028, .T. ) ;
#2211 = DIRECTION ( 'NONE',  ( -1.000000000000000000, 0.000000000000000000, 0.000000000000000000 ) ) ;
#2212 = VECTOR ( 'NONE', #140, 1000.000000000000000 ) ;
#2213 = CARTESIAN_POINT ( 'NONE',  ( -4.226944830464239189, 3.559659616929144565, 12.50000000000000178 ) ) ;
#2214 = CARTESIAN_POINT ( 'NONE',  ( -2.899999999999999911, 11.10000000000000142, 2.939152317953652529E-16 ) ) ;
#2215 = LINE ( 'NONE', #380, #408 ) ;
#2216 = FACE_BOUND ( 'NONE', #1458, .T. ) ;
#2217 = CARTESIAN_POINT ( 'NONE',  ( -5.542414884302163003, 7.342339026480686925, 12.50000000000000178 ) ) ;
#2218 = VECTOR ( 'NONE', #1981, 1000.000000000000000 ) ;
#2219 = CIRCLE ( 'NONE', #1261, 0.5999999999999998668 ) ;
#2220 = VERTEX_POINT ( 'NONE', #987 ) ;
#2221 = CARTESIAN_POINT ( 'NONE',  ( -0.6846798573832019175, 10.83166247903554158, 12.40000000000000213 ) ) ;
#2222 = ORIENTED_EDGE ( 'NONE', *, *, #1929, .F. ) ;
#2223 = CARTESIAN_POINT ( 'NONE',  ( -5.153515882530389725, -1.734723475976807094E-15, 12.97359283008153064 ) ) ;
#2224 = AXIS2_PLACEMENT_3D ( 'NONE', #826, #1202, #2082 ) ;
#2225 = DIRECTION ( 'NONE',  ( -0.000000000000000000, 1.000000000000000000, -0.000000000000000000 ) ) ;
#2226 = CARTESIAN_POINT ( 'NONE',  ( -9.199999999999999289, 0.000000000000000000, 11.90000000000000036 ) ) ;
#2227 = AXIS2_PLACEMENT_3D ( 'NONE', #2112, #830, #2267 ) ;
#2228 = DIRECTION ( 'NONE',  ( 1.000000000000000000, 0.000000000000000000, 0.000000000000000000 ) ) ;
#2229 = ORIENTED_EDGE ( 'NONE', *, *, #1296, .T. ) ;
#2230 = ADVANCED_FACE ( 'NONE', ( #2286 ), #797, .F. ) ;
#2231 = CARTESIAN_POINT ( 'NONE',  ( -4.284679857383200563, 0.000000000000000000, 12.40000000000000213 ) ) ;
#2232 = ORIENTED_EDGE ( 'NONE', *, *, #535, .T. ) ;
#2233 = AXIS2_PLACEMENT_3D ( 'NONE', #785, #1512, #1884 ) ;
#2234 = CARTESIAN_POINT ( 'NONE',  ( -3.026944830464238123, 4.274804942921745621, 12.50000000000000178 ) ) ;
#2235 = CARTESIAN_POINT ( 'NONE',  ( -2.100000000000001421, 1.199999999999999734, 0.8000000000000000444 ) ) ;
#2236 = PLANE ( 'NONE',  #1504 ) ;
#2237 = DIRECTION ( 'NONE',  ( -1.885568995626964287E-16, 1.000000000000000000, -0.000000000000000000 ) ) ;
#2238 = DIRECTION ( 'NONE',  ( -0.5000000000000001110, 0.000000000000000000, 0.8660254037844384856 ) ) ;
#2239 = EDGE_CURVE ( 'NONE', #2069, #1581, #930, .T. ) ;
#2240 = CARTESIAN_POINT ( 'NONE',  ( -7.900000000000002132, 9.900000000000000355, 0.8000000000000005995 ) ) ;
#2241 = VERTEX_POINT ( 'NONE', #810 ) ;
#2242 = DIRECTION ( 'NONE',  ( 0.8660254037844388186, 1.632950650801260931E-16, -0.4999999999999996114 ) ) ;
#2243 = DIRECTION ( 'NONE',  ( 0.000000000000000000, 0.000000000000000000, -1.000000000000000000 ) ) ;
#2244 = VECTOR ( 'NONE', #1537, 1000.000000000000000 ) ;
#2245 = CARTESIAN_POINT ( 'NONE',  ( -3.122607709517329688, 0.3673733948886183653, 12.46569296691827411 ) ) ;
#2246 = DIRECTION ( 'NONE',  ( -1.000000000000000000, 0.000000000000000000, 0.000000000000000000 ) ) ;
#2247 = DIRECTION ( 'NONE',  ( -8.673617379884034486E-16, 0.000000000000000000, -1.000000000000000000 ) ) ;
#2248 = AXIS2_PLACEMENT_3D ( 'NONE', #1969, #2164, #1281 ) ;
#2249 = FACE_BOUND ( 'NONE', #2323, .T. ) ;
#2250 = EDGE_CURVE ( 'NONE', #428, #1836, #945, .T. ) ;
#2251 = ORIENTED_EDGE ( 'NONE', *, *, #1592, .F. ) ;
#2252 = CARTESIAN_POINT ( 'NONE',  ( -9.199999999999999289, 9.900000000000000355, 4.000000000000001776 ) ) ;
#2253 = VERTEX_POINT ( 'NONE', #1025 ) ;
#2254 = ORIENTED_EDGE ( 'NONE', *, *, #1751, .T. ) ;
#2255 = EDGE_CURVE ( 'NONE', #827, #2326, #271, .T. ) ;
#2256 = DIRECTION ( 'NONE',  ( -0.8660254037844385966, -1.632950650801260438E-16, -0.5000000000000002220 ) ) ;
#2257 = CARTESIAN_POINT ( 'NONE',  ( -6.299999999999999822, 11.10000000000000142, 0.7999999999999999334 ) ) ;
#2258 = CARTESIAN_POINT ( 'NONE',  ( -6.646752005249070727, 10.73262660511138122, 12.46569296691827589 ) ) ;
#2259 = EDGE_CURVE ( 'NONE', #1832, #1014, #1072, .T. ) ;
#2260 = CARTESIAN_POINT ( 'NONE',  ( -2.087706835767293878, 5.549999999999999822, 10.00000000000000178 ) ) ;
#2261 = ORIENTED_EDGE ( 'NONE', *, *, #1010, .T. ) ;
#2262 = AXIS2_PLACEMENT_3D ( 'NONE', #476, #963, #1874 ) ;
#2263 = DIRECTION ( 'NONE',  ( 0.000000000000000000, 1.000000000000000000, 0.000000000000000000 ) ) ;
#2264 = CARTESIAN_POINT ( 'NONE',  ( -7.100000000000000533, 11.09999999999999964, 0.8000000000000000444 ) ) ;
#2265 = ORIENTED_EDGE ( 'NONE', *, *, #1408, .T. ) ;
#2266 = EDGE_LOOP ( 'NONE', ( #1558, #825, #966, #1377 ) ) ;
#2267 = DIRECTION ( 'NONE',  ( 0.000000000000000000, 0.000000000000000000, 1.000000000000000000 ) ) ;
#2268 = DIRECTION ( 'NONE',  ( 1.885568995626964287E-16, -1.000000000000000000, 0.000000000000000000 ) ) ;
#2269 = DATE_TIME_ROLE ( 'creation_date' ) ;
#2270 = DIRECTION ( 'NONE',  ( -0.000000000000000000, -0.000000000000000000, -1.000000000000000000 ) ) ;
#2271 = AXIS2_PLACEMENT_3D ( 'NONE', #2017, #1520, #431 ) ;
#2272 = EDGE_CURVE ( 'NONE', #2241, #708, #2118, .T. ) ;
#2273 = ORIENTED_EDGE ( 'NONE', *, *, #604, .F. ) ;
#2274 = CARTESIAN_POINT ( 'NONE',  ( -1.979847445408312908E-15, 10.50000000000000178, 11.90000000000000036 ) ) ;
#2275 = LINE ( 'NONE', #634, #1151 ) ;
#2276 = ORIENTED_EDGE ( 'NONE', *, *, #1590, .T. ) ;
#2277 = ORIENTED_EDGE ( 'NONE', *, *, #2283, .T. ) ;
#2278 = EDGE_CURVE ( 'NONE', #1919, #1635, #835, .T. ) ;
#2279 = CARTESIAN_POINT ( 'NONE',  ( -7.100000000000001421, 9.900000000000000355, 0.000000000000000000 ) ) ;
#2280 = CARTESIAN_POINT ( 'NONE',  ( -4.284679857383202339, 10.83166247903554336, 12.40000000000000213 ) ) ;
#2281 = APPROVAL_DATE_TIME ( #821, #56 ) ;
#2282 = LINE ( 'NONE', #776, #1574 ) ;
#2283 = EDGE_CURVE ( 'NONE', #2106, #373, #464, .T. ) ;
#2284 = EDGE_CURVE ( 'NONE', #1456, #799, #1525, .T. ) ;
#2285 = VECTOR ( 'NONE', #879, 1000.000000000000000 ) ;
#2286 = FACE_OUTER_BOUND ( 'NONE', #1931, .T. ) ;
#2287 = EDGE_CURVE ( 'NONE', #1420, #446, #1750, .T. ) ;
#2288 = EDGE_LOOP ( 'NONE', ( #1432, #869, #644, #2107 ) ) ;
#2289 = CARTESIAN_POINT ( 'NONE',  ( -2.899999999999999911, 11.10000000000000142, 0.8000000000000001554 ) ) ;
#2290 = ORIENTED_EDGE ( 'NONE', *, *, #1633, .F. ) ;
#2291 = AXIS2_PLACEMENT_3D ( 'NONE', #1233, #653, #701 ) ;
#2292 = ORIENTED_EDGE ( 'NONE', *, *, #1465, .F. ) ;
#2293 = DIRECTION ( 'NONE',  ( 0.8660254037844388186, 1.632950650801260931E-16, -0.4999999999999996114 ) ) ;
#2294 = CARTESIAN_POINT ( 'NONE',  ( -2.100000000000001421, 0.000000000000000000, 0.8000000000000000444 ) ) ;
#2295 = DIRECTION ( 'NONE',  ( -0.000000000000000000, -0.000000000000000000, 1.000000000000000000 ) ) ;
#2296 = CARTESIAN_POINT ( 'NONE',  ( -4.284679857383200563, 0.2683375209644605075, 12.40000000000000213 ) ) ;
#2297 = AXIS2_PLACEMENT_3D ( 'NONE', #1486, #32, #1463 ) ;
#2298 = LINE ( 'NONE', #1900, #674 ) ;
#2299 = ADVANCED_FACE ( 'NONE', ( #1038 ), #1949, .T. ) ;
#2300 = ORIENTED_EDGE ( 'NONE', *, *, #1535, .F. ) ;
#2301 = ORIENTED_EDGE ( 'NONE', *, *, #754, .T. ) ;
#2302 = CARTESIAN_POINT ( 'NONE',  ( -7.900000000000002132, 11.10000000000000142, 0.8000000000000003775 ) ) ;
#2303 = ORIENTED_EDGE ( 'NONE', *, *, #1665, .F. ) ;
#2304 = CIRCLE ( 'NONE', #927, 0.8000000000000000444 ) ;
#2305 = ORIENTED_EDGE ( 'NONE', *, *, #340, .T. ) ;
#2306 = DIRECTION ( 'NONE',  ( -1.000000000000000000, 0.000000000000000000, 0.000000000000000000 ) ) ;
#2307 = VECTOR ( 'NONE', #1183, 1000.000000000000000 ) ;
#2308 = DIRECTION ( 'NONE',  ( -1.000000000000000000, 0.000000000000000000, 0.000000000000000000 ) ) ;
#2309 = CALENDAR_DATE ( 2026, 19, 9 ) ;
#2310 = CARTESIAN_POINT ( 'NONE',  ( -5.484679857383200741, 7.259668549731328469, 12.40000000000000213 ) ) ;
#2311 = AXIS2_PLACEMENT_3D ( 'NONE', #474, #2295, #79 ) ;
#2312 = CARTESIAN_POINT ( 'NONE',  ( -7.100000000000001421, 1.199999999999999734, 0.7999999999999999334 ) ) ;
#2313 = ADVANCED_FACE ( 'NONE', ( #151 ), #796, .F. ) ;
#2314 = VERTEX_POINT ( 'NONE', #1701 ) ;
#2315 = VERTEX_POINT ( 'NONE', #652 ) ;
#2316 = LINE ( 'NONE', #1419, #844 ) ;
#2317 = ORIENTED_EDGE ( 'NONE', *, *, #1186, .T. ) ;
#2318 = ORIENTED_EDGE ( 'NONE', *, *, #648, .T. ) ;
#2319 = DIRECTION ( 'NONE',  ( 0.000000000000000000, 0.000000000000000000, 1.000000000000000000 ) ) ;
#2320 = DIRECTION ( 'NONE',  ( -1.885568995626964287E-16, 1.000000000000000000, -0.000000000000000000 ) ) ;
#2321 = EDGE_LOOP ( 'NONE', ( #2122, #692, #717, #505 ) ) ;
#2322 = AXIS2_PLACEMENT_3D ( 'NONE', #2312, #1546, #1200 ) ;
#2323 = EDGE_LOOP ( 'NONE', ( #195, #556 ) ) ;
#2324 = CARTESIAN_POINT ( 'NONE',  ( -6.299999999999999822, 11.10000000000000142, 4.000000000000000000 ) ) ;
#2325 = EDGE_CURVE ( 'NONE', #1820, #2044, #1748, .T. ) ;
#2326 = VERTEX_POINT ( 'NONE', #1911 ) ;
#2327 = CC_DESIGN_PERSON_AND_ORGANIZATION_ASSIGNMENT ( #847, #331, ( #818 ) ) ;
#2328 = ORIENTED_EDGE ( 'NONE', *, *, #2250, .F. ) ;
#2329 = CIRCLE ( 'NONE', #1305, 0.5999999999999998668 ) ;
#2330 = PLANE ( 'NONE',  #1220 ) ;
#2331 = DIRECTION ( 'NONE',  ( -1.885568995626964287E-16, 1.000000000000000000, -0.000000000000000000 ) ) ;
#2332 = CARTESIAN_POINT ( 'NONE',  ( -4.284679857383202339, 10.83166247903554336, 12.40000000000000213 ) ) ;
#2333 = CARTESIAN_POINT ( 'NONE',  ( -5.542414884302162115, -1.045060566674156469E-15, 12.50000000000000000 ) ) ;
#2334 = ADVANCED_FACE ( 'NONE', ( #1923 ), #451, .F. ) ;
#2335 = VECTOR ( 'NONE', #1242, 1000.000000000000000 ) ;
#2336 = VERTEX_POINT ( 'NONE', #971 ) ;
#2337 = ORIENTED_EDGE ( 'NONE', *, *, #1483, .F. ) ;
#2338 = DIRECTION ( 'NONE',  ( 0.000000000000000000, 0.000000000000000000, -1.000000000000000000 ) ) ;
#2339 = AXIS2_PLACEMENT_3D ( 'NONE', #1091, #1818, #911 ) ;
#2340 = VERTEX_POINT ( 'NONE', #1725 ) ;
#2341 = DIRECTION ( 'NONE',  ( -0.000000000000000000, -0.000000000000000000, -1.000000000000000000 ) ) ;
#2342 = DIRECTION ( 'NONE',  ( -1.885568995626964287E-16, 1.000000000000000000, -0.000000000000000000 ) ) ;
#2343 = CARTESIAN_POINT ( 'NONE',  ( -7.942414884302160694, 0.5999999999999999778, 12.50000000000000000 ) ) ;
#2344 = CIRCLE ( 'NONE', #188, 2.024999999999999023 ) ;
#2345 = DIRECTION ( 'NONE',  ( -0.000000000000000000, 1.000000000000000000, 0.000000000000000000 ) ) ;
ENDSEC;
END-ISO-10303-21;
