ISO-10303-21;
HEADER;
/* Generated by software containing ST-Developer
 * from STEP Tools, Inc. (www.steptools.com) 
 */
/* OPTION: using custom schema-name function */

FILE_DESCRIPTION(
/* description */ (''),
/* implementation_level */ '2;1');

FILE_NAME(
/* name */ 'HF186F 20200928_x_t.stp',
/* time_stamp */ '2020-09-28T09:55:39+08:00',
/* author */ (''),
/* organization */ (''),
/* preprocessor_version */ 'ST-DEVELOPER v15',
/* originating_system */ 'SIEMENS PLM Software NX 8.5',
/* authorisation */ '');

FILE_SCHEMA (('CONFIG_CONTROL_DESIGN'));
ENDSEC;

DATA;
#10=CONTEXT_DEPENDENT_SHAPE_REPRESENTATION(#12,#180);
#11=NEXT_ASSEMBLY_USAGE_OCCURRENCE('1001',' ','HF186F 20200928_ID6_X_T',
#182,#181,$);
#12=(
REPRESENTATION_RELATIONSHIP(' ',' ',#198,#199)
REPRESENTATION_RELATIONSHIP_WITH_TRANSFORMATION(#13)
SHAPE_REPRESENTATION_RELATIONSHIP()
);
#13=ITEM_DEFINED_TRANSFORMATION(' ',' ',#1696,#1811);
#14=SHAPE_REPRESENTATION_RELATIONSHIP('None',
'relationship between HF186F 20200928_id6_x_t-None and HF186F 20200928
_id6_x_t-None',#198,#15);
#15=ADVANCED_BREP_SHAPE_REPRESENTATION('HF186F 20200928_id6_x_t-None',(#200),
#2654);
#16=CC_DESIGN_APPROVAL(#44,(#181));
#17=CC_DESIGN_APPROVAL(#45,(#185));
#18=CC_DESIGN_APPROVAL(#46,(#61));
#19=CC_DESIGN_APPROVAL(#47,(#182));
#20=CC_DESIGN_APPROVAL(#48,(#186));
#21=CC_DESIGN_APPROVAL(#49,(#62));
#22=CC_DESIGN_APPROVAL(#50,(#63));
#23=APPROVAL_PERSON_ORGANIZATION(#147,#44,#30);
#24=APPROVAL_PERSON_ORGANIZATION(#148,#45,#31);
#25=APPROVAL_PERSON_ORGANIZATION(#149,#46,#32);
#26=APPROVAL_PERSON_ORGANIZATION(#154,#47,#33);
#27=APPROVAL_PERSON_ORGANIZATION(#155,#48,#34);
#28=APPROVAL_PERSON_ORGANIZATION(#156,#49,#35);
#29=APPROVAL_PERSON_ORGANIZATION(#158,#50,#36);
#30=APPROVAL_ROLE('approver');
#31=APPROVAL_ROLE('approver');
#32=APPROVAL_ROLE('approver');
#33=APPROVAL_ROLE('approver');
#34=APPROVAL_ROLE('approver');
#35=APPROVAL_ROLE('approver');
#36=APPROVAL_ROLE('approver');
#37=APPROVAL_DATE_TIME(#79,#44);
#38=APPROVAL_DATE_TIME(#80,#45);
#39=APPROVAL_DATE_TIME(#81,#46);
#40=APPROVAL_DATE_TIME(#84,#47);
#41=APPROVAL_DATE_TIME(#85,#48);
#42=APPROVAL_DATE_TIME(#86,#49);
#43=APPROVAL_DATE_TIME(#88,#50);
#44=APPROVAL(#51,' ');
#45=APPROVAL(#52,' ');
#46=APPROVAL(#53,' ');
#47=APPROVAL(#54,' ');
#48=APPROVAL(#55,' ');
#49=APPROVAL(#56,' ');
#50=APPROVAL(#57,' ');
#51=APPROVAL_STATUS('not_yet_approved');
#52=APPROVAL_STATUS('not_yet_approved');
#53=APPROVAL_STATUS('not_yet_approved');
#54=APPROVAL_STATUS('not_yet_approved');
#55=APPROVAL_STATUS('not_yet_approved');
#56=APPROVAL_STATUS('not_yet_approved');
#57=APPROVAL_STATUS('not_yet_approved');
#58=CC_DESIGN_SECURITY_CLASSIFICATION(#61,(#185));
#59=CC_DESIGN_SECURITY_CLASSIFICATION(#62,(#186));
#60=CC_DESIGN_SECURITY_CLASSIFICATION(#63,(#11));
#61=SECURITY_CLASSIFICATION(' ',' ',#64);
#62=SECURITY_CLASSIFICATION(' ',' ',#65);
#63=SECURITY_CLASSIFICATION(' ',' ',#66);
#64=SECURITY_CLASSIFICATION_LEVEL('confidential');
#65=SECURITY_CLASSIFICATION_LEVEL('confidential');
#66=SECURITY_CLASSIFICATION_LEVEL('confidential');
#67=CC_DESIGN_DATE_AND_TIME_ASSIGNMENT(#77,#72,(#181));
#68=CC_DESIGN_DATE_AND_TIME_ASSIGNMENT(#78,#73,(#61));
#69=CC_DESIGN_DATE_AND_TIME_ASSIGNMENT(#82,#74,(#182));
#70=CC_DESIGN_DATE_AND_TIME_ASSIGNMENT(#83,#75,(#62));
#71=CC_DESIGN_DATE_AND_TIME_ASSIGNMENT(#87,#76,(#63));
#72=DATE_TIME_ROLE('creation_date');
#73=DATE_TIME_ROLE('classification_date');
#74=DATE_TIME_ROLE('creation_date');
#75=DATE_TIME_ROLE('classification_date');
#76=DATE_TIME_ROLE('classification_date');
#77=DATE_AND_TIME(#113,#89);
#78=DATE_AND_TIME(#114,#90);
#79=DATE_AND_TIME(#115,#91);
#80=DATE_AND_TIME(#116,#92);
#81=DATE_AND_TIME(#117,#93);
#82=DATE_AND_TIME(#118,#94);
#83=DATE_AND_TIME(#119,#95);
#84=DATE_AND_TIME(#120,#96);
#85=DATE_AND_TIME(#121,#97);
#86=DATE_AND_TIME(#122,#98);
#87=DATE_AND_TIME(#123,#99);
#88=DATE_AND_TIME(#124,#100);
#89=LOCAL_TIME(0,0,0.,#101);
#90=LOCAL_TIME(0,0,0.,#102);
#91=LOCAL_TIME(0,0,0.,#103);
#92=LOCAL_TIME(0,0,0.,#104);
#93=LOCAL_TIME(0,0,0.,#105);
#94=LOCAL_TIME(0,0,0.,#106);
#95=LOCAL_TIME(0,0,0.,#107);
#96=LOCAL_TIME(0,0,0.,#108);
#97=LOCAL_TIME(0,0,0.,#109);
#98=LOCAL_TIME(0,0,0.,#110);
#99=LOCAL_TIME(0,0,0.,#111);
#100=LOCAL_TIME(0,0,0.,#112);
#101=COORDINATED_UNIVERSAL_TIME_OFFSET(0,0,.BEHIND.);
#102=COORDINATED_UNIVERSAL_TIME_OFFSET(0,0,.BEHIND.);
#103=COORDINATED_UNIVERSAL_TIME_OFFSET(0,0,.BEHIND.);
#104=COORDINATED_UNIVERSAL_TIME_OFFSET(0,0,.BEHIND.);
#105=COORDINATED_UNIVERSAL_TIME_OFFSET(0,0,.BEHIND.);
#106=COORDINATED_UNIVERSAL_TIME_OFFSET(0,0,.BEHIND.);
#107=COORDINATED_UNIVERSAL_TIME_OFFSET(0,0,.BEHIND.);
#108=COORDINATED_UNIVERSAL_TIME_OFFSET(0,0,.BEHIND.);
#109=COORDINATED_UNIVERSAL_TIME_OFFSET(0,0,.BEHIND.);
#110=COORDINATED_UNIVERSAL_TIME_OFFSET(0,0,.BEHIND.);
#111=COORDINATED_UNIVERSAL_TIME_OFFSET(0,0,.BEHIND.);
#112=COORDINATED_UNIVERSAL_TIME_OFFSET(0,0,.BEHIND.);
#113=CALENDAR_DATE(0,1,1);
#114=CALENDAR_DATE(0,1,1);
#115=CALENDAR_DATE(0,1,1);
#116=CALENDAR_DATE(0,1,1);
#117=CALENDAR_DATE(0,1,1);
#118=CALENDAR_DATE(0,1,1);
#119=CALENDAR_DATE(0,1,1);
#120=CALENDAR_DATE(0,1,1);
#121=CALENDAR_DATE(0,1,1);
#122=CALENDAR_DATE(0,1,1);
#123=CALENDAR_DATE(0,1,1);
#124=CALENDAR_DATE(0,1,1);
#125=CC_DESIGN_PERSON_AND_ORGANIZATION_ASSIGNMENT(#143,#134,(#181,#185));
#126=CC_DESIGN_PERSON_AND_ORGANIZATION_ASSIGNMENT(#144,#135,(#189));
#127=CC_DESIGN_PERSON_AND_ORGANIZATION_ASSIGNMENT(#145,#136,(#185));
#128=CC_DESIGN_PERSON_AND_ORGANIZATION_ASSIGNMENT(#146,#137,(#61));
#129=CC_DESIGN_PERSON_AND_ORGANIZATION_ASSIGNMENT(#150,#138,(#182,#186));
#130=CC_DESIGN_PERSON_AND_ORGANIZATION_ASSIGNMENT(#151,#139,(#190));
#131=CC_DESIGN_PERSON_AND_ORGANIZATION_ASSIGNMENT(#152,#140,(#186));
#132=CC_DESIGN_PERSON_AND_ORGANIZATION_ASSIGNMENT(#153,#141,(#62));
#133=CC_DESIGN_PERSON_AND_ORGANIZATION_ASSIGNMENT(#157,#142,(#63));
#134=PERSON_AND_ORGANIZATION_ROLE('creator');
#135=PERSON_AND_ORGANIZATION_ROLE('design_owner');
#136=PERSON_AND_ORGANIZATION_ROLE('design_supplier');
#137=PERSON_AND_ORGANIZATION_ROLE('classification_officer');
#138=PERSON_AND_ORGANIZATION_ROLE('creator');
#139=PERSON_AND_ORGANIZATION_ROLE('design_owner');
#140=PERSON_AND_ORGANIZATION_ROLE('design_supplier');
#141=PERSON_AND_ORGANIZATION_ROLE('classification_officer');
#142=PERSON_AND_ORGANIZATION_ROLE('classification_officer');
#143=PERSON_AND_ORGANIZATION(#175,#159);
#144=PERSON_AND_ORGANIZATION(#175,#160);
#145=PERSON_AND_ORGANIZATION(#175,#161);
#146=PERSON_AND_ORGANIZATION(#175,#162);
#147=PERSON_AND_ORGANIZATION(#175,#163);
#148=PERSON_AND_ORGANIZATION(#175,#164);
#149=PERSON_AND_ORGANIZATION(#175,#165);
#150=PERSON_AND_ORGANIZATION(#175,#166);
#151=PERSON_AND_ORGANIZATION(#175,#167);
#152=PERSON_AND_ORGANIZATION(#175,#168);
#153=PERSON_AND_ORGANIZATION(#175,#169);
#154=PERSON_AND_ORGANIZATION(#175,#170);
#155=PERSON_AND_ORGANIZATION(#175,#171);
#156=PERSON_AND_ORGANIZATION(#175,#172);
#157=PERSON_AND_ORGANIZATION(#175,#173);
#158=PERSON_AND_ORGANIZATION(#175,#174);
#159=ORGANIZATION(' ',' ',' ');
#160=ORGANIZATION(' ',' ',' ');
#161=ORGANIZATION(' ',' ',' ');
#162=ORGANIZATION(' ',' ',' ');
#163=ORGANIZATION(' ',' ',' ');
#164=ORGANIZATION(' ',' ',' ');
#165=ORGANIZATION(' ',' ',' ');
#166=ORGANIZATION(' ',' ',' ');
#167=ORGANIZATION(' ',' ',' ');
#168=ORGANIZATION(' ',' ',' ');
#169=ORGANIZATION(' ',' ',' ');
#170=ORGANIZATION(' ',' ',' ');
#171=ORGANIZATION(' ',' ',' ');
#172=ORGANIZATION(' ',' ',' ');
#173=ORGANIZATION(' ',' ',' ');
#174=ORGANIZATION(' ',' ',' ');
#175=PERSON(' ',' ',' ',(' '),$,$);
#176=SHAPE_DEFINITION_REPRESENTATION(#178,#198);
#177=SHAPE_DEFINITION_REPRESENTATION(#179,#199);
#178=PRODUCT_DEFINITION_SHAPE('','',#181);
#179=PRODUCT_DEFINITION_SHAPE('','',#182);
#180=PRODUCT_DEFINITION_SHAPE(' ','NAUO PRDDFN',#11);
#181=PRODUCT_DEFINITION(' ','',#185,#183);
#182=PRODUCT_DEFINITION(' ','',#186,#184);
#183=DESIGN_CONTEXT('',#197,'design');
#184=DESIGN_CONTEXT('',#197,'design');
#185=PRODUCT_DEFINITION_FORMATION_WITH_SPECIFIED_SOURCE(' ',' ',#189,
 .NOT_KNOWN.);
#186=PRODUCT_DEFINITION_FORMATION_WITH_SPECIFIED_SOURCE(' ',' ',#190,
 .NOT_KNOWN.);
#187=PRODUCT_RELATED_PRODUCT_CATEGORY('detail','',(#189));
#188=PRODUCT_RELATED_PRODUCT_CATEGORY('detail','',(#190));
#189=PRODUCT('HF186F 20200928_id6_x_t','HF186F 20200928_id6_x_t',' ',(#194));
#190=PRODUCT('HF186F 20200928_x_t','HF186F 20200928_x_t',' ',(#195));
#191=PRODUCT_CATEGORY('part',' ');
#192=PRODUCT_CATEGORY(' ','');
#193=PRODUCT_CATEGORY(' ','');
#194=MECHANICAL_CONTEXT(' ',#197,'mechanical');
#195=MECHANICAL_CONTEXT(' ',#197,'mechanical');
#196=APPLICATION_PROTOCOL_DEFINITION('international standard',
'config_control_design',2010,#197);
#197=APPLICATION_CONTEXT(
'configuration controlled 3D designs of mechanical parts and assemblie
s');
#198=SHAPE_REPRESENTATION('HF186F 20200928_id6_x_t-None',(#1696),#2654);
#199=SHAPE_REPRESENTATION('HF186F 20200928_x_t-none',(#1696,#1811),#2653);
#200=MANIFOLD_SOLID_BREP('',#201);
#201=CLOSED_SHELL('',(#315,#316,#317,#318,#319,#320,#321,#322,#323,#324,
#325,#326,#327,#328,#329,#330,#331,#332,#333,#334,#335,#336,#337,#338,#339,
#340,#341,#342,#343,#344,#345,#346,#347,#348,#349,#350,#351,#352,#353,#354,
#355,#356,#357,#358,#359,#360,#361,#362,#363,#364,#365,#366,#367,#368,#369,
#370,#371,#372,#373,#374,#375,#376,#377,#378,#379,#380,#381,#382,#383,#384,
#385,#386,#387,#388,#389,#390,#391,#392,#393,#394,#395,#396));
#202=ELLIPSE('',#1750,0.707106781186548,0.5);
#203=ELLIPSE('',#1753,0.707106781186548,0.5);
#204=ELLIPSE('',#1772,0.302948271755585,0.3);
#205=ELLIPSE('',#1773,0.302948271755585,0.3);
#206=ELLIPSE('',#1775,0.302948271755585,0.3);
#207=ELLIPSE('',#1776,0.302948271755585,0.3);
#208=ELLIPSE('',#1787,0.302948271755585,0.3);
#209=ELLIPSE('',#1788,0.302948271755585,0.3);
#210=ELLIPSE('',#1790,0.302948271755585,0.3);
#211=ELLIPSE('',#1791,0.302948271755585,0.3);
#212=SPHERICAL_SURFACE('',#1733,0.5);
#213=SPHERICAL_SURFACE('',#1743,0.5);
#214=SPHERICAL_SURFACE('',#1745,0.5);
#215=SPHERICAL_SURFACE('',#1756,0.5);
#216=SPHERICAL_SURFACE('',#1759,0.5);
#217=SPHERICAL_SURFACE('',#1761,0.5);
#218=CYLINDRICAL_SURFACE('',#1720,0.5);
#219=CYLINDRICAL_SURFACE('',#1730,0.5);
#220=CYLINDRICAL_SURFACE('',#1735,0.5);
#221=CYLINDRICAL_SURFACE('',#1737,0.5);
#222=CYLINDRICAL_SURFACE('',#1739,0.5);
#223=CYLINDRICAL_SURFACE('',#1741,0.5);
#224=CYLINDRICAL_SURFACE('',#1747,0.5);
#225=CYLINDRICAL_SURFACE('',#1749,0.5);
#226=CYLINDRICAL_SURFACE('',#1752,0.5);
#227=CYLINDRICAL_SURFACE('',#1755,0.5);
#228=CYLINDRICAL_SURFACE('',#1758,0.5);
#229=CYLINDRICAL_SURFACE('',#1762,0.5);
#230=CYLINDRICAL_SURFACE('',#1780,0.3);
#231=CYLINDRICAL_SURFACE('',#1781,0.3);
#232=CYLINDRICAL_SURFACE('',#1795,0.3);
#233=CYLINDRICAL_SURFACE('',#1796,0.3);
#234=FACE_OUTER_BOUND('',#489,.T.);
#235=FACE_OUTER_BOUND('',#490,.T.);
#236=FACE_OUTER_BOUND('',#491,.T.);
#237=FACE_OUTER_BOUND('',#492,.T.);
#238=FACE_OUTER_BOUND('',#493,.T.);
#239=FACE_OUTER_BOUND('',#494,.T.);
#240=FACE_OUTER_BOUND('',#495,.T.);
#241=FACE_OUTER_BOUND('',#496,.T.);
#242=FACE_OUTER_BOUND('',#497,.T.);
#243=FACE_OUTER_BOUND('',#498,.T.);
#244=FACE_OUTER_BOUND('',#499,.T.);
#245=FACE_OUTER_BOUND('',#500,.T.);
#246=FACE_OUTER_BOUND('',#501,.T.);
#247=FACE_OUTER_BOUND('',#502,.T.);
#248=FACE_OUTER_BOUND('',#503,.T.);
#249=FACE_OUTER_BOUND('',#504,.T.);
#250=FACE_OUTER_BOUND('',#505,.T.);
#251=FACE_OUTER_BOUND('',#506,.T.);
#252=FACE_OUTER_BOUND('',#507,.T.);
#253=FACE_OUTER_BOUND('',#508,.T.);
#254=FACE_OUTER_BOUND('',#509,.T.);
#255=FACE_OUTER_BOUND('',#510,.T.);
#256=FACE_OUTER_BOUND('',#511,.T.);
#257=FACE_OUTER_BOUND('',#512,.T.);
#258=FACE_OUTER_BOUND('',#513,.T.);
#259=FACE_OUTER_BOUND('',#514,.T.);
#260=FACE_OUTER_BOUND('',#515,.T.);
#261=FACE_OUTER_BOUND('',#516,.T.);
#262=FACE_OUTER_BOUND('',#517,.T.);
#263=FACE_OUTER_BOUND('',#518,.T.);
#264=FACE_OUTER_BOUND('',#519,.T.);
#265=FACE_OUTER_BOUND('',#520,.T.);
#266=FACE_OUTER_BOUND('',#521,.T.);
#267=FACE_OUTER_BOUND('',#522,.T.);
#268=FACE_OUTER_BOUND('',#523,.T.);
#269=FACE_OUTER_BOUND('',#524,.T.);
#270=FACE_OUTER_BOUND('',#525,.T.);
#271=FACE_OUTER_BOUND('',#526,.T.);
#272=FACE_OUTER_BOUND('',#527,.T.);
#273=FACE_OUTER_BOUND('',#528,.T.);
#274=FACE_OUTER_BOUND('',#529,.T.);
#275=FACE_OUTER_BOUND('',#530,.T.);
#276=FACE_OUTER_BOUND('',#531,.T.);
#277=FACE_OUTER_BOUND('',#532,.T.);
#278=FACE_OUTER_BOUND('',#533,.T.);
#279=FACE_OUTER_BOUND('',#534,.T.);
#280=FACE_OUTER_BOUND('',#535,.T.);
#281=FACE_OUTER_BOUND('',#536,.T.);
#282=FACE_OUTER_BOUND('',#537,.T.);
#283=FACE_OUTER_BOUND('',#538,.T.);
#284=FACE_OUTER_BOUND('',#539,.T.);
#285=FACE_OUTER_BOUND('',#540,.T.);
#286=FACE_OUTER_BOUND('',#541,.T.);
#287=FACE_OUTER_BOUND('',#542,.T.);
#288=FACE_OUTER_BOUND('',#543,.T.);
#289=FACE_OUTER_BOUND('',#544,.T.);
#290=FACE_OUTER_BOUND('',#545,.T.);
#291=FACE_OUTER_BOUND('',#546,.T.);
#292=FACE_OUTER_BOUND('',#547,.T.);
#293=FACE_OUTER_BOUND('',#548,.T.);
#294=FACE_OUTER_BOUND('',#549,.T.);
#295=FACE_OUTER_BOUND('',#550,.T.);
#296=FACE_OUTER_BOUND('',#551,.T.);
#297=FACE_OUTER_BOUND('',#552,.T.);
#298=FACE_OUTER_BOUND('',#553,.T.);
#299=FACE_OUTER_BOUND('',#554,.T.);
#300=FACE_OUTER_BOUND('',#555,.T.);
#301=FACE_OUTER_BOUND('',#556,.T.);
#302=FACE_OUTER_BOUND('',#557,.T.);
#303=FACE_OUTER_BOUND('',#558,.T.);
#304=FACE_OUTER_BOUND('',#559,.T.);
#305=FACE_OUTER_BOUND('',#560,.T.);
#306=FACE_OUTER_BOUND('',#561,.T.);
#307=FACE_OUTER_BOUND('',#562,.T.);
#308=FACE_OUTER_BOUND('',#563,.T.);
#309=FACE_OUTER_BOUND('',#564,.T.);
#310=FACE_OUTER_BOUND('',#565,.T.);
#311=FACE_OUTER_BOUND('',#566,.T.);
#312=FACE_OUTER_BOUND('',#567,.T.);
#313=FACE_OUTER_BOUND('',#568,.T.);
#314=FACE_OUTER_BOUND('',#569,.T.);
#315=ADVANCED_FACE('',(#479,#480,#481,#482,#483),#397,.T.);
#316=ADVANCED_FACE('',(#234),#398,.T.);
#317=ADVANCED_FACE('',(#235),#399,.T.);
#318=ADVANCED_FACE('',(#236),#400,.F.);
#319=ADVANCED_FACE('',(#237),#401,.F.);
#320=ADVANCED_FACE('',(#238),#402,.F.);
#321=ADVANCED_FACE('',(#239),#403,.F.);
#322=ADVANCED_FACE('',(#240),#404,.F.);
#323=ADVANCED_FACE('',(#241),#405,.F.);
#324=ADVANCED_FACE('',(#242),#406,.F.);
#325=ADVANCED_FACE('',(#243),#407,.F.);
#326=ADVANCED_FACE('',(#244),#408,.F.);
#327=ADVANCED_FACE('',(#245),#409,.F.);
#328=ADVANCED_FACE('',(#246),#410,.F.);
#329=ADVANCED_FACE('',(#247),#411,.F.);
#330=ADVANCED_FACE('',(#248),#412,.T.);
#331=ADVANCED_FACE('',(#249),#218,.T.);
#332=ADVANCED_FACE('',(#250),#413,.T.);
#333=ADVANCED_FACE('',(#251),#414,.T.);
#334=ADVANCED_FACE('',(#252),#415,.T.);
#335=ADVANCED_FACE('',(#253),#416,.T.);
#336=ADVANCED_FACE('',(#254),#417,.T.);
#337=ADVANCED_FACE('',(#255),#418,.T.);
#338=ADVANCED_FACE('',(#256),#419,.T.);
#339=ADVANCED_FACE('',(#257),#420,.T.);
#340=ADVANCED_FACE('',(#258),#219,.T.);
#341=ADVANCED_FACE('',(#259),#212,.T.);
#342=ADVANCED_FACE('',(#260),#220,.T.);
#343=ADVANCED_FACE('',(#261),#221,.T.);
#344=ADVANCED_FACE('',(#262),#222,.T.);
#345=ADVANCED_FACE('',(#263),#223,.T.);
#346=ADVANCED_FACE('',(#264),#213,.T.);
#347=ADVANCED_FACE('',(#265),#214,.T.);
#348=ADVANCED_FACE('',(#266),#224,.T.);
#349=ADVANCED_FACE('',(#267),#225,.T.);
#350=ADVANCED_FACE('',(#268),#226,.T.);
#351=ADVANCED_FACE('',(#269),#227,.T.);
#352=ADVANCED_FACE('',(#270),#215,.T.);
#353=ADVANCED_FACE('',(#271),#228,.T.);
#354=ADVANCED_FACE('',(#272),#216,.T.);
#355=ADVANCED_FACE('',(#273),#217,.T.);
#356=ADVANCED_FACE('',(#274),#229,.T.);
#357=ADVANCED_FACE('',(#275),#421,.T.);
#358=ADVANCED_FACE('',(#276),#422,.T.);
#359=ADVANCED_FACE('',(#277),#423,.T.);
#360=ADVANCED_FACE('',(#278),#424,.T.);
#361=ADVANCED_FACE('',(#279),#425,.F.);
#362=ADVANCED_FACE('',(#280),#426,.F.);
#363=ADVANCED_FACE('',(#281),#427,.F.);
#364=ADVANCED_FACE('',(#282),#428,.F.);
#365=ADVANCED_FACE('',(#283),#429,.T.);
#366=ADVANCED_FACE('',(#284),#430,.F.);
#367=ADVANCED_FACE('',(#285),#431,.T.);
#368=ADVANCED_FACE('',(#286),#432,.F.);
#369=ADVANCED_FACE('',(#287),#433,.F.);
#370=ADVANCED_FACE('',(#288),#230,.T.);
#371=ADVANCED_FACE('',(#289),#231,.T.);
#372=ADVANCED_FACE('',(#290),#434,.F.);
#373=ADVANCED_FACE('',(#291),#435,.F.);
#374=ADVANCED_FACE('',(#292),#436,.F.);
#375=ADVANCED_FACE('',(#293),#437,.F.);
#376=ADVANCED_FACE('',(#294),#438,.T.);
#377=ADVANCED_FACE('',(#295),#439,.F.);
#378=ADVANCED_FACE('',(#296),#440,.T.);
#379=ADVANCED_FACE('',(#297),#441,.F.);
#380=ADVANCED_FACE('',(#298),#442,.F.);
#381=ADVANCED_FACE('',(#299),#232,.T.);
#382=ADVANCED_FACE('',(#300),#233,.T.);
#383=ADVANCED_FACE('',(#301),#443,.T.);
#384=ADVANCED_FACE('',(#302),#444,.T.);
#385=ADVANCED_FACE('',(#303),#445,.T.);
#386=ADVANCED_FACE('',(#304),#446,.T.);
#387=ADVANCED_FACE('',(#305),#447,.T.);
#388=ADVANCED_FACE('',(#306),#448,.F.);
#389=ADVANCED_FACE('',(#307),#449,.F.);
#390=ADVANCED_FACE('',(#308),#450,.T.);
#391=ADVANCED_FACE('',(#309),#451,.T.);
#392=ADVANCED_FACE('',(#310),#452,.T.);
#393=ADVANCED_FACE('',(#311),#453,.T.);
#394=ADVANCED_FACE('',(#312),#454,.T.);
#395=ADVANCED_FACE('',(#313),#455,.F.);
#396=ADVANCED_FACE('',(#314),#456,.F.);
#397=PLANE('',#1701);
#398=PLANE('',#1703);
#399=PLANE('',#1705);
#400=PLANE('',#1706);
#401=PLANE('',#1707);
#402=PLANE('',#1708);
#403=PLANE('',#1709);
#404=PLANE('',#1710);
#405=PLANE('',#1711);
#406=PLANE('',#1712);
#407=PLANE('',#1713);
#408=PLANE('',#1714);
#409=PLANE('',#1715);
#410=PLANE('',#1716);
#411=PLANE('',#1717);
#412=PLANE('',#1718);
#413=PLANE('',#1721);
#414=PLANE('',#1722);
#415=PLANE('',#1723);
#416=PLANE('',#1724);
#417=PLANE('',#1725);
#418=PLANE('',#1726);
#419=PLANE('',#1727);
#420=PLANE('',#1728);
#421=PLANE('',#1763);
#422=PLANE('',#1764);
#423=PLANE('',#1765);
#424=PLANE('',#1766);
#425=PLANE('',#1767);
#426=PLANE('',#1768);
#427=PLANE('',#1769);
#428=PLANE('',#1770);
#429=PLANE('',#1771);
#430=PLANE('',#1774);
#431=PLANE('',#1777);
#432=PLANE('',#1778);
#433=PLANE('',#1779);
#434=PLANE('',#1782);
#435=PLANE('',#1783);
#436=PLANE('',#1784);
#437=PLANE('',#1785);
#438=PLANE('',#1786);
#439=PLANE('',#1789);
#440=PLANE('',#1792);
#441=PLANE('',#1793);
#442=PLANE('',#1794);
#443=PLANE('',#1797);
#444=PLANE('',#1798);
#445=PLANE('',#1799);
#446=PLANE('',#1800);
#447=PLANE('',#1801);
#448=PLANE('',#1802);
#449=PLANE('',#1803);
#450=PLANE('',#1804);
#451=PLANE('',#1805);
#452=PLANE('',#1806);
#453=PLANE('',#1807);
#454=PLANE('',#1808);
#455=PLANE('',#1809);
#456=PLANE('',#1810);
#457=CIRCLE('',#1697,0.5);
#458=CIRCLE('',#1698,0.5);
#459=CIRCLE('',#1699,0.5);
#460=CIRCLE('',#1700,0.5);
#461=CIRCLE('',#1702,0.5);
#462=CIRCLE('',#1704,0.5);
#463=CIRCLE('',#1719,0.5);
#464=CIRCLE('',#1729,0.5);
#465=CIRCLE('',#1731,0.5);
#466=CIRCLE('',#1732,0.5);
#467=CIRCLE('',#1734,0.5);
#468=CIRCLE('',#1736,0.5);
#469=CIRCLE('',#1738,0.5);
#470=CIRCLE('',#1740,0.5);
#471=CIRCLE('',#1742,0.5);
#472=CIRCLE('',#1744,0.5);
#473=CIRCLE('',#1746,0.5);
#474=CIRCLE('',#1748,0.5);
#475=CIRCLE('',#1751,0.5);
#476=CIRCLE('',#1754,0.5);
#477=CIRCLE('',#1757,0.5);
#478=CIRCLE('',#1760,0.5);
#479=FACE_BOUND('',#484,.T.);
#480=FACE_BOUND('',#485,.T.);
#481=FACE_BOUND('',#486,.T.);
#482=FACE_BOUND('',#487,.T.);
#483=FACE_BOUND('',#488,.T.);
#484=EDGE_LOOP('',(#570,#571,#572,#573));
#485=EDGE_LOOP('',(#574,#575,#576,#577));
#486=EDGE_LOOP('',(#578,#579,#580,#581));
#487=EDGE_LOOP('',(#582,#583,#584,#585,#586,#587,#588,#589,#590,#591,#592,
#593,#594,#595,#596,#597,#598,#599,#600,#601,#602,#603,#604,#605));
#488=EDGE_LOOP('',(#606,#607,#608,#609));
#489=EDGE_LOOP('',(#610,#611,#612,#613,#614));
#490=EDGE_LOOP('',(#615,#616,#617,#618,#619));
#491=EDGE_LOOP('',(#620,#621,#622,#623));
#492=EDGE_LOOP('',(#624,#625,#626,#627));
#493=EDGE_LOOP('',(#628,#629,#630,#631));
#494=EDGE_LOOP('',(#632,#633,#634,#635));
#495=EDGE_LOOP('',(#636,#637,#638,#639,#640));
#496=EDGE_LOOP('',(#641,#642,#643,#644,#645));
#497=EDGE_LOOP('',(#646,#647,#648,#649,#650));
#498=EDGE_LOOP('',(#651,#652,#653,#654,#655));
#499=EDGE_LOOP('',(#656,#657,#658,#659,#660));
#500=EDGE_LOOP('',(#661,#662,#663,#664,#665));
#501=EDGE_LOOP('',(#666,#667,#668,#669,#670));
#502=EDGE_LOOP('',(#671,#672,#673,#674,#675));
#503=EDGE_LOOP('',(#676,#677,#678,#679,#680,#681));
#504=EDGE_LOOP('',(#682,#683,#684,#685));
#505=EDGE_LOOP('',(#686,#687,#688,#689,#690,#691,#692,#693,#694,#695,#696,
#697,#698,#699));
#506=EDGE_LOOP('',(#700,#701,#702,#703));
#507=EDGE_LOOP('',(#704,#705,#706,#707,#708,#709,#710,#711,#712,#713,#714,
#715));
#508=EDGE_LOOP('',(#716,#717,#718,#719,#720,#721));
#509=EDGE_LOOP('',(#722,#723,#724,#725));
#510=EDGE_LOOP('',(#726,#727,#728,#729));
#511=EDGE_LOOP('',(#730,#731,#732,#733));
#512=EDGE_LOOP('',(#734,#735,#736,#737));
#513=EDGE_LOOP('',(#738,#739,#740,#741));
#514=EDGE_LOOP('',(#742,#743,#744));
#515=EDGE_LOOP('',(#745,#746,#747,#748));
#516=EDGE_LOOP('',(#749,#750,#751,#752));
#517=EDGE_LOOP('',(#753,#754,#755,#756));
#518=EDGE_LOOP('',(#757,#758,#759,#760));
#519=EDGE_LOOP('',(#761,#762,#763));
#520=EDGE_LOOP('',(#764,#765,#766));
#521=EDGE_LOOP('',(#767,#768,#769,#770));
#522=EDGE_LOOP('',(#771,#772,#773,#774));
#523=EDGE_LOOP('',(#775,#776,#777,#778));
#524=EDGE_LOOP('',(#779,#780,#781,#782));
#525=EDGE_LOOP('',(#783,#784,#785));
#526=EDGE_LOOP('',(#786,#787,#788,#789));
#527=EDGE_LOOP('',(#790,#791,#792));
#528=EDGE_LOOP('',(#793,#794,#795));
#529=EDGE_LOOP('',(#796,#797,#798,#799));
#530=EDGE_LOOP('',(#800,#801,#802,#803));
#531=EDGE_LOOP('',(#804,#805,#806,#807));
#532=EDGE_LOOP('',(#808,#809,#810,#811));
#533=EDGE_LOOP('',(#812,#813,#814,#815));
#534=EDGE_LOOP('',(#816,#817,#818,#819,#820,#821));
#535=EDGE_LOOP('',(#822,#823,#824,#825));
#536=EDGE_LOOP('',(#826,#827,#828,#829));
#537=EDGE_LOOP('',(#830,#831,#832,#833));
#538=EDGE_LOOP('',(#834,#835,#836,#837,#838,#839));
#539=EDGE_LOOP('',(#840,#841,#842,#843,#844,#845));
#540=EDGE_LOOP('',(#846,#847,#848,#849,#850,#851));
#541=EDGE_LOOP('',(#852,#853,#854,#855,#856,#857));
#542=EDGE_LOOP('',(#858,#859,#860,#861,#862,#863));
#543=EDGE_LOOP('',(#864,#865,#866,#867));
#544=EDGE_LOOP('',(#868,#869,#870,#871));
#545=EDGE_LOOP('',(#872,#873,#874,#875,#876,#877));
#546=EDGE_LOOP('',(#878,#879,#880,#881));
#547=EDGE_LOOP('',(#882,#883,#884,#885));
#548=EDGE_LOOP('',(#886,#887,#888,#889));
#549=EDGE_LOOP('',(#890,#891,#892,#893,#894,#895));
#550=EDGE_LOOP('',(#896,#897,#898,#899,#900,#901));
#551=EDGE_LOOP('',(#902,#903,#904,#905,#906,#907));
#552=EDGE_LOOP('',(#908,#909,#910,#911,#912,#913));
#553=EDGE_LOOP('',(#914,#915,#916,#917,#918,#919));
#554=EDGE_LOOP('',(#920,#921,#922,#923));
#555=EDGE_LOOP('',(#924,#925,#926,#927));
#556=EDGE_LOOP('',(#928,#929,#930,#931));
#557=EDGE_LOOP('',(#932,#933,#934,#935,#936,#937));
#558=EDGE_LOOP('',(#938,#939,#940,#941));
#559=EDGE_LOOP('',(#942,#943,#944,#945,#946,#947));
#560=EDGE_LOOP('',(#948,#949,#950,#951));
#561=EDGE_LOOP('',(#952,#953,#954,#955));
#562=EDGE_LOOP('',(#956,#957,#958,#959));
#563=EDGE_LOOP('',(#960,#961,#962,#963));
#564=EDGE_LOOP('',(#964,#965,#966,#967,#968,#969));
#565=EDGE_LOOP('',(#970,#971,#972,#973));
#566=EDGE_LOOP('',(#974,#975,#976,#977,#978,#979));
#567=EDGE_LOOP('',(#980,#981,#982,#983));
#568=EDGE_LOOP('',(#984,#985,#986,#987));
#569=EDGE_LOOP('',(#988,#989,#990,#991));
#570=ORIENTED_EDGE('',*,*,#1127,.T.);
#571=ORIENTED_EDGE('',*,*,#1128,.T.);
#572=ORIENTED_EDGE('',*,*,#1129,.T.);
#573=ORIENTED_EDGE('',*,*,#1130,.T.);
#574=ORIENTED_EDGE('',*,*,#1131,.T.);
#575=ORIENTED_EDGE('',*,*,#1132,.T.);
#576=ORIENTED_EDGE('',*,*,#1133,.T.);
#577=ORIENTED_EDGE('',*,*,#1134,.T.);
#578=ORIENTED_EDGE('',*,*,#1135,.F.);
#579=ORIENTED_EDGE('',*,*,#1136,.F.);
#580=ORIENTED_EDGE('',*,*,#1137,.T.);
#581=ORIENTED_EDGE('',*,*,#1138,.F.);
#582=ORIENTED_EDGE('',*,*,#1139,.T.);
#583=ORIENTED_EDGE('',*,*,#1140,.F.);
#584=ORIENTED_EDGE('',*,*,#1141,.F.);
#585=ORIENTED_EDGE('',*,*,#1142,.T.);
#586=ORIENTED_EDGE('',*,*,#1143,.F.);
#587=ORIENTED_EDGE('',*,*,#1144,.T.);
#588=ORIENTED_EDGE('',*,*,#1145,.F.);
#589=ORIENTED_EDGE('',*,*,#1146,.F.);
#590=ORIENTED_EDGE('',*,*,#1147,.T.);
#591=ORIENTED_EDGE('',*,*,#1148,.F.);
#592=ORIENTED_EDGE('',*,*,#1149,.F.);
#593=ORIENTED_EDGE('',*,*,#1150,.F.);
#594=ORIENTED_EDGE('',*,*,#1151,.T.);
#595=ORIENTED_EDGE('',*,*,#1152,.F.);
#596=ORIENTED_EDGE('',*,*,#1153,.F.);
#597=ORIENTED_EDGE('',*,*,#1154,.T.);
#598=ORIENTED_EDGE('',*,*,#1155,.F.);
#599=ORIENTED_EDGE('',*,*,#1156,.T.);
#600=ORIENTED_EDGE('',*,*,#1157,.F.);
#601=ORIENTED_EDGE('',*,*,#1158,.F.);
#602=ORIENTED_EDGE('',*,*,#1159,.T.);
#603=ORIENTED_EDGE('',*,*,#1160,.F.);
#604=ORIENTED_EDGE('',*,*,#1161,.F.);
#605=ORIENTED_EDGE('',*,*,#1162,.F.);
#606=ORIENTED_EDGE('',*,*,#1163,.F.);
#607=ORIENTED_EDGE('',*,*,#1164,.F.);
#608=ORIENTED_EDGE('',*,*,#1165,.T.);
#609=ORIENTED_EDGE('',*,*,#1166,.F.);
#610=ORIENTED_EDGE('',*,*,#1167,.T.);
#611=ORIENTED_EDGE('',*,*,#1168,.T.);
#612=ORIENTED_EDGE('',*,*,#1169,.T.);
#613=ORIENTED_EDGE('',*,*,#1170,.F.);
#614=ORIENTED_EDGE('',*,*,#1171,.F.);
#615=ORIENTED_EDGE('',*,*,#1169,.F.);
#616=ORIENTED_EDGE('',*,*,#1172,.T.);
#617=ORIENTED_EDGE('',*,*,#1173,.T.);
#618=ORIENTED_EDGE('',*,*,#1174,.T.);
#619=ORIENTED_EDGE('',*,*,#1175,.F.);
#620=ORIENTED_EDGE('',*,*,#1147,.F.);
#621=ORIENTED_EDGE('',*,*,#1176,.F.);
#622=ORIENTED_EDGE('',*,*,#1177,.T.);
#623=ORIENTED_EDGE('',*,*,#1178,.T.);
#624=ORIENTED_EDGE('',*,*,#1151,.F.);
#625=ORIENTED_EDGE('',*,*,#1179,.F.);
#626=ORIENTED_EDGE('',*,*,#1180,.T.);
#627=ORIENTED_EDGE('',*,*,#1181,.T.);
#628=ORIENTED_EDGE('',*,*,#1159,.F.);
#629=ORIENTED_EDGE('',*,*,#1182,.F.);
#630=ORIENTED_EDGE('',*,*,#1183,.T.);
#631=ORIENTED_EDGE('',*,*,#1184,.T.);
#632=ORIENTED_EDGE('',*,*,#1139,.F.);
#633=ORIENTED_EDGE('',*,*,#1185,.F.);
#634=ORIENTED_EDGE('',*,*,#1186,.T.);
#635=ORIENTED_EDGE('',*,*,#1187,.T.);
#636=ORIENTED_EDGE('',*,*,#1160,.T.);
#637=ORIENTED_EDGE('',*,*,#1184,.F.);
#638=ORIENTED_EDGE('',*,*,#1188,.T.);
#639=ORIENTED_EDGE('',*,*,#1189,.F.);
#640=ORIENTED_EDGE('',*,*,#1190,.T.);
#641=ORIENTED_EDGE('',*,*,#1182,.T.);
#642=ORIENTED_EDGE('',*,*,#1158,.T.);
#643=ORIENTED_EDGE('',*,*,#1191,.F.);
#644=ORIENTED_EDGE('',*,*,#1192,.F.);
#645=ORIENTED_EDGE('',*,*,#1193,.T.);
#646=ORIENTED_EDGE('',*,*,#1179,.T.);
#647=ORIENTED_EDGE('',*,*,#1150,.T.);
#648=ORIENTED_EDGE('',*,*,#1194,.F.);
#649=ORIENTED_EDGE('',*,*,#1195,.F.);
#650=ORIENTED_EDGE('',*,*,#1196,.T.);
#651=ORIENTED_EDGE('',*,*,#1152,.T.);
#652=ORIENTED_EDGE('',*,*,#1181,.F.);
#653=ORIENTED_EDGE('',*,*,#1197,.T.);
#654=ORIENTED_EDGE('',*,*,#1198,.F.);
#655=ORIENTED_EDGE('',*,*,#1199,.T.);
#656=ORIENTED_EDGE('',*,*,#1140,.T.);
#657=ORIENTED_EDGE('',*,*,#1187,.F.);
#658=ORIENTED_EDGE('',*,*,#1200,.T.);
#659=ORIENTED_EDGE('',*,*,#1201,.F.);
#660=ORIENTED_EDGE('',*,*,#1202,.T.);
#661=ORIENTED_EDGE('',*,*,#1185,.T.);
#662=ORIENTED_EDGE('',*,*,#1162,.T.);
#663=ORIENTED_EDGE('',*,*,#1203,.F.);
#664=ORIENTED_EDGE('',*,*,#1204,.F.);
#665=ORIENTED_EDGE('',*,*,#1205,.T.);
#666=ORIENTED_EDGE('',*,*,#1176,.T.);
#667=ORIENTED_EDGE('',*,*,#1146,.T.);
#668=ORIENTED_EDGE('',*,*,#1206,.F.);
#669=ORIENTED_EDGE('',*,*,#1207,.F.);
#670=ORIENTED_EDGE('',*,*,#1208,.T.);
#671=ORIENTED_EDGE('',*,*,#1148,.T.);
#672=ORIENTED_EDGE('',*,*,#1178,.F.);
#673=ORIENTED_EDGE('',*,*,#1209,.T.);
#674=ORIENTED_EDGE('',*,*,#1210,.F.);
#675=ORIENTED_EDGE('',*,*,#1211,.T.);
#676=ORIENTED_EDGE('',*,*,#1212,.T.);
#677=ORIENTED_EDGE('',*,*,#1213,.T.);
#678=ORIENTED_EDGE('',*,*,#1214,.T.);
#679=ORIENTED_EDGE('',*,*,#1215,.T.);
#680=ORIENTED_EDGE('',*,*,#1155,.T.);
#681=ORIENTED_EDGE('',*,*,#1216,.T.);
#682=ORIENTED_EDGE('',*,*,#1217,.F.);
#683=ORIENTED_EDGE('',*,*,#1218,.T.);
#684=ORIENTED_EDGE('',*,*,#1216,.F.);
#685=ORIENTED_EDGE('',*,*,#1154,.F.);
#686=ORIENTED_EDGE('',*,*,#1219,.T.);
#687=ORIENTED_EDGE('',*,*,#1220,.T.);
#688=ORIENTED_EDGE('',*,*,#1221,.T.);
#689=ORIENTED_EDGE('',*,*,#1217,.T.);
#690=ORIENTED_EDGE('',*,*,#1153,.T.);
#691=ORIENTED_EDGE('',*,*,#1199,.F.);
#692=ORIENTED_EDGE('',*,*,#1222,.F.);
#693=ORIENTED_EDGE('',*,*,#1194,.T.);
#694=ORIENTED_EDGE('',*,*,#1149,.T.);
#695=ORIENTED_EDGE('',*,*,#1211,.F.);
#696=ORIENTED_EDGE('',*,*,#1223,.F.);
#697=ORIENTED_EDGE('',*,*,#1206,.T.);
#698=ORIENTED_EDGE('',*,*,#1145,.T.);
#699=ORIENTED_EDGE('',*,*,#1224,.T.);
#700=ORIENTED_EDGE('',*,*,#1143,.T.);
#701=ORIENTED_EDGE('',*,*,#1225,.T.);
#702=ORIENTED_EDGE('',*,*,#1226,.T.);
#703=ORIENTED_EDGE('',*,*,#1227,.T.);
#704=ORIENTED_EDGE('',*,*,#1157,.T.);
#705=ORIENTED_EDGE('',*,*,#1228,.T.);
#706=ORIENTED_EDGE('',*,*,#1229,.T.);
#707=ORIENTED_EDGE('',*,*,#1230,.T.);
#708=ORIENTED_EDGE('',*,*,#1141,.T.);
#709=ORIENTED_EDGE('',*,*,#1202,.F.);
#710=ORIENTED_EDGE('',*,*,#1231,.F.);
#711=ORIENTED_EDGE('',*,*,#1203,.T.);
#712=ORIENTED_EDGE('',*,*,#1161,.T.);
#713=ORIENTED_EDGE('',*,*,#1190,.F.);
#714=ORIENTED_EDGE('',*,*,#1232,.F.);
#715=ORIENTED_EDGE('',*,*,#1191,.T.);
#716=ORIENTED_EDGE('',*,*,#1233,.T.);
#717=ORIENTED_EDGE('',*,*,#1170,.T.);
#718=ORIENTED_EDGE('',*,*,#1175,.T.);
#719=ORIENTED_EDGE('',*,*,#1234,.T.);
#720=ORIENTED_EDGE('',*,*,#1235,.T.);
#721=ORIENTED_EDGE('',*,*,#1236,.T.);
#722=ORIENTED_EDGE('',*,*,#1189,.T.);
#723=ORIENTED_EDGE('',*,*,#1237,.T.);
#724=ORIENTED_EDGE('',*,*,#1192,.T.);
#725=ORIENTED_EDGE('',*,*,#1232,.T.);
#726=ORIENTED_EDGE('',*,*,#1198,.T.);
#727=ORIENTED_EDGE('',*,*,#1238,.T.);
#728=ORIENTED_EDGE('',*,*,#1195,.T.);
#729=ORIENTED_EDGE('',*,*,#1222,.T.);
#730=ORIENTED_EDGE('',*,*,#1201,.T.);
#731=ORIENTED_EDGE('',*,*,#1239,.T.);
#732=ORIENTED_EDGE('',*,*,#1204,.T.);
#733=ORIENTED_EDGE('',*,*,#1231,.T.);
#734=ORIENTED_EDGE('',*,*,#1210,.T.);
#735=ORIENTED_EDGE('',*,*,#1240,.T.);
#736=ORIENTED_EDGE('',*,*,#1207,.T.);
#737=ORIENTED_EDGE('',*,*,#1223,.T.);
#738=ORIENTED_EDGE('',*,*,#1241,.F.);
#739=ORIENTED_EDGE('',*,*,#1225,.F.);
#740=ORIENTED_EDGE('',*,*,#1142,.F.);
#741=ORIENTED_EDGE('',*,*,#1230,.F.);
#742=ORIENTED_EDGE('',*,*,#1242,.F.);
#743=ORIENTED_EDGE('',*,*,#1241,.T.);
#744=ORIENTED_EDGE('',*,*,#1243,.F.);
#745=ORIENTED_EDGE('',*,*,#1156,.F.);
#746=ORIENTED_EDGE('',*,*,#1215,.F.);
#747=ORIENTED_EDGE('',*,*,#1244,.F.);
#748=ORIENTED_EDGE('',*,*,#1228,.F.);
#749=ORIENTED_EDGE('',*,*,#1243,.T.);
#750=ORIENTED_EDGE('',*,*,#1229,.F.);
#751=ORIENTED_EDGE('',*,*,#1245,.F.);
#752=ORIENTED_EDGE('',*,*,#1236,.F.);
#753=ORIENTED_EDGE('',*,*,#1242,.T.);
#754=ORIENTED_EDGE('',*,*,#1235,.F.);
#755=ORIENTED_EDGE('',*,*,#1246,.F.);
#756=ORIENTED_EDGE('',*,*,#1226,.F.);
#757=ORIENTED_EDGE('',*,*,#1144,.F.);
#758=ORIENTED_EDGE('',*,*,#1227,.F.);
#759=ORIENTED_EDGE('',*,*,#1247,.F.);
#760=ORIENTED_EDGE('',*,*,#1224,.F.);
#761=ORIENTED_EDGE('',*,*,#1245,.T.);
#762=ORIENTED_EDGE('',*,*,#1244,.T.);
#763=ORIENTED_EDGE('',*,*,#1248,.F.);
#764=ORIENTED_EDGE('',*,*,#1247,.T.);
#765=ORIENTED_EDGE('',*,*,#1246,.T.);
#766=ORIENTED_EDGE('',*,*,#1249,.F.);
#767=ORIENTED_EDGE('',*,*,#1214,.F.);
#768=ORIENTED_EDGE('',*,*,#1250,.T.);
#769=ORIENTED_EDGE('',*,*,#1233,.F.);
#770=ORIENTED_EDGE('',*,*,#1248,.T.);
#771=ORIENTED_EDGE('',*,*,#1234,.F.);
#772=ORIENTED_EDGE('',*,*,#1251,.T.);
#773=ORIENTED_EDGE('',*,*,#1219,.F.);
#774=ORIENTED_EDGE('',*,*,#1249,.T.);
#775=ORIENTED_EDGE('',*,*,#1221,.F.);
#776=ORIENTED_EDGE('',*,*,#1252,.T.);
#777=ORIENTED_EDGE('',*,*,#1172,.F.);
#778=ORIENTED_EDGE('',*,*,#1253,.F.);
#779=ORIENTED_EDGE('',*,*,#1168,.F.);
#780=ORIENTED_EDGE('',*,*,#1254,.T.);
#781=ORIENTED_EDGE('',*,*,#1212,.F.);
#782=ORIENTED_EDGE('',*,*,#1255,.F.);
#783=ORIENTED_EDGE('',*,*,#1218,.F.);
#784=ORIENTED_EDGE('',*,*,#1253,.T.);
#785=ORIENTED_EDGE('',*,*,#1255,.T.);
#786=ORIENTED_EDGE('',*,*,#1252,.F.);
#787=ORIENTED_EDGE('',*,*,#1220,.F.);
#788=ORIENTED_EDGE('',*,*,#1256,.F.);
#789=ORIENTED_EDGE('',*,*,#1173,.F.);
#790=ORIENTED_EDGE('',*,*,#1256,.T.);
#791=ORIENTED_EDGE('',*,*,#1251,.F.);
#792=ORIENTED_EDGE('',*,*,#1174,.F.);
#793=ORIENTED_EDGE('',*,*,#1171,.T.);
#794=ORIENTED_EDGE('',*,*,#1250,.F.);
#795=ORIENTED_EDGE('',*,*,#1257,.F.);
#796=ORIENTED_EDGE('',*,*,#1254,.F.);
#797=ORIENTED_EDGE('',*,*,#1167,.F.);
#798=ORIENTED_EDGE('',*,*,#1257,.T.);
#799=ORIENTED_EDGE('',*,*,#1213,.F.);
#800=ORIENTED_EDGE('',*,*,#1200,.F.);
#801=ORIENTED_EDGE('',*,*,#1186,.F.);
#802=ORIENTED_EDGE('',*,*,#1205,.F.);
#803=ORIENTED_EDGE('',*,*,#1239,.F.);
#804=ORIENTED_EDGE('',*,*,#1188,.F.);
#805=ORIENTED_EDGE('',*,*,#1183,.F.);
#806=ORIENTED_EDGE('',*,*,#1193,.F.);
#807=ORIENTED_EDGE('',*,*,#1237,.F.);
#808=ORIENTED_EDGE('',*,*,#1209,.F.);
#809=ORIENTED_EDGE('',*,*,#1177,.F.);
#810=ORIENTED_EDGE('',*,*,#1208,.F.);
#811=ORIENTED_EDGE('',*,*,#1240,.F.);
#812=ORIENTED_EDGE('',*,*,#1197,.F.);
#813=ORIENTED_EDGE('',*,*,#1180,.F.);
#814=ORIENTED_EDGE('',*,*,#1196,.F.);
#815=ORIENTED_EDGE('',*,*,#1238,.F.);
#816=ORIENTED_EDGE('',*,*,#1258,.F.);
#817=ORIENTED_EDGE('',*,*,#1135,.T.);
#818=ORIENTED_EDGE('',*,*,#1259,.F.);
#819=ORIENTED_EDGE('',*,*,#1260,.T.);
#820=ORIENTED_EDGE('',*,*,#1261,.T.);
#821=ORIENTED_EDGE('',*,*,#1262,.T.);
#822=ORIENTED_EDGE('',*,*,#1263,.F.);
#823=ORIENTED_EDGE('',*,*,#1136,.T.);
#824=ORIENTED_EDGE('',*,*,#1258,.T.);
#825=ORIENTED_EDGE('',*,*,#1264,.T.);
#826=ORIENTED_EDGE('',*,*,#1265,.T.);
#827=ORIENTED_EDGE('',*,*,#1266,.T.);
#828=ORIENTED_EDGE('',*,*,#1267,.T.);
#829=ORIENTED_EDGE('',*,*,#1268,.T.);
#830=ORIENTED_EDGE('',*,*,#1259,.T.);
#831=ORIENTED_EDGE('',*,*,#1138,.T.);
#832=ORIENTED_EDGE('',*,*,#1269,.F.);
#833=ORIENTED_EDGE('',*,*,#1270,.T.);
#834=ORIENTED_EDGE('',*,*,#1137,.F.);
#835=ORIENTED_EDGE('',*,*,#1263,.T.);
#836=ORIENTED_EDGE('',*,*,#1271,.T.);
#837=ORIENTED_EDGE('',*,*,#1272,.T.);
#838=ORIENTED_EDGE('',*,*,#1273,.T.);
#839=ORIENTED_EDGE('',*,*,#1269,.T.);
#840=ORIENTED_EDGE('',*,*,#1267,.F.);
#841=ORIENTED_EDGE('',*,*,#1274,.T.);
#842=ORIENTED_EDGE('',*,*,#1275,.T.);
#843=ORIENTED_EDGE('',*,*,#1261,.F.);
#844=ORIENTED_EDGE('',*,*,#1276,.T.);
#845=ORIENTED_EDGE('',*,*,#1277,.T.);
#846=ORIENTED_EDGE('',*,*,#1278,.T.);
#847=ORIENTED_EDGE('',*,*,#1279,.T.);
#848=ORIENTED_EDGE('',*,*,#1265,.F.);
#849=ORIENTED_EDGE('',*,*,#1280,.T.);
#850=ORIENTED_EDGE('',*,*,#1281,.T.);
#851=ORIENTED_EDGE('',*,*,#1272,.F.);
#852=ORIENTED_EDGE('',*,*,#1275,.F.);
#853=ORIENTED_EDGE('',*,*,#1282,.T.);
#854=ORIENTED_EDGE('',*,*,#1278,.F.);
#855=ORIENTED_EDGE('',*,*,#1271,.F.);
#856=ORIENTED_EDGE('',*,*,#1264,.F.);
#857=ORIENTED_EDGE('',*,*,#1262,.F.);
#858=ORIENTED_EDGE('',*,*,#1281,.F.);
#859=ORIENTED_EDGE('',*,*,#1283,.T.);
#860=ORIENTED_EDGE('',*,*,#1276,.F.);
#861=ORIENTED_EDGE('',*,*,#1260,.F.);
#862=ORIENTED_EDGE('',*,*,#1270,.F.);
#863=ORIENTED_EDGE('',*,*,#1273,.F.);
#864=ORIENTED_EDGE('',*,*,#1279,.F.);
#865=ORIENTED_EDGE('',*,*,#1282,.F.);
#866=ORIENTED_EDGE('',*,*,#1274,.F.);
#867=ORIENTED_EDGE('',*,*,#1266,.F.);
#868=ORIENTED_EDGE('',*,*,#1277,.F.);
#869=ORIENTED_EDGE('',*,*,#1283,.F.);
#870=ORIENTED_EDGE('',*,*,#1280,.F.);
#871=ORIENTED_EDGE('',*,*,#1268,.F.);
#872=ORIENTED_EDGE('',*,*,#1284,.F.);
#873=ORIENTED_EDGE('',*,*,#1163,.T.);
#874=ORIENTED_EDGE('',*,*,#1285,.F.);
#875=ORIENTED_EDGE('',*,*,#1286,.T.);
#876=ORIENTED_EDGE('',*,*,#1287,.T.);
#877=ORIENTED_EDGE('',*,*,#1288,.T.);
#878=ORIENTED_EDGE('',*,*,#1289,.F.);
#879=ORIENTED_EDGE('',*,*,#1164,.T.);
#880=ORIENTED_EDGE('',*,*,#1284,.T.);
#881=ORIENTED_EDGE('',*,*,#1290,.T.);
#882=ORIENTED_EDGE('',*,*,#1291,.T.);
#883=ORIENTED_EDGE('',*,*,#1292,.T.);
#884=ORIENTED_EDGE('',*,*,#1293,.T.);
#885=ORIENTED_EDGE('',*,*,#1294,.T.);
#886=ORIENTED_EDGE('',*,*,#1285,.T.);
#887=ORIENTED_EDGE('',*,*,#1166,.T.);
#888=ORIENTED_EDGE('',*,*,#1295,.F.);
#889=ORIENTED_EDGE('',*,*,#1296,.T.);
#890=ORIENTED_EDGE('',*,*,#1165,.F.);
#891=ORIENTED_EDGE('',*,*,#1289,.T.);
#892=ORIENTED_EDGE('',*,*,#1297,.T.);
#893=ORIENTED_EDGE('',*,*,#1298,.T.);
#894=ORIENTED_EDGE('',*,*,#1299,.T.);
#895=ORIENTED_EDGE('',*,*,#1295,.T.);
#896=ORIENTED_EDGE('',*,*,#1293,.F.);
#897=ORIENTED_EDGE('',*,*,#1300,.T.);
#898=ORIENTED_EDGE('',*,*,#1301,.T.);
#899=ORIENTED_EDGE('',*,*,#1287,.F.);
#900=ORIENTED_EDGE('',*,*,#1302,.T.);
#901=ORIENTED_EDGE('',*,*,#1303,.T.);
#902=ORIENTED_EDGE('',*,*,#1304,.T.);
#903=ORIENTED_EDGE('',*,*,#1305,.T.);
#904=ORIENTED_EDGE('',*,*,#1291,.F.);
#905=ORIENTED_EDGE('',*,*,#1306,.T.);
#906=ORIENTED_EDGE('',*,*,#1307,.T.);
#907=ORIENTED_EDGE('',*,*,#1298,.F.);
#908=ORIENTED_EDGE('',*,*,#1301,.F.);
#909=ORIENTED_EDGE('',*,*,#1308,.T.);
#910=ORIENTED_EDGE('',*,*,#1304,.F.);
#911=ORIENTED_EDGE('',*,*,#1297,.F.);
#912=ORIENTED_EDGE('',*,*,#1290,.F.);
#913=ORIENTED_EDGE('',*,*,#1288,.F.);
#914=ORIENTED_EDGE('',*,*,#1307,.F.);
#915=ORIENTED_EDGE('',*,*,#1309,.T.);
#916=ORIENTED_EDGE('',*,*,#1302,.F.);
#917=ORIENTED_EDGE('',*,*,#1286,.F.);
#918=ORIENTED_EDGE('',*,*,#1296,.F.);
#919=ORIENTED_EDGE('',*,*,#1299,.F.);
#920=ORIENTED_EDGE('',*,*,#1305,.F.);
#921=ORIENTED_EDGE('',*,*,#1308,.F.);
#922=ORIENTED_EDGE('',*,*,#1300,.F.);
#923=ORIENTED_EDGE('',*,*,#1292,.F.);
#924=ORIENTED_EDGE('',*,*,#1303,.F.);
#925=ORIENTED_EDGE('',*,*,#1309,.F.);
#926=ORIENTED_EDGE('',*,*,#1306,.F.);
#927=ORIENTED_EDGE('',*,*,#1294,.F.);
#928=ORIENTED_EDGE('',*,*,#1132,.F.);
#929=ORIENTED_EDGE('',*,*,#1310,.T.);
#930=ORIENTED_EDGE('',*,*,#1311,.T.);
#931=ORIENTED_EDGE('',*,*,#1312,.T.);
#932=ORIENTED_EDGE('',*,*,#1131,.F.);
#933=ORIENTED_EDGE('',*,*,#1313,.F.);
#934=ORIENTED_EDGE('',*,*,#1314,.T.);
#935=ORIENTED_EDGE('',*,*,#1315,.F.);
#936=ORIENTED_EDGE('',*,*,#1316,.T.);
#937=ORIENTED_EDGE('',*,*,#1310,.F.);
#938=ORIENTED_EDGE('',*,*,#1134,.F.);
#939=ORIENTED_EDGE('',*,*,#1317,.T.);
#940=ORIENTED_EDGE('',*,*,#1318,.T.);
#941=ORIENTED_EDGE('',*,*,#1313,.T.);
#942=ORIENTED_EDGE('',*,*,#1133,.F.);
#943=ORIENTED_EDGE('',*,*,#1312,.F.);
#944=ORIENTED_EDGE('',*,*,#1319,.T.);
#945=ORIENTED_EDGE('',*,*,#1320,.F.);
#946=ORIENTED_EDGE('',*,*,#1321,.T.);
#947=ORIENTED_EDGE('',*,*,#1317,.F.);
#948=ORIENTED_EDGE('',*,*,#1320,.T.);
#949=ORIENTED_EDGE('',*,*,#1322,.T.);
#950=ORIENTED_EDGE('',*,*,#1315,.T.);
#951=ORIENTED_EDGE('',*,*,#1323,.T.);
#952=ORIENTED_EDGE('',*,*,#1314,.F.);
#953=ORIENTED_EDGE('',*,*,#1318,.F.);
#954=ORIENTED_EDGE('',*,*,#1321,.F.);
#955=ORIENTED_EDGE('',*,*,#1323,.F.);
#956=ORIENTED_EDGE('',*,*,#1319,.F.);
#957=ORIENTED_EDGE('',*,*,#1311,.F.);
#958=ORIENTED_EDGE('',*,*,#1316,.F.);
#959=ORIENTED_EDGE('',*,*,#1322,.F.);
#960=ORIENTED_EDGE('',*,*,#1128,.F.);
#961=ORIENTED_EDGE('',*,*,#1324,.T.);
#962=ORIENTED_EDGE('',*,*,#1325,.T.);
#963=ORIENTED_EDGE('',*,*,#1326,.T.);
#964=ORIENTED_EDGE('',*,*,#1127,.F.);
#965=ORIENTED_EDGE('',*,*,#1327,.F.);
#966=ORIENTED_EDGE('',*,*,#1328,.T.);
#967=ORIENTED_EDGE('',*,*,#1329,.F.);
#968=ORIENTED_EDGE('',*,*,#1330,.T.);
#969=ORIENTED_EDGE('',*,*,#1324,.F.);
#970=ORIENTED_EDGE('',*,*,#1130,.F.);
#971=ORIENTED_EDGE('',*,*,#1331,.T.);
#972=ORIENTED_EDGE('',*,*,#1332,.T.);
#973=ORIENTED_EDGE('',*,*,#1327,.T.);
#974=ORIENTED_EDGE('',*,*,#1129,.F.);
#975=ORIENTED_EDGE('',*,*,#1326,.F.);
#976=ORIENTED_EDGE('',*,*,#1333,.T.);
#977=ORIENTED_EDGE('',*,*,#1334,.F.);
#978=ORIENTED_EDGE('',*,*,#1335,.T.);
#979=ORIENTED_EDGE('',*,*,#1331,.F.);
#980=ORIENTED_EDGE('',*,*,#1334,.T.);
#981=ORIENTED_EDGE('',*,*,#1336,.T.);
#982=ORIENTED_EDGE('',*,*,#1329,.T.);
#983=ORIENTED_EDGE('',*,*,#1337,.T.);
#984=ORIENTED_EDGE('',*,*,#1328,.F.);
#985=ORIENTED_EDGE('',*,*,#1332,.F.);
#986=ORIENTED_EDGE('',*,*,#1335,.F.);
#987=ORIENTED_EDGE('',*,*,#1337,.F.);
#988=ORIENTED_EDGE('',*,*,#1333,.F.);
#989=ORIENTED_EDGE('',*,*,#1325,.F.);
#990=ORIENTED_EDGE('',*,*,#1330,.F.);
#991=ORIENTED_EDGE('',*,*,#1336,.F.);
#992=VERTEX_POINT('',#2225);
#993=VERTEX_POINT('',#2226);
#994=VERTEX_POINT('',#2228);
#995=VERTEX_POINT('',#2230);
#996=VERTEX_POINT('',#2233);
#997=VERTEX_POINT('',#2234);
#998=VERTEX_POINT('',#2236);
#999=VERTEX_POINT('',#2238);
#1000=VERTEX_POINT('',#2241);
#1001=VERTEX_POINT('',#2242);
#1002=VERTEX_POINT('',#2244);
#1003=VERTEX_POINT('',#2246);
#1004=VERTEX_POINT('',#2249);
#1005=VERTEX_POINT('',#2250);
#1006=VERTEX_POINT('',#2252);
#1007=VERTEX_POINT('',#2254);
#1008=VERTEX_POINT('',#2256);
#1009=VERTEX_POINT('',#2258);
#1010=VERTEX_POINT('',#2260);
#1011=VERTEX_POINT('',#2262);
#1012=VERTEX_POINT('',#2264);
#1013=VERTEX_POINT('',#2266);
#1014=VERTEX_POINT('',#2268);
#1015=VERTEX_POINT('',#2270);
#1016=VERTEX_POINT('',#2272);
#1017=VERTEX_POINT('',#2274);
#1018=VERTEX_POINT('',#2276);
#1019=VERTEX_POINT('',#2278);
#1020=VERTEX_POINT('',#2280);
#1021=VERTEX_POINT('',#2282);
#1022=VERTEX_POINT('',#2284);
#1023=VERTEX_POINT('',#2286);
#1024=VERTEX_POINT('',#2288);
#1025=VERTEX_POINT('',#2290);
#1026=VERTEX_POINT('',#2292);
#1027=VERTEX_POINT('',#2294);
#1028=VERTEX_POINT('',#2297);
#1029=VERTEX_POINT('',#2298);
#1030=VERTEX_POINT('',#2300);
#1031=VERTEX_POINT('',#2302);
#1032=VERTEX_POINT('',#2306);
#1033=VERTEX_POINT('',#2307);
#1034=VERTEX_POINT('',#2309);
#1035=VERTEX_POINT('',#2311);
#1036=VERTEX_POINT('',#2313);
#1037=VERTEX_POINT('',#2317);
#1038=VERTEX_POINT('',#2319);
#1039=VERTEX_POINT('',#2321);
#1040=VERTEX_POINT('',#2325);
#1041=VERTEX_POINT('',#2327);
#1042=VERTEX_POINT('',#2331);
#1043=VERTEX_POINT('',#2333);
#1044=VERTEX_POINT('',#2337);
#1045=VERTEX_POINT('',#2339);
#1046=VERTEX_POINT('',#2343);
#1047=VERTEX_POINT('',#2345);
#1048=VERTEX_POINT('',#2349);
#1049=VERTEX_POINT('',#2351);
#1050=VERTEX_POINT('',#2355);
#1051=VERTEX_POINT('',#2357);
#1052=VERTEX_POINT('',#2361);
#1053=VERTEX_POINT('',#2363);
#1054=VERTEX_POINT('',#2367);
#1055=VERTEX_POINT('',#2369);
#1056=VERTEX_POINT('',#2373);
#1057=VERTEX_POINT('',#2375);
#1058=VERTEX_POINT('',#2379);
#1059=VERTEX_POINT('',#2381);
#1060=VERTEX_POINT('',#2385);
#1061=VERTEX_POINT('',#2387);
#1062=VERTEX_POINT('',#2391);
#1063=VERTEX_POINT('',#2393);
#1064=VERTEX_POINT('',#2397);
#1065=VERTEX_POINT('',#2398);
#1066=VERTEX_POINT('',#2400);
#1067=VERTEX_POINT('',#2402);
#1068=VERTEX_POINT('',#2407);
#1069=VERTEX_POINT('',#2411);
#1070=VERTEX_POINT('',#2412);
#1071=VERTEX_POINT('',#2414);
#1072=VERTEX_POINT('',#2421);
#1073=VERTEX_POINT('',#2423);
#1074=VERTEX_POINT('',#2427);
#1075=VERTEX_POINT('',#2429);
#1076=VERTEX_POINT('',#2435);
#1077=VERTEX_POINT('',#2437);
#1078=VERTEX_POINT('',#2439);
#1079=VERTEX_POINT('',#2489);
#1080=VERTEX_POINT('',#2491);
#1081=VERTEX_POINT('',#2493);
#1082=VERTEX_POINT('',#2495);
#1083=VERTEX_POINT('',#2499);
#1084=VERTEX_POINT('',#2503);
#1085=VERTEX_POINT('',#2504);
#1086=VERTEX_POINT('',#2506);
#1087=VERTEX_POINT('',#2508);
#1088=VERTEX_POINT('',#2512);
#1089=VERTEX_POINT('',#2516);
#1090=VERTEX_POINT('',#2518);
#1091=VERTEX_POINT('',#2522);
#1092=VERTEX_POINT('',#2525);
#1093=VERTEX_POINT('',#2529);
#1094=VERTEX_POINT('',#2532);
#1095=VERTEX_POINT('',#2542);
#1096=VERTEX_POINT('',#2544);
#1097=VERTEX_POINT('',#2546);
#1098=VERTEX_POINT('',#2548);
#1099=VERTEX_POINT('',#2552);
#1100=VERTEX_POINT('',#2556);
#1101=VERTEX_POINT('',#2557);
#1102=VERTEX_POINT('',#2559);
#1103=VERTEX_POINT('',#2561);
#1104=VERTEX_POINT('',#2565);
#1105=VERTEX_POINT('',#2569);
#1106=VERTEX_POINT('',#2571);
#1107=VERTEX_POINT('',#2575);
#1108=VERTEX_POINT('',#2578);
#1109=VERTEX_POINT('',#2582);
#1110=VERTEX_POINT('',#2585);
#1111=VERTEX_POINT('',#2595);
#1112=VERTEX_POINT('',#2597);
#1113=VERTEX_POINT('',#2601);
#1114=VERTEX_POINT('',#2603);
#1115=VERTEX_POINT('',#2605);
#1116=VERTEX_POINT('',#2609);
#1117=VERTEX_POINT('',#2613);
#1118=VERTEX_POINT('',#2615);
#1119=VERTEX_POINT('',#2624);
#1120=VERTEX_POINT('',#2626);
#1121=VERTEX_POINT('',#2630);
#1122=VERTEX_POINT('',#2632);
#1123=VERTEX_POINT('',#2634);
#1124=VERTEX_POINT('',#2638);
#1125=VERTEX_POINT('',#2642);
#1126=VERTEX_POINT('',#2644);
#1127=EDGE_CURVE('',#992,#993,#1338,.T.);
#1128=EDGE_CURVE('',#993,#994,#1339,.T.);
#1129=EDGE_CURVE('',#994,#995,#1340,.T.);
#1130=EDGE_CURVE('',#995,#992,#1341,.T.);
#1131=EDGE_CURVE('',#996,#997,#1342,.T.);
#1132=EDGE_CURVE('',#997,#998,#1343,.T.);
#1133=EDGE_CURVE('',#998,#999,#1344,.T.);
#1134=EDGE_CURVE('',#999,#996,#1345,.T.);
#1135=EDGE_CURVE('',#1000,#1001,#1346,.T.);
#1136=EDGE_CURVE('',#1002,#1000,#1347,.T.);
#1137=EDGE_CURVE('',#1002,#1003,#1348,.T.);
#1138=EDGE_CURVE('',#1001,#1003,#1349,.T.);
#1139=EDGE_CURVE('',#1004,#1005,#1350,.T.);
#1140=EDGE_CURVE('',#1006,#1005,#1351,.T.);
#1141=EDGE_CURVE('',#1007,#1006,#1352,.T.);
#1142=EDGE_CURVE('',#1007,#1008,#457,.T.);
#1143=EDGE_CURVE('',#1009,#1008,#1353,.T.);
#1144=EDGE_CURVE('',#1009,#1010,#458,.T.);
#1145=EDGE_CURVE('',#1011,#1010,#1354,.T.);
#1146=EDGE_CURVE('',#1012,#1011,#1355,.T.);
#1147=EDGE_CURVE('',#1012,#1013,#1356,.T.);
#1148=EDGE_CURVE('',#1014,#1013,#1357,.T.);
#1149=EDGE_CURVE('',#1015,#1014,#1358,.T.);
#1150=EDGE_CURVE('',#1016,#1015,#1359,.T.);
#1151=EDGE_CURVE('',#1016,#1017,#1360,.T.);
#1152=EDGE_CURVE('',#1018,#1017,#1361,.T.);
#1153=EDGE_CURVE('',#1019,#1018,#1362,.T.);
#1154=EDGE_CURVE('',#1019,#1020,#459,.T.);
#1155=EDGE_CURVE('',#1021,#1020,#1363,.T.);
#1156=EDGE_CURVE('',#1021,#1022,#460,.T.);
#1157=EDGE_CURVE('',#1023,#1022,#1364,.T.);
#1158=EDGE_CURVE('',#1024,#1023,#1365,.T.);
#1159=EDGE_CURVE('',#1024,#1025,#1366,.T.);
#1160=EDGE_CURVE('',#1026,#1025,#1367,.T.);
#1161=EDGE_CURVE('',#1027,#1026,#1368,.T.);
#1162=EDGE_CURVE('',#1004,#1027,#1369,.T.);
#1163=EDGE_CURVE('',#1028,#1029,#1370,.T.);
#1164=EDGE_CURVE('',#1030,#1028,#1371,.T.);
#1165=EDGE_CURVE('',#1030,#1031,#1372,.T.);
#1166=EDGE_CURVE('',#1029,#1031,#1373,.T.);
#1167=EDGE_CURVE('',#1032,#1033,#1374,.T.);
#1168=EDGE_CURVE('',#1033,#1034,#1375,.T.);
#1169=EDGE_CURVE('',#1034,#1035,#1376,.T.);
#1170=EDGE_CURVE('',#1036,#1035,#1377,.T.);
#1171=EDGE_CURVE('',#1032,#1036,#461,.T.);
#1172=EDGE_CURVE('',#1034,#1037,#1378,.T.);
#1173=EDGE_CURVE('',#1037,#1038,#1379,.T.);
#1174=EDGE_CURVE('',#1038,#1039,#462,.T.);
#1175=EDGE_CURVE('',#1035,#1039,#1380,.T.);
#1176=EDGE_CURVE('',#1040,#1012,#1381,.T.);
#1177=EDGE_CURVE('',#1040,#1041,#1382,.T.);
#1178=EDGE_CURVE('',#1041,#1013,#1383,.T.);
#1179=EDGE_CURVE('',#1042,#1016,#1384,.T.);
#1180=EDGE_CURVE('',#1042,#1043,#1385,.T.);
#1181=EDGE_CURVE('',#1043,#1017,#1386,.T.);
#1182=EDGE_CURVE('',#1044,#1024,#1387,.T.);
#1183=EDGE_CURVE('',#1044,#1045,#1388,.T.);
#1184=EDGE_CURVE('',#1045,#1025,#1389,.T.);
#1185=EDGE_CURVE('',#1046,#1004,#1390,.T.);
#1186=EDGE_CURVE('',#1046,#1047,#1391,.T.);
#1187=EDGE_CURVE('',#1047,#1005,#1392,.T.);
#1188=EDGE_CURVE('',#1045,#1048,#1393,.T.);
#1189=EDGE_CURVE('',#1049,#1048,#1394,.T.);
#1190=EDGE_CURVE('',#1049,#1026,#1395,.T.);
#1191=EDGE_CURVE('',#1050,#1023,#1396,.T.);
#1192=EDGE_CURVE('',#1051,#1050,#1397,.T.);
#1193=EDGE_CURVE('',#1051,#1044,#1398,.T.);
#1194=EDGE_CURVE('',#1052,#1015,#1399,.T.);
#1195=EDGE_CURVE('',#1053,#1052,#1400,.T.);
#1196=EDGE_CURVE('',#1053,#1042,#1401,.T.);
#1197=EDGE_CURVE('',#1043,#1054,#1402,.T.);
#1198=EDGE_CURVE('',#1055,#1054,#1403,.T.);
#1199=EDGE_CURVE('',#1055,#1018,#1404,.T.);
#1200=EDGE_CURVE('',#1047,#1056,#1405,.T.);
#1201=EDGE_CURVE('',#1057,#1056,#1406,.T.);
#1202=EDGE_CURVE('',#1057,#1006,#1407,.T.);
#1203=EDGE_CURVE('',#1058,#1027,#1408,.T.);
#1204=EDGE_CURVE('',#1059,#1058,#1409,.T.);
#1205=EDGE_CURVE('',#1059,#1046,#1410,.T.);
#1206=EDGE_CURVE('',#1060,#1011,#1411,.T.);
#1207=EDGE_CURVE('',#1061,#1060,#1412,.T.);
#1208=EDGE_CURVE('',#1061,#1040,#1413,.T.);
#1209=EDGE_CURVE('',#1041,#1062,#1414,.T.);
#1210=EDGE_CURVE('',#1063,#1062,#1415,.T.);
#1211=EDGE_CURVE('',#1063,#1014,#1416,.T.);
#1212=EDGE_CURVE('',#1064,#1065,#1417,.T.);
#1213=EDGE_CURVE('',#1065,#1066,#1418,.T.);
#1214=EDGE_CURVE('',#1066,#1067,#1419,.T.);
#1215=EDGE_CURVE('',#1067,#1021,#1420,.T.);
#1216=EDGE_CURVE('',#1020,#1064,#1421,.T.);
#1217=EDGE_CURVE('',#1068,#1019,#1422,.T.);
#1218=EDGE_CURVE('',#1068,#1064,#463,.T.);
#1219=EDGE_CURVE('',#1069,#1070,#1423,.T.);
#1220=EDGE_CURVE('',#1070,#1071,#1424,.T.);
#1221=EDGE_CURVE('',#1071,#1068,#1425,.T.);
#1222=EDGE_CURVE('',#1052,#1055,#1426,.T.);
#1223=EDGE_CURVE('',#1060,#1063,#1427,.T.);
#1224=EDGE_CURVE('',#1010,#1069,#1428,.T.);
#1225=EDGE_CURVE('',#1008,#1072,#1429,.T.);
#1226=EDGE_CURVE('',#1072,#1073,#1430,.T.);
#1227=EDGE_CURVE('',#1073,#1009,#1431,.T.);
#1228=EDGE_CURVE('',#1022,#1074,#1432,.T.);
#1229=EDGE_CURVE('',#1074,#1075,#1433,.T.);
#1230=EDGE_CURVE('',#1075,#1007,#1434,.T.);
#1231=EDGE_CURVE('',#1058,#1057,#1435,.T.);
#1232=EDGE_CURVE('',#1050,#1049,#1436,.T.);
#1233=EDGE_CURVE('',#1076,#1036,#1437,.T.);
#1234=EDGE_CURVE('',#1039,#1077,#1438,.T.);
#1235=EDGE_CURVE('',#1077,#1078,#1439,.T.);
#1236=EDGE_CURVE('',#1078,#1076,#1440,.T.);
#1237=EDGE_CURVE('',#1048,#1051,#1441,.T.);
#1238=EDGE_CURVE('',#1054,#1053,#1442,.T.);
#1239=EDGE_CURVE('',#1056,#1059,#1443,.T.);
#1240=EDGE_CURVE('',#1062,#1061,#1444,.T.);
#1241=EDGE_CURVE('',#1072,#1075,#464,.T.);
#1242=EDGE_CURVE('',#1072,#1078,#465,.T.);
#1243=EDGE_CURVE('',#1078,#1075,#466,.T.);
#1244=EDGE_CURVE('',#1074,#1067,#467,.T.);
#1245=EDGE_CURVE('',#1076,#1074,#468,.T.);
#1246=EDGE_CURVE('',#1073,#1077,#469,.T.);
#1247=EDGE_CURVE('',#1069,#1073,#470,.T.);
#1248=EDGE_CURVE('',#1076,#1067,#471,.T.);
#1249=EDGE_CURVE('',#1069,#1077,#472,.T.);
#1250=EDGE_CURVE('',#1066,#1036,#473,.T.);
#1251=EDGE_CURVE('',#1039,#1070,#474,.T.);
#1252=EDGE_CURVE('',#1071,#1037,#202,.T.);
#1253=EDGE_CURVE('',#1068,#1034,#475,.T.);
#1254=EDGE_CURVE('',#1033,#1065,#203,.T.);
#1255=EDGE_CURVE('',#1034,#1064,#476,.T.);
#1256=EDGE_CURVE('',#1038,#1070,#477,.T.);
#1257=EDGE_CURVE('',#1032,#1066,#478,.T.);
#1258=EDGE_CURVE('',#1000,#1079,#1445,.T.);
#1259=EDGE_CURVE('',#1080,#1001,#1446,.T.);
#1260=EDGE_CURVE('',#1080,#1081,#1447,.T.);
#1261=EDGE_CURVE('',#1081,#1082,#1448,.T.);
#1262=EDGE_CURVE('',#1082,#1079,#1449,.T.);
#1263=EDGE_CURVE('',#1002,#1083,#1450,.T.);
#1264=EDGE_CURVE('',#1079,#1083,#1451,.T.);
#1265=EDGE_CURVE('',#1084,#1085,#1452,.T.);
#1266=EDGE_CURVE('',#1085,#1086,#1453,.T.);
#1267=EDGE_CURVE('',#1086,#1087,#1454,.T.);
#1268=EDGE_CURVE('',#1087,#1084,#1455,.T.);
#1269=EDGE_CURVE('',#1088,#1003,#1456,.T.);
#1270=EDGE_CURVE('',#1088,#1080,#1457,.T.);
#1271=EDGE_CURVE('',#1083,#1089,#1458,.T.);
#1272=EDGE_CURVE('',#1089,#1090,#1459,.T.);
#1273=EDGE_CURVE('',#1090,#1088,#1460,.T.);
#1274=EDGE_CURVE('',#1086,#1091,#204,.T.);
#1275=EDGE_CURVE('',#1091,#1082,#1461,.T.);
#1276=EDGE_CURVE('',#1081,#1092,#1462,.T.);
#1277=EDGE_CURVE('',#1092,#1087,#205,.T.);
#1278=EDGE_CURVE('',#1089,#1093,#1463,.T.);
#1279=EDGE_CURVE('',#1093,#1085,#206,.T.);
#1280=EDGE_CURVE('',#1084,#1094,#207,.T.);
#1281=EDGE_CURVE('',#1094,#1090,#1464,.T.);
#1282=EDGE_CURVE('',#1091,#1093,#1465,.T.);
#1283=EDGE_CURVE('',#1094,#1092,#1466,.T.);
#1284=EDGE_CURVE('',#1028,#1095,#1467,.T.);
#1285=EDGE_CURVE('',#1096,#1029,#1468,.T.);
#1286=EDGE_CURVE('',#1096,#1097,#1469,.T.);
#1287=EDGE_CURVE('',#1097,#1098,#1470,.T.);
#1288=EDGE_CURVE('',#1098,#1095,#1471,.T.);
#1289=EDGE_CURVE('',#1030,#1099,#1472,.T.);
#1290=EDGE_CURVE('',#1095,#1099,#1473,.T.);
#1291=EDGE_CURVE('',#1100,#1101,#1474,.T.);
#1292=EDGE_CURVE('',#1101,#1102,#1475,.T.);
#1293=EDGE_CURVE('',#1102,#1103,#1476,.T.);
#1294=EDGE_CURVE('',#1103,#1100,#1477,.T.);
#1295=EDGE_CURVE('',#1104,#1031,#1478,.T.);
#1296=EDGE_CURVE('',#1104,#1096,#1479,.T.);
#1297=EDGE_CURVE('',#1099,#1105,#1480,.T.);
#1298=EDGE_CURVE('',#1105,#1106,#1481,.T.);
#1299=EDGE_CURVE('',#1106,#1104,#1482,.T.);
#1300=EDGE_CURVE('',#1102,#1107,#208,.T.);
#1301=EDGE_CURVE('',#1107,#1098,#1483,.T.);
#1302=EDGE_CURVE('',#1097,#1108,#1484,.T.);
#1303=EDGE_CURVE('',#1108,#1103,#209,.T.);
#1304=EDGE_CURVE('',#1105,#1109,#1485,.T.);
#1305=EDGE_CURVE('',#1109,#1101,#210,.T.);
#1306=EDGE_CURVE('',#1100,#1110,#211,.T.);
#1307=EDGE_CURVE('',#1110,#1106,#1486,.T.);
#1308=EDGE_CURVE('',#1107,#1109,#1487,.T.);
#1309=EDGE_CURVE('',#1110,#1108,#1488,.T.);
#1310=EDGE_CURVE('',#997,#1111,#1489,.T.);
#1311=EDGE_CURVE('',#1111,#1112,#1490,.T.);
#1312=EDGE_CURVE('',#1112,#998,#1491,.T.);
#1313=EDGE_CURVE('',#1113,#996,#1492,.T.);
#1314=EDGE_CURVE('',#1113,#1114,#1493,.T.);
#1315=EDGE_CURVE('',#1115,#1114,#1494,.T.);
#1316=EDGE_CURVE('',#1115,#1111,#1495,.T.);
#1317=EDGE_CURVE('',#999,#1116,#1496,.T.);
#1318=EDGE_CURVE('',#1116,#1113,#1497,.T.);
#1319=EDGE_CURVE('',#1112,#1117,#1498,.T.);
#1320=EDGE_CURVE('',#1118,#1117,#1499,.T.);
#1321=EDGE_CURVE('',#1118,#1116,#1500,.T.);
#1322=EDGE_CURVE('',#1117,#1115,#1501,.T.);
#1323=EDGE_CURVE('',#1114,#1118,#1502,.T.);
#1324=EDGE_CURVE('',#993,#1119,#1503,.T.);
#1325=EDGE_CURVE('',#1119,#1120,#1504,.T.);
#1326=EDGE_CURVE('',#1120,#994,#1505,.T.);
#1327=EDGE_CURVE('',#1121,#992,#1506,.T.);
#1328=EDGE_CURVE('',#1121,#1122,#1507,.T.);
#1329=EDGE_CURVE('',#1123,#1122,#1508,.T.);
#1330=EDGE_CURVE('',#1123,#1119,#1509,.T.);
#1331=EDGE_CURVE('',#995,#1124,#1510,.T.);
#1332=EDGE_CURVE('',#1124,#1121,#1511,.T.);
#1333=EDGE_CURVE('',#1120,#1125,#1512,.T.);
#1334=EDGE_CURVE('',#1126,#1125,#1513,.T.);
#1335=EDGE_CURVE('',#1126,#1124,#1514,.T.);
#1336=EDGE_CURVE('',#1125,#1123,#1515,.T.);
#1337=EDGE_CURVE('',#1122,#1126,#1516,.T.);
#1338=LINE('',#2224,#1517);
#1339=LINE('',#2227,#1518);
#1340=LINE('',#2229,#1519);
#1341=LINE('',#2231,#1520);
#1342=LINE('',#2232,#1521);
#1343=LINE('',#2235,#1522);
#1344=LINE('',#2237,#1523);
#1345=LINE('',#2239,#1524);
#1346=LINE('',#2240,#1525);
#1347=LINE('',#2243,#1526);
#1348=LINE('',#2245,#1527);
#1349=LINE('',#2247,#1528);
#1350=LINE('',#2248,#1529);
#1351=LINE('',#2251,#1530);
#1352=LINE('',#2253,#1531);
#1353=LINE('',#2257,#1532);
#1354=LINE('',#2261,#1533);
#1355=LINE('',#2263,#1534);
#1356=LINE('',#2265,#1535);
#1357=LINE('',#2267,#1536);
#1358=LINE('',#2269,#1537);
#1359=LINE('',#2271,#1538);
#1360=LINE('',#2273,#1539);
#1361=LINE('',#2275,#1540);
#1362=LINE('',#2277,#1541);
#1363=LINE('',#2281,#1542);
#1364=LINE('',#2285,#1543);
#1365=LINE('',#2287,#1544);
#1366=LINE('',#2289,#1545);
#1367=LINE('',#2291,#1546);
#1368=LINE('',#2293,#1547);
#1369=LINE('',#2295,#1548);
#1370=LINE('',#2296,#1549);
#1371=LINE('',#2299,#1550);
#1372=LINE('',#2301,#1551);
#1373=LINE('',#2303,#1552);
#1374=LINE('',#2305,#1553);
#1375=LINE('',#2308,#1554);
#1376=LINE('',#2310,#1555);
#1377=LINE('',#2312,#1556);
#1378=LINE('',#2316,#1557);
#1379=LINE('',#2318,#1558);
#1380=LINE('',#2322,#1559);
#1381=LINE('',#2324,#1560);
#1382=LINE('',#2326,#1561);
#1383=LINE('',#2328,#1562);
#1384=LINE('',#2330,#1563);
#1385=LINE('',#2332,#1564);
#1386=LINE('',#2334,#1565);
#1387=LINE('',#2336,#1566);
#1388=LINE('',#2338,#1567);
#1389=LINE('',#2340,#1568);
#1390=LINE('',#2342,#1569);
#1391=LINE('',#2344,#1570);
#1392=LINE('',#2346,#1571);
#1393=LINE('',#2348,#1572);
#1394=LINE('',#2350,#1573);
#1395=LINE('',#2352,#1574);
#1396=LINE('',#2354,#1575);
#1397=LINE('',#2356,#1576);
#1398=LINE('',#2358,#1577);
#1399=LINE('',#2360,#1578);
#1400=LINE('',#2362,#1579);
#1401=LINE('',#2364,#1580);
#1402=LINE('',#2366,#1581);
#1403=LINE('',#2368,#1582);
#1404=LINE('',#2370,#1583);
#1405=LINE('',#2372,#1584);
#1406=LINE('',#2374,#1585);
#1407=LINE('',#2376,#1586);
#1408=LINE('',#2378,#1587);
#1409=LINE('',#2380,#1588);
#1410=LINE('',#2382,#1589);
#1411=LINE('',#2384,#1590);
#1412=LINE('',#2386,#1591);
#1413=LINE('',#2388,#1592);
#1414=LINE('',#2390,#1593);
#1415=LINE('',#2392,#1594);
#1416=LINE('',#2394,#1595);
#1417=LINE('',#2396,#1596);
#1418=LINE('',#2399,#1597);
#1419=LINE('',#2401,#1598);
#1420=LINE('',#2403,#1599);
#1421=LINE('',#2404,#1600);
#1422=LINE('',#2406,#1601);
#1423=LINE('',#2410,#1602);
#1424=LINE('',#2413,#1603);
#1425=LINE('',#2415,#1604);
#1426=LINE('',#2416,#1605);
#1427=LINE('',#2417,#1606);
#1428=LINE('',#2418,#1607);
#1429=LINE('',#2420,#1608);
#1430=LINE('',#2422,#1609);
#1431=LINE('',#2424,#1610);
#1432=LINE('',#2426,#1611);
#1433=LINE('',#2428,#1612);
#1434=LINE('',#2430,#1613);
#1435=LINE('',#2431,#1614);
#1436=LINE('',#2432,#1615);
#1437=LINE('',#2434,#1616);
#1438=LINE('',#2436,#1617);
#1439=LINE('',#2438,#1618);
#1440=LINE('',#2440,#1619);
#1441=LINE('',#2442,#1620);
#1442=LINE('',#2444,#1621);
#1443=LINE('',#2446,#1622);
#1444=LINE('',#2448,#1623);
#1445=LINE('',#2488,#1624);
#1446=LINE('',#2490,#1625);
#1447=LINE('',#2492,#1626);
#1448=LINE('',#2494,#1627);
#1449=LINE('',#2496,#1628);
#1450=LINE('',#2498,#1629);
#1451=LINE('',#2500,#1630);
#1452=LINE('',#2502,#1631);
#1453=LINE('',#2505,#1632);
#1454=LINE('',#2507,#1633);
#1455=LINE('',#2509,#1634);
#1456=LINE('',#2511,#1635);
#1457=LINE('',#2513,#1636);
#1458=LINE('',#2515,#1637);
#1459=LINE('',#2517,#1638);
#1460=LINE('',#2519,#1639);
#1461=LINE('',#2523,#1640);
#1462=LINE('',#2524,#1641);
#1463=LINE('',#2528,#1642);
#1464=LINE('',#2533,#1643);
#1465=LINE('',#2535,#1644);
#1466=LINE('',#2537,#1645);
#1467=LINE('',#2541,#1646);
#1468=LINE('',#2543,#1647);
#1469=LINE('',#2545,#1648);
#1470=LINE('',#2547,#1649);
#1471=LINE('',#2549,#1650);
#1472=LINE('',#2551,#1651);
#1473=LINE('',#2553,#1652);
#1474=LINE('',#2555,#1653);
#1475=LINE('',#2558,#1654);
#1476=LINE('',#2560,#1655);
#1477=LINE('',#2562,#1656);
#1478=LINE('',#2564,#1657);
#1479=LINE('',#2566,#1658);
#1480=LINE('',#2568,#1659);
#1481=LINE('',#2570,#1660);
#1482=LINE('',#2572,#1661);
#1483=LINE('',#2576,#1662);
#1484=LINE('',#2577,#1663);
#1485=LINE('',#2581,#1664);
#1486=LINE('',#2586,#1665);
#1487=LINE('',#2588,#1666);
#1488=LINE('',#2590,#1667);
#1489=LINE('',#2594,#1668);
#1490=LINE('',#2596,#1669);
#1491=LINE('',#2598,#1670);
#1492=LINE('',#2600,#1671);
#1493=LINE('',#2602,#1672);
#1494=LINE('',#2604,#1673);
#1495=LINE('',#2606,#1674);
#1496=LINE('',#2608,#1675);
#1497=LINE('',#2610,#1676);
#1498=LINE('',#2612,#1677);
#1499=LINE('',#2614,#1678);
#1500=LINE('',#2616,#1679);
#1501=LINE('',#2618,#1680);
#1502=LINE('',#2619,#1681);
#1503=LINE('',#2623,#1682);
#1504=LINE('',#2625,#1683);
#1505=LINE('',#2627,#1684);
#1506=LINE('',#2629,#1685);
#1507=LINE('',#2631,#1686);
#1508=LINE('',#2633,#1687);
#1509=LINE('',#2635,#1688);
#1510=LINE('',#2637,#1689);
#1511=LINE('',#2639,#1690);
#1512=LINE('',#2641,#1691);
#1513=LINE('',#2643,#1692);
#1514=LINE('',#2645,#1693);
#1515=LINE('',#2647,#1694);
#1516=LINE('',#2648,#1695);
#1517=VECTOR('',#1814,1.);
#1518=VECTOR('',#1815,1.);
#1519=VECTOR('',#1816,1.);
#1520=VECTOR('',#1817,1.);
#1521=VECTOR('',#1818,1.);
#1522=VECTOR('',#1819,1.);
#1523=VECTOR('',#1820,1.);
#1524=VECTOR('',#1821,1.);
#1525=VECTOR('',#1822,1.);
#1526=VECTOR('',#1823,1.);
#1527=VECTOR('',#1824,1.);
#1528=VECTOR('',#1825,1.);
#1529=VECTOR('',#1826,1.);
#1530=VECTOR('',#1827,1.);
#1531=VECTOR('',#1828,1.);
#1532=VECTOR('',#1831,1.);
#1533=VECTOR('',#1834,1.);
#1534=VECTOR('',#1835,1.);
#1535=VECTOR('',#1836,1.);
#1536=VECTOR('',#1837,1.);
#1537=VECTOR('',#1838,1.);
#1538=VECTOR('',#1839,1.);
#1539=VECTOR('',#1840,1.);
#1540=VECTOR('',#1841,1.);
#1541=VECTOR('',#1842,1.);
#1542=VECTOR('',#1845,1.);
#1543=VECTOR('',#1848,1.);
#1544=VECTOR('',#1849,1.);
#1545=VECTOR('',#1850,1.);
#1546=VECTOR('',#1851,1.);
#1547=VECTOR('',#1852,1.);
#1548=VECTOR('',#1853,1.);
#1549=VECTOR('',#1854,1.);
#1550=VECTOR('',#1855,1.);
#1551=VECTOR('',#1856,1.);
#1552=VECTOR('',#1857,1.);
#1553=VECTOR('',#1860,1.);
#1554=VECTOR('',#1861,1.);
#1555=VECTOR('',#1862,1.);
#1556=VECTOR('',#1863,1.);
#1557=VECTOR('',#1868,1.);
#1558=VECTOR('',#1869,1.);
#1559=VECTOR('',#1872,1.);
#1560=VECTOR('',#1875,1.);
#1561=VECTOR('',#1876,1.);
#1562=VECTOR('',#1877,1.);
#1563=VECTOR('',#1880,1.);
#1564=VECTOR('',#1881,1.);
#1565=VECTOR('',#1882,1.);
#1566=VECTOR('',#1885,1.);
#1567=VECTOR('',#1886,1.);
#1568=VECTOR('',#1887,1.);
#1569=VECTOR('',#1890,1.);
#1570=VECTOR('',#1891,1.);
#1571=VECTOR('',#1892,1.);
#1572=VECTOR('',#1895,1.);
#1573=VECTOR('',#1896,1.);
#1574=VECTOR('',#1897,1.);
#1575=VECTOR('',#1900,1.);
#1576=VECTOR('',#1901,1.);
#1577=VECTOR('',#1902,1.);
#1578=VECTOR('',#1905,1.);
#1579=VECTOR('',#1906,1.);
#1580=VECTOR('',#1907,1.);
#1581=VECTOR('',#1910,1.);
#1582=VECTOR('',#1911,1.);
#1583=VECTOR('',#1912,1.);
#1584=VECTOR('',#1915,1.);
#1585=VECTOR('',#1916,1.);
#1586=VECTOR('',#1917,1.);
#1587=VECTOR('',#1920,1.);
#1588=VECTOR('',#1921,1.);
#1589=VECTOR('',#1922,1.);
#1590=VECTOR('',#1925,1.);
#1591=VECTOR('',#1926,1.);
#1592=VECTOR('',#1927,1.);
#1593=VECTOR('',#1930,1.);
#1594=VECTOR('',#1931,1.);
#1595=VECTOR('',#1932,1.);
#1596=VECTOR('',#1935,1.);
#1597=VECTOR('',#1936,1.);
#1598=VECTOR('',#1937,1.);
#1599=VECTOR('',#1938,1.);
#1600=VECTOR('',#1939,1.);
#1601=VECTOR('',#1942,1.);
#1602=VECTOR('',#1947,1.);
#1603=VECTOR('',#1948,1.);
#1604=VECTOR('',#1949,1.);
#1605=VECTOR('',#1950,1.);
#1606=VECTOR('',#1951,1.);
#1607=VECTOR('',#1952,1.);
#1608=VECTOR('',#1955,1.);
#1609=VECTOR('',#1956,1.);
#1610=VECTOR('',#1957,1.);
#1611=VECTOR('',#1960,1.);
#1612=VECTOR('',#1961,1.);
#1613=VECTOR('',#1962,1.);
#1614=VECTOR('',#1963,1.);
#1615=VECTOR('',#1964,1.);
#1616=VECTOR('',#1967,1.);
#1617=VECTOR('',#1968,1.);
#1618=VECTOR('',#1969,1.);
#1619=VECTOR('',#1970,1.);
#1620=VECTOR('',#1973,1.);
#1621=VECTOR('',#1976,1.);
#1622=VECTOR('',#1979,1.);
#1623=VECTOR('',#1982,1.);
#1624=VECTOR('',#2061,1.);
#1625=VECTOR('',#2062,1.);
#1626=VECTOR('',#2063,1.);
#1627=VECTOR('',#2064,1.);
#1628=VECTOR('',#2065,1.);
#1629=VECTOR('',#2068,1.);
#1630=VECTOR('',#2069,1.);
#1631=VECTOR('',#2072,1.);
#1632=VECTOR('',#2073,1.);
#1633=VECTOR('',#2074,1.);
#1634=VECTOR('',#2075,1.);
#1635=VECTOR('',#2078,1.);
#1636=VECTOR('',#2079,1.);
#1637=VECTOR('',#2082,1.);
#1638=VECTOR('',#2083,1.);
#1639=VECTOR('',#2084,1.);
#1640=VECTOR('',#2089,1.);
#1641=VECTOR('',#2090,1.);
#1642=VECTOR('',#2095,1.);
#1643=VECTOR('',#2100,1.);
#1644=VECTOR('',#2103,1.);
#1645=VECTOR('',#2106,1.);
#1646=VECTOR('',#2113,1.);
#1647=VECTOR('',#2114,1.);
#1648=VECTOR('',#2115,1.);
#1649=VECTOR('',#2116,1.);
#1650=VECTOR('',#2117,1.);
#1651=VECTOR('',#2120,1.);
#1652=VECTOR('',#2121,1.);
#1653=VECTOR('',#2124,1.);
#1654=VECTOR('',#2125,1.);
#1655=VECTOR('',#2126,1.);
#1656=VECTOR('',#2127,1.);
#1657=VECTOR('',#2130,1.);
#1658=VECTOR('',#2131,1.);
#1659=VECTOR('',#2134,1.);
#1660=VECTOR('',#2135,1.);
#1661=VECTOR('',#2136,1.);
#1662=VECTOR('',#2141,1.);
#1663=VECTOR('',#2142,1.);
#1664=VECTOR('',#2147,1.);
#1665=VECTOR('',#2152,1.);
#1666=VECTOR('',#2155,1.);
#1667=VECTOR('',#2158,1.);
#1668=VECTOR('',#2165,1.);
#1669=VECTOR('',#2166,1.);
#1670=VECTOR('',#2167,1.);
#1671=VECTOR('',#2170,1.);
#1672=VECTOR('',#2171,1.);
#1673=VECTOR('',#2172,1.);
#1674=VECTOR('',#2173,1.);
#1675=VECTOR('',#2176,1.);
#1676=VECTOR('',#2177,1.);
#1677=VECTOR('',#2180,1.);
#1678=VECTOR('',#2181,1.);
#1679=VECTOR('',#2182,1.);
#1680=VECTOR('',#2185,1.);
#1681=VECTOR('',#2186,1.);
#1682=VECTOR('',#2193,1.);
#1683=VECTOR('',#2194,1.);
#1684=VECTOR('',#2195,1.);
#1685=VECTOR('',#2198,1.);
#1686=VECTOR('',#2199,1.);
#1687=VECTOR('',#2200,1.);
#1688=VECTOR('',#2201,1.);
#1689=VECTOR('',#2204,1.);
#1690=VECTOR('',#2205,1.);
#1691=VECTOR('',#2208,1.);
#1692=VECTOR('',#2209,1.);
#1693=VECTOR('',#2210,1.);
#1694=VECTOR('',#2213,1.);
#1695=VECTOR('',#2214,1.);
#1696=AXIS2_PLACEMENT_3D('',#2223,#1812,#1813);
#1697=AXIS2_PLACEMENT_3D('',#2255,#1829,#1830);
#1698=AXIS2_PLACEMENT_3D('',#2259,#1832,#1833);
#1699=AXIS2_PLACEMENT_3D('',#2279,#1843,#1844);
#1700=AXIS2_PLACEMENT_3D('',#2283,#1846,#1847);
#1701=AXIS2_PLACEMENT_3D('',#2304,#1858,#1859);
#1702=AXIS2_PLACEMENT_3D('',#2314,#1864,#1865);
#1703=AXIS2_PLACEMENT_3D('',#2315,#1866,#1867);
#1704=AXIS2_PLACEMENT_3D('',#2320,#1870,#1871);
#1705=AXIS2_PLACEMENT_3D('',#2323,#1873,#1874);
#1706=AXIS2_PLACEMENT_3D('',#2329,#1878,#1879);
#1707=AXIS2_PLACEMENT_3D('',#2335,#1883,#1884);
#1708=AXIS2_PLACEMENT_3D('',#2341,#1888,#1889);
#1709=AXIS2_PLACEMENT_3D('',#2347,#1893,#1894);
#1710=AXIS2_PLACEMENT_3D('',#2353,#1898,#1899);
#1711=AXIS2_PLACEMENT_3D('',#2359,#1903,#1904);
#1712=AXIS2_PLACEMENT_3D('',#2365,#1908,#1909);
#1713=AXIS2_PLACEMENT_3D('',#2371,#1913,#1914);
#1714=AXIS2_PLACEMENT_3D('',#2377,#1918,#1919);
#1715=AXIS2_PLACEMENT_3D('',#2383,#1923,#1924);
#1716=AXIS2_PLACEMENT_3D('',#2389,#1928,#1929);
#1717=AXIS2_PLACEMENT_3D('',#2395,#1933,#1934);
#1718=AXIS2_PLACEMENT_3D('',#2405,#1940,#1941);
#1719=AXIS2_PLACEMENT_3D('',#2408,#1943,#1944);
#1720=AXIS2_PLACEMENT_3D('',#2409,#1945,#1946);
#1721=AXIS2_PLACEMENT_3D('',#2419,#1953,#1954);
#1722=AXIS2_PLACEMENT_3D('',#2425,#1958,#1959);
#1723=AXIS2_PLACEMENT_3D('',#2433,#1965,#1966);
#1724=AXIS2_PLACEMENT_3D('',#2441,#1971,#1972);
#1725=AXIS2_PLACEMENT_3D('',#2443,#1974,#1975);
#1726=AXIS2_PLACEMENT_3D('',#2445,#1977,#1978);
#1727=AXIS2_PLACEMENT_3D('',#2447,#1980,#1981);
#1728=AXIS2_PLACEMENT_3D('',#2449,#1983,#1984);
#1729=AXIS2_PLACEMENT_3D('',#2450,#1985,#1986);
#1730=AXIS2_PLACEMENT_3D('',#2451,#1987,#1988);
#1731=AXIS2_PLACEMENT_3D('',#2452,#1989,#1990);
#1732=AXIS2_PLACEMENT_3D('',#2453,#1991,#1992);
#1733=AXIS2_PLACEMENT_3D('',#2454,#1993,#1994);
#1734=AXIS2_PLACEMENT_3D('',#2455,#1995,#1996);
#1735=AXIS2_PLACEMENT_3D('',#2456,#1997,#1998);
#1736=AXIS2_PLACEMENT_3D('',#2457,#1999,#2000);
#1737=AXIS2_PLACEMENT_3D('',#2458,#2001,#2002);
#1738=AXIS2_PLACEMENT_3D('',#2459,#2003,#2004);
#1739=AXIS2_PLACEMENT_3D('',#2460,#2005,#2006);
#1740=AXIS2_PLACEMENT_3D('',#2461,#2007,#2008);
#1741=AXIS2_PLACEMENT_3D('',#2462,#2009,#2010);
#1742=AXIS2_PLACEMENT_3D('',#2463,#2011,#2012);
#1743=AXIS2_PLACEMENT_3D('',#2464,#2013,#2014);
#1744=AXIS2_PLACEMENT_3D('',#2465,#2015,#2016);
#1745=AXIS2_PLACEMENT_3D('',#2466,#2017,#2018);
#1746=AXIS2_PLACEMENT_3D('',#2467,#2019,#2020);
#1747=AXIS2_PLACEMENT_3D('',#2468,#2021,#2022);
#1748=AXIS2_PLACEMENT_3D('',#2469,#2023,#2024);
#1749=AXIS2_PLACEMENT_3D('',#2470,#2025,#2026);
#1750=AXIS2_PLACEMENT_3D('',#2471,#2027,#2028);
#1751=AXIS2_PLACEMENT_3D('',#2472,#2029,#2030);
#1752=AXIS2_PLACEMENT_3D('',#2473,#2031,#2032);
#1753=AXIS2_PLACEMENT_3D('',#2474,#2033,#2034);
#1754=AXIS2_PLACEMENT_3D('',#2475,#2035,#2036);
#1755=AXIS2_PLACEMENT_3D('',#2476,#2037,#2038);
#1756=AXIS2_PLACEMENT_3D('',#2477,#2039,#2040);
#1757=AXIS2_PLACEMENT_3D('',#2478,#2041,#2042);
#1758=AXIS2_PLACEMENT_3D('',#2479,#2043,#2044);
#1759=AXIS2_PLACEMENT_3D('',#2480,#2045,#2046);
#1760=AXIS2_PLACEMENT_3D('',#2481,#2047,#2048);
#1761=AXIS2_PLACEMENT_3D('',#2482,#2049,#2050);
#1762=AXIS2_PLACEMENT_3D('',#2483,#2051,#2052);
#1763=AXIS2_PLACEMENT_3D('',#2484,#2053,#2054);
#1764=AXIS2_PLACEMENT_3D('',#2485,#2055,#2056);
#1765=AXIS2_PLACEMENT_3D('',#2486,#2057,#2058);
#1766=AXIS2_PLACEMENT_3D('',#2487,#2059,#2060);
#1767=AXIS2_PLACEMENT_3D('',#2497,#2066,#2067);
#1768=AXIS2_PLACEMENT_3D('',#2501,#2070,#2071);
#1769=AXIS2_PLACEMENT_3D('',#2510,#2076,#2077);
#1770=AXIS2_PLACEMENT_3D('',#2514,#2080,#2081);
#1771=AXIS2_PLACEMENT_3D('',#2520,#2085,#2086);
#1772=AXIS2_PLACEMENT_3D('',#2521,#2087,#2088);
#1773=AXIS2_PLACEMENT_3D('',#2526,#2091,#2092);
#1774=AXIS2_PLACEMENT_3D('',#2527,#2093,#2094);
#1775=AXIS2_PLACEMENT_3D('',#2530,#2096,#2097);
#1776=AXIS2_PLACEMENT_3D('',#2531,#2098,#2099);
#1777=AXIS2_PLACEMENT_3D('',#2534,#2101,#2102);
#1778=AXIS2_PLACEMENT_3D('',#2536,#2104,#2105);
#1779=AXIS2_PLACEMENT_3D('',#2538,#2107,#2108);
#1780=AXIS2_PLACEMENT_3D('',#2539,#2109,#2110);
#1781=AXIS2_PLACEMENT_3D('',#2540,#2111,#2112);
#1782=AXIS2_PLACEMENT_3D('',#2550,#2118,#2119);
#1783=AXIS2_PLACEMENT_3D('',#2554,#2122,#2123);
#1784=AXIS2_PLACEMENT_3D('',#2563,#2128,#2129);
#1785=AXIS2_PLACEMENT_3D('',#2567,#2132,#2133);
#1786=AXIS2_PLACEMENT_3D('',#2573,#2137,#2138);
#1787=AXIS2_PLACEMENT_3D('',#2574,#2139,#2140);
#1788=AXIS2_PLACEMENT_3D('',#2579,#2143,#2144);
#1789=AXIS2_PLACEMENT_3D('',#2580,#2145,#2146);
#1790=AXIS2_PLACEMENT_3D('',#2583,#2148,#2149);
#1791=AXIS2_PLACEMENT_3D('',#2584,#2150,#2151);
#1792=AXIS2_PLACEMENT_3D('',#2587,#2153,#2154);
#1793=AXIS2_PLACEMENT_3D('',#2589,#2156,#2157);
#1794=AXIS2_PLACEMENT_3D('',#2591,#2159,#2160);
#1795=AXIS2_PLACEMENT_3D('',#2592,#2161,#2162);
#1796=AXIS2_PLACEMENT_3D('',#2593,#2163,#2164);
#1797=AXIS2_PLACEMENT_3D('',#2599,#2168,#2169);
#1798=AXIS2_PLACEMENT_3D('',#2607,#2174,#2175);
#1799=AXIS2_PLACEMENT_3D('',#2611,#2178,#2179);
#1800=AXIS2_PLACEMENT_3D('',#2617,#2183,#2184);
#1801=AXIS2_PLACEMENT_3D('',#2620,#2187,#2188);
#1802=AXIS2_PLACEMENT_3D('',#2621,#2189,#2190);
#1803=AXIS2_PLACEMENT_3D('',#2622,#2191,#2192);
#1804=AXIS2_PLACEMENT_3D('',#2628,#2196,#2197);
#1805=AXIS2_PLACEMENT_3D('',#2636,#2202,#2203);
#1806=AXIS2_PLACEMENT_3D('',#2640,#2206,#2207);
#1807=AXIS2_PLACEMENT_3D('',#2646,#2211,#2212);
#1808=AXIS2_PLACEMENT_3D('',#2649,#2215,#2216);
#1809=AXIS2_PLACEMENT_3D('',#2650,#2217,#2218);
#1810=AXIS2_PLACEMENT_3D('',#2651,#2219,#2220);
#1811=AXIS2_PLACEMENT_3D('',#2652,#2221,#2222);
#1812=DIRECTION('',(0.,0.,1.));
#1813=DIRECTION('',(1.,0.,0.));
#1814=DIRECTION('',(0.,-1.,0.));
#1815=DIRECTION('',(1.,0.,0.));
#1816=DIRECTION('',(0.,1.,0.));
#1817=DIRECTION('',(-1.,0.,0.));
#1818=DIRECTION('',(0.,1.,0.));
#1819=DIRECTION('',(-1.,0.,0.));
#1820=DIRECTION('',(0.,-1.,0.));
#1821=DIRECTION('',(1.,0.,0.));
#1822=DIRECTION('',(0.,1.,0.));
#1823=DIRECTION('',(-1.,0.,0.));
#1824=DIRECTION('',(0.,1.,0.));
#1825=DIRECTION('',(1.,0.,0.));
#1826=DIRECTION('',(-1.,0.,0.));
#1827=DIRECTION('',(-1.73472347597681E-015,1.,0.));
#1828=DIRECTION('',(1.,0.,0.));
#1829=DIRECTION('',(0.,0.,-1.));
#1830=DIRECTION('',(1.,0.,0.));
#1831=DIRECTION('',(0.,-1.,0.));
#1832=DIRECTION('',(0.,0.,-1.));
#1833=DIRECTION('',(1.,0.,0.));
#1834=DIRECTION('',(-1.,0.,0.));
#1835=DIRECTION('',(0.,1.,0.));
#1836=DIRECTION('',(1.,0.,0.));
#1837=DIRECTION('',(1.15648231731787E-015,-1.,0.));
#1838=DIRECTION('',(-1.,0.,0.));
#1839=DIRECTION('',(0.,1.,0.));
#1840=DIRECTION('',(1.,0.,0.));
#1841=DIRECTION('',(0.,-1.,0.));
#1842=DIRECTION('',(-1.,0.,0.));
#1843=DIRECTION('',(0.,0.,-1.));
#1844=DIRECTION('',(1.,0.,0.));
#1845=DIRECTION('',(0.,1.,0.));
#1846=DIRECTION('',(0.,0.,-1.));
#1847=DIRECTION('',(1.,0.,0.));
#1848=DIRECTION('',(1.,0.,0.));
#1849=DIRECTION('',(0.,-1.,0.));
#1850=DIRECTION('',(-1.,0.,0.));
#1851=DIRECTION('',(0.,1.,0.));
#1852=DIRECTION('',(1.,0.,0.));
#1853=DIRECTION('',(2.31296463463574E-015,-1.,0.));
#1854=DIRECTION('',(0.,1.,0.));
#1855=DIRECTION('',(-1.,0.,0.));
#1856=DIRECTION('',(0.,1.,0.));
#1857=DIRECTION('',(1.,0.,0.));
#1858=DIRECTION('',(0.,0.,-1.));
#1859=DIRECTION('',(1.,0.,0.));
#1860=DIRECTION('',(0.,0.,-1.));
#1861=DIRECTION('',(0.,1.,0.));
#1862=DIRECTION('',(0.,0.,1.));
#1863=DIRECTION('',(1.09561482693272E-015,1.,0.));
#1864=DIRECTION('',(1.,0.,0.));
#1865=DIRECTION('',(0.,0.,1.));
#1866=DIRECTION('',(1.,-1.09561482693272E-015,0.));
#1867=DIRECTION('',(1.09634523681734E-015,1.,0.));
#1868=DIRECTION('',(-1.,0.,0.));
#1869=DIRECTION('',(0.,0.,1.));
#1870=DIRECTION('',(-2.60208521396521E-015,-1.,-8.67361737988403E-016));
#1871=DIRECTION('',(-1.,0.,0.));
#1872=DIRECTION('',(-1.,0.,0.));
#1873=DIRECTION('',(0.,1.,0.));
#1874=DIRECTION('',(0.,0.,1.));
#1875=DIRECTION('',(0.,0.,1.));
#1876=DIRECTION('',(1.,0.,0.));
#1877=DIRECTION('',(0.,0.,1.));
#1878=DIRECTION('',(0.,1.,0.));
#1879=DIRECTION('',(0.,0.,1.));
#1880=DIRECTION('',(0.,0.,1.));
#1881=DIRECTION('',(1.,0.,0.));
#1882=DIRECTION('',(0.,0.,1.));
#1883=DIRECTION('',(0.,1.,0.));
#1884=DIRECTION('',(0.,0.,1.));
#1885=DIRECTION('',(0.,0.,1.));
#1886=DIRECTION('',(-1.,0.,0.));
#1887=DIRECTION('',(0.,0.,1.));
#1888=DIRECTION('',(0.,-1.,0.));
#1889=DIRECTION('',(0.,0.,-1.));
#1890=DIRECTION('',(0.,0.,1.));
#1891=DIRECTION('',(-1.,0.,0.));
#1892=DIRECTION('',(0.,0.,1.));
#1893=DIRECTION('',(0.,-1.,0.));
#1894=DIRECTION('',(0.,0.,-1.));
#1895=DIRECTION('',(0.,-0.707106781186548,-0.707106781186548));
#1896=DIRECTION('',(0.,1.,0.));
#1897=DIRECTION('',(0.,0.,1.));
#1898=DIRECTION('',(1.,0.,0.));
#1899=DIRECTION('',(0.,0.,1.));
#1900=DIRECTION('',(0.,0.,1.));
#1901=DIRECTION('',(0.,-1.,0.));
#1902=DIRECTION('',(0.,0.707106781186548,0.707106781186548));
#1903=DIRECTION('',(-1.,0.,0.));
#1904=DIRECTION('',(0.,0.,-1.));
#1905=DIRECTION('',(0.,0.,1.));
#1906=DIRECTION('',(0.,1.,0.));
#1907=DIRECTION('',(0.,-0.70710678118655,0.707106781186546));
#1908=DIRECTION('',(1.,0.,0.));
#1909=DIRECTION('',(0.,0.,1.));
#1910=DIRECTION('',(0.,0.70710678118655,-0.707106781186546));
#1911=DIRECTION('',(0.,-1.,0.));
#1912=DIRECTION('',(0.,0.,1.));
#1913=DIRECTION('',(-1.,0.,0.));
#1914=DIRECTION('',(0.,0.,-1.));
#1915=DIRECTION('',(1.2266347333467E-015,-0.707106781186548,-0.707106781186548));
#1916=DIRECTION('',(-1.73472347597681E-015,1.,0.));
#1917=DIRECTION('',(0.,0.,1.));
#1918=DIRECTION('',(1.,1.73472347597681E-015,0.));
#1919=DIRECTION('',(1.73472347597681E-015,-1.,0.));
#1920=DIRECTION('',(0.,0.,1.));
#1921=DIRECTION('',(2.31296463463574E-015,-1.,0.));
#1922=DIRECTION('',(-1.6355129777956E-015,0.707106781186548,0.707106781186548));
#1923=DIRECTION('',(-1.,-2.31296463463574E-015,0.));
#1924=DIRECTION('',(-2.31325375521507E-015,1.,0.));
#1925=DIRECTION('',(0.,0.,1.));
#1926=DIRECTION('',(0.,1.,0.));
#1927=DIRECTION('',(0.,-0.70710678118655,0.707106781186546));
#1928=DIRECTION('',(1.,0.,0.));
#1929=DIRECTION('',(0.,0.,1.));
#1930=DIRECTION('',(-8.17756488897802E-016,0.70710678118655,-0.707106781186546));
#1931=DIRECTION('',(1.15648231731787E-015,-1.,0.));
#1932=DIRECTION('',(0.,0.,1.));
#1933=DIRECTION('',(-1.,-1.15648231731787E-015,0.));
#1934=DIRECTION('',(-1.15619319673854E-015,1.,0.));
#1935=DIRECTION('',(0.,-1.,0.));
#1936=DIRECTION('',(0.,0.,1.));
#1937=DIRECTION('',(0.,-1.,0.));
#1938=DIRECTION('',(0.,0.,-1.));
#1939=DIRECTION('',(0.,0.,1.));
#1940=DIRECTION('',(1.,0.,0.));
#1941=DIRECTION('',(0.,0.,1.));
#1942=DIRECTION('',(0.,0.,-1.));
#1943=DIRECTION('',(0.,0.,-1.));
#1944=DIRECTION('',(1.,0.,0.));
#1945=DIRECTION('',(0.,0.,-1.));
#1946=DIRECTION('',(1.,0.,0.));
#1947=DIRECTION('',(1.,0.,0.));
#1948=DIRECTION('',(0.,0.,-1.));
#1949=DIRECTION('',(1.,0.,0.));
#1950=DIRECTION('',(1.,0.,0.));
#1951=DIRECTION('',(1.,0.,0.));
#1952=DIRECTION('',(0.,0.,1.));
#1953=DIRECTION('',(0.,1.,0.));
#1954=DIRECTION('',(0.,0.,1.));
#1955=DIRECTION('',(0.,0.,1.));
#1956=DIRECTION('',(0.,1.,0.));
#1957=DIRECTION('',(0.,0.,-1.));
#1958=DIRECTION('',(-1.,0.,0.));
#1959=DIRECTION('',(0.,0.,-1.));
#1960=DIRECTION('',(0.,0.,1.));
#1961=DIRECTION('',(-1.,0.,0.));
#1962=DIRECTION('',(0.,0.,-1.));
#1963=DIRECTION('',(-1.,-1.73472347597681E-015,0.));
#1964=DIRECTION('',(-1.,-1.73472347597681E-015,0.));
#1965=DIRECTION('',(0.,-1.,0.));
#1966=DIRECTION('',(0.,0.,-1.));
#1967=DIRECTION('',(0.,1.,0.));
#1968=DIRECTION('',(-1.,0.,0.));
#1969=DIRECTION('',(0.,-1.,0.));
#1970=DIRECTION('',(1.,0.,0.));
#1971=DIRECTION('',(0.,0.,1.));
#1972=DIRECTION('',(-1.,0.,0.));
#1973=DIRECTION('',(1.,0.,0.));
#1974=DIRECTION('',(0.,0.,-1.));
#1975=DIRECTION('',(1.,0.,0.));
#1976=DIRECTION('',(-1.,0.,0.));
#1977=DIRECTION('',(0.,0.,-1.));
#1978=DIRECTION('',(1.,0.,0.));
#1979=DIRECTION('',(1.,0.,0.));
#1980=DIRECTION('',(0.,0.,-1.));
#1981=DIRECTION('',(1.,0.,0.));
#1982=DIRECTION('',(-1.,0.,0.));
#1983=DIRECTION('',(0.,0.,-1.));
#1984=DIRECTION('',(1.,0.,0.));
#1985=DIRECTION('',(0.,0.,1.));
#1986=DIRECTION('',(-1.,0.,0.));
#1987=DIRECTION('',(0.,0.,-1.));
#1988=DIRECTION('',(1.,0.,0.));
#1989=DIRECTION('',(0.,1.,0.));
#1990=DIRECTION('',(0.,0.,-1.));
#1991=DIRECTION('',(1.,0.,8.67361737988403E-016));
#1992=DIRECTION('',(8.67361737988404E-016,0.,-1.));
#1993=DIRECTION('',(1.0842021724855E-016,0.,-1.));
#1994=DIRECTION('',(1.,0.,0.));
#1995=DIRECTION('',(0.,0.,1.));
#1996=DIRECTION('',(-1.,0.,0.));
#1997=DIRECTION('',(0.,0.,-1.));
#1998=DIRECTION('',(1.,0.,0.));
#1999=DIRECTION('',(1.,0.,0.));
#2000=DIRECTION('',(0.,0.,1.));
#2001=DIRECTION('',(-1.,0.,0.));
#2002=DIRECTION('',(0.,0.,-1.));
#2003=DIRECTION('',(0.,1.,-8.67361737988404E-016));
#2004=DIRECTION('',(0.,0.,1.));
#2005=DIRECTION('',(0.,1.,0.));
#2006=DIRECTION('',(0.,0.,1.));
#2007=DIRECTION('',(0.,0.,1.));
#2008=DIRECTION('',(-1.,0.,0.));
#2009=DIRECTION('',(0.,0.,-1.));
#2010=DIRECTION('',(1.,0.,0.));
#2011=DIRECTION('',(0.,1.,0.));
#2012=DIRECTION('',(0.,0.,-1.));
#2013=DIRECTION('',(0.,0.,-1.));
#2014=DIRECTION('',(1.,0.,0.));
#2015=DIRECTION('',(1.,0.,0.));
#2016=DIRECTION('',(0.,0.,-1.));
#2017=DIRECTION('',(1.0842021724855E-016,0.,-1.));
#2018=DIRECTION('',(1.,0.,0.));
#2019=DIRECTION('',(0.,-1.,0.));
#2020=DIRECTION('',(0.,0.,-1.));
#2021=DIRECTION('',(0.,-1.,0.));
#2022=DIRECTION('',(0.,0.,-1.));
#2023=DIRECTION('',(-1.,0.,0.));
#2024=DIRECTION('',(0.,0.,1.));
#2025=DIRECTION('',(1.,0.,0.));
#2026=DIRECTION('',(0.,0.,1.));
#2027=DIRECTION('',(0.707106781186549,0.,-0.707106781186549));
#2028=DIRECTION('',(-0.707106781186548,0.,-0.707106781186548));
#2029=DIRECTION('',(1.,0.,0.));
#2030=DIRECTION('',(0.,0.,1.));
#2031=DIRECTION('',(-1.,0.,0.));
#2032=DIRECTION('',(0.,0.,-1.));
#2033=DIRECTION('',(0.,0.707106781186549,-0.707106781186549));
#2034=DIRECTION('',(0.,-0.707106781186548,-0.707106781186548));
#2035=DIRECTION('',(8.67361737988403E-016,1.,0.));
#2036=DIRECTION('',(1.,0.,0.));
#2037=DIRECTION('',(0.,-1.,0.));
#2038=DIRECTION('',(0.,0.,-1.));
#2039=DIRECTION('',(0.,0.,-1.));
#2040=DIRECTION('',(1.,0.,0.));
#2041=DIRECTION('',(0.,0.,1.));
#2042=DIRECTION('',(-1.,0.,0.));
#2043=DIRECTION('',(0.,0.,-1.));
#2044=DIRECTION('',(1.,0.,0.));
#2045=DIRECTION('',(0.,0.,-1.));
#2046=DIRECTION('',(1.,0.,0.));
#2047=DIRECTION('',(0.,0.,-1.));
#2048=DIRECTION('',(1.,0.,0.));
#2049=DIRECTION('',(0.,0.,-1.));
#2050=DIRECTION('',(1.,0.,0.));
#2051=DIRECTION('',(0.,0.,-1.));
#2052=DIRECTION('',(1.,0.,0.));
#2053=DIRECTION('',(0.,0.707106781186548,-0.707106781186548));
#2054=DIRECTION('',(-1.,0.,0.));
#2055=DIRECTION('',(0.,0.707106781186548,-0.707106781186548));
#2056=DIRECTION('',(-1.,0.,0.));
#2057=DIRECTION('',(0.,-0.707106781186546,-0.70710678118655));
#2058=DIRECTION('',(1.,0.,0.));
#2059=DIRECTION('',(0.,-0.707106781186546,-0.70710678118655));
#2060=DIRECTION('',(1.,0.,0.));
#2061=DIRECTION('',(0.,-1.6940658945086E-017,-1.));
#2062=DIRECTION('',(0.,0.,1.));
#2063=DIRECTION('',(0.,-0.139173100960066,-0.99026806874157));
#2064=DIRECTION('',(0.,-1.,3.46944695195362E-016));
#2065=DIRECTION('',(0.,-0.139173100960065,0.99026806874157));
#2066=DIRECTION('',(1.,0.,0.));
#2067=DIRECTION('',(0.,0.,-1.));
#2068=DIRECTION('',(0.,-1.6940658945086E-017,-1.));
#2069=DIRECTION('',(1.,0.,0.));
#2070=DIRECTION('',(0.,1.,-1.6940658945086E-017));
#2071=DIRECTION('',(0.,1.73472347597681E-017,1.));
#2072=DIRECTION('',(0.,-1.,3.46944695195362E-016));
#2073=DIRECTION('',(-1.,0.,0.));
#2074=DIRECTION('',(0.,1.,-3.46944695195362E-016));
#2075=DIRECTION('',(1.,0.,0.));
#2076=DIRECTION('',(0.,3.46944695195362E-016,1.));
#2077=DIRECTION('',(0.,-1.,3.46944695195361E-016));
#2078=DIRECTION('',(0.,0.,1.));
#2079=DIRECTION('',(-1.,0.,0.));
#2080=DIRECTION('',(0.,-1.,0.));
#2081=DIRECTION('',(-1.,0.,0.));
#2082=DIRECTION('',(0.,0.139173100960065,-0.99026806874157));
#2083=DIRECTION('',(0.,1.,-3.46944695195362E-016));
#2084=DIRECTION('',(0.,0.139173100960066,0.99026806874157));
#2085=DIRECTION('',(1.,0.,0.));
#2086=DIRECTION('',(0.,0.,-1.));
#2087=DIRECTION('',(-0.990268068741569,-4.8285369091983E-017,-0.139173100960065));
#2088=DIRECTION('',(-0.139173100960065,3.43568253271244E-016,0.99026806874157));
#2089=DIRECTION('',(-0.137844537491628,-0.137844537491628,0.980814848463989));
#2090=DIRECTION('',(0.137844537491628,-0.137844537491629,-0.980814848463989));
#2091=DIRECTION('',(-0.990268068741569,-4.8285369091983E-017,-0.139173100960065));
#2092=DIRECTION('',(0.139173100960065,-3.43568253271244E-016,-0.99026806874157));
#2093=DIRECTION('',(0.99026806874157,4.8285369091983E-017,0.139173100960065));
#2094=DIRECTION('',(0.,1.,-3.46944695195361E-016));
#2095=DIRECTION('',(-0.137844537491628,0.137844537491628,-0.980814848463989));
#2096=DIRECTION('',(0.990268068741569,-4.8285369091983E-017,-0.139173100960065));
#2097=DIRECTION('',(-0.139173100960065,-3.43568253271244E-016,-0.99026806874157));
#2098=DIRECTION('',(0.990268068741569,-4.8285369091983E-017,-0.139173100960065));
#2099=DIRECTION('',(0.139173100960065,3.43568253271244E-016,0.99026806874157));
#2100=DIRECTION('',(0.137844537491628,0.137844537491629,0.980814848463989));
#2101=DIRECTION('',(0.99026806874157,-4.8285369091983E-017,-0.139173100960065));
#2102=DIRECTION('',(0.,-1.,3.46944695195361E-016));
#2103=DIRECTION('',(1.,0.,0.));
#2104=DIRECTION('',(0.,0.99026806874157,0.139173100960065));
#2105=DIRECTION('',(-1.,0.,0.));
#2106=DIRECTION('',(-1.,0.,0.));
#2107=DIRECTION('',(0.,-0.99026806874157,0.139173100960066));
#2108=DIRECTION('',(-1.,0.,0.));
#2109=DIRECTION('',(-1.,0.,0.));
#2110=DIRECTION('',(0.,0.,1.));
#2111=DIRECTION('',(1.,0.,0.));
#2112=DIRECTION('',(0.,0.,-1.));
#2113=DIRECTION('',(0.,-1.6940658945086E-017,-1.));
#2114=DIRECTION('',(0.,0.,1.));
#2115=DIRECTION('',(0.,-0.139173100960066,-0.99026806874157));
#2116=DIRECTION('',(0.,-1.,3.46944695195362E-016));
#2117=DIRECTION('',(0.,-0.139173100960065,0.99026806874157));
#2118=DIRECTION('',(1.,0.,0.));
#2119=DIRECTION('',(0.,0.,-1.));
#2120=DIRECTION('',(0.,-1.6940658945086E-017,-1.));
#2121=DIRECTION('',(1.,0.,0.));
#2122=DIRECTION('',(0.,1.,-1.6940658945086E-017));
#2123=DIRECTION('',(0.,1.69135538907739E-017,1.));
#2124=DIRECTION('',(0.,-1.,3.46944695195362E-016));
#2125=DIRECTION('',(-1.,0.,0.));
#2126=DIRECTION('',(0.,1.,-3.46944695195362E-016));
#2127=DIRECTION('',(1.,0.,0.));
#2128=DIRECTION('',(0.,3.46944695195362E-016,1.));
#2129=DIRECTION('',(0.,-1.,3.46944695195361E-016));
#2130=DIRECTION('',(0.,0.,1.));
#2131=DIRECTION('',(-1.,0.,0.));
#2132=DIRECTION('',(0.,-1.,0.));
#2133=DIRECTION('',(-1.,0.,0.));
#2134=DIRECTION('',(0.,0.139173100960065,-0.99026806874157));
#2135=DIRECTION('',(0.,1.,-3.46944695195362E-016));
#2136=DIRECTION('',(0.,0.139173100960066,0.99026806874157));
#2137=DIRECTION('',(1.,0.,0.));
#2138=DIRECTION('',(0.,0.,-1.));
#2139=DIRECTION('',(-0.990268068741569,-4.8285369091983E-017,-0.139173100960065));
#2140=DIRECTION('',(-0.139173100960065,3.43568253271244E-016,0.99026806874157));
#2141=DIRECTION('',(-0.137844537491628,-0.137844537491628,0.980814848463989));
#2142=DIRECTION('',(0.137844537491628,-0.137844537491629,-0.980814848463989));
#2143=DIRECTION('',(-0.990268068741569,-4.8285369091983E-017,-0.139173100960065));
#2144=DIRECTION('',(0.139173100960065,-3.43568253271244E-016,-0.99026806874157));
#2145=DIRECTION('',(0.99026806874157,4.8285369091983E-017,0.139173100960065));
#2146=DIRECTION('',(0.,1.,-3.46944695195361E-016));
#2147=DIRECTION('',(-0.137844537491628,0.137844537491628,-0.980814848463989));
#2148=DIRECTION('',(0.990268068741569,-4.8285369091983E-017,-0.139173100960065));
#2149=DIRECTION('',(-0.139173100960065,-3.43568253271244E-016,-0.99026806874157));
#2150=DIRECTION('',(0.990268068741569,-4.8285369091983E-017,-0.139173100960065));
#2151=DIRECTION('',(0.139173100960065,3.43568253271244E-016,0.99026806874157));
#2152=DIRECTION('',(0.137844537491628,0.137844537491629,0.980814848463989));
#2153=DIRECTION('',(0.99026806874157,-4.8285369091983E-017,-0.139173100960065));
#2154=DIRECTION('',(0.,-1.,3.46944695195361E-016));
#2155=DIRECTION('',(1.,0.,0.));
#2156=DIRECTION('',(0.,0.99026806874157,0.139173100960065));
#2157=DIRECTION('',(-1.,0.,0.));
#2158=DIRECTION('',(-1.,0.,0.));
#2159=DIRECTION('',(0.,-0.99026806874157,0.139173100960066));
#2160=DIRECTION('',(-1.,0.,0.));
#2161=DIRECTION('',(-1.,0.,0.));
#2162=DIRECTION('',(0.,0.,1.));
#2163=DIRECTION('',(1.,0.,0.));
#2164=DIRECTION('',(0.,0.,-1.));
#2165=DIRECTION('',(0.,0.,-1.));
#2166=DIRECTION('',(-1.,0.,0.));
#2167=DIRECTION('',(0.,0.,1.));
#2168=DIRECTION('',(0.,1.,0.));
#2169=DIRECTION('',(-1.,0.,0.));
#2170=DIRECTION('',(0.,0.,1.));
#2171=DIRECTION('',(0.,0.298274993135947,-0.95447997803503));
#2172=DIRECTION('',(0.,-1.,0.));
#2173=DIRECTION('',(0.,0.298274993135947,0.95447997803503));
#2174=DIRECTION('',(1.,0.,0.));
#2175=DIRECTION('',(0.,0.,1.));
#2176=DIRECTION('',(0.,0.,-1.));
#2177=DIRECTION('',(1.,0.,0.));
#2178=DIRECTION('',(0.,-1.,0.));
#2179=DIRECTION('',(1.,0.,0.));
#2180=DIRECTION('',(0.,-0.298274993135947,-0.95447997803503));
#2181=DIRECTION('',(0.,1.,0.));
#2182=DIRECTION('',(0.,-0.298274993135947,0.95447997803503));
#2183=DIRECTION('',(-1.,0.,0.));
#2184=DIRECTION('',(0.,0.,-1.));
#2185=DIRECTION('',(1.,0.,0.));
#2186=DIRECTION('',(-1.,0.,0.));
#2187=DIRECTION('',(0.,0.,-1.));
#2188=DIRECTION('',(1.,0.,0.));
#2189=DIRECTION('',(0.,0.95447997803503,0.298274993135947));
#2190=DIRECTION('',(-1.,0.,0.));
#2191=DIRECTION('',(0.,-0.95447997803503,0.298274993135947));
#2192=DIRECTION('',(1.,0.,0.));
#2193=DIRECTION('',(0.,0.,-1.));
#2194=DIRECTION('',(1.,0.,0.));
#2195=DIRECTION('',(0.,0.,1.));
#2196=DIRECTION('',(0.,-1.,0.));
#2197=DIRECTION('',(1.,0.,0.));
#2198=DIRECTION('',(0.,0.,1.));
#2199=DIRECTION('',(0.,-0.298274993135947,-0.95447997803503));
#2200=DIRECTION('',(0.,1.,0.));
#2201=DIRECTION('',(0.,-0.298274993135947,0.95447997803503));
#2202=DIRECTION('',(-1.,0.,0.));
#2203=DIRECTION('',(0.,0.,1.));
#2204=DIRECTION('',(0.,0.,-1.));
#2205=DIRECTION('',(-1.,0.,0.));
#2206=DIRECTION('',(0.,1.,0.));
#2207=DIRECTION('',(-1.,0.,0.));
#2208=DIRECTION('',(0.,0.298274993135947,-0.95447997803503));
#2209=DIRECTION('',(0.,-1.,0.));
#2210=DIRECTION('',(0.,0.298274993135947,0.95447997803503));
#2211=DIRECTION('',(1.,0.,0.));
#2212=DIRECTION('',(0.,0.,-1.));
#2213=DIRECTION('',(-1.,0.,0.));
#2214=DIRECTION('',(1.,0.,0.));
#2215=DIRECTION('',(0.,0.,-1.));
#2216=DIRECTION('',(-1.,0.,0.));
#2217=DIRECTION('',(0.,-0.95447997803503,0.298274993135947));
#2218=DIRECTION('',(1.,0.,0.));
#2219=DIRECTION('',(0.,0.95447997803503,0.298274993135947));
#2220=DIRECTION('',(-1.,0.,0.));
#2221=DIRECTION('',(0.,0.,1.));
#2222=DIRECTION('',(1.,0.,0.));
#2223=CARTESIAN_POINT('',(0.,0.,0.));
#2224=CARTESIAN_POINT('',(26.25,3.87,4.2));
#2225=CARTESIAN_POINT('',(26.25,4.92,4.2));
#2226=CARTESIAN_POINT('',(26.25,3.42,4.2));
#2227=CARTESIAN_POINT('',(26.75,3.42,4.2));
#2228=CARTESIAN_POINT('',(26.75,3.42,4.2));
#2229=CARTESIAN_POINT('',(26.75,3.87,4.2));
#2230=CARTESIAN_POINT('',(26.75,4.92,4.2));
#2231=CARTESIAN_POINT('',(26.75,4.92,4.2));
#2232=CARTESIAN_POINT('',(26.75,14.63,4.2));
#2233=CARTESIAN_POINT('',(26.75,13.58,4.2));
#2234=CARTESIAN_POINT('',(26.75,15.08,4.2));
#2235=CARTESIAN_POINT('',(26.25,15.08,4.2));
#2236=CARTESIAN_POINT('',(26.25,15.08,4.2));
#2237=CARTESIAN_POINT('',(26.25,14.63,4.2));
#2238=CARTESIAN_POINT('',(26.25,13.58,4.2));
#2239=CARTESIAN_POINT('',(26.25,13.58,4.2));
#2240=CARTESIAN_POINT('',(1.4,11.33,4.2));
#2241=CARTESIAN_POINT('',(1.4,11.83,4.2));
#2242=CARTESIAN_POINT('',(1.4,16.83,4.2));
#2243=CARTESIAN_POINT('',(2.4,11.83,4.2));
#2244=CARTESIAN_POINT('',(2.4,11.83,4.2));
#2245=CARTESIAN_POINT('',(2.4,11.33,4.2));
#2246=CARTESIAN_POINT('',(2.4,16.83,4.2));
#2247=CARTESIAN_POINT('',(2.4,16.83,4.2));
#2248=CARTESIAN_POINT('',(14.25,3.46944695195362E-015,4.2));
#2249=CARTESIAN_POINT('',(4.25,3.46944695195362E-015,4.2));
#2250=CARTESIAN_POINT('',(2.25,3.46944695195362E-015,4.2));
#2251=CARTESIAN_POINT('',(2.25,-0.75,4.2));
#2252=CARTESIAN_POINT('',(2.25,-0.75,4.2));
#2253=CARTESIAN_POINT('',(14.25,-0.75,4.2));
#2254=CARTESIAN_POINT('',(-0.25,-0.75,4.2));
#2255=CARTESIAN_POINT('',(-0.25,-0.249999999999997,4.2));
#2256=CARTESIAN_POINT('',(-0.75,-0.249999999999997,4.2));
#2257=CARTESIAN_POINT('',(-0.75,9.25,4.2));
#2258=CARTESIAN_POINT('',(-0.75,18.75,4.2));
#2259=CARTESIAN_POINT('',(-0.25,18.75,4.2));
#2260=CARTESIAN_POINT('',(-0.25,19.25,4.2));
#2261=CARTESIAN_POINT('',(14.25,19.25,4.2));
#2262=CARTESIAN_POINT('',(2.24999999999995,19.25,4.2));
#2263=CARTESIAN_POINT('',(2.24999999999995,18.5,4.2));
#2264=CARTESIAN_POINT('',(2.24999999999995,18.5,4.2));
#2265=CARTESIAN_POINT('',(14.25,18.5,4.2));
#2266=CARTESIAN_POINT('',(4.24999999999996,18.5,4.2));
#2267=CARTESIAN_POINT('',(4.24999999999996,19.25,4.2));
#2268=CARTESIAN_POINT('',(4.24999999999996,19.25,4.2));
#2269=CARTESIAN_POINT('',(14.25,19.25,4.2));
#2270=CARTESIAN_POINT('',(24.25,19.25,4.2));
#2271=CARTESIAN_POINT('',(24.25,18.5,4.2));
#2272=CARTESIAN_POINT('',(24.25,18.5,4.2));
#2273=CARTESIAN_POINT('',(14.25,18.5,4.2));
#2274=CARTESIAN_POINT('',(26.25,18.5,4.2));
#2275=CARTESIAN_POINT('',(26.25,19.25,4.2));
#2276=CARTESIAN_POINT('',(26.25,19.25,4.2));
#2277=CARTESIAN_POINT('',(14.25,19.25,4.2));
#2278=CARTESIAN_POINT('',(28.75,19.25,4.2));
#2279=CARTESIAN_POINT('',(28.75,18.75,4.2));
#2280=CARTESIAN_POINT('',(29.25,18.75,4.2));
#2281=CARTESIAN_POINT('',(29.25,9.25,4.2));
#2282=CARTESIAN_POINT('',(29.25,-0.249999999999997,4.2));
#2283=CARTESIAN_POINT('',(28.75,-0.249999999999997,4.2));
#2284=CARTESIAN_POINT('',(28.75,-0.75,4.2));
#2285=CARTESIAN_POINT('',(14.25,-0.75,4.2));
#2286=CARTESIAN_POINT('',(26.25,-0.75,4.2));
#2287=CARTESIAN_POINT('',(26.25,3.46944695195362E-015,4.2));
#2288=CARTESIAN_POINT('',(26.25,3.46944695195362E-015,4.2));
#2289=CARTESIAN_POINT('',(14.25,3.46944695195362E-015,4.2));
#2290=CARTESIAN_POINT('',(24.25,3.46944695195362E-015,4.2));
#2291=CARTESIAN_POINT('',(24.25,-0.75,4.2));
#2292=CARTESIAN_POINT('',(24.25,-0.75,4.2));
#2293=CARTESIAN_POINT('',(14.25,-0.75,4.2));
#2294=CARTESIAN_POINT('',(4.25,-0.75,4.2));
#2295=CARTESIAN_POINT('',(4.25,3.46944695195362E-015,4.2));
#2296=CARTESIAN_POINT('',(1.4,1.17,4.2));
#2297=CARTESIAN_POINT('',(1.4,1.67,4.2));
#2298=CARTESIAN_POINT('',(1.4,6.67,4.2));
#2299=CARTESIAN_POINT('',(2.4,1.67,4.2));
#2300=CARTESIAN_POINT('',(2.4,1.67,4.2));
#2301=CARTESIAN_POINT('',(2.4,1.17,4.2));
#2302=CARTESIAN_POINT('',(2.4,6.67,4.2));
#2303=CARTESIAN_POINT('',(2.4,6.67,4.2));
#2304=CARTESIAN_POINT('',(14.25,9.25,4.2));
#2305=CARTESIAN_POINT('',(28.75,15.25,33.4));
#2306=CARTESIAN_POINT('',(28.75,15.25,34.1));
#2307=CARTESIAN_POINT('',(28.75,15.25,33.9));
#2308=CARTESIAN_POINT('',(28.75,19.25,33.9));
#2309=CARTESIAN_POINT('',(28.75,18.75,33.9));
#2310=CARTESIAN_POINT('',(28.75,18.75,4.2));
#2311=CARTESIAN_POINT('',(28.75,18.75,34.6));
#2312=CARTESIAN_POINT('',(28.75,-0.249999999999997,34.6));
#2313=CARTESIAN_POINT('',(28.75,14.75,34.6));
#2314=CARTESIAN_POINT('',(28.75,14.75,34.1));
#2315=CARTESIAN_POINT('',(28.75,-0.249999999999997,4.2));
#2316=CARTESIAN_POINT('',(-0.75,18.75,33.9));
#2317=CARTESIAN_POINT('',(25.25,18.75,33.9));
#2318=CARTESIAN_POINT('',(25.25,18.75,34.1));
#2319=CARTESIAN_POINT('',(25.25,18.75,34.1));
#2320=CARTESIAN_POINT('',(24.75,18.75,34.1));
#2321=CARTESIAN_POINT('',(24.75,18.75,34.6));
#2322=CARTESIAN_POINT('',(28.75,18.75,34.6));
#2323=CARTESIAN_POINT('',(28.75,18.75,4.2));
#2324=CARTESIAN_POINT('',(2.24999999999995,18.5,3.6));
#2325=CARTESIAN_POINT('',(2.24999999999995,18.5,3.8));
#2326=CARTESIAN_POINT('',(4.24999999999996,18.5,3.8));
#2327=CARTESIAN_POINT('',(4.24999999999996,18.5,3.8));
#2328=CARTESIAN_POINT('',(4.24999999999996,18.5,3.6));
#2329=CARTESIAN_POINT('',(14.25,18.5,34.6));
#2330=CARTESIAN_POINT('',(24.25,18.5,3.6));
#2331=CARTESIAN_POINT('',(24.25,18.5,3.8));
#2332=CARTESIAN_POINT('',(26.25,18.5,3.8));
#2333=CARTESIAN_POINT('',(26.25,18.5,3.8));
#2334=CARTESIAN_POINT('',(26.25,18.5,3.6));
#2335=CARTESIAN_POINT('',(14.25,18.5,34.6));
#2336=CARTESIAN_POINT('',(26.25,3.46944695195362E-015,3.6));
#2337=CARTESIAN_POINT('',(26.25,3.46944695195362E-015,3.8));
#2338=CARTESIAN_POINT('',(24.25,3.46944695195362E-015,3.8));
#2339=CARTESIAN_POINT('',(24.25,3.46944695195362E-015,3.8));
#2340=CARTESIAN_POINT('',(24.25,3.46944695195362E-015,3.6));
#2341=CARTESIAN_POINT('',(14.25,3.46944695195362E-015,34.6));
#2342=CARTESIAN_POINT('',(4.25,3.46944695195362E-015,3.6));
#2343=CARTESIAN_POINT('',(4.25,3.46944695195362E-015,3.8));
#2344=CARTESIAN_POINT('',(2.25,3.46944695195362E-015,3.8));
#2345=CARTESIAN_POINT('',(2.25,3.46944695195362E-015,3.8));
#2346=CARTESIAN_POINT('',(2.25,3.46944695195362E-015,3.6));
#2347=CARTESIAN_POINT('',(14.25,3.46944695195362E-015,34.6));
#2348=CARTESIAN_POINT('',(24.25,-0.199999999999996,3.6));
#2349=CARTESIAN_POINT('',(24.25,-0.199999999999996,3.6));
#2350=CARTESIAN_POINT('',(24.25,-0.75,3.6));
#2351=CARTESIAN_POINT('',(24.25,-0.75,3.6));
#2352=CARTESIAN_POINT('',(24.25,-0.75,3.6));
#2353=CARTESIAN_POINT('',(24.25,-0.75,3.6));
#2354=CARTESIAN_POINT('',(26.25,-0.75,3.6));
#2355=CARTESIAN_POINT('',(26.25,-0.75,3.6));
#2356=CARTESIAN_POINT('',(26.25,3.46944695195362E-015,3.6));
#2357=CARTESIAN_POINT('',(26.25,-0.199999999999996,3.6));
#2358=CARTESIAN_POINT('',(26.25,-0.199999999999996,3.6));
#2359=CARTESIAN_POINT('',(26.25,3.46944695195362E-015,3.6));
#2360=CARTESIAN_POINT('',(24.25,19.25,3.6));
#2361=CARTESIAN_POINT('',(24.25,19.25,3.6));
#2362=CARTESIAN_POINT('',(24.25,18.5,3.6));
#2363=CARTESIAN_POINT('',(24.25,18.7,3.6));
#2364=CARTESIAN_POINT('',(24.25,18.7,3.6));
#2365=CARTESIAN_POINT('',(24.25,18.5,3.6));
#2366=CARTESIAN_POINT('',(26.25,18.7,3.6));
#2367=CARTESIAN_POINT('',(26.25,18.7,3.6));
#2368=CARTESIAN_POINT('',(26.25,19.25,3.6));
#2369=CARTESIAN_POINT('',(26.25,19.25,3.6));
#2370=CARTESIAN_POINT('',(26.25,19.25,3.6));
#2371=CARTESIAN_POINT('',(26.25,19.25,3.6));
#2372=CARTESIAN_POINT('',(2.25,-0.199999999999992,3.6));
#2373=CARTESIAN_POINT('',(2.25,-0.199999999999992,3.6));
#2374=CARTESIAN_POINT('',(2.25,-0.75,3.6));
#2375=CARTESIAN_POINT('',(2.25,-0.75,3.6));
#2376=CARTESIAN_POINT('',(2.25,-0.75,3.6));
#2377=CARTESIAN_POINT('',(2.25,-0.75,3.6));
#2378=CARTESIAN_POINT('',(4.25,-0.75,3.6));
#2379=CARTESIAN_POINT('',(4.25,-0.75,3.6));
#2380=CARTESIAN_POINT('',(4.25,3.46944695195362E-015,3.6));
#2381=CARTESIAN_POINT('',(4.25,-0.199999999999996,3.6));
#2382=CARTESIAN_POINT('',(4.25,-0.199999999999989,3.6));
#2383=CARTESIAN_POINT('',(4.25,3.46944695195362E-015,3.6));
#2384=CARTESIAN_POINT('',(2.24999999999995,19.25,3.6));
#2385=CARTESIAN_POINT('',(2.24999999999995,19.25,3.6));
#2386=CARTESIAN_POINT('',(2.24999999999995,18.5,3.6));
#2387=CARTESIAN_POINT('',(2.24999999999995,18.7,3.6));
#2388=CARTESIAN_POINT('',(2.24999999999995,18.7,3.6));
#2389=CARTESIAN_POINT('',(2.24999999999995,18.5,3.6));
#2390=CARTESIAN_POINT('',(4.24999999999996,18.7,3.6));
#2391=CARTESIAN_POINT('',(4.24999999999996,18.7,3.6));
#2392=CARTESIAN_POINT('',(4.24999999999996,19.25,3.6));
#2393=CARTESIAN_POINT('',(4.24999999999996,19.25,3.6));
#2394=CARTESIAN_POINT('',(4.24999999999996,19.25,3.6));
#2395=CARTESIAN_POINT('',(4.24999999999996,19.25,3.6));
#2396=CARTESIAN_POINT('',(29.25,9.25,33.4));
#2397=CARTESIAN_POINT('',(29.25,18.75,33.4));
#2398=CARTESIAN_POINT('',(29.25,14.75,33.4));
#2399=CARTESIAN_POINT('',(29.25,14.75,34.1));
#2400=CARTESIAN_POINT('',(29.25,14.75,34.1));
#2401=CARTESIAN_POINT('',(29.25,9.25,34.1));
#2402=CARTESIAN_POINT('',(29.25,-0.249999999999997,34.1));
#2403=CARTESIAN_POINT('',(29.25,-0.249999999999997,34.6));
#2404=CARTESIAN_POINT('',(29.25,18.75,34.6));
#2405=CARTESIAN_POINT('',(29.25,9.25,34.6));
#2406=CARTESIAN_POINT('',(28.75,19.25,34.6));
#2407=CARTESIAN_POINT('',(28.75,19.25,33.4));
#2408=CARTESIAN_POINT('',(28.75,18.75,33.4));
#2409=CARTESIAN_POINT('',(28.75,18.75,34.6));
#2410=CARTESIAN_POINT('',(14.25,19.25,34.1));
#2411=CARTESIAN_POINT('',(-0.25,19.25,34.1));
#2412=CARTESIAN_POINT('',(24.75,19.25,34.1));
#2413=CARTESIAN_POINT('',(24.75,19.25,33.4));
#2414=CARTESIAN_POINT('',(24.75,19.25,33.4));
#2415=CARTESIAN_POINT('',(14.25,19.25,33.4));
#2416=CARTESIAN_POINT('',(24.25,19.25,3.6));
#2417=CARTESIAN_POINT('',(2.24999999999995,19.25,3.6));
#2418=CARTESIAN_POINT('',(-0.25,19.25,34.6));
#2419=CARTESIAN_POINT('',(14.25,19.25,34.6));
#2420=CARTESIAN_POINT('',(-0.75,-0.249999999999997,34.6));
#2421=CARTESIAN_POINT('',(-0.75,-0.249999999999997,34.1));
#2422=CARTESIAN_POINT('',(-0.75,9.25,34.1));
#2423=CARTESIAN_POINT('',(-0.75,18.75,34.1));
#2424=CARTESIAN_POINT('',(-0.75,18.75,34.6));
#2425=CARTESIAN_POINT('',(-0.75,9.25,34.6));
#2426=CARTESIAN_POINT('',(28.75,-0.75,34.6));
#2427=CARTESIAN_POINT('',(28.75,-0.75,34.1));
#2428=CARTESIAN_POINT('',(14.25,-0.75,34.1));
#2429=CARTESIAN_POINT('',(-0.25,-0.75,34.1));
#2430=CARTESIAN_POINT('',(-0.25,-0.75,34.6));
#2431=CARTESIAN_POINT('',(4.25,-0.750000000000022,3.6));
#2432=CARTESIAN_POINT('',(26.25,-0.75,3.6));
#2433=CARTESIAN_POINT('',(14.25,-0.75,34.6));
#2434=CARTESIAN_POINT('',(28.75,9.25,34.6));
#2435=CARTESIAN_POINT('',(28.75,-0.249999999999997,34.6));
#2436=CARTESIAN_POINT('',(14.25,18.75,34.6));
#2437=CARTESIAN_POINT('',(-0.25,18.75,34.6));
#2438=CARTESIAN_POINT('',(-0.25,9.25,34.6));
#2439=CARTESIAN_POINT('',(-0.25,-0.249999999999997,34.6));
#2440=CARTESIAN_POINT('',(14.25,-0.249999999999997,34.6));
#2441=CARTESIAN_POINT('',(14.25,9.25,34.6));
#2442=CARTESIAN_POINT('',(26.25,-0.199999999999996,3.6));
#2443=CARTESIAN_POINT('',(-0.75,19.25,3.6));
#2444=CARTESIAN_POINT('',(24.25,18.7,3.6));
#2445=CARTESIAN_POINT('',(-0.75,19.25,3.6));
#2446=CARTESIAN_POINT('',(4.25,-0.199999999999996,3.6));
#2447=CARTESIAN_POINT('',(-0.75,19.25,3.6));
#2448=CARTESIAN_POINT('',(2.24999999999995,18.7,3.6));
#2449=CARTESIAN_POINT('',(-0.75,19.25,3.6));
#2450=CARTESIAN_POINT('',(-0.25,-0.249999999999997,34.1));
#2451=CARTESIAN_POINT('',(-0.25,-0.249999999999997,34.6));
#2452=CARTESIAN_POINT('',(-0.25,-0.249999999999997,34.1));
#2453=CARTESIAN_POINT('',(-0.25,-0.249999999999997,34.1));
#2454=CARTESIAN_POINT('',(-0.25,-0.249999999999997,34.1));
#2455=CARTESIAN_POINT('',(28.75,-0.249999999999997,34.1));
#2456=CARTESIAN_POINT('',(28.75,-0.249999999999997,34.6));
#2457=CARTESIAN_POINT('',(28.75,-0.249999999999997,34.1));
#2458=CARTESIAN_POINT('',(14.25,-0.249999999999997,34.1));
#2459=CARTESIAN_POINT('',(-0.25,18.75,34.1));
#2460=CARTESIAN_POINT('',(-0.25,9.25,34.1));
#2461=CARTESIAN_POINT('',(-0.25,18.75,34.1));
#2462=CARTESIAN_POINT('',(-0.25,18.75,34.6));
#2463=CARTESIAN_POINT('',(28.75,-0.249999999999997,34.1));
#2464=CARTESIAN_POINT('',(28.75,-0.249999999999997,34.1));
#2465=CARTESIAN_POINT('',(-0.25,18.75,34.1));
#2466=CARTESIAN_POINT('',(-0.25,18.75,34.1));
#2467=CARTESIAN_POINT('',(28.75,14.75,34.1));
#2468=CARTESIAN_POINT('',(28.75,9.25,34.1));
#2469=CARTESIAN_POINT('',(24.75,18.75,34.1));
#2470=CARTESIAN_POINT('',(14.25,18.75,34.1));
#2471=CARTESIAN_POINT('',(24.75,18.75,33.4));
#2472=CARTESIAN_POINT('',(28.75,18.75,33.4));
#2473=CARTESIAN_POINT('',(-0.75,18.75,33.4));
#2474=CARTESIAN_POINT('',(28.75,14.75,33.4));
#2475=CARTESIAN_POINT('',(28.75,18.75,33.4));
#2476=CARTESIAN_POINT('',(28.75,9.25,33.4));
#2477=CARTESIAN_POINT('',(28.75,18.75,33.4));
#2478=CARTESIAN_POINT('',(24.75,18.75,34.1));
#2479=CARTESIAN_POINT('',(24.75,18.75,33.9));
#2480=CARTESIAN_POINT('',(24.75,18.75,34.1));
#2481=CARTESIAN_POINT('',(28.75,14.75,34.1));
#2482=CARTESIAN_POINT('',(28.75,14.75,34.1));
#2483=CARTESIAN_POINT('',(28.75,14.75,34.6));
#2484=CARTESIAN_POINT('',(-0.75,-0.199999999999996,3.6));
#2485=CARTESIAN_POINT('',(-0.75,-0.199999999999996,3.6));
#2486=CARTESIAN_POINT('',(-0.75,18.7,3.6));
#2487=CARTESIAN_POINT('',(-0.75,18.7,3.6));
#2488=CARTESIAN_POINT('',(1.4,11.83,6.));
#2489=CARTESIAN_POINT('',(1.4,11.83,1.4));
#2490=CARTESIAN_POINT('',(1.4,16.83,-0.400000000000005));
#2491=CARTESIAN_POINT('',(1.4,16.83,1.39999999999998));
#2492=CARTESIAN_POINT('',(1.4,16.83,1.4));
#2493=CARTESIAN_POINT('',(1.4,16.7175673322381,0.6));
#2494=CARTESIAN_POINT('',(1.4,11.33,0.6));
#2495=CARTESIAN_POINT('',(1.4,11.9424326677619,0.6));
#2496=CARTESIAN_POINT('',(1.4,12.0829735024643,-0.4));
#2497=CARTESIAN_POINT('',(1.4,11.33,14.1));
#2498=CARTESIAN_POINT('',(2.4,11.83,6.));
#2499=CARTESIAN_POINT('',(2.4,11.83,1.40000000000003));
#2500=CARTESIAN_POINT('',(2.4,11.83,1.4));
#2501=CARTESIAN_POINT('',(2.4,11.83,6.));
#2502=CARTESIAN_POINT('',(2.2594591652976,11.83,-0.4));
#2503=CARTESIAN_POINT('',(2.2594591652976,16.3162404761908,-0.400000000000005));
#2504=CARTESIAN_POINT('',(2.2594591652976,12.3437595238092,-0.4));
#2505=CARTESIAN_POINT('',(1.54054083470239,12.3437595238092,-0.4));
#2506=CARTESIAN_POINT('',(1.54054083470239,12.3437595238092,-0.4));
#2507=CARTESIAN_POINT('',(1.54054083470239,11.83,-0.4));
#2508=CARTESIAN_POINT('',(1.54054083470239,16.3162404761908,-0.400000000000005));
#2509=CARTESIAN_POINT('',(2.2594591652976,16.3162404761908,-0.400000000000005));
#2510=CARTESIAN_POINT('',(2.4,11.83,-0.4));
#2511=CARTESIAN_POINT('',(2.4,16.83,-0.400000000000005));
#2512=CARTESIAN_POINT('',(2.4,16.83,1.39999999999981));
#2513=CARTESIAN_POINT('',(2.4,16.83,1.4));
#2514=CARTESIAN_POINT('',(2.4,16.83,-0.400000000000005));
#2515=CARTESIAN_POINT('',(2.4,10.0700182145466,13.9229211081626));
#2516=CARTESIAN_POINT('',(2.4,11.9424326677619,0.6));
#2517=CARTESIAN_POINT('',(2.4,16.83,0.6));
#2518=CARTESIAN_POINT('',(2.4,16.7175673322381,0.6));
#2519=CARTESIAN_POINT('',(2.4,18.4737668732684,13.0960090407116));
#2520=CARTESIAN_POINT('',(2.4,11.33,14.1));
#2521=CARTESIAN_POINT('',(1.49837858429167,12.3437595238092,-0.100000000000003));
#2522=CARTESIAN_POINT('',(1.50424643542479,12.0466791031867,-0.141751930288023));
#2523=CARTESIAN_POINT('',(1.53573405570654,12.0781667234685,-0.365797990270696));
#2524=CARTESIAN_POINT('',(1.63073963828794,16.4868276939502,-1.0417978360279));
#2525=CARTESIAN_POINT('',(1.50424643542479,16.6133208968133,-0.141751930288024));
#2526=CARTESIAN_POINT('',(1.49837858429167,16.3162404761908,-0.100000000000005));
#2527=CARTESIAN_POINT('',(1.54054083470239,11.83,-0.4));
#2528=CARTESIAN_POINT('',(2.41163690447852,11.9307957632834,0.682800877788744));
#2529=CARTESIAN_POINT('',(2.29575356457521,12.0466791031867,-0.141751930288023));
#2530=CARTESIAN_POINT('',(2.30162141570832,12.3437595238092,-0.100000000000003));
#2531=CARTESIAN_POINT('',(2.30162141570832,16.3162404761908,-0.100000000000005));
#2532=CARTESIAN_POINT('',(2.29575356457521,16.6133208968133,-0.141751930288024));
#2533=CARTESIAN_POINT('',(2.29763020538083,16.615197537619,-0.128398937119903));
#2534=CARTESIAN_POINT('',(2.4,11.33,0.6));
#2535=CARTESIAN_POINT('',(2.2594591652976,12.0466791031867,-0.141751930288023));
#2536=CARTESIAN_POINT('',(2.4,12.0829735024643,-0.4));
#2537=CARTESIAN_POINT('',(1.54054083470239,16.6133208968133,-0.141751930288024));
#2538=CARTESIAN_POINT('',(2.4,16.83,1.4));
#2539=CARTESIAN_POINT('',(2.4,12.3437595238092,-0.100000000000003));
#2540=CARTESIAN_POINT('',(2.4,16.3162404761908,-0.100000000000005));
#2541=CARTESIAN_POINT('',(1.4,1.67,6.));
#2542=CARTESIAN_POINT('',(1.4,1.67,1.4));
#2543=CARTESIAN_POINT('',(1.4,6.67,-0.400000000000005));
#2544=CARTESIAN_POINT('',(1.4,6.67,1.39999999999998));
#2545=CARTESIAN_POINT('',(1.4,6.67,1.4));
#2546=CARTESIAN_POINT('',(1.4,6.55756733223809,0.6));
#2547=CARTESIAN_POINT('',(1.4,1.17,0.6));
#2548=CARTESIAN_POINT('',(1.4,1.78243266776192,0.6));
#2549=CARTESIAN_POINT('',(1.4,1.92297350246431,-0.4));
#2550=CARTESIAN_POINT('',(1.4,1.17,14.1));
#2551=CARTESIAN_POINT('',(2.4,1.67,6.));
#2552=CARTESIAN_POINT('',(2.4,1.67,1.40000000000003));
#2553=CARTESIAN_POINT('',(2.4,1.67,1.4));
#2554=CARTESIAN_POINT('',(2.4,1.67,6.));
#2555=CARTESIAN_POINT('',(2.2594591652976,1.67,-0.4));
#2556=CARTESIAN_POINT('',(2.2594591652976,6.15624047619083,-0.400000000000005));
#2557=CARTESIAN_POINT('',(2.2594591652976,2.18375952380918,-0.4));
#2558=CARTESIAN_POINT('',(1.54054083470239,2.18375952380918,-0.4));
#2559=CARTESIAN_POINT('',(1.54054083470239,2.18375952380918,-0.4));
#2560=CARTESIAN_POINT('',(1.54054083470239,1.67,-0.4));
#2561=CARTESIAN_POINT('',(1.54054083470239,6.15624047619083,-0.400000000000005));
#2562=CARTESIAN_POINT('',(2.2594591652976,6.15624047619083,-0.400000000000005));
#2563=CARTESIAN_POINT('',(2.4,1.67,-0.4));
#2564=CARTESIAN_POINT('',(2.4,6.67,-0.400000000000005));
#2565=CARTESIAN_POINT('',(2.4,6.67,1.39999999999981));
#2566=CARTESIAN_POINT('',(2.4,6.67,1.4));
#2567=CARTESIAN_POINT('',(2.4,6.67,-0.400000000000005));
#2568=CARTESIAN_POINT('',(2.4,-0.0899817854533552,13.9229211081626));
#2569=CARTESIAN_POINT('',(2.4,1.78243266776192,0.6));
#2570=CARTESIAN_POINT('',(2.4,6.67,0.6));
#2571=CARTESIAN_POINT('',(2.4,6.55756733223809,0.6));
#2572=CARTESIAN_POINT('',(2.4,8.31376687326833,13.0960090407116));
#2573=CARTESIAN_POINT('',(2.4,1.17,14.1));
#2574=CARTESIAN_POINT('',(1.49837858429167,2.18375952380918,-0.100000000000003));
#2575=CARTESIAN_POINT('',(1.50424643542479,1.88667910318671,-0.141751930288023));
#2576=CARTESIAN_POINT('',(1.53573405570653,1.91816672346845,-0.365797990270696));
#2577=CARTESIAN_POINT('',(1.63073963828794,6.32682769395015,-1.0417978360279));
#2578=CARTESIAN_POINT('',(1.50424643542479,6.4533208968133,-0.141751930288024));
#2579=CARTESIAN_POINT('',(1.49837858429167,6.15624047619083,-0.100000000000005));
#2580=CARTESIAN_POINT('',(1.54054083470239,1.67,-0.4));
#2581=CARTESIAN_POINT('',(2.41163690447851,1.7707957632834,0.682800877788744));
#2582=CARTESIAN_POINT('',(2.2957535645752,1.88667910318671,-0.141751930288023));
#2583=CARTESIAN_POINT('',(2.30162141570832,2.18375952380918,-0.100000000000003));
#2584=CARTESIAN_POINT('',(2.30162141570832,6.15624047619083,-0.100000000000005));
#2585=CARTESIAN_POINT('',(2.2957535645752,6.4533208968133,-0.141751930288024));
#2586=CARTESIAN_POINT('',(2.29763020538083,6.45519753761893,-0.128398937119903));
#2587=CARTESIAN_POINT('',(2.4,1.17,0.6));
#2588=CARTESIAN_POINT('',(2.2594591652976,1.88667910318671,-0.141751930288023));
#2589=CARTESIAN_POINT('',(2.4,1.92297350246431,-0.4));
#2590=CARTESIAN_POINT('',(1.54054083470239,6.4533208968133,-0.141751930288024));
#2591=CARTESIAN_POINT('',(2.4,6.67,1.4));
#2592=CARTESIAN_POINT('',(2.4,2.18375952380918,-0.100000000000003));
#2593=CARTESIAN_POINT('',(2.4,6.15624047619083,-0.100000000000005));
#2594=CARTESIAN_POINT('',(26.75,15.08,3.4));
#2595=CARTESIAN_POINT('',(26.75,15.08,0.400000000000021));
#2596=CARTESIAN_POINT('',(26.25,15.08,0.400000000000021));
#2597=CARTESIAN_POINT('',(26.25,15.08,0.40000000000002));
#2598=CARTESIAN_POINT('',(26.25,15.08,3.4));
#2599=CARTESIAN_POINT('',(26.25,15.08,3.4));
#2600=CARTESIAN_POINT('',(26.75,13.58,3.4));
#2601=CARTESIAN_POINT('',(26.75,13.58,0.40000000000002));
#2602=CARTESIAN_POINT('',(26.75,12.8193238434164,2.83416370106764));
#2603=CARTESIAN_POINT('',(26.75,13.83,-0.39999999999998));
#2604=CARTESIAN_POINT('',(26.75,15.08,-0.399999999999979));
#2605=CARTESIAN_POINT('',(26.75,14.83,-0.39999999999998));
#2606=CARTESIAN_POINT('',(26.75,15.8940569395018,3.00498220640571));
#2607=CARTESIAN_POINT('',(26.75,14.63,3.4));
#2608=CARTESIAN_POINT('',(26.25,13.58,3.4));
#2609=CARTESIAN_POINT('',(26.25,13.58,0.400000000000021));
#2610=CARTESIAN_POINT('',(26.25,13.58,0.400000000000021));
#2611=CARTESIAN_POINT('',(26.25,13.58,3.4));
#2612=CARTESIAN_POINT('',(26.25,15.8940569395018,3.00498220640571));
#2613=CARTESIAN_POINT('',(26.25,14.83,-0.39999999999998));
#2614=CARTESIAN_POINT('',(26.25,14.18,-0.399999999999979));
#2615=CARTESIAN_POINT('',(26.25,13.83,-0.39999999999998));
#2616=CARTESIAN_POINT('',(26.25,12.8193238434164,2.83416370106764));
#2617=CARTESIAN_POINT('',(26.25,14.63,3.4));
#2618=CARTESIAN_POINT('',(26.25,14.83,-0.399999999999979));
#2619=CARTESIAN_POINT('',(26.25,13.83,-0.399999999999979));
#2620=CARTESIAN_POINT('',(26.25,15.08,-0.399999999999979));
#2621=CARTESIAN_POINT('',(26.25,13.83,-0.399999999999979));
#2622=CARTESIAN_POINT('',(26.25,14.83,-0.399999999999979));
#2623=CARTESIAN_POINT('',(26.25,3.42,3.4));
#2624=CARTESIAN_POINT('',(26.25,3.42,0.400000000000023));
#2625=CARTESIAN_POINT('',(26.75,3.42,0.400000000000023));
#2626=CARTESIAN_POINT('',(26.75,3.42,0.400000000000022));
#2627=CARTESIAN_POINT('',(26.75,3.42,3.4));
#2628=CARTESIAN_POINT('',(26.75,3.42,3.4));
#2629=CARTESIAN_POINT('',(26.25,4.92,3.4));
#2630=CARTESIAN_POINT('',(26.25,4.92,0.400000000000022));
#2631=CARTESIAN_POINT('',(26.25,5.68067615658364,2.83416370106764));
#2632=CARTESIAN_POINT('',(26.25,4.67,-0.399999999999978));
#2633=CARTESIAN_POINT('',(26.25,3.42,-0.399999999999977));
#2634=CARTESIAN_POINT('',(26.25,3.67,-0.399999999999978));
#2635=CARTESIAN_POINT('',(26.25,2.60594306049823,3.00498220640571));
#2636=CARTESIAN_POINT('',(26.25,3.87,3.4));
#2637=CARTESIAN_POINT('',(26.75,4.92,3.4));
#2638=CARTESIAN_POINT('',(26.75,4.92,0.400000000000023));
#2639=CARTESIAN_POINT('',(26.75,4.92,0.400000000000023));
#2640=CARTESIAN_POINT('',(26.75,4.92,3.4));
#2641=CARTESIAN_POINT('',(26.75,2.60594306049823,3.00498220640571));
#2642=CARTESIAN_POINT('',(26.75,3.67,-0.399999999999978));
#2643=CARTESIAN_POINT('',(26.75,4.32,-0.399999999999977));
#2644=CARTESIAN_POINT('',(26.75,4.67,-0.399999999999978));
#2645=CARTESIAN_POINT('',(26.75,5.68067615658364,2.83416370106764));
#2646=CARTESIAN_POINT('',(26.75,3.87,3.4));
#2647=CARTESIAN_POINT('',(26.75,3.67,-0.399999999999977));
#2648=CARTESIAN_POINT('',(26.75,4.67,-0.399999999999977));
#2649=CARTESIAN_POINT('',(26.75,3.42,-0.399999999999977));
#2650=CARTESIAN_POINT('',(26.75,4.67,-0.399999999999977));
#2651=CARTESIAN_POINT('',(26.75,3.67,-0.399999999999977));
#2652=CARTESIAN_POINT('',(0.,0.,0.));
#2653=(
GEOMETRIC_REPRESENTATION_CONTEXT(3)
GLOBAL_UNCERTAINTY_ASSIGNED_CONTEXT((#2655))
GLOBAL_UNIT_ASSIGNED_CONTEXT((#2662,#2658,#2657))
REPRESENTATION_CONTEXT('HF186F 20200928_x_t','TOP_LEVEL_ASSEMBLY_PART')
);
#2654=(
GEOMETRIC_REPRESENTATION_CONTEXT(3)
GLOBAL_UNCERTAINTY_ASSIGNED_CONTEXT((#2656))
GLOBAL_UNIT_ASSIGNED_CONTEXT((#2662,#2658,#2657))
REPRESENTATION_CONTEXT('HF186F 20200928_id6_x_t','COMPONENT_PART')
);
#2655=UNCERTAINTY_MEASURE_WITH_UNIT(LENGTH_MEASURE(2.E-005),#2662,
'DISTANCE_ACCURACY_VALUE','Maximum Tolerance applied to model');
#2656=UNCERTAINTY_MEASURE_WITH_UNIT(LENGTH_MEASURE(0.002),#2662,
'DISTANCE_ACCURACY_VALUE','Maximum Tolerance applied to model');
#2657=(
NAMED_UNIT(*)
SI_UNIT($,.STERADIAN.)
SOLID_ANGLE_UNIT()
);
#2658=(
CONVERSION_BASED_UNIT('DEGREE',#2660)
NAMED_UNIT(#2659)
PLANE_ANGLE_UNIT()
);
#2659=DIMENSIONAL_EXPONENTS(0.,0.,0.,0.,0.,0.,0.);
#2660=PLANE_ANGLE_MEASURE_WITH_UNIT(PLANE_ANGLE_MEASURE(0.0174532925),#2661);
#2661=(
NAMED_UNIT(*)
PLANE_ANGLE_UNIT()
SI_UNIT($,.RADIAN.)
);
#2662=(
LENGTH_UNIT()
NAMED_UNIT(*)
SI_UNIT(.MILLI.,.METRE.)
);
ENDSEC;
END-ISO-10303-21;
