#VRML V2.0 utf8
# Detailed KF128-2.54 model converted from EasyEDA/LCSC 3D source c32f96432af746d4bea85baf823a5f6c.
# Coordinates use KiCad VRML units (1 unit = 2.54 mm); origin is footprint pad 1.

DEF KF_COORD Coordinate { point [
  0.732615 -0.183739 3.220473,
  1.29828 -0.1293673 3.220473,
  0.7017205 -0.1293673 3.220473,
  1.311627 -0.09426969 3.220473,
  0.6883728 -0.09426969 3.220473,
  0.7733004 -0.2312303 3.220473,
  0.8222874 -0.2701024 3.220473,
  0.8777815 -0.2989315 3.220473,
  0.9377508 -0.3166626 3.220473,
  1 -0.3226461 3.220473,
  1.062249 -0.3166626 3.220473,
  1.122219 -0.2989315 3.220473,
  1.177713 -0.2701024 3.220473,
  1.267385 -0.183739 3.220473,
  1.2267 -0.2312303 3.220473,
  0.7137386 -0.2821776 3.141733,
  0.7186791 -0.2879445 3.141733,
  0.7205402 -0.2860118 3.162112,
  0.797902 -0.3457587 3.141733,
  0.8483339 -0.3719579 3.141733,
  0.8493374 -0.3694697 3.162112,
  1.104472 -0.3859114 3.141733,
  1.151666 -0.3719579 3.141733,
  1.150663 -0.3694697 3.162112,
  1.286261 -0.2821776 3.141733,
  1.331809 -0.2290106 3.141733,
  1.329614 -0.2274681 3.162112,
  1.312724 -0.09426969 3.220466,
  1.31688 -0.1376937 3.21779,
  1.332705 -0.09426969 3.217849,
  1.332932 -0.09426969 3.217778,
  1.341533 -0.09426969 3.215082,
  1.334214 -0.1454531 3.209924,
  1.352425 -0.09426969 3.209464,
  1.358767 -0.09426969 3.206192,
  1.349098 -0.1521157 3.197411,
  1.366165 -0.09426969 3.20054,
  1.360519 -0.1572283 3.181103,
  1.378813 -0.09426969 3.186767,
  1.369283 -0.09426969 3.197145,
  1.390635 -0.09426969 3.162109,
  1.39057 -0.09426969 3.162397,
  1.367699 -0.1604425 3.162112,
  1.383598 -0.09426969 3.179259,
  1.382453 -0.09426969 3.181056,
  1.393416 -0.09426969 3.141733,
  1.392386 -0.09426969 3.154237,
  1.391216 -0.1006311 3.141733,
  1.370148 -0.1615386 3.141733,
  1.3496 -0.1977008 3.141733,
  0.6065839 -0.09426969 3.141733,
  0.6087843 -0.1006311 3.141733,
  0.6070157 -0.09426969 3.149846,
  0.6095433 -0.09426969 3.162074,
  0.6323012 -0.1604425 3.162112,
  0.6100303 -0.09426969 3.164431,
  0.6394807 -0.1572283 3.181103,
  0.6175272 -0.09426969 3.181203,
  0.6219579 -0.09426969 3.18782,
  0.650902 -0.1521157 3.197411,
  0.6307728 -0.09426969 3.197087,
  0.6582429 -0.09426969 3.214998,
  0.6475862 -0.09426969 3.209448,
  0.6657862 -0.1454531 3.209924,
  0.6409028 -0.09426969 3.205967,
  0.6349638 -0.09426969 3.201493,
  0.6651701 -0.09426969 3.21728,
  0.6831197 -0.1376937 3.21779,
  0.6671075 -0.09426969 3.217585,
  0.6850488 -0.09426969 3.220409,
  1.188795 -0.2872051 3.21779,
  1.12984 -0.3178323 3.21779,
  1.199122 -0.3031425 3.209924,
  1.136943 -0.3354449 3.209924,
  1.20799 -0.316828 3.197411,
  1.143041 -0.3505689 3.197411,
  1.214795 -0.3273295 3.181103,
  1.147721 -0.3621744 3.181103,
  1.219072 -0.3339307 3.162112,
  0.9338693 -0.3366689 3.21779,
  0.8701598 -0.3178323 3.21779,
  0.930252 -0.3553118 3.209924,
  0.8630575 -0.3354449 3.209924,
  0.9271457 -0.3713209 3.197411,
  0.8569587 -0.3505689 3.197411,
  0.9247618 -0.3836051 3.181103,
  0.8522791 -0.3621744 3.181103,
  0.9232638 -0.3913272 3.162112,
  0.7159406 -0.1954559 3.21779,
  0.7004028 -0.2063748 3.209924,
  0.6870598 -0.2157508 3.197411,
  0.6768217 -0.2229453 3.181103,
  0.6703858 -0.2274681 3.162112,
  1.323178 -0.2229453 3.181103,
  1.31294 -0.2157508 3.197411,
  1.299597 -0.2063748 3.209924,
  1.284059 -0.1954559 3.21779,
  1.281321 -0.2879445 3.141733,
  1.27946 -0.2860118 3.162112,
  1.274003 -0.2803461 3.181103,
  1.265323 -0.2713335 3.197411,
  1.25401 -0.2595874 3.209924,
  1.240837 -0.2459091 3.21779,
  1.220531 -0.3361823 3.141733,
  1.202098 -0.3457587 3.141733,
  1.077247 -0.393961 3.141733,
  1.076736 -0.3913272 3.162112,
  1.075238 -0.3836051 3.181103,
  1.072854 -0.3713209 3.197411,
  1.069748 -0.3553118 3.209924,
  1.066131 -0.3366689 3.21779,
  1 -0.3430252 3.21779,
  1 -0.3620161 3.209924,
  1 -0.3783236 3.197411,
  1 -0.390837 3.181103,
  1 -0.3987031 3.162112,
  1 -0.4013862 3.141733,
  0.9227528 -0.393961 3.141733,
  0.895528 -0.3859114 3.141733,
  0.7794689 -0.3361823 3.141733,
  0.7809276 -0.3339307 3.162112,
  0.7852051 -0.3273295 3.181103,
  0.7920098 -0.316828 3.197411,
  0.800878 -0.3031425 3.209924,
  0.8112051 -0.2872051 3.21779,
  0.7591634 -0.2459091 3.21779,
  0.7459898 -0.2595874 3.209924,
  0.7346772 -0.2713335 3.197411,
  0.7259969 -0.2803461 3.181103,
  0.6681906 -0.2290106 3.141733,
  0.6298524 -0.1615386 3.141733,
  0.6504 -0.1977008 3.141733,
  1.235238 0.004155512 2.643471,
  1.227222 0.06503937 1.839206,
  1.227222 0.06503937 2.643471,
  1.203722 0.1217744 1.839206,
  1.203722 0.1217744 2.643471,
  1.166338 0.1704937 1.839206,
  1.166338 0.1704937 2.643471,
  1.117619 0.2078772 1.839206,
  1.117619 0.2078772 2.643471,
  1.060884 0.2313776 1.839206,
  1.060884 0.2313776 2.643471,
  1 0.2393929 1.839206,
  1 0.2393929 2.643471,
  0.9391161 0.2313776 1.839206,
  0.9391161 0.2313776 2.643471,
  0.8823811 0.2078772 1.839206,
  0.8823811 0.2078772 2.643471,
  0.8336618 0.1704937 1.839206,
  0.8336618 0.1704937 2.643471,
  0.796278 0.1217744 1.839206,
  0.796278 0.1217744 2.643471,
  0.772778 0.06503937 1.839206,
  0.772778 0.06503937 2.643471,
  0.7647622 0.004155512 1.839206,
  0.7647622 0.004155512 2.643471,
  0.772778 -0.05672874 1.839206,
  0.772778 -0.05672874 2.643471,
  0.796278 -0.1134634 1.839206,
  0.796278 -0.1134634 2.643471,
  0.8336618 -0.1621827 1.839206,
  0.8336618 -0.1621827 2.643471,
  0.8823811 -0.1995665 1.839206,
  0.8823811 -0.1995665 2.643471,
  0.9391161 -0.2230669 1.839206,
  0.9391161 -0.2230669 2.643471,
  1 -0.2310823 1.839206,
  1 -0.2310823 2.643471,
  1.060884 -0.2230669 1.839206,
  1.060884 -0.2230669 2.643471,
  1.117619 -0.1995665 1.839206,
  1.117619 -0.1995665 2.643471,
  1.166338 -0.1621827 1.839206,
  1.166338 -0.1621827 2.643471,
  1.203722 -0.1134634 1.839206,
  1.203722 -0.1134634 2.643471,
  1.227222 -0.05672874 1.839206,
  1.227222 -0.05672874 2.643471,
  1.235238 0.004155512 1.839206,
  0.9252665 -0.940561 0,
  0.9249724 -0.9406827 0,
  0.9017413 -0.9406827 0,
  -0.07473346 -0.940561 0,
  -0.07502756 -0.9406827 0,
  -0.09825866 -0.9406827 0,
  2.925267 -0.940561 0,
  2.924972 -0.9406827 0,
  2.901741 -0.9406827 0,
  1.925267 -0.940561 0,
  1.924972 -0.9406827 0,
  1.901741 -0.9406827 0,
  1.701698 -0.8921827 0,
  1.701698 -0.8502811 0,
  1.80269 -0.8921827 0,
  1.80269 -0.8502811 0,
  1.901741 -0.8921827 0,
  1.901741 -0.8502811 0,
  2.007128 -0.8921827 0,
  2.007128 -0.8502811 0,
  2.5 -0.8921827 0,
  2.393701 -0.8502811 0,
  2.5 1.240157 0,
  2.393701 1.043307 0,
  2.007128 1.240157 0,
  2.007128 1.043307 0,
  1.901741 1.240157 0,
  1.901741 1.043307 0,
  1.80269 1.240157 0,
  1.80269 1.043307 0,
  1.701698 1.240157 0,
  1.701698 1.043307 0,
  1.617028 1.240157 0,
  1.617028 1.043307 0,
  1.5 1.240157 0,
  1.606299 1.043307 0,
  1.5 -0.8921827 0,
  1.606299 -0.8502811 0,
  1.617028 -0.8921827 0,
  1.617028 -0.8502811 0,
  2.075904 -1.016638 0,
  2.037398 -1.007326 0,
  2.092598 -0.9478472 0,
  2.028337 -0.9651291 0,
  2.093845 -0.9406827 0,
  2.09702 -0.9350555 0,
  2.096877 -0.9348445 0,
  2.097149 -0.9353665 0,
  2.020422 -0.9340902 0,
  2.020205 -0.9341079 0,
  2.019994 -0.9341811 0,
  2.007128 -0.9406827 0,
  2.019252 -0.9355063 0,
  2.018761 -0.9390587 0,
  2.019815 -0.9342972 0,
  2.019622 -0.9344969 0,
  2.019454 -0.9347866 0,
  2.097674 -0.9390807 0,
  2.097566 -0.9375945 0,
  2.097404 -0.9365457 0,
  2.097268 -0.9358193 0,
  2.022381 -0.9368157 0,
  2.09605 -0.9345102 0,
  2.023336 -0.9406827 0,
  2.09579 -0.934574 0,
  2.095492 -0.9347299 0,
  2.024059 -0.943611 0,
  2.09457 -0.936522 0,
  2.094761 -0.935778 0,
  2.022001 -0.9358386 0,
  2.021683 -0.9351768 0,
  2.021391 -0.9347224 0,
  2.095247 -0.9349382 0,
  2.095005 -0.93525 0,
  2.021111 -0.9344098 0,
  2.020864 -0.9342217 0,
  2.020636 -0.9341236 0,
  2.096692 -0.9346795 0,
  2.096469 -0.9345622 0,
  2.096264 -0.9345106 0,
  2.099281 -0.9654681 0,
  2.099612 -0.9650224 0,
  2.5 -1.124831 0,
  2.099775 -0.964702 0,
  2.099846 -0.9644039 0,
  2.5 -0.9406827 0,
  2.09984 -0.9633579 0,
  2.099398 -0.9567047 0,
  2.099393 -0.9566142 0,
  2.098261 -0.9439047 0,
  2.097869 -0.9406827 0,
  2.059168 -1.127626 0,
  2.0598 -1.124831 0,
  2.086642 -1.006194 0,
  2.090039 -0.9920161 0,
  2.091544 -0.9853169 0,
  2.093437 -0.9787193 0,
  2.095408 -0.9733504 0,
  2.097206 -0.9683087 0,
  2.0984 -0.9665102 0,
  2.019277 -0.9676878 0,
  2.022983 -0.9800535 0,
  2.017851 -0.9651291 0,
  2.017284 -0.9640291 0,
  2.018588 -0.9406827 0,
  2.018396 -0.9424783 0,
  2.017012 -0.9543492 0,
  2.026072 -0.9926031 0,
  2.007128 -1.124831 0,
  2.016743 -0.9624551 0,
  2.016629 -0.9598484 0,
  1.912748 -0.9549378 0,
  1.912877 -0.9550752 0,
  1.901741 -1.124831 0,
  1.97345 -1.119315 0,
  1.978659 -1.116618 0,
  1.973127 -0.9508803 0,
  1.967802 -0.9487508 0,
  1.912414 -0.9531453 0,
  1.912326 -0.9534453 0,
  1.967093 -1.120852 0,
  1.914019 -0.9553268 0,
  1.923474 -1.103591 0,
  1.913319 -0.9552705 0,
  1.913043 -0.9551795 0,
  1.912056 -1.113487 0,
  1.912076 -1.114151 0,
  1.912278 -1.114873 0,
  1.912542 -1.115343 0,
  1.983334 -1.112465 0,
  1.987852 -1.105929 0,
  1.992249 -1.094382 0,
  1.924722 -0.9407858 0,
  1.922881 -0.9421024 0,
  1.918815 -0.9458772 0,
  1.919783 -1.105563 0,
  1.914707 -1.109799 0,
  1.915001 -0.9552299 0,
  1.918944 -0.9552299 0,
  1.923474 -0.9552299 0,
  1.958289 -1.121418 0,
  1.952011 -1.120902 0,
  1.947257 -0.9455823 0,
  1.934799 -0.9441563 0,
  1.930174 -0.9429181 0,
  1.912313 -0.9537598 0,
  1.912383 -0.9541319 0,
  1.912609 -0.9547035 0,
  1.921569 -1.104468 0,
  1.91345 -1.110798 0,
  1.912694 -1.111766 0,
  1.912204 -1.112806 0,
  1.98941 -0.9712909 0,
  1.983539 -0.9607906 0,
  1.978595 -0.9548988 0,
  1.913411 -0.9517193 0,
  1.912939 -0.952322 0,
  1.912609 -0.9527965 0,
  1.917517 -0.947302 0,
  1.91412 -0.9509512 0,
  1.929136 -1.116049 0,
  1.935093 -1.116594 0,
  1.945831 -1.119698 0,
  1.912934 -1.115761 0,
  1.913281 -1.116049 0,
  1.918398 -1.115168 0,
  1.996386 -1.06268 0,
  1.997675 -1.023433 0,
  1.99481 -0.990022 0,
  1.924313 -1.115168 0,
  1.926724 -1.115611 0,
  1.926032 -0.9405071 0,
  1.926276 -0.9405874 0,
  1.926439 -0.9406827 0,
  1.927198 -0.9411256 0,
  1.883526 -1.039794 0,
  1.883031 -1.039503 0,
  1.882325 -0.9654224 0,
  1.81452 -1.115987 0,
  1.814611 -1.116202 0,
  1.80269 -1.124831 0,
  1.829683 -1.041847 0,
  1.853467 -1.044951 0,
  1.829683 -1.104137 0,
  1.863282 -1.046943 0,
  1.874985 -1.052334 0,
  1.883206 -1.112358 0,
  1.878676 -1.11177 0,
  1.814706 -1.116339 0,
  1.814817 -1.116437 0,
  1.814955 -1.116512 0,
  1.872011 -1.110885 0,
  1.865337 -1.110093 0,
  1.872426 -1.050907 0,
  1.869569 -1.049176 0,
  1.883926 -1.040187 0,
  1.80269 -0.9406827 0,
  1.821215 -0.9420307 0,
  1.820555 -0.942324 0,
  1.815205 -1.111923 0,
  1.814754 -1.11288 0,
  1.814506 -1.114253 0,
  1.885659 -1.114764 0,
  1.885722 -1.114348 0,
  1.883788 -1.043341 0,
  1.88416 -1.042714 0,
  1.88387 -1.11241 0,
  1.884391 -1.042115 0,
  1.884425 -1.112559 0,
  1.884468 -1.041652 0,
  1.884934 -1.112851 0,
  1.885334 -1.113231 0,
  1.819846 -0.9428705 0,
  1.819261 -0.9435913 0,
  1.818972 -0.944224 0,
  1.814457 -1.115096 0,
  1.814467 -1.115742 0,
  1.815364 -1.116626 0,
  1.816136 -1.116674 0,
  1.816932 -1.116594 0,
  1.876411 -1.125361 0,
  1.876922 -1.124831 0,
  1.88459 -1.116888 0,
  1.829683 -1.031948 0,
  1.829683 -0.9552299 0,
  1.871881 -0.9611441 0,
  1.883206 -1.044112 0,
  1.890253 -0.9566142 0,
  1.891413 -0.9538906 0,
  1.89125 -0.9534114 0,
  1.890984 -0.9528937 0,
  1.821992 -0.9418961 0,
  1.823406 -0.9419787 0,
  1.818756 -0.9453618 0,
  1.818815 -0.9469705 0,
  1.818904 -0.9475539 0,
  1.885687 -1.113962 0,
  1.885556 -1.113577 0,
  1.882485 -1.039347 0,
  1.88178 -1.039289 0,
  1.879808 -0.9639965 0,
  1.875974 -0.9622059 0,
  1.818289 -1.107906 0,
  1.816349 -1.110251 0,
  1.884439 -1.041241 0,
  1.884281 -1.040761 0,
  1.891113 -0.9554193 0,
  1.89137 -0.9547717 0,
  1.891444 -0.9542921 0,
  1.890782 -0.9526122 0,
  1.890583 -0.9524457 0,
  1.89027 -0.9522969 0,
  1.890239 -0.9522862 0,
  1.889465 -0.9521303 0,
  1.888575 -0.9520839 0,
  1.822301 -1.115756 0,
  1.827113 -1.115163 0,
  1.831948 -1.115168 0,
  1.885137 -1.115956 0,
  1.885475 -1.115276 0,
  1.841554 -0.945876 0,
  1.828551 -0.943611 0,
  1.825407 -0.9424531 0,
  1.820728 -0.9546902 0,
  1.821462 -0.9620252 0,
  1.821462 -0.9673941 0,
  1.832787 -1.115168 0,
  1.838331 -1.115304 0,
  1.843819 -1.116049 0,
  1.854893 -1.11802 0,
  1.864647 -1.119981 0,
  1.872346 -1.12278 0,
  1.884339 -0.9518323 0,
  1.862899 -0.9492051 0,
  1.821462 -1.104137 0,
  1.821756 -0.9744831 0,
  1.821635 -0.9709378 0,
  1.873852 -1.123683 0,
  1.875603 -1.124831 0,
  1.80269 -1.240157 0,
  1.901741 -1.240157 0,
  1.627758 -1.129346 0,
  1.629729 -1.131611 0,
  1.617028 -1.240157 0,
  1.701698 -1.240157 0,
  1.63795 -1.09818 0,
  1.679154 -0.961874 0,
  1.680106 -0.9622768 0,
  1.701698 -1.124831 0,
  1.635156 -1.124831 0,
  1.642187 -1.116049 0,
  1.701698 -0.9406827 0,
  1.691725 -0.9495673 0,
  1.6914 -0.9489339 0,
  1.639256 -1.109834 0,
  1.638034 -1.101817 0,
  1.689837 -0.9535902 0,
  1.690885 -0.952439 0,
  1.691363 -0.951572 0,
  1.691597 -0.9505949 0,
  1.686722 -0.9564547 0,
  1.630568 -0.9716307 0,
  1.630568 -1.099061 0,
  1.617028 -1.124831 0,
  1.63795 -0.9538039 0,
  1.659747 -0.9556299 0,
  1.670139 -0.9572244 0,
  1.673634 -0.958024 0,
  1.630405 -1.112877 0,
  1.628559 -1.124831 0,
  1.628303 -1.126494 0,
  1.67567 -0.9590047 0,
  1.67828 -0.9612563 0,
  1.630857 -0.942363 0,
  1.630445 -0.9425272 0,
  1.617028 -0.9406827 0,
  1.630108 -0.9427673 0,
  1.629739 -0.9431957 0,
  1.629293 -0.9440055 0,
  1.629094 -0.9447622 0,
  1.629098 -0.9463433 0,
  1.629888 -0.9532508 0,
  1.630023 -0.9549362 0,
  1.691167 -0.9486748 0,
  1.690779 -0.948415 0,
  1.690083 -0.9481555 0,
  1.689041 -0.9480193 0,
  1.68405 -0.9479 0,
  1.676882 -0.9468803 0,
  1.658237 -0.9449512 0,
  1.652086 -0.94445 0,
  1.640215 -0.9433173 0,
  1.631428 -0.9422728 0,
  1.632219 -0.942328 0,
  1.633672 -0.942772 0,
  2.701698 -0.8921827 0,
  2.701698 -0.8502811 0,
  2.80269 -0.8921827 0,
  2.80269 -0.8502811 0,
  2.901741 -0.8921827 0,
  2.901741 -0.8502811 0,
  3.007128 -0.8921827 0,
  3.007128 -0.8502811 0,
  3.5 -0.8921827 0,
  3.393701 -0.8502811 0,
  3.5 1.240157 0,
  3.393701 1.043307 0,
  3.007128 1.240157 0,
  3.007128 1.043307 0,
  2.901741 1.240157 0,
  2.901741 1.043307 0,
  2.80269 1.240157 0,
  2.80269 1.043307 0,
  2.701698 1.240157 0,
  2.701698 1.043307 0,
  2.617028 1.240157 0,
  2.617028 1.043307 0,
  2.606299 1.043307 0,
  2.606299 -0.8502811 0,
  2.617028 -0.8921827 0,
  2.617028 -0.8502811 0,
  3.075904 -1.016638 0,
  3.037398 -1.007326 0,
  3.092598 -0.9478472 0,
  3.028337 -0.9651291 0,
  3.093845 -0.9406827 0,
  3.09702 -0.9350555 0,
  3.096877 -0.9348445 0,
  3.020422 -0.9340902 0,
  3.020205 -0.9341079 0,
  3.019994 -0.9341811 0,
  3.007128 -0.9406827 0,
  3.019252 -0.9355063 0,
  3.018761 -0.9390587 0,
  3.019815 -0.9342972 0,
  3.019622 -0.9344969 0,
  3.019454 -0.9347866 0,
  3.5 -0.9406827 0,
  3.097869 -0.9406827 0,
  3.097674 -0.9390807 0,
  3.097404 -0.9365457 0,
  3.097268 -0.9358193 0,
  3.097149 -0.9353665 0,
  3.097566 -0.9375945 0,
  3.022381 -0.9368157 0,
  3.09605 -0.9345102 0,
  3.023336 -0.9406827 0,
  3.09579 -0.934574 0,
  3.095492 -0.9347299 0,
  3.024059 -0.943611 0,
  3.09457 -0.936522 0,
  3.094761 -0.935778 0,
  3.022001 -0.9358386 0,
  3.021683 -0.9351768 0,
  3.021391 -0.9347224 0,
  3.095247 -0.9349382 0,
  3.095005 -0.93525 0,
  3.021111 -0.9344098 0,
  3.020863 -0.9342217 0,
  3.020636 -0.9341236 0,
  3.096692 -0.9346795 0,
  3.09647 -0.9345622 0,
  3.096264 -0.9345106 0,
  3.09984 -0.9633579 0,
  3.099398 -0.9567047 0,
  3.099281 -0.9654681 0,
  3.099612 -0.9650224 0,
  3.5 -1.124831 0,
  3.099775 -0.964702 0,
  3.099846 -0.9644039 0,
  3.099393 -0.9566142 0,
  3.098261 -0.9439047 0,
  3.09004 -0.9920161 0,
  3.086642 -1.006194 0,
  3.0598 -1.124831 0,
  3.091544 -0.9853169 0,
  3.093437 -0.9787193 0,
  3.095409 -0.9733504 0,
  3.097206 -0.9683087 0,
  3.0984 -0.9665102 0,
  3.054621 -1.124831 0,
  3.055225 -1.127626 0,
  3.007128 -1.240157 0,
  3.059167 -1.127626 0,
  3.5 -1.240157 0,
  3.019277 -0.9676878 0,
  3.022983 -0.9800535 0,
  3.017851 -0.9651291 0,
  3.017284 -0.9640291 0,
  3.018588 -0.9406827 0,
  3.018396 -0.9424783 0,
  3.017012 -0.9543492 0,
  3.026072 -0.9926031 0,
  3.007128 -1.124831 0,
  3.016743 -0.9624551 0,
  3.016629 -0.9598484 0,
  2.912748 -0.9549378 0,
  2.912877 -0.9550752 0,
  2.901741 -1.124831 0,
  2.97345 -1.119315 0,
  2.978659 -1.116618 0,
  2.973127 -0.9508803 0,
  2.967802 -0.9487508 0,
  2.912414 -0.9531453 0,
  2.912326 -0.9534453 0,
  2.967093 -1.120852 0,
  2.914019 -0.9553268 0,
  2.923474 -1.103591 0,
  2.913319 -0.9552705 0,
  2.913043 -0.9551795 0,
  2.912056 -1.113487 0,
  2.912076 -1.114151 0,
  2.912278 -1.114873 0,
  2.912542 -1.115343 0,
  2.983334 -1.112465 0,
  2.987852 -1.105929 0,
  2.992249 -1.094382 0,
  2.924722 -0.9407858 0,
  2.922881 -0.9421024 0,
  2.918815 -0.9458772 0,
  2.919783 -1.105563 0,
  2.914707 -1.109799 0,
  2.915001 -0.9552299 0,
  2.918944 -0.9552299 0,
  2.923474 -0.9552299 0,
  2.958289 -1.121418 0,
  2.952011 -1.120902 0,
  2.947257 -0.9455823 0,
  2.934799 -0.9441563 0,
  2.930174 -0.9429181 0,
  2.912313 -0.9537598 0,
  2.912383 -0.9541319 0,
  2.912609 -0.9547035 0,
  2.921569 -1.104468 0,
  2.91345 -1.110798 0,
  2.912694 -1.111766 0,
  2.912204 -1.112806 0,
  2.98941 -0.9712909 0,
  2.983539 -0.9607906 0,
  2.978595 -0.9548988 0,
  2.913411 -0.9517193 0,
  2.912939 -0.952322 0,
  2.912609 -0.9527965 0,
  2.917517 -0.947302 0,
  2.91412 -0.9509512 0,
  2.929137 -1.116049 0,
  2.935093 -1.116594 0,
  2.945831 -1.119698 0,
  2.912934 -1.115761 0,
  2.913281 -1.116049 0,
  2.918398 -1.115168 0,
  2.996386 -1.06268 0,
  2.997676 -1.023433 0,
  2.99481 -0.990022 0,
  2.924313 -1.115168 0,
  2.926724 -1.115611 0,
  2.926032 -0.9405071 0,
  2.926276 -0.9405874 0,
  2.926439 -0.9406827 0,
  2.927198 -0.9411256 0,
  2.883526 -1.039794 0,
  2.883031 -1.039503 0,
  2.882325 -0.9654224 0,
  2.81452 -1.115987 0,
  2.814611 -1.116202 0,
  2.80269 -1.124831 0,
  2.829683 -1.041847 0,
  2.853467 -1.044951 0,
  2.829683 -1.104137 0,
  2.863282 -1.046943 0,
  2.874985 -1.052334 0,
  2.883206 -1.112358 0,
  2.878676 -1.11177 0,
  2.814706 -1.116339 0,
  2.814817 -1.116437 0,
  2.814955 -1.116512 0,
  2.872012 -1.110885 0,
  2.865337 -1.110093 0,
  2.872426 -1.050907 0,
  2.869569 -1.049176 0,
  2.883926 -1.040187 0,
  2.80269 -0.9406827 0,
  2.821215 -0.9420307 0,
  2.820555 -0.942324 0,
  2.815205 -1.111923 0,
  2.814754 -1.11288 0,
  2.814506 -1.114253 0,
  2.885659 -1.114764 0,
  2.885722 -1.114348 0,
  2.883788 -1.043341 0,
  2.88416 -1.042714 0,
  2.88387 -1.11241 0,
  2.884391 -1.042115 0,
  2.884425 -1.112559 0,
  2.884468 -1.041652 0,
  2.884934 -1.112851 0,
  2.885334 -1.113231 0,
  2.819846 -0.9428705 0,
  2.819261 -0.9435913 0,
  2.818972 -0.944224 0,
  2.814457 -1.115096 0,
  2.814467 -1.115742 0,
  2.815364 -1.116626 0,
  2.816136 -1.116674 0,
  2.816932 -1.116594 0,
  2.876411 -1.125361 0,
  2.876922 -1.124831 0,
  2.88459 -1.116888 0,
  2.829683 -1.031948 0,
  2.829683 -0.9552299 0,
  2.871881 -0.9611441 0,
  2.883206 -1.044112 0,
  2.890253 -0.9566142 0,
  2.891413 -0.9538906 0,
  2.89125 -0.9534114 0,
  2.890984 -0.9528937 0,
  2.821992 -0.9418961 0,
  2.823406 -0.9419787 0,
  2.818756 -0.9453618 0,
  2.818815 -0.9469705 0,
  2.818904 -0.9475539 0,
  2.885687 -1.113962 0,
  2.885556 -1.113577 0,
  2.882485 -1.039347 0,
  2.88178 -1.039289 0,
  2.879808 -0.9639965 0,
  2.875974 -0.9622059 0,
  2.818289 -1.107906 0,
  2.816349 -1.110251 0,
  2.884439 -1.041241 0,
  2.884281 -1.040761 0,
  2.891113 -0.9554193 0,
  2.89137 -0.9547717 0,
  2.891444 -0.9542921 0,
  2.890782 -0.9526122 0,
  2.890583 -0.9524457 0,
  2.89027 -0.9522969 0,
  2.890239 -0.9522862 0,
  2.889465 -0.9521303 0,
  2.888575 -0.9520839 0,
  2.822301 -1.115756 0,
  2.827113 -1.115163 0,
  2.831948 -1.115168 0,
  2.885137 -1.115956 0,
  2.885475 -1.115276 0,
  2.841554 -0.945876 0,
  2.828551 -0.943611 0,
  2.825407 -0.9424531 0,
  2.820728 -0.9546902 0,
  2.821462 -0.9620252 0,
  2.821462 -0.9673941 0,
  2.832787 -1.115168 0,
  2.838331 -1.115304 0,
  2.843819 -1.116049 0,
  2.854893 -1.11802 0,
  2.864647 -1.119981 0,
  2.872346 -1.12278 0,
  2.884339 -0.9518323 0,
  2.862899 -0.9492051 0,
  2.821462 -1.104137 0,
  2.821756 -0.9744831 0,
  2.821635 -0.9709378 0,
  2.873852 -1.123683 0,
  2.875603 -1.124831 0,
  2.80269 -1.240157 0,
  2.901741 -1.240157 0,
  2.627758 -1.129346 0,
  2.629729 -1.131611 0,
  2.617028 -1.240157 0,
  2.701698 -1.240157 0,
  2.63795 -1.09818 0,
  2.679154 -0.961874 0,
  2.680106 -0.9622768 0,
  2.701698 -1.124831 0,
  2.635156 -1.124831 0,
  2.642187 -1.116049 0,
  2.701698 -0.9406827 0,
  2.691725 -0.9495673 0,
  2.6914 -0.9489339 0,
  2.639256 -1.109834 0,
  2.638034 -1.101817 0,
  2.689837 -0.9535902 0,
  2.690885 -0.952439 0,
  2.691363 -0.951572 0,
  2.691597 -0.9505949 0,
  2.686722 -0.9564547 0,
  2.630568 -0.9716307 0,
  2.630568 -1.099061 0,
  2.617028 -1.124831 0,
  2.63795 -0.9538039 0,
  2.659747 -0.9556299 0,
  2.670139 -0.9572244 0,
  2.673634 -0.958024 0,
  2.630405 -1.112877 0,
  2.628559 -1.124831 0,
  2.628303 -1.126494 0,
  2.67567 -0.9590047 0,
  2.67828 -0.9612563 0,
  2.630857 -0.942363 0,
  2.630445 -0.9425272 0,
  2.617028 -0.9406827 0,
  2.630108 -0.9427673 0,
  2.629739 -0.9431957 0,
  2.629293 -0.9440055 0,
  2.629094 -0.9447622 0,
  2.629098 -0.9463433 0,
  2.629888 -0.9532508 0,
  2.630023 -0.9549362 0,
  2.691167 -0.9486748 0,
  2.690779 -0.948415 0,
  2.690083 -0.9481555 0,
  2.689041 -0.9480193 0,
  2.68405 -0.9479 0,
  2.676882 -0.9468803 0,
  2.658237 -0.9449512 0,
  2.652086 -0.94445 0,
  2.640215 -0.9433173 0,
  2.631428 -0.9422728 0,
  2.632219 -0.942328 0,
  2.633672 -0.942772 0,
  -0.2983016 -0.8921827 0,
  -0.2983016 -0.8502811 0,
  -0.1973102 -0.8921827 0,
  -0.1973102 -0.8502811 0,
  -0.09825866 -0.8921827 0,
  -0.09825866 -0.8502811 0,
  0.007127953 -0.8921827 0,
  0.007127953 -0.8502811 0,
  0.5 -0.8921827 0,
  0.3937008 -0.8502811 0,
  0.5 1.240157 0,
  0.3937008 1.043307 0,
  0.007127953 1.240157 0,
  0.007127953 1.043307 0,
  -0.09825866 1.240157 0,
  -0.09825866 1.043307 0,
  -0.1973102 1.240157 0,
  -0.1973102 1.043307 0,
  -0.2983016 1.240157 0,
  -0.2983016 1.043307 0,
  -0.3829713 1.240157 0,
  -0.3829713 1.043307 0,
  -0.5 1.240157 0,
  -0.3937008 1.043307 0,
  -0.5 -0.8921827 0,
  -0.3937008 -0.8502811 0,
  -0.3829713 -0.8921827 0,
  -0.3829713 -0.8502811 0,
  0.07590394 -1.016638 0,
  0.03739764 -1.007326 0,
  0.09259803 -0.9478472 0,
  0.0283374 -0.9651291 0,
  0.09384528 -0.9406827 0,
  0.09702008 -0.9350555 0,
  0.09687677 -0.9348445 0,
  0.09714921 -0.9353665 0,
  0.02042205 -0.9340902 0,
  0.02020512 -0.9341079 0,
  0.01999409 -0.9341811 0,
  0.007127953 -0.9406827 0,
  0.01925236 -0.9355063 0,
  0.01876142 -0.9390587 0,
  0.01981496 -0.9342972 0,
  0.01962205 -0.9344969 0,
  0.01945433 -0.9347866 0,
  0.09767362 -0.9390807 0,
  0.09756575 -0.9375945 0,
  0.09740354 -0.9365457 0,
  0.09726772 -0.9358193 0,
  0.0223815 -0.9368157 0,
  0.09605 -0.9345102 0,
  0.02333622 -0.9406827 0,
  0.09579016 -0.934574 0,
  0.09549213 -0.9347299 0,
  0.02405906 -0.943611 0,
  0.09456969 -0.936522 0,
  0.09476063 -0.935778 0,
  0.02200118 -0.9358386 0,
  0.02168268 -0.9351768 0,
  0.02139055 -0.9347224 0,
  0.09524724 -0.9349382 0,
  0.09500472 -0.93525 0,
  0.02111142 -0.9344098 0,
  0.02086378 -0.9342217 0,
  0.02063622 -0.9341236 0,
  0.09669173 -0.9346795 0,
  0.09646929 -0.9345622 0,
  0.09626378 -0.9345106 0,
  0.0992811 -0.9654681 0,
  0.0996122 -0.9650224 0,
  0.5 -1.124831 0,
  0.0997752 -0.964702 0,
  0.09984606 -0.9644039 0,
  0.5 -0.9406827 0,
  0.09984016 -0.9633579 0,
  0.09939764 -0.9567047 0,
  0.09939331 -0.9566142 0,
  0.09826063 -0.9439047 0,
  0.0978685 -0.9406827 0,
  0.05916772 -1.127626 0,
  0.0598 -1.124831 0,
  0.08664173 -1.006194 0,
  0.09003937 -0.9920161 0,
  0.09154409 -0.9853169 0,
  0.09343701 -0.9787193 0,
  0.09540866 -0.9733504 0,
  0.09720551 -0.9683087 0,
  0.09840039 -0.9665102 0,
  0.01927717 -0.9676878 0,
  0.02298268 -0.9800535 0,
  0.01785118 -0.9651291 0,
  0.01728425 -0.9640291 0,
  0.01858819 -0.9406827 0,
  0.01839646 -0.9424783 0,
  0.0170122 -0.9543492 0,
  0.02607244 -0.9926031 0,
  0.007127953 -1.124831 0,
  0.01674291 -0.9624551 0,
  0.01662874 -0.9598484 0,
  -0.08725236 -0.9549378 0,
  -0.08712283 -0.9550752 0,
  -0.09825866 -1.124831 0,
  -0.02655 -1.119315 0,
  -0.02134094 -1.116618 0,
  -0.02687323 -0.9508803 0,
  -0.03219843 -0.9487508 0,
  -0.08758583 -0.9531453 0,
  -0.08767402 -0.9534453 0,
  -0.03290709 -1.120852 0,
  -0.0859815 -0.9553268 0,
  -0.07652638 -1.103591 0,
  -0.0866811 -0.9552705 0,
  -0.08695709 -0.9551795 0,
  -0.08794409 -1.113487 0,
  -0.08792362 -1.114151 0,
  -0.08772244 -1.114873 0,
  -0.08745866 -1.115343 0,
  -0.01666614 -1.112465 0,
  -0.01214764 -1.105929 0,
  -0.007750787 -1.094382 0,
  -0.07527795 -0.9407858 0,
  -0.0771185 -0.9421024 0,
  -0.08118465 -0.9458772 0,
  -0.08021732 -1.105563 0,
  -0.08529291 -1.109799 0,
  -0.08499921 -0.9552299 0,
  -0.0810563 -0.9552299 0,
  -0.07652638 -0.9552299 0,
  -0.04171142 -1.121418 0,
  -0.04798858 -1.120902 0,
  -0.05274331 -0.9455823 0,
  -0.06520118 -0.9441563 0,
  -0.06982598 -0.9429181 0,
  -0.0876874 -0.9537598 0,
  -0.08761693 -0.9541319 0,
  -0.08739055 -0.9547035 0,
  -0.07843189 -1.104468 0,
  -0.08654961 -1.110798 0,
  -0.08730591 -1.111766 0,
  -0.08779606 -1.112806 0,
  -0.01058976 -0.9712909 0,
  -0.01646102 -0.9607906 0,
  -0.02140472 -0.9548988 0,
  -0.08658937 -0.9517193 0,
  -0.08706142 -0.952322 0,
  -0.08739055 -0.9527965 0,
  -0.08248268 -0.947302 0,
  -0.08587992 -0.9509512 0,
  -0.07086378 -1.116049 0,
  -0.06490748 -1.116594 0,
  -0.05416929 -1.119698 0,
  -0.08706614 -1.115761 0,
  -0.0867189 -1.116049 0,
  -0.08160157 -1.115168 0,
  -0.003614173 -1.06268 0,
  -0.002324409 -1.023433 0,
  -0.005189764 -0.990022 0,
  -0.0756874 -1.115168 0,
  -0.07327598 -1.115611 0,
  -0.07396772 -0.9405071 0,
  -0.07372441 -0.9405874 0,
  -0.07356142 -0.9406827 0,
  -0.07280157 -0.9411256 0,
  -0.116474 -1.039794 0,
  -0.1169693 -1.039503 0,
  -0.1176748 -0.9654224 0,
  -0.1854795 -1.115987 0,
  -0.1853898 -1.116202 0,
  -0.1973102 -1.124831 0,
  -0.1703165 -1.041847 0,
  -0.1465335 -1.044951 0,
  -0.1703165 -1.104137 0,
  -0.1367177 -1.046943 0,
  -0.1250154 -1.052334 0,
  -0.1167941 -1.112358 0,
  -0.121324 -1.11177 0,
  -0.1852941 -1.116339 0,
  -0.1851831 -1.116437 0,
  -0.1850453 -1.116512 0,
  -0.1279882 -1.110885 0,
  -0.1346626 -1.110093 0,
  -0.127574 -1.050907 0,
  -0.1304315 -1.049176 0,
  -0.116074 -1.040187 0,
  -0.1973102 -0.9406827 0,
  -0.1787854 -0.9420307 0,
  -0.1794453 -0.942324 0,
  -0.1847949 -1.111923 0,
  -0.1852465 -1.11288 0,
  -0.1854933 -1.114253 0,
  -0.1143406 -1.114764 0,
  -0.114278 -1.114348 0,
  -0.1162122 -1.043341 0,
  -0.1158402 -1.042714 0,
  -0.1161303 -1.11241 0,
  -0.1156087 -1.042115 0,
  -0.1155748 -1.112559 0,
  -0.1155323 -1.041652 0,
  -0.1150657 -1.112851 0,
  -0.1146661 -1.113231 0,
  -0.1801535 -0.9428705 0,
  -0.1807394 -0.9435913 0,
  -0.1810283 -0.944224 0,
  -0.1855433 -1.115096 0,
  -0.1855331 -1.115742 0,
  -0.1846358 -1.116626 0,
  -0.1838638 -1.116674 0,
  -0.1830681 -1.116594 0,
  -0.123589 -1.125361 0,
  -0.123078 -1.124831 0,
  -0.1154098 -1.116888 0,
  -0.1703165 -1.031948 0,
  -0.1703165 -0.9552299 0,
  -0.1281193 -0.9611441 0,
  -0.1167941 -1.044112 0,
  -0.1097472 -0.9566142 0,
  -0.108587 -0.9538906 0,
  -0.1087496 -0.9534114 0,
  -0.1090165 -0.9528937 0,
  -0.1780079 -0.9418961 0,
  -0.1765937 -0.9419787 0,
  -0.1812437 -0.9453618 0,
  -0.1811846 -0.9469705 0,
  -0.1810965 -0.9475539 0,
  -0.1143126 -1.113962 0,
  -0.1144441 -1.113577 0,
  -0.117515 -1.039347 0,
  -0.1182201 -1.039289 0,
  -0.1201917 -0.9639965 0,
  -0.124026 -0.9622059 0,
  -0.1817102 -1.107906 0,
  -0.1836508 -1.110251 0,
  -0.1155618 -1.041241 0,
  -0.1157193 -1.040761 0,
  -0.108887 -0.9554193 0,
  -0.1086303 -0.9547717 0,
  -0.1085559 -0.9542921 0,
  -0.1092181 -0.9526122 0,
  -0.1094169 -0.9524457 0,
  -0.1097295 -0.9522969 0,
  -0.109761 -0.9522862 0,
  -0.1105346 -0.9521303 0,
  -0.1114248 -0.9520839 0,
  -0.1776988 -1.115756 0,
  -0.1728866 -1.115163 0,
  -0.1680512 -1.115168 0,
  -0.114863 -1.115956 0,
  -0.1145252 -1.115276 0,
  -0.1584457 -0.945876 0,
  -0.1714492 -0.943611 0,
  -0.1745925 -0.9424531 0,
  -0.1792717 -0.9546902 0,
  -0.1785378 -0.9620252 0,
  -0.1785378 -0.9673941 0,
  -0.1672126 -1.115168 0,
  -0.1616693 -1.115304 0,
  -0.1561807 -1.116049 0,
  -0.1451075 -1.11802 0,
  -0.1353531 -1.119981 0,
  -0.1276543 -1.12278 0,
  -0.1156614 -0.9518323 0,
  -0.1371012 -0.9492051 0,
  -0.1785378 -1.104137 0,
  -0.1782441 -0.9744831 0,
  -0.1783654 -0.9709378 0,
  -0.1261476 -1.123683 0,
  -0.1243969 -1.124831 0,
  -0.1973102 -1.240157 0,
  -0.09825866 -1.240157 0,
  -0.3722425 -1.129346 0,
  -0.3702709 -1.131611 0,
  -0.3829713 -1.240157 0,
  -0.2983016 -1.240157 0,
  -0.3620496 -1.09818 0,
  -0.3208461 -0.961874 0,
  -0.3198941 -0.9622768 0,
  -0.2983016 -1.124831 0,
  -0.3648433 -1.124831 0,
  -0.357813 -1.116049 0,
  -0.2983016 -0.9406827 0,
  -0.3082752 -0.9495673 0,
  -0.3085996 -0.9489339 0,
  -0.3607445 -1.109834 0,
  -0.3619657 -1.101817 0,
  -0.3101634 -0.9535902 0,
  -0.3091154 -0.952439 0,
  -0.308637 -0.951572 0,
  -0.3084028 -0.9505949 0,
  -0.3132783 -0.9564547 0,
  -0.3694319 -0.9716307 0,
  -0.3694319 -1.099061 0,
  -0.3829713 -1.124831 0,
  -0.3620496 -0.9538039 0,
  -0.3402528 -0.9556299 0,
  -0.3298606 -0.9572244 0,
  -0.3263661 -0.958024 0,
  -0.3695953 -1.112877 0,
  -0.3714406 -1.124831 0,
  -0.3716969 -1.126494 0,
  -0.3243295 -0.9590047 0,
  -0.3217205 -0.9612563 0,
  -0.3691425 -0.942363 0,
  -0.3695555 -0.9425272 0,
  -0.3829713 -0.9406827 0,
  -0.3698921 -0.9427673 0,
  -0.3702614 -0.9431957 0,
  -0.3707067 -0.9440055 0,
  -0.3709055 -0.9447622 0,
  -0.370902 -0.9463433 0,
  -0.3701122 -0.9532508 0,
  -0.3699776 -0.9549362 0,
  -0.3088327 -0.9486748 0,
  -0.3092209 -0.948415 0,
  -0.3099169 -0.9481555 0,
  -0.3109591 -0.9480193 0,
  -0.31595 -0.9479 0,
  -0.3231173 -0.9468803 0,
  -0.3417626 -0.9449512 0,
  -0.3479138 -0.94445 0,
  -0.3597846 -0.9433173 0,
  -0.368572 -0.9422728 0,
  -0.3677811 -0.942328 0,
  -0.366328 -0.942772 0,
  0.9017413 -0.8502811 0,
  1.393701 -0.8502811 0,
  1.393701 1.043307 0,
  0.9017413 1.240157 0,
  0.9017413 1.043307 0,
  0.8026898 1.240157 0,
  0.8026898 1.043307 0,
  0.7016984 1.240157 0,
  0.7016984 1.043307 0,
  0.6170283 1.240157 0,
  0.6170283 1.043307 0,
  0.6062992 1.043307 0,
  0.6062992 -0.8502811 0,
  0.6170283 -0.8921827 0,
  0.6170283 -0.8502811 0,
  0.7016984 -0.8921827 0,
  0.7016984 -0.8502811 0,
  0.8026898 -0.8921827 0,
  0.8026898 -0.8502811 0,
  0.9017413 -0.8921827 0,
  1.075904 -1.016638 0,
  1.037398 -1.007326 0,
  1.092598 -0.9478472 0,
  1.028337 -0.9651291 0,
  1.093845 -0.9406827 0,
  0.9262756 -0.9405874 0,
  0.9260323 -0.9405071 0,
  1.020422 -0.9340902 0,
  1.020205 -0.9341079 0,
  1.097149 -0.9353665 0,
  1.09702 -0.9350555 0,
  1.020636 -0.9341236 0,
  1.019994 -0.9341811 0,
  1.019815 -0.9342972 0,
  1.019622 -0.9344969 0,
  1.097674 -0.9390807 0,
  1.097566 -0.9375945 0,
  1.018588 -0.9406827 0,
  0.9264386 -0.9406827 0,
  1.018761 -0.9390587 0,
  1.019252 -0.9355063 0,
  1.019454 -0.9347866 0,
  1.096877 -0.9348445 0,
  1.096692 -0.9346795 0,
  1.096469 -0.9345622 0,
  1.096264 -0.9345106 0,
  1.09605 -0.9345102 0,
  1.020864 -0.9342217 0,
  1.097404 -0.9365457 0,
  1.097268 -0.9358193 0,
  1.021683 -0.9351768 0,
  1.021391 -0.9347224 0,
  1.021111 -0.9344098 0,
  1.095492 -0.9347299 0,
  1.095247 -0.9349382 0,
  1.023336 -0.9406827 0,
  1.095005 -0.93525 0,
  1.094761 -0.935778 0,
  1.024059 -0.943611 0,
  1.09457 -0.936522 0,
  1.09579 -0.934574 0,
  1.022381 -0.9368157 0,
  1.022001 -0.9358386 0,
  1.099281 -0.9654681 0,
  1.099612 -0.9650224 0,
  1.5 -1.124831 0,
  1.099775 -0.964702 0,
  1.099846 -0.9644039 0,
  1.5 -0.9406827 0,
  1.09984 -0.9633579 0,
  1.099398 -0.9567047 0,
  1.099393 -0.9566142 0,
  1.098261 -0.9439047 0,
  1.097869 -0.9406827 0,
  1.059168 -1.127626 0,
  1.0598 -1.124831 0,
  1.086642 -1.006194 0,
  1.090039 -0.9920161 0,
  1.091544 -0.9853169 0,
  1.093437 -0.9787193 0,
  1.095409 -0.9733504 0,
  1.097206 -0.9683087 0,
  1.0984 -0.9665102 0,
  0.9017413 -1.240157 0,
  0.9017413 -1.124831 0,
  1.054621 -1.124831 0,
  0.9127476 -0.9549378 0,
  0.9128768 -0.9550752 0,
  0.9785953 -0.9548988 0,
  0.9731268 -0.9508803 0,
  0.9124142 -0.9531453 0,
  0.912326 -0.9534453 0,
  0.9670929 -1.120852 0,
  0.97345 -1.119315 0,
  0.9786591 -1.116618 0,
  0.9833339 -1.112465 0,
  0.9878524 -1.105929 0,
  0.9140185 -0.9553268 0,
  0.9234736 -1.103591 0,
  0.9133189 -0.9552705 0,
  0.9130429 -0.9551795 0,
  0.9120559 -1.113487 0,
  0.9120764 -1.114151 0,
  0.9122776 -1.114873 0,
  0.9125417 -1.115343 0,
  1.017012 -0.9543492 0,
  1.016629 -0.9598484 0,
  0.983539 -0.9607906 0,
  0.924722 -0.9407858 0,
  0.9228811 -0.9421024 0,
  0.9188154 -0.9458772 0,
  0.9197827 -1.105563 0,
  0.9147071 -1.109799 0,
  0.9150008 -0.9552299 0,
  0.9189437 -0.9552299 0,
  0.9234736 -0.9552299 0,
  0.9678016 -0.9487508 0,
  0.9472567 -0.9455823 0,
  0.9347992 -0.9441563 0,
  0.9582886 -1.121418 0,
  0.9520114 -1.120902 0,
  0.9894102 -0.9712909 0,
  1.016743 -0.9624551 0,
  1.017284 -0.9640291 0,
  0.9123126 -0.9537598 0,
  0.9123831 -0.9541319 0,
  0.9126091 -0.9547035 0,
  0.9215685 -1.104468 0,
  0.9134504 -1.110798 0,
  0.9126941 -1.111766 0,
  0.9122039 -1.112806 0,
  1.018396 -0.9424783 0,
  0.930174 -0.9429181 0,
  0.9271984 -0.9411256 0,
  0.913411 -0.9517193 0,
  0.9129386 -0.952322 0,
  0.9126094 -0.9527965 0,
  0.9175173 -0.947302 0,
  0.9141197 -0.9509512 0,
  0.9291362 -1.116049 0,
  0.9350925 -1.116594 0,
  0.9458307 -1.119698 0,
  0.9922492 -1.094382 0,
  0.9963858 -1.06268 0,
  1.026072 -0.9926031 0,
  0.9976752 -1.023433 0,
  1.022983 -0.9800535 0,
  0.9948102 -0.990022 0,
  1.019277 -0.9676878 0,
  1.017851 -0.9651291 0,
  0.9129339 -1.115761 0,
  0.9132811 -1.116049 0,
  0.9183984 -1.115168 0,
  0.9243126 -1.115168 0,
  0.926724 -1.115611 0,
  0.8146106 -1.116202 0,
  0.8147059 -1.116339 0,
  0.8026898 -1.124831 0,
  0.883526 -1.039794 0,
  0.8830307 -1.039503 0,
  0.8823252 -0.9654224 0,
  0.8145201 -1.115987 0,
  0.8296835 -1.041847 0,
  0.8534665 -1.044951 0,
  0.8296835 -1.104137 0,
  0.8632823 -1.046943 0,
  0.8749846 -1.052334 0,
  0.8832059 -1.112358 0,
  0.878676 -1.11177 0,
  0.8148169 -1.116437 0,
  0.8149547 -1.116512 0,
  0.8153642 -1.116626 0,
  0.8720114 -1.110885 0,
  0.8653374 -1.110093 0,
  0.872426 -1.050907 0,
  0.8695685 -1.049176 0,
  0.8839256 -1.040187 0,
  0.8026898 -0.9406827 0,
  0.8212146 -0.9420307 0,
  0.8205547 -0.942324 0,
  0.8152051 -1.111923 0,
  0.8147535 -1.11288 0,
  0.8145067 -1.114253 0,
  0.8856594 -1.114764 0,
  0.8857224 -1.114348 0,
  0.8837878 -1.043341 0,
  0.8841598 -1.042714 0,
  0.8838697 -1.11241 0,
  0.8843913 -1.042115 0,
  0.8844252 -1.112559 0,
  0.8844677 -1.041652 0,
  0.8849343 -1.112851 0,
  0.8853339 -1.113231 0,
  0.8198465 -0.9428705 0,
  0.8192602 -0.9435913 0,
  0.8189717 -0.944224 0,
  0.8144567 -1.115096 0,
  0.8144669 -1.115742 0,
  0.876922 -1.124831 0,
  0.8845902 -1.116888 0,
  0.8296835 -1.031948 0,
  0.8296835 -0.9552299 0,
  0.8718807 -0.9611441 0,
  0.8832059 -1.044112 0,
  0.8902528 -0.9566142 0,
  0.891413 -0.9538906 0,
  0.8912504 -0.9534114 0,
  0.8909839 -0.9528937 0,
  0.8219921 -0.9418961 0,
  0.8234063 -0.9419787 0,
  0.8187563 -0.9453618 0,
  0.818815 -0.9469705 0,
  0.8189035 -0.9475539 0,
  0.8856874 -1.113962 0,
  0.8855563 -1.113577 0,
  0.882485 -1.039347 0,
  0.8817799 -1.039289 0,
  0.8798083 -0.9639965 0,
  0.875974 -0.9622059 0,
  0.8182894 -1.107906 0,
  0.8163492 -1.110251 0,
  0.8161362 -1.116674 0,
  0.8169319 -1.116594 0,
  0.8223012 -1.115756 0,
  0.8844386 -1.041241 0,
  0.8842807 -1.040761 0,
  0.891113 -0.9554193 0,
  0.8913697 -0.9547717 0,
  0.8914441 -0.9542921 0,
  0.8907819 -0.9526122 0,
  0.8905831 -0.9524457 0,
  0.8902705 -0.9522969 0,
  0.890239 -0.9522862 0,
  0.8894654 -0.9521303 0,
  0.8885752 -0.9520839 0,
  0.8271134 -1.115163 0,
  0.8319484 -1.115168 0,
  0.8327874 -1.115168 0,
  0.885137 -1.115956 0,
  0.8854748 -1.115276 0,
  0.8548929 -1.11802 0,
  0.8646472 -1.119981 0,
  0.8415539 -0.945876 0,
  0.8285512 -0.943611 0,
  0.8254075 -0.9424531 0,
  0.8207283 -0.9546902 0,
  0.8214622 -0.9620252 0,
  0.8214622 -0.9673941 0,
  0.8383307 -1.115304 0,
  0.8438193 -1.116049 0,
  0.8723457 -1.12278 0,
  0.8738524 -1.123683 0,
  0.8756031 -1.124831 0,
  0.8843386 -0.9518323 0,
  0.8628988 -0.9492051 0,
  0.8214622 -1.104137 0,
  0.8217559 -0.9744831 0,
  0.821635 -0.9709378 0,
  0.876411 -1.125361 0,
  0.8026898 -1.240157 0,
  0.6277579 -1.129346 0,
  0.6297291 -1.131611 0,
  0.6170283 -1.240157 0,
  0.7016984 -1.240157 0,
  0.6379504 -1.09818 0,
  0.6791539 -0.961874 0,
  0.6801059 -0.9622768 0,
  0.7016984 -1.124831 0,
  0.6351567 -1.124831 0,
  0.642187 -1.116049 0,
  0.7016984 -0.9406827 0,
  0.6917248 -0.9495673 0,
  0.6914004 -0.9489339 0,
  0.6392555 -1.109834 0,
  0.6380343 -1.101817 0,
  0.6898366 -0.9535902 0,
  0.6908846 -0.952439 0,
  0.691363 -0.951572 0,
  0.6915972 -0.9505949 0,
  0.6867217 -0.9564547 0,
  0.6305681 -0.9716307 0,
  0.6305681 -1.099061 0,
  0.6170283 -1.124831 0,
  0.6379504 -0.9538039 0,
  0.6597469 -0.9556299 0,
  0.6701394 -0.9572244 0,
  0.6736339 -0.958024 0,
  0.6304051 -1.112877 0,
  0.6285594 -1.124831 0,
  0.6283031 -1.126494 0,
  0.6756705 -0.9590047 0,
  0.6782795 -0.9612563 0,
  0.6308575 -0.942363 0,
  0.6304449 -0.9425272 0,
  0.6170283 -0.9406827 0,
  0.6301083 -0.9427673 0,
  0.6297386 -0.9431957 0,
  0.6292929 -0.9440055 0,
  0.6290941 -0.9447622 0,
  0.6290976 -0.9463433 0,
  0.6298878 -0.9532508 0,
  0.6300228 -0.9549362 0,
  0.6911673 -0.9486748 0,
  0.6907791 -0.948415 0,
  0.6900831 -0.9481555 0,
  0.6890409 -0.9480193 0,
  0.68405 -0.9479 0,
  0.6768823 -0.9468803 0,
  0.6582374 -0.9449512 0,
  0.6520862 -0.94445 0,
  0.6402157 -0.9433173 0,
  0.631428 -0.9422728 0,
  0.6322189 -0.942328 0,
  0.633672 -0.942772 0,
  2.054621 -1.124831 0,
  2.055225 -1.127626 0,
  2.007128 -1.240157 0,
  2.5 -1.240157 0,
  1.055225 -1.127626 0,
  1.5 -1.240157 0,
  0.05462126 -1.124831 0,
  0.0552248 -1.127626 0,
  0.007127953 -1.240157 0,
  0.5 -1.240157 0,
  -0.5 -1.240157 0,
  -0.5 -1.124831 0,
  2.782327 -1.121124 0,
  2.786563 -1.121124 0,
  2.786563 -1.045539 0,
  2.743223 -0.9436339 0,
  2.736672 -0.9474547 0,
  2.731948 -0.9522803 0,
  2.725469 -0.9628528 0,
  2.762341 -1.122072 0,
  2.76887 -1.118464 0,
  2.720877 -1.018903 0,
  2.784844 -0.9960008 0,
  2.721915 -1.063926 0,
  2.78627 -1.010976 0,
  2.724475 -1.078707 0,
  2.788656 -0.9769114 0,
  2.785424 -0.9642484 0,
  2.771453 -0.9453594 0,
  2.76464 -0.9421957 0,
  2.757957 -0.9410524 0,
  2.750714 -0.9413114 0,
  2.717556 -0.9865551 0,
  2.71447 -1.005756 0,
  2.714375 -1.06282 0,
  2.721203 -1.093494 0,
  2.727217 -1.107001 0,
  2.732981 -1.114509 0,
  2.741769 -1.121313 0,
  2.754014 -0.9504063 0,
  2.727882 -0.978448 0,
  2.7908 -1.010724 0,
  2.780568 -0.9544465 0,
  2.776889 -0.9497417 0,
  2.774505 -1.113361 0,
  2.777797 -1.10896 0,
  2.780314 -1.10443 0,
  2.771684 -0.9567732 0,
  2.77585 -0.9615697 0,
  2.760563 -1.113971 0,
  2.740535 -1.109872 0,
  2.735975 -1.10541 0,
  2.778802 -1.085419 0,
  2.781194 -1.045539 0,
  2.745951 -1.123366 0,
  2.750026 -1.124189 0,
  2.754014 -1.124228 0,
  2.76036 -0.9508898 0,
  2.766611 -0.9532146 0,
  2.77955 -0.9689244 0,
  2.783607 -0.987626 0,
  2.756279 -1.114917 0,
  2.750392 -1.114555 0,
  2.745316 -1.112852 0,
  2.742706 -0.9540547 0,
  2.738624 -0.9577984 0,
  2.732157 -0.9669185 0,
  2.746334 -0.9519189 0,
  2.750072 -0.9507882 0,
  2.77531 -1.098261 0,
  2.771757 -1.105224 0,
  2.768323 -1.109337 0,
  2.731088 -1.097746 0,
  2.76455 -1.112205 0,
  1.782327 -1.121124 0,
  1.786563 -1.121124 0,
  1.786563 -1.045539 0,
  1.743223 -0.9436339 0,
  1.736672 -0.9474547 0,
  1.731948 -0.9522803 0,
  1.725469 -0.9628528 0,
  1.762342 -1.122072 0,
  1.76887 -1.118464 0,
  1.720877 -1.018903 0,
  1.784844 -0.9960008 0,
  1.721915 -1.063926 0,
  1.78627 -1.010976 0,
  1.724475 -1.078707 0,
  1.788656 -0.9769114 0,
  1.785424 -0.9642484 0,
  1.771453 -0.9453594 0,
  1.76464 -0.9421957 0,
  1.757957 -0.9410524 0,
  1.750714 -0.9413114 0,
  1.717556 -0.9865551 0,
  1.71447 -1.005756 0,
  1.714375 -1.06282 0,
  1.721203 -1.093494 0,
  1.727217 -1.107001 0,
  1.732981 -1.114509 0,
  1.741769 -1.121313 0,
  1.754014 -0.9504063 0,
  1.727882 -0.978448 0,
  1.7908 -1.010724 0,
  1.780568 -0.9544465 0,
  1.776889 -0.9497417 0,
  1.774506 -1.113361 0,
  1.777797 -1.10896 0,
  1.780314 -1.10443 0,
  1.771684 -0.9567732 0,
  1.77585 -0.9615697 0,
  1.760563 -1.113971 0,
  1.740535 -1.109872 0,
  1.735975 -1.10541 0,
  1.778802 -1.085419 0,
  1.781194 -1.045539 0,
  1.745952 -1.123366 0,
  1.750026 -1.124189 0,
  1.754014 -1.124228 0,
  1.76036 -0.9508898 0,
  1.766611 -0.9532146 0,
  1.779549 -0.9689244 0,
  1.783607 -0.987626 0,
  1.756279 -1.114917 0,
  1.750392 -1.114555 0,
  1.745316 -1.112852 0,
  1.742706 -0.9540547 0,
  1.738624 -0.9577984 0,
  1.732157 -0.9669185 0,
  1.746334 -0.9519189 0,
  1.750072 -0.9507882 0,
  1.77531 -1.098261 0,
  1.771757 -1.105224 0,
  1.768323 -1.109337 0,
  1.731088 -1.097746 0,
  1.76455 -1.112205 0,
  0.7823272 -1.121124 0,
  0.7865634 -1.121124 0,
  0.7865634 -1.045539 0,
  0.7432228 -0.9436339 0,
  0.736672 -0.9474547 0,
  0.7319476 -0.9522803 0,
  0.7254685 -0.9628528 0,
  0.7623417 -1.122072 0,
  0.7688697 -1.118464 0,
  0.7208768 -1.018903 0,
  0.7848437 -0.9960008 0,
  0.721915 -1.063926 0,
  0.7862701 -1.010976 0,
  0.7244752 -1.078707 0,
  0.7886555 -0.9769114 0,
  0.7854236 -0.9642484 0,
  0.7714528 -0.9453594 0,
  0.7646398 -0.9421957 0,
  0.7579567 -0.9410524 0,
  0.7507142 -0.9413114 0,
  0.7175559 -0.9865551 0,
  0.7144705 -1.005756 0,
  0.7143752 -1.06282 0,
  0.7212028 -1.093494 0,
  0.7272173 -1.107001 0,
  0.7329811 -1.114509 0,
  0.7417693 -1.121313 0,
  0.7540138 -0.9504063 0,
  0.7278823 -0.978448 0,
  0.7908 -1.010724 0,
  0.7805677 -0.9544465 0,
  0.776889 -0.9497417 0,
  0.7745055 -1.113361 0,
  0.7777969 -1.10896 0,
  0.7803138 -1.10443 0,
  0.7716839 -0.9567732 0,
  0.77585 -0.9615697 0,
  0.760563 -1.113971 0,
  0.7405346 -1.109872 0,
  0.7359748 -1.10541 0,
  0.7788016 -1.085419 0,
  0.7811945 -1.045539 0,
  0.7459516 -1.123366 0,
  0.750026 -1.124189 0,
  0.7540138 -1.124228 0,
  0.7603598 -0.9508898 0,
  0.7666106 -0.9532146 0,
  0.7795492 -0.9689244 0,
  0.7836075 -0.987626 0,
  0.7562787 -1.114917 0,
  0.7503917 -1.114555 0,
  0.7453157 -1.112852 0,
  0.7427059 -0.9540547 0,
  0.738624 -0.9577984 0,
  0.7321575 -0.9669185 0,
  0.7463339 -0.9519189 0,
  0.7500717 -0.9507882 0,
  0.7753098 -1.098261 0,
  0.7717571 -1.105224 0,
  0.7683232 -1.109337 0,
  0.7310878 -1.097746 0,
  0.7645504 -1.112205 0,
  -0.2176732 -1.121124 0,
  -0.2134366 -1.121124 0,
  -0.2134366 -1.045539 0,
  -0.2567772 -0.9436339 0,
  -0.263328 -0.9474547 0,
  -0.2680524 -0.9522803 0,
  -0.2745315 -0.9628528 0,
  -0.2376583 -1.122072 0,
  -0.2311303 -1.118464 0,
  -0.2791232 -1.018903 0,
  -0.2151563 -0.9960008 0,
  -0.278085 -1.063926 0,
  -0.2137303 -1.010976 0,
  -0.2755248 -1.078707 0,
  -0.2113445 -0.9769114 0,
  -0.2145764 -0.9642484 0,
  -0.2285472 -0.9453594 0,
  -0.2353602 -0.9421957 0,
  -0.2420433 -0.9410524 0,
  -0.2492858 -0.9413114 0,
  -0.2824441 -0.9865551 0,
  -0.2855295 -1.005756 0,
  -0.2856248 -1.06282 0,
  -0.2787972 -1.093494 0,
  -0.2727827 -1.107001 0,
  -0.2670189 -1.114509 0,
  -0.2582307 -1.121313 0,
  -0.2459862 -0.9504063 0,
  -0.2721177 -0.978448 0,
  -0.2092 -1.010724 0,
  -0.2194323 -0.9544465 0,
  -0.223111 -0.9497417 0,
  -0.2254949 -1.113361 0,
  -0.2222031 -1.10896 0,
  -0.2196862 -1.10443 0,
  -0.2283161 -0.9567732 0,
  -0.22415 -0.9615697 0,
  -0.2394366 -1.113971 0,
  -0.2594654 -1.109872 0,
  -0.2640252 -1.10541 0,
  -0.2211984 -1.085419 0,
  -0.2188055 -1.045539 0,
  -0.2540484 -1.123366 0,
  -0.249974 -1.124189 0,
  -0.2459862 -1.124228 0,
  -0.2396402 -0.9508898 0,
  -0.2333894 -0.9532146 0,
  -0.2204508 -0.9689244 0,
  -0.2163925 -0.987626 0,
  -0.2437213 -1.114917 0,
  -0.2496083 -1.114555 0,
  -0.2546843 -1.112852 0,
  -0.2572941 -0.9540547 0,
  -0.261376 -0.9577984 0,
  -0.2678425 -0.9669185 0,
  -0.2536661 -0.9519189 0,
  -0.2499283 -0.9507882 0,
  -0.2246902 -1.098261 0,
  -0.2282429 -1.105224 0,
  -0.2316768 -1.109337 0,
  -0.2689122 -1.097746 0,
  -0.2354492 -1.112205 0,
  -0.5 -0.9406827 0,
  -0.4330709 -1.240157 0.2355783,
  -0.4330709 -1.240157 1.968504,
  -0.5 -1.240157 1.968504,
  3.5 -1.240157 1.968504,
  3.433071 -1.240157 0.2355783,
  3.433071 -1.240157 1.968504,
  0.5669291 -1.240157 1.968504,
  0.4330709 -1.240157 1.968504,
  0.5669291 -1.240157 0.2355783,
  0.4330709 -1.240157 0.2355783,
  2.566929 -1.240157 1.968504,
  2.433071 -1.240157 1.968504,
  2.566929 -1.240157 0.2355783,
  2.433071 -1.240157 0.2355783,
  1.566929 -1.240157 1.968504,
  1.433071 -1.240157 1.968504,
  1.566929 -1.240157 0.2355783,
  1.433071 -1.240157 0.2355783,
  0.2362205 1.240157 1.181102,
  0.7637795 1.240157 1.181102,
  0.2362205 1.240157 0.7874016,
  0.7637795 1.240157 0.7874016,
  1.23622 1.240157 1.181102,
  1.76378 1.240157 1.181102,
  1.23622 1.240157 0.7874016,
  1.76378 1.240157 0.7874016,
  2.23622 1.240157 1.181102,
  2.76378 1.240157 1.181102,
  2.23622 1.240157 0.7874016,
  2.76378 1.240157 0.7874016,
  -0.5 1.240157 1.181102,
  -0.2362205 1.240157 1.181102,
  -0.2362205 1.240157 0.7874016,
  3.23622 1.240157 1.181102,
  3.5 1.240157 1.181102,
  3.23622 1.240157 0.7874016,
  0.7637795 1.043307 1.867601,
  -0.2362205 1.043307 1.867601,
  -0.5 0.5853846 3.464567,
  0.2362205 1.043307 1.867601,
  3.5 0.5853846 3.464567,
  2.76378 1.043307 1.867601,
  3.23622 1.043307 1.867601,
  2.23622 1.043307 1.867601,
  1.76378 1.043307 1.867601,
  1.23622 1.043307 1.867601,
  1 -0.4407563 3.464567,
  0.1151516 -0.4255961 3.464567,
  0 -0.4407563 3.464567,
  3.5 -0.577074 3.464567,
  3.385305 -0.2183004 3.464567,
  3.3146 -0.3104445 3.464567,
  3.222456 -0.3811492 3.464567,
  3.115152 -0.4255961 3.464567,
  3 -0.4407563 3.464567,
  -0.5 -0.577074 3.464567,
  -0.1151516 -0.4255961 3.464567,
  0.2224559 -0.3811492 3.464567,
  0.8848484 -0.4255961 3.464567,
  0.7775441 -0.3811492 3.464567,
  2 -0.4407563 3.464567,
  2.115152 -0.4255961 3.464567,
  2.222456 -0.3811492 3.464567,
  2.884848 -0.4255961 3.464567,
  2.777544 -0.3811492 3.464567,
  2.385305 -0.2183004 3.464567,
  2.614695 -0.2183004 3.464567,
  2.429752 -0.1109961 3.464567,
  2.570248 -0.1109961 3.464567,
  2.444911 0.004155512 3.464567,
  2.555089 0.004155512 3.464567,
  2.429752 0.1193071 3.464567,
  2.570248 0.1193071 3.464567,
  2.385305 0.226611 3.464567,
  2.614695 0.226611 3.464567,
  2.3146 -0.3104445 3.464567,
  2.6854 -0.3104445 3.464567,
  3 0.4490669 3.464567,
  3.115152 0.4339067 3.464567,
  0.6854 -0.3104445 3.464567,
  0.6146953 -0.2183004 3.464567,
  0.3146 -0.3104445 3.464567,
  0.3853047 -0.2183004 3.464567,
  -0.2224559 -0.3811492 3.464567,
  -0.3146 -0.3104445 3.464567,
  -0.3853047 -0.2183004 3.464567,
  -0.4297516 -0.1109961 3.464567,
  -0.4449114 0.004155512 3.464567,
  -0.4297516 0.1193071 3.464567,
  1.115152 0.4339067 3.464567,
  1.222456 0.3894598 3.464567,
  2.884848 0.4339067 3.464567,
  3.222456 0.3894598 3.464567,
  3.3146 0.3187551 3.464567,
  3.385305 0.226611 3.464567,
  1.115152 -0.4255961 3.464567,
  1.222456 -0.3811492 3.464567,
  1.884848 -0.4255961 3.464567,
  1.777544 -0.3811492 3.464567,
  -0.3853047 0.226611 3.464567,
  -0.3146 0.3187551 3.464567,
  -0.2224559 0.3894598 3.464567,
  1 0.4490669 3.464567,
  2.777544 0.3894598 3.464567,
  2.115152 0.4339067 3.464567,
  2 0.4490669 3.464567,
  1.884848 0.4339067 3.464567,
  1.3146 0.3187551 3.464567,
  1.777544 0.3894598 3.464567,
  3.429752 0.1193071 3.464567,
  3.444911 0.004155512 3.464567,
  3.429752 -0.1109961 3.464567,
  2.6854 0.3187551 3.464567,
  2.222456 0.3894598 3.464567,
  2.3146 0.3187551 3.464567,
  1.6854 -0.3104445 3.464567,
  1.614695 -0.2183004 3.464567,
  1.3146 -0.3104445 3.464567,
  1.385305 -0.2183004 3.464567,
  0.1151516 0.4339067 3.464567,
  0.2224559 0.3894598 3.464567,
  0.8848484 0.4339067 3.464567,
  0.3146 0.3187551 3.464567,
  0.7775441 0.3894598 3.464567,
  0.3853047 0.226611 3.464567,
  0.6854 0.3187551 3.464567,
  -0.1151516 0.4339067 3.464567,
  0 0.4490669 3.464567,
  0.4297516 -0.1109961 3.464567,
  0.5702484 -0.1109961 3.464567,
  0.4449114 0.004155512 3.464567,
  0.5550886 0.004155512 3.464567,
  0.4297516 0.1193071 3.464567,
  0.5702484 0.1193071 3.464567,
  0.6146953 0.226611 3.464567,
  1.429752 -0.1109961 3.464567,
  1.570248 -0.1109961 3.464567,
  1.444911 0.004155512 3.464567,
  1.555089 0.004155512 3.464567,
  1.429752 0.1193071 3.464567,
  1.570248 0.1193071 3.464567,
  1.385305 0.226611 3.464567,
  1.614695 0.226611 3.464567,
  1.6854 0.3187551 3.464567,
  -0.5 -0.9251969 2.165354,
  3.5 -0.9251969 2.165354,
  -0.5 -1.043307 2.165354,
  3.5 -1.043307 2.165354,
  1.422075 -1.229161 2.033375,
  -0.5 -1.213785 2.066929,
  0.5779252 -1.229161 2.033375,
  0.4220748 -1.229161 2.033375,
  0.5736366 -1.23345 2.019452,
  2.573637 -1.23345 2.019452,
  2.577925 -1.229161 2.033375,
  2.422075 -1.229161 2.033375,
  1.577925 -1.229161 2.033375,
  1.573637 -1.23345 2.019452,
  3.422075 -1.229161 2.033375,
  3.5 -1.213785 2.066929,
  3.5 -1.23345 2.019452,
  0.4313866 -1.238473 1.994198,
  0.4263634 -1.23345 2.019452,
  0.5686134 -1.238473 1.994198,
  -0.5 -1.23345 2.019452,
  -0.431387 -1.238473 1.994198,
  -0.4263634 -1.23345 2.019452,
  -0.4220748 -1.229161 2.033375,
  3.431387 -1.238473 1.994198,
  3.426363 -1.23345 2.019452,
  2.431387 -1.238473 1.994198,
  2.426363 -1.23345 2.019452,
  2.568613 -1.238473 1.994198,
  1.431387 -1.238473 1.994198,
  1.426363 -1.23345 2.019452,
  1.568613 -1.238473 1.994198,
  3.5 -1.182501 2.107698,
  -0.5 -1.182501 2.107698,
  3.5 -1.141732 2.138981,
  -0.5 -1.141732 2.138981,
  3.5 -1.094256 2.158647,
  -0.5 -1.094256 2.158647,
  1.393701 -0.7763303 0.5542563,
  1.23622 -0.7763303 0.5542563,
  0.7637795 -0.7763303 0.5542563,
  0.6062992 -0.7763303 0.5542563,
  0.7637795 -0.7763303 1.303448,
  0.6062992 -0.7763303 1.529214,
  1.23622 -0.7763303 1.303448,
  1.393701 -0.7763303 1.529214,
  0.6062992 -0.6281126 1.529214,
  1.393701 -0.6281126 1.529214,
  0.6062992 -0.6281126 2.643471,
  1.393701 -0.6281126 2.643471,
  0.6062992 0.6635303 2.643471,
  1.393701 0.6635303 2.643471,
  0.6062992 0.6635303 2.477876,
  1.393701 0.6635303 2.477876,
  0.6062992 0.822313 1.924134,
  1.393701 0.822313 1.924134,
  1.098425 0.822313 1.52215,
  1.393701 0.822313 1.52215,
  1.098425 0.822313 1.543287,
  0.9015748 0.822313 1.543287,
  0.9015748 0.822313 1.52215,
  0.6062992 0.822313 1.52215,
  1.098425 0.8788354 1.52215,
  1.393701 1.043307 1.52215,
  0.6062992 1.043307 1.52215,
  0.7637795 1.043307 1.52215,
  0.9015748 0.8788354 1.52215,
  1.23622 1.043307 1.52215,
  0.7637795 1.043307 0.7874016,
  1.23622 1.043307 0.7874016,
  1.117619 0.2078772 2.681763,
  1.159806 0.280948 2.681763,
  1.060884 0.2313776 2.681763,
  1.082722 0.3128776 2.681763,
  1 0.2393929 2.681763,
  1 0.3237681 2.681763,
  0.9391161 0.2313776 2.681763,
  0.917278 0.3128776 2.681763,
  0.8823811 0.2078772 2.681763,
  0.8401937 0.280948 2.681763,
  0.8336618 0.1704937 2.681763,
  0.7739996 0.2301559 2.681763,
  0.796278 0.1217744 2.681763,
  0.7232071 0.1639618 2.681763,
  0.772778 0.06503937 2.681763,
  0.6912776 0.08687717 2.681763,
  0.7647622 0.004155512 2.681763,
  0.680387 0.004155512 2.681763,
  0.772778 -0.05672874 2.681763,
  0.6912776 -0.07856654 2.681763,
  0.796278 -0.1134634 2.681763,
  0.7232071 -0.1556512 2.681763,
  0.8336618 -0.1621827 2.681763,
  0.7739996 -0.2218453 2.681763,
  0.8823811 -0.1995665 2.681763,
  0.8401937 -0.2726374 2.681763,
  0.9391161 -0.2230669 2.681763,
  0.917278 -0.3045669 2.681763,
  1 -0.2310823 2.681763,
  1 -0.3154575 2.681763,
  1.060884 -0.2230669 2.681763,
  1.082722 -0.3045669 2.681763,
  1.117619 -0.1995665 2.681763,
  1.159806 -0.2726374 2.681763,
  1.166338 -0.1621827 2.681763,
  1.226 -0.2218453 2.681763,
  1.203722 -0.1134634 2.681763,
  1.276793 -0.1556512 2.681763,
  1.227222 -0.05672874 2.681763,
  1.308722 -0.07856654 2.681763,
  1.235238 0.004155512 2.681763,
  1.319613 0.004155512 2.681763,
  1.227222 0.06503937 2.681763,
  1.308722 0.08687717 2.681763,
  1.203722 0.1217744 2.681763,
  1.276793 0.1639618 2.681763,
  1.166338 0.1704937 2.681763,
  1.226 0.2301559 2.681763,
  1.319613 0.004155512 2.798277,
  1.308722 0.08687717 2.798277,
  1.276793 0.1639618 2.798277,
  1.226 0.2301559 2.798277,
  1.159806 0.280948 2.798277,
  1.082722 0.3128776 2.798277,
  1 0.3237681 2.798277,
  0.917278 0.3128776 2.798277,
  0.8401937 0.280948 2.798277,
  0.7739996 0.2301559 2.798277,
  0.7232071 0.1639618 2.798277,
  0.6912776 0.08687717 2.798277,
  0.680387 0.004155512 2.798277,
  0.6912776 -0.07856654 2.798277,
  0.7232071 -0.1556512 2.798277,
  0.7739996 -0.2218453 2.798277,
  0.8401937 -0.2726374 2.798277,
  0.917278 -0.3045669 2.798277,
  1 -0.3154575 2.798277,
  1.082722 -0.3045669 2.798277,
  1.159806 -0.2726374 2.798277,
  1.226 -0.2218453 2.798277,
  1.276793 -0.1556512 2.798277,
  1.308722 -0.07856654 2.798277,
  1.385305 0.226611 2.798277,
  1.3146 0.3187551 2.798277,
  1.222456 0.3894598 2.798277,
  1.115152 0.4339067 2.798277,
  1 0.4490669 2.798277,
  0.8848484 0.4339067 2.798277,
  0.7775441 0.3894598 2.798277,
  0.6854 0.3187551 2.798277,
  0.6146953 0.226611 2.798277,
  0.5702484 0.1193071 2.798277,
  0.5550886 0.004155512 2.798277,
  0.5702484 -0.1109961 2.798277,
  0.6146953 -0.2183004 2.798277,
  0.6854 -0.3104445 2.798277,
  0.7775441 -0.3811492 2.798277,
  0.8848484 -0.4255961 2.798277,
  1 -0.4407563 2.798277,
  1.115152 -0.4255961 2.798277,
  1.222456 -0.3811492 2.798277,
  1.3146 -0.3104445 2.798277,
  1.385305 -0.2183004 2.798277,
  1.429752 -0.1109961 2.798277,
  1.444911 0.004155512 2.798277,
  1.429752 0.1193071 2.798277,
  0.6883728 0.1025807 3.220473,
  1.311627 0.1025807 3.220473,
  1.29828 0.137678 3.220473,
  0.7733004 0.2395409 3.220473,
  0.732615 0.1920496 3.220473,
  0.7017205 0.137678 3.220473,
  1.267385 0.1920496 3.220473,
  1.2267 0.2395409 3.220473,
  1.177713 0.278413 3.220473,
  0.9377508 0.3249732 3.220473,
  0.8777815 0.3072421 3.220473,
  1 0.3309567 3.220473,
  1.062249 0.3249732 3.220473,
  1.122219 0.3072421 3.220473,
  0.8222874 0.278413 3.220473,
  0.6065839 0.1025807 3.023622,
  0.6065839 0.1025807 3.141733,
  0.6087843 0.1089417 3.141733,
  1.393416 -0.09426969 3.023622,
  1.391723 -0.1008067 2.907994,
  1.405541 0.004155512 3.023622,
  1.405541 0.004155512 2.907994,
  1.393416 0.1025807 3.023622,
  1.391723 0.1091173 2.907994,
  0.6082772 0.1091173 2.907994,
  0.5944587 0.004155512 3.023622,
  0.5944587 0.004155512 2.907994,
  0.6065839 -0.09426969 3.023622,
  0.6082772 -0.1008067 2.907994,
  1.351209 -0.1986154 2.907994,
  1.286761 -0.2826059 2.907994,
  1.202771 -0.3470539 2.907994,
  1.104962 -0.3875677 2.907994,
  1 -0.4013862 2.907994,
  0.8950382 -0.3875677 2.907994,
  0.7972291 -0.3470539 2.907994,
  0.713239 -0.2826059 2.907994,
  0.6487909 -0.1986154 2.907994,
  0.6298524 0.1698492 3.141733,
  0.6487909 0.206926 2.907994,
  0.7137386 0.2904882 3.141733,
  0.713239 0.2909165 2.907994,
  0.6681906 0.2373213 3.141733,
  0.6504 0.2060118 3.141733,
  0.7186791 0.2962551 3.141733,
  0.7794689 0.3444929 3.141733,
  0.7972291 0.3553646 2.907994,
  0.797902 0.3540693 3.141733,
  0.8483339 0.3802685 3.141733,
  0.8950382 0.3958783 2.907994,
  0.895528 0.3942224 3.141733,
  0.9227528 0.4022717 3.141733,
  1 0.4096969 2.907994,
  1 0.4096969 3.141733,
  1.077247 0.4022717 3.141733,
  1.104962 0.3958783 2.907994,
  1.202098 0.3540693 3.141733,
  1.202771 0.3553646 2.907994,
  1.151666 0.3802685 3.141733,
  1.104472 0.3942224 3.141733,
  1.220531 0.3444929 3.141733,
  1.281321 0.2962551 3.141733,
  1.286761 0.2909165 2.907994,
  1.286261 0.2904882 3.141733,
  1.331809 0.2373213 3.141733,
  1.351209 0.206926 2.907994,
  1.393416 0.1025807 3.141733,
  1.391216 0.1089417 3.141733,
  1.370148 0.1698492 3.141733,
  1.3496 0.2060118 3.141733,
  1.203722 0.1217744 2.907994,
  1.227222 0.06503937 2.907994,
  1.235238 0.004155512 2.907994,
  1.227222 -0.05672874 2.907994,
  1.203722 -0.1134634 2.907994,
  1.166338 -0.1621827 2.907994,
  1.117619 -0.1995665 2.907994,
  1.060884 -0.2230669 2.907994,
  1 -0.2310823 2.907994,
  0.9391161 -0.2230669 2.907994,
  0.8823811 -0.1995665 2.907994,
  0.8336618 -0.1621827 2.907994,
  0.796278 -0.1134634 2.907994,
  0.772778 -0.05672874 2.907994,
  0.7647622 0.004155512 2.907994,
  0.772778 0.06503937 2.907994,
  0.796278 0.1217744 2.907994,
  0.8336618 0.1704937 2.907994,
  0.8823811 0.2078772 2.907994,
  0.9391161 0.2313776 2.907994,
  1 0.2393929 2.907994,
  1.060884 0.2313776 2.907994,
  1.117619 0.2078772 2.907994,
  1.166338 0.1704937 2.907994,
  0.7637795 -1.043307 1.84752,
  0.7637795 -1.023022 1.84752,
  1.23622 -1.043307 1.84752,
  1.23622 -1.023022 1.84752,
  0.7637795 -0.9351591 1.303448,
  1.23622 -0.9351591 1.303448,
  0.7637795 -0.9406441 0.5542563,
  1.23622 -0.9406441 0.5542563,
  1.23622 -1.043307 0.4450244,
  0.7637795 -1.043307 0.4450244,
  1.354331 -0.578463 1.839206,
  0.6456693 -0.578463 1.839206,
  1.354331 0.643878 1.839206,
  0.6456693 0.643878 1.839206,
  1.19685 -0.578463 0.6985028,
  1.354331 -0.578463 0.4087445,
  1.19685 -0.578463 1.574803,
  0.8031496 -0.578463 1.574803,
  0.8031496 -0.578463 0.6985028,
  0.6456693 -0.578463 0.4087445,
  1.354331 0.643878 0.4087445,
  0.6456693 0.643878 0.4087445,
  1.19685 0.643878 1.574803,
  1.19685 0.643878 0.6985028,
  0.8031496 0.643878 0.6985028,
  0.8031496 0.643878 1.574803,
  0.9015748 0.754626 1.551728,
  1.098425 0.754626 1.551728,
  1.098425 1.030217 1.276138,
  0.9015748 1.030217 1.276138,
  0.9015748 1.023535 1.336454,
  1.098425 1.023535 1.336454,
  0.9015748 1.003815 1.393846,
  1.098425 1.003815 1.393846,
  0.9015748 0.9720114 1.44553,
  1.098425 0.9720114 1.44553,
  0.9015748 0.9296673 1.489001,
  1.098425 0.9296673 1.489001,
  1.098425 -0.3233264 1.551728,
  1.098425 -0.3233264 1.354878,
  1.098425 0.754626 1.354878,
  1.098425 0.8228169 1.315508,
  1.098425 0.8103039 1.331815,
  1.098425 0.7939961 1.344329,
  1.098425 0.7750055 1.352195,
  1.098425 -0.03937008 -0.984252,
  1.098425 0.1574803 -0.984252,
  1.098425 -0.03937008 0.04779291,
  1.098425 0.1574803 0.04779291,
  1.098425 -0.02997953 0.1191213,
  1.098425 0.1601634 0.06817244,
  1.098425 -0.002448031 0.1855882,
  1.098425 0.1680295 0.08716299,
  1.098425 0.04134843 0.242665,
  1.098425 0.1805429 0.1034709,
  1.098425 0.0984252 0.2864614,
  1.098425 0.1968504 0.1159839,
  1.098425 0.1648925 0.3139929,
  1.098425 0.2158409 0.12385,
  1.098425 0.2362205 0.3233835,
  1.098425 0.2362205 0.1265331,
  1.098425 0.754626 0.3233835,
  1.098425 0.754626 0.1265331,
  1.098425 0.7750055 0.3260665,
  1.098425 0.8259543 0.1359236,
  1.098425 0.7939961 0.3339327,
  1.098425 0.8924213 0.1634551,
  1.098425 0.8103039 0.3464461,
  1.098425 0.949498 0.207252,
  1.098425 0.8228169 0.3627535,
  1.098425 0.9932945 0.2643283,
  1.098425 0.8306835 0.3817441,
  1.098425 1.020826 0.3307957,
  1.098425 0.8333661 0.4021236,
  1.098425 1.030217 0.4021236,
  1.098425 0.8333661 1.276138,
  1.098425 0.8306835 1.296517,
  0.9015748 0.754626 1.354878,
  0.9015748 -0.3233264 1.354878,
  0.9015748 -0.3233264 1.551728,
  0.9015748 0.8333661 1.276138,
  0.9015748 0.8306835 1.296517,
  0.9015748 0.8228169 1.315508,
  0.9015748 0.8103039 1.331815,
  0.9015748 0.7939961 1.344329,
  0.9015748 0.7750055 1.352195,
  0.9015748 0.1574803 -0.984252,
  0.9015748 -0.03937008 -0.984252,
  0.9015748 0.1574803 0.04779291,
  0.9015748 -0.03937008 0.04779291,
  0.9015748 0.1601634 0.06817244,
  0.9015748 -0.02997953 0.1191213,
  0.9015748 0.1680295 0.08716299,
  0.9015748 -0.002448031 0.1855882,
  0.9015748 0.1805429 0.1034709,
  0.9015748 0.04134843 0.242665,
  0.9015748 0.1968504 0.1159839,
  0.9015748 0.0984252 0.2864614,
  0.9015748 0.2158409 0.12385,
  0.9015748 0.1648925 0.3139929,
  0.9015748 0.2362205 0.1265331,
  0.9015748 0.2362205 0.3233835,
  0.9015748 0.754626 0.1265331,
  0.9015748 0.754626 0.3233835,
  0.9015748 0.8259543 0.1359236,
  0.9015748 0.7750055 0.3260665,
  0.9015748 0.8924213 0.1634551,
  0.9015748 0.7939961 0.3339327,
  0.9015748 0.949498 0.207252,
  0.9015748 0.8103039 0.3464461,
  0.9015748 0.9932945 0.2643283,
  0.9015748 0.8228169 0.3627535,
  0.9015748 1.020826 0.3307957,
  0.9015748 0.8306835 0.3817441,
  0.9015748 1.030217 0.4021236,
  0.9015748 0.8333661 0.4021236,
  0.9409449 0 -1.377953,
  0.9409449 0.1181102 -1.377953,
  1.059055 0 -1.377953,
  1.059055 0.1181102 -1.377953,
  1.27946 0.2943228 3.162112,
  1.150663 0.3777803 3.162112,
  0.8493374 0.3777803 3.162112,
  0.6703858 0.2357787 3.162112,
  1.3433 0.1025807 3.214397,
  1.35239 0.1025807 3.209431,
  1.334214 0.1537638 3.209924,
  1.391294 0.1025807 3.15962,
  1.390624 0.1025807 3.162106,
  1.367699 0.1687531 3.162112,
  1.390208 0.1025807 3.163648,
  1.360519 0.165539 3.181103,
  1.366135 0.1025807 3.200566,
  1.369278 0.1025807 3.197141,
  1.349098 0.1604264 3.197411,
  1.378867 0.1025807 3.186693,
  1.382906 0.1025807 3.180471,
  1.360419 0.1025807 3.205044,
  1.336425 0.1025807 3.216813,
  1.31688 0.1460047 3.21779,
  1.332856 0.1025807 3.217446,
  1.316599 0.1025807 3.22033,
  0.6878563 0.1025807 3.220471,
  0.6831197 0.1460047 3.21779,
  0.6678453 0.1025807 3.217987,
  0.6657862 0.1537638 3.209924,
  0.6590055 0.1025807 3.215283,
  0.6670772 0.1025807 3.217752,
  0.630739 0.1025807 3.197122,
  0.6342575 0.1025807 3.200901,
  0.650902 0.1604264 3.197411,
  0.6416984 0.1025807 3.206504,
  0.6475622 0.1025807 3.209478,
  0.6215059 0.1025807 3.187208,
  0.6394807 0.165539 3.181103,
  0.6166646 0.1025807 3.179724,
  0.6100303 0.1025807 3.164431,
  0.6323012 0.1687531 3.162112,
  0.6095933 0.1025807 3.16207,
  0.6067441 0.1025807 3.146678,
  0.8112051 0.2955157 3.21779,
  0.8701598 0.3261429 3.21779,
  0.800878 0.3114531 3.209924,
  0.8630575 0.3437555 3.209924,
  0.7920098 0.3251386 3.197411,
  0.8569587 0.3588795 3.197411,
  0.7852051 0.3356402 3.181103,
  0.8522791 0.370485 3.181103,
  0.7809276 0.3422413 3.162112,
  1.066131 0.3449795 3.21779,
  1.12984 0.3261429 3.21779,
  1.069748 0.3636224 3.209924,
  1.136943 0.3437555 3.209924,
  1.072854 0.3796315 3.197411,
  1.143041 0.3588795 3.197411,
  1.075238 0.3919157 3.181103,
  1.147721 0.370485 3.181103,
  1.076736 0.3996378 3.162112,
  1.284059 0.2037669 3.21779,
  1.299597 0.2146854 3.209924,
  1.31294 0.2240614 3.197411,
  1.323178 0.2312559 3.181103,
  1.329614 0.2357787 3.162112,
  0.6768217 0.2312559 3.181103,
  0.6870598 0.2240614 3.197411,
  0.7004028 0.2146854 3.209924,
  0.7159406 0.2037669 3.21779,
  0.7205402 0.2943228 3.162112,
  0.7259969 0.2886571 3.181103,
  0.7346772 0.2796441 3.197411,
  0.7459898 0.267898 3.209924,
  0.7591634 0.2542197 3.21779,
  0.9232638 0.3996378 3.162112,
  0.9247618 0.3919157 3.181103,
  0.9271457 0.3796315 3.197411,
  0.930252 0.3636224 3.209924,
  0.9338693 0.3449795 3.21779,
  1 0.3513362 3.21779,
  1 0.3703268 3.209924,
  1 0.3866343 3.197411,
  1 0.3991476 3.181103,
  1 0.4070138 3.162112,
  1.219072 0.3422413 3.162112,
  1.214795 0.3356402 3.181103,
  1.20799 0.3251386 3.197411,
  1.199122 0.3114531 3.209924,
  1.188795 0.2955157 3.21779,
  1.240837 0.2542197 3.21779,
  1.25401 0.267898 3.209924,
  1.265323 0.2796441 3.197411,
  1.274003 0.2886571 3.181103,
  1.028337 -0.9651291 0.003937008,
  1.037398 -1.007326 0.003937008,
  1.024059 -0.943611 0.003937008,
  1.022381 -0.9368157 0.003937008,
  1.022001 -0.9358386 0.003937008,
  1.021683 -0.9351768 0.003937008,
  1.021391 -0.9347224 0.003937008,
  1.021111 -0.9344098 0.003937008,
  1.020864 -0.9342217 0.003937008,
  1.020636 -0.9341236 0.003937008,
  1.020422 -0.9340902 0.003937008,
  1.020205 -0.9341079 0.003937008,
  1.019994 -0.9341811 0.003937008,
  1.019815 -0.9342972 0.003937008,
  1.019622 -0.9344969 0.003937008,
  1.019454 -0.9347866 0.003937008,
  1.019252 -0.9355063 0.003937008,
  1.018761 -0.9390587 0.003937008,
  1.018396 -0.9424783 0.003937008,
  1.017012 -0.9543492 0.003937008,
  1.016629 -0.9598484 0.003937008,
  1.016743 -0.9624551 0.003937008,
  1.017284 -0.9640291 0.003937008,
  1.017851 -0.9651291 0.003937008,
  1.019277 -0.9676878 0.003937008,
  1.022983 -0.9800535 0.003937008,
  1.026072 -0.9926031 0.003937008,
  1.055225 -1.127626 0.003937008,
  1.059168 -1.127626 0.003937008,
  1.086642 -1.006194 0.003937008,
  1.090039 -0.9920161 0.003937008,
  1.091544 -0.9853169 0.003937008,
  1.093437 -0.9787193 0.003937008,
  1.095409 -0.9733504 0.003937008,
  1.097206 -0.9683087 0.003937008,
  1.0984 -0.9665102 0.003937008,
  1.099281 -0.9654681 0.003937008,
  1.099612 -0.9650224 0.003937008,
  1.099775 -0.964702 0.003937008,
  1.099846 -0.9644039 0.003937008,
  1.09984 -0.9633579 0.003937008,
  1.099398 -0.9567047 0.003937008,
  1.099393 -0.9566142 0.003937008,
  1.098261 -0.9439047 0.003937008,
  1.097674 -0.9390807 0.003937008,
  1.097566 -0.9375945 0.003937008,
  1.097404 -0.9365457 0.003937008,
  1.097268 -0.9358193 0.003937008,
  1.097149 -0.9353665 0.003937008,
  1.09702 -0.9350555 0.003937008,
  1.096877 -0.9348445 0.003937008,
  1.096692 -0.9346795 0.003937008,
  1.096469 -0.9345622 0.003937008,
  1.096264 -0.9345106 0.003937008,
  1.09605 -0.9345102 0.003937008,
  1.09579 -0.934574 0.003937008,
  1.095492 -0.9347299 0.003937008,
  1.095247 -0.9349382 0.003937008,
  1.095005 -0.93525 0.003937008,
  1.094761 -0.935778 0.003937008,
  1.09457 -0.936522 0.003937008,
  1.092598 -0.9478472 0.003937008,
  1.075904 -1.016638 0.003937008,
  1.057196 -1.100445 0.003937008,
  1.038782 -1.017225 0.003937008,
  1.075317 -1.020917 0.003937008,
  1.067683 -1.028257 0.003937008,
  1.060594 -1.023433 0.003937008,
  1.058193 -1.022144 0.003937008,
  1.049929 -1.019547 0.003937008,
  1.038782 -1.017225 0,
  1.057196 -1.100445 0,
  1.049929 -1.019547 0,
  1.058193 -1.022144 0,
  1.060594 -1.023433 0,
  1.067683 -1.028257 0,
  1.075317 -1.020917 0,
  0.9147071 -1.109799 0.003937008,
  0.9197827 -1.105563 0.003937008,
  0.9134504 -1.110798 0.003937008,
  0.9126941 -1.111766 0.003937008,
  0.9122039 -1.112806 0.003937008,
  0.9120559 -1.113487 0.003937008,
  0.9120764 -1.114151 0.003937008,
  0.9122776 -1.114873 0.003937008,
  0.9125417 -1.115343 0.003937008,
  0.9129339 -1.115761 0.003937008,
  0.9132811 -1.116049 0.003937008,
  0.9183984 -1.115168 0.003937008,
  0.9243126 -1.115168 0.003937008,
  0.926724 -1.115611 0.003937008,
  0.9291362 -1.116049 0.003937008,
  0.9350925 -1.116594 0.003937008,
  0.9458307 -1.119698 0.003937008,
  0.9520114 -1.120902 0.003937008,
  0.9582886 -1.121418 0.003937008,
  0.9670929 -1.120852 0.003937008,
  0.97345 -1.119315 0.003937008,
  0.9786591 -1.116618 0.003937008,
  0.9833339 -1.112465 0.003937008,
  0.9878524 -1.105929 0.003937008,
  0.9922492 -1.094382 0.003937008,
  0.9963858 -1.06268 0.003937008,
  0.9976752 -1.023433 0.003937008,
  0.9948102 -0.990022 0.003937008,
  0.9894102 -0.9712909 0.003937008,
  0.983539 -0.9607906 0.003937008,
  0.9785953 -0.9548988 0.003937008,
  0.9731268 -0.9508803 0.003937008,
  0.9678016 -0.9487508 0.003937008,
  0.9472567 -0.9455823 0.003937008,
  0.9347992 -0.9441563 0.003937008,
  0.930174 -0.9429181 0.003937008,
  0.9271984 -0.9411256 0.003937008,
  0.9262756 -0.9405874 0.003937008,
  0.9260323 -0.9405071 0.003937008,
  0.9252665 -0.940561 0.003937008,
  0.924722 -0.9407858 0.003937008,
  0.9228811 -0.9421024 0.003937008,
  0.9188154 -0.9458772 0.003937008,
  0.9175173 -0.947302 0.003937008,
  0.9141197 -0.9509512 0.003937008,
  0.913411 -0.9517193 0.003937008,
  0.9129386 -0.952322 0.003937008,
  0.9126094 -0.9527965 0.003937008,
  0.9124142 -0.9531453 0.003937008,
  0.912326 -0.9534453 0.003937008,
  0.9123126 -0.9537598 0.003937008,
  0.9123831 -0.9541319 0.003937008,
  0.9126091 -0.9547035 0.003937008,
  0.9127476 -0.9549378 0.003937008,
  0.9128768 -0.9550752 0.003937008,
  0.9130429 -0.9551795 0.003937008,
  0.9133189 -0.9552705 0.003937008,
  0.9140185 -0.9553268 0.003937008,
  0.9150008 -0.9552299 0.003937008,
  0.9189437 -0.9552299 0.003937008,
  0.9234736 -0.9552299 0.003937008,
  0.9234736 -1.103591 0.003937008,
  0.9215685 -1.104468 0.003937008,
  0.9314016 -1.105563 0.003937008,
  0.9314016 -0.9557752 0.003937008,
  0.9676882 -0.9599508 0.003937008,
  0.9613535 -0.9583461 0.003937008,
  0.952626 -0.9572012 0.003937008,
  0.9401681 -0.9557752 0.003937008,
  0.9722654 -0.9619776 0.003937008,
  0.9357858 -0.955613 0.003937008,
  0.9367705 -1.107828 0.003937008,
  0.9488173 -1.110604 0.003937008,
  0.9611409 -1.111519 0.003937008,
  0.9686173 -1.110072 0.003937008,
  0.9890768 -1.006657 0.003937008,
  0.9845654 -0.9815055 0.003937008,
  0.9789654 -0.9689161 0.003937008,
  0.9756685 -0.9646815 0.003937008,
  0.9740539 -1.107937 0.003937008,
  0.9774146 -1.105496 0.003937008,
  0.9808051 -1.10142 0.003937008,
  0.9839528 -1.095335 0.003937008,
  0.9864409 -1.086838 0.003937008,
  0.9897476 -1.048349 0.003937008,
  0.952626 -0.9572012 0,
  0.9401681 -0.9557752 0,
  0.9613535 -0.9583461 0,
  0.9676882 -0.9599508 0,
  0.9722654 -0.9619776 0,
  0.9756685 -0.9646815 0,
  0.9789654 -0.9689161 0,
  0.9845654 -0.9815055 0,
  0.9890768 -1.006657 0,
  0.9897476 -1.048349 0,
  0.9864409 -1.086838 0,
  0.9839528 -1.095335 0,
  0.9808051 -1.10142 0,
  0.9774146 -1.105496 0,
  0.9740539 -1.107937 0,
  0.9686173 -1.110072 0,
  0.9611409 -1.111519 0,
  0.9488173 -1.110604 0,
  0.9367705 -1.107828 0,
  0.9314016 -1.105563 0,
  0.9314016 -0.9557752 0,
  0.9357858 -0.955613 0,
  0.8534665 -1.044951 0.003937008,
  0.8296835 -1.041847 0.003937008,
  0.8632823 -1.046943 0.003937008,
  0.8695685 -1.049176 0.003937008,
  0.872426 -1.050907 0.003937008,
  0.8749846 -1.052334 0.003937008,
  0.8832059 -1.044112 0.003937008,
  0.8837878 -1.043341 0.003937008,
  0.8841598 -1.042714 0.003937008,
  0.8843913 -1.042115 0.003937008,
  0.8844677 -1.041652 0.003937008,
  0.8844386 -1.041241 0.003937008,
  0.8842807 -1.040761 0.003937008,
  0.8839256 -1.040187 0.003937008,
  0.883526 -1.039794 0.003937008,
  0.8830307 -1.039503 0.003937008,
  0.882485 -1.039347 0.003937008,
  0.8817799 -1.039289 0.003937008,
  0.8296835 -1.031948 0.003937008,
  0.8296835 -0.9552299 0.003937008,
  0.8718807 -0.9611441 0.003937008,
  0.875974 -0.9622059 0.003937008,
  0.8798083 -0.9639965 0.003937008,
  0.8823252 -0.9654224 0.003937008,
  0.8902528 -0.9566142 0.003937008,
  0.891113 -0.9554193 0.003937008,
  0.8913697 -0.9547717 0.003937008,
  0.8914441 -0.9542921 0.003937008,
  0.891413 -0.9538906 0.003937008,
  0.8912504 -0.9534114 0.003937008,
  0.8909839 -0.9528937 0.003937008,
  0.8907819 -0.9526122 0.003937008,
  0.8905831 -0.9524457 0.003937008,
  0.8902705 -0.9522969 0.003937008,
  0.890239 -0.9522862 0.003937008,
  0.8894654 -0.9521303 0.003937008,
  0.8885752 -0.9520839 0.003937008,
  0.8843386 -0.9518323 0.003937008,
  0.8628988 -0.9492051 0.003937008,
  0.8415539 -0.945876 0.003937008,
  0.8285512 -0.943611 0.003937008,
  0.8254075 -0.9424531 0.003937008,
  0.8234063 -0.9419787 0.003937008,
  0.8219921 -0.9418961 0.003937008,
  0.8212146 -0.9420307 0.003937008,
  0.8205547 -0.942324 0.003937008,
  0.8198465 -0.9428705 0.003937008,
  0.8192602 -0.9435913 0.003937008,
  0.8189717 -0.944224 0.003937008,
  0.8187563 -0.9453618 0.003937008,
  0.818815 -0.9469705 0.003937008,
  0.8189035 -0.9475539 0.003937008,
  0.8207283 -0.9546902 0.003937008,
  0.8214622 -0.9620252 0.003937008,
  0.8214622 -0.9673941 0.003937008,
  0.821635 -0.9709378 0.003937008,
  0.8217559 -0.9744831 0.003937008,
  0.8214622 -1.104137 0.003937008,
  0.8182894 -1.107906 0.003937008,
  0.8163492 -1.110251 0.003937008,
  0.8152051 -1.111923 0.003937008,
  0.8147535 -1.11288 0.003937008,
  0.8145067 -1.114253 0.003937008,
  0.8144567 -1.115096 0.003937008,
  0.8144669 -1.115742 0.003937008,
  0.8145201 -1.115987 0.003937008,
  0.8146106 -1.116202 0.003937008,
  0.8147059 -1.116339 0.003937008,
  0.8148169 -1.116437 0.003937008,
  0.8149547 -1.116512 0.003937008,
  0.8153642 -1.116626 0.003937008,
  0.8161362 -1.116674 0.003937008,
  0.8169319 -1.116594 0.003937008,
  0.8223012 -1.115756 0.003937008,
  0.8271134 -1.115163 0.003937008,
  0.8319484 -1.115168 0.003937008,
  0.8327874 -1.115168 0.003937008,
  0.8383307 -1.115304 0.003937008,
  0.8438193 -1.116049 0.003937008,
  0.8548929 -1.11802 0.003937008,
  0.8646472 -1.119981 0.003937008,
  0.8723457 -1.12278 0.003937008,
  0.8738524 -1.123683 0.003937008,
  0.876411 -1.125361 0.003937008,
  0.8845902 -1.116888 0.003937008,
  0.885137 -1.115956 0.003937008,
  0.8854748 -1.115276 0.003937008,
  0.8856594 -1.114764 0.003937008,
  0.8857224 -1.114348 0.003937008,
  0.8856874 -1.113962 0.003937008,
  0.8855563 -1.113577 0.003937008,
  0.8853339 -1.113231 0.003937008,
  0.8849343 -1.112851 0.003937008,
  0.8844252 -1.112559 0.003937008,
  0.8838697 -1.11241 0.003937008,
  0.8832059 -1.112358 0.003937008,
  0.878676 -1.11177 0.003937008,
  0.8720114 -1.110885 0.003937008,
  0.8653374 -1.110093 0.003937008,
  0.8296835 -1.104137 0.003937008,
  0.7865634 -1.121124 0.003937008,
  0.7823272 -1.121124 0.003937008,
  0.7865634 -1.045539 0.003937008,
  0.7811945 -1.045539 0.003937008,
  0.7788016 -1.085419 0.003937008,
  0.7753098 -1.098261 0.003937008,
  0.7717571 -1.105224 0.003937008,
  0.7683232 -1.109337 0.003937008,
  0.7645504 -1.112205 0.003937008,
  0.760563 -1.113971 0.003937008,
  0.7562787 -1.114917 0.003937008,
  0.7503917 -1.114555 0.003937008,
  0.7453157 -1.112852 0.003937008,
  0.7405346 -1.109872 0.003937008,
  0.7359748 -1.10541 0.003937008,
  0.7310878 -1.097746 0.003937008,
  0.7244752 -1.078707 0.003937008,
  0.721915 -1.063926 0.003937008,
  0.7208768 -1.018903 0.003937008,
  0.7278823 -0.978448 0.003937008,
  0.7321575 -0.9669185 0.003937008,
  0.738624 -0.9577984 0.003937008,
  0.7427059 -0.9540547 0.003937008,
  0.7463339 -0.9519189 0.003937008,
  0.7500717 -0.9507882 0.003937008,
  0.7540138 -0.9504063 0.003937008,
  0.7603598 -0.9508898 0.003937008,
  0.7666106 -0.9532146 0.003937008,
  0.7716839 -0.9567732 0.003937008,
  0.77585 -0.9615697 0.003937008,
  0.7795492 -0.9689244 0.003937008,
  0.7836075 -0.987626 0.003937008,
  0.7848437 -0.9960008 0.003937008,
  0.7862701 -1.010976 0.003937008,
  0.7908 -1.010724 0.003937008,
  0.7886555 -0.9769114 0.003937008,
  0.7854236 -0.9642484 0.003937008,
  0.7805677 -0.9544465 0.003937008,
  0.776889 -0.9497417 0.003937008,
  0.7714528 -0.9453594 0.003937008,
  0.7646398 -0.9421957 0.003937008,
  0.7579567 -0.9410524 0.003937008,
  0.7507142 -0.9413114 0.003937008,
  0.7432228 -0.9436339 0.003937008,
  0.736672 -0.9474547 0.003937008,
  0.7319476 -0.9522803 0.003937008,
  0.7254685 -0.9628528 0.003937008,
  0.7175559 -0.9865551 0.003937008,
  0.7144705 -1.005756 0.003937008,
  0.7143752 -1.06282 0.003937008,
  0.7212028 -1.093494 0.003937008,
  0.7272173 -1.107001 0.003937008,
  0.7329811 -1.114509 0.003937008,
  0.7417693 -1.121313 0.003937008,
  0.7459516 -1.123366 0.003937008,
  0.750026 -1.124189 0.003937008,
  0.7540138 -1.124228 0.003937008,
  0.7623417 -1.122072 0.003937008,
  0.7688697 -1.118464 0.003937008,
  0.7745055 -1.113361 0.003937008,
  0.7777969 -1.10896 0.003937008,
  0.7803138 -1.10443 0.003937008,
  0.642187 -1.116049 0.003937008,
  0.6297291 -1.131611 0.003937008,
  0.6392555 -1.109834 0.003937008,
  0.6380343 -1.101817 0.003937008,
  0.6379504 -1.09818 0.003937008,
  0.6379504 -0.9538039 0.003937008,
  0.6597469 -0.9556299 0.003937008,
  0.6701394 -0.9572244 0.003937008,
  0.6736339 -0.958024 0.003937008,
  0.6756705 -0.9590047 0.003937008,
  0.6782795 -0.9612563 0.003937008,
  0.6791539 -0.961874 0.003937008,
  0.6801059 -0.9622768 0.003937008,
  0.6867217 -0.9564547 0.003937008,
  0.6898366 -0.9535902 0.003937008,
  0.6908846 -0.952439 0.003937008,
  0.691363 -0.951572 0.003937008,
  0.6915972 -0.9505949 0.003937008,
  0.6917248 -0.9495673 0.003937008,
  0.6914004 -0.9489339 0.003937008,
  0.6911673 -0.9486748 0.003937008,
  0.6907791 -0.948415 0.003937008,
  0.6900831 -0.9481555 0.003937008,
  0.6890409 -0.9480193 0.003937008,
  0.68405 -0.9479 0.003937008,
  0.6768823 -0.9468803 0.003937008,
  0.6582374 -0.9449512 0.003937008,
  0.6520862 -0.94445 0.003937008,
  0.6402157 -0.9433173 0.003937008,
  0.633672 -0.942772 0.003937008,
  0.6322189 -0.942328 0.003937008,
  0.631428 -0.9422728 0.003937008,
  0.6308575 -0.942363 0.003937008,
  0.6304449 -0.9425272 0.003937008,
  0.6301083 -0.9427673 0.003937008,
  0.6297386 -0.9431957 0.003937008,
  0.6292929 -0.9440055 0.003937008,
  0.6290941 -0.9447622 0.003937008,
  0.6290976 -0.9463433 0.003937008,
  0.6298878 -0.9532508 0.003937008,
  0.6300228 -0.9549362 0.003937008,
  0.6305681 -0.9716307 0.003937008,
  0.6305681 -1.099061 0.003937008,
  0.6304051 -1.112877 0.003937008,
  0.6283031 -1.126494 0.003937008,
  0.6277579 -1.129346 0.003937008,
  0.3116272 -0.09426969 3.220473,
  -0.3116272 -0.09426969 3.220473,
  -0.2982795 -0.1293673 3.220473,
  0.2982795 -0.1293673 3.220473,
  -0.267385 -0.183739 3.220473,
  -0.2266996 -0.2312303 3.220473,
  -0.1777126 -0.2701024 3.220473,
  0.2266996 -0.2312303 3.220473,
  0.267385 -0.183739 3.220473,
  -0.1222185 -0.2989315 3.220473,
  -0.06224921 -0.3166626 3.220473,
  0 -0.3226461 3.220473,
  0.06224882 -0.3166626 3.220473,
  0.1222185 -0.2989315 3.220473,
  0.177713 -0.2701024 3.220473,
  -0.2862614 -0.2821776 3.141733,
  -0.2813213 -0.2879445 3.141733,
  -0.2794598 -0.2860118 3.162112,
  -0.2020976 -0.3457587 3.141733,
  -0.1516661 -0.3719579 3.141733,
  -0.1506626 -0.3694697 3.162112,
  0.104472 -0.3859114 3.141733,
  0.1516661 -0.3719579 3.141733,
  0.1506626 -0.3694697 3.162112,
  0.2862614 -0.2821776 3.141733,
  0.3318094 -0.2290106 3.141733,
  0.3296142 -0.2274681 3.162112,
  0.3127244 -0.09426969 3.220466,
  0.3168807 -0.1376937 3.21779,
  0.3327047 -0.09426969 3.217849,
  0.3329323 -0.09426969 3.217778,
  0.3415335 -0.09426969 3.215082,
  0.3342138 -0.1454531 3.209924,
  0.3524252 -0.09426969 3.209464,
  0.3587665 -0.09426969 3.206192,
  0.349098 -0.1521157 3.197411,
  0.366165 -0.09426969 3.20054,
  0.3605193 -0.1572283 3.181103,
  0.3788134 -0.09426969 3.186767,
  0.3692831 -0.09426969 3.197145,
  0.3906346 -0.09426969 3.162109,
  0.3905705 -0.09426969 3.162397,
  0.3676988 -0.1604425 3.162112,
  0.3835976 -0.09426969 3.179259,
  0.3824531 -0.09426969 3.181056,
  0.3934161 -0.09426969 3.141733,
  0.3923862 -0.09426969 3.154237,
  0.3912157 -0.1006311 3.141733,
  0.3701476 -0.1615386 3.141733,
  0.3496 -0.1977008 3.141733,
  -0.3934161 -0.09426969 3.141733,
  -0.3912157 -0.1006311 3.141733,
  -0.3929839 -0.09426969 3.149846,
  -0.3904567 -0.09426969 3.162074,
  -0.3676988 -0.1604425 3.162112,
  -0.3899697 -0.09426969 3.164431,
  -0.3605193 -0.1572283 3.181103,
  -0.3824728 -0.09426969 3.181203,
  -0.3780417 -0.09426969 3.18782,
  -0.349098 -0.1521157 3.197411,
  -0.3692276 -0.09426969 3.197087,
  -0.3417567 -0.09426969 3.214998,
  -0.3524138 -0.09426969 3.209448,
  -0.3342138 -0.1454531 3.209924,
  -0.3590972 -0.09426969 3.205967,
  -0.3650366 -0.09426969 3.201493,
  -0.3348299 -0.09426969 3.21728,
  -0.3168807 -0.1376937 3.21779,
  -0.3328929 -0.09426969 3.217585,
  -0.3149512 -0.09426969 3.220409,
  0.1887949 -0.2872051 3.21779,
  0.1298402 -0.3178323 3.21779,
  0.199122 -0.3031425 3.209924,
  0.1369425 -0.3354449 3.209924,
  0.2079902 -0.316828 3.197411,
  0.1430413 -0.3505689 3.197411,
  0.2147945 -0.3273295 3.181103,
  0.1477209 -0.3621744 3.181103,
  0.2190724 -0.3339307 3.162112,
  -0.0661311 -0.3366689 3.21779,
  -0.1298402 -0.3178323 3.21779,
  -0.06974803 -0.3553118 3.209924,
  -0.1369425 -0.3354449 3.209924,
  -0.07285433 -0.3713209 3.197411,
  -0.1430413 -0.3505689 3.197411,
  -0.0752378 -0.3836051 3.181103,
  -0.1477209 -0.3621744 3.181103,
  -0.07673622 -0.3913272 3.162112,
  -0.2840594 -0.1954559 3.21779,
  -0.2995972 -0.2063748 3.209924,
  -0.3129398 -0.2157508 3.197411,
  -0.3231783 -0.2229453 3.181103,
  -0.3296142 -0.2274681 3.162112,
  0.3231783 -0.2229453 3.181103,
  0.3129402 -0.2157508 3.197411,
  0.2995972 -0.2063748 3.209924,
  0.2840594 -0.1954559 3.21779,
  0.2813213 -0.2879445 3.141733,
  0.2794598 -0.2860118 3.162112,
  0.2740031 -0.2803461 3.181103,
  0.2653228 -0.2713335 3.197411,
  0.2540102 -0.2595874 3.209924,
  0.2408366 -0.2459091 3.21779,
  0.2205311 -0.3361823 3.141733,
  0.202098 -0.3457587 3.141733,
  0.07724724 -0.393961 3.141733,
  0.07673622 -0.3913272 3.162112,
  0.0752378 -0.3836051 3.181103,
  0.07285433 -0.3713209 3.197411,
  0.06974843 -0.3553118 3.209924,
  0.06613071 -0.3366689 3.21779,
  0 -0.3430252 3.21779,
  0 -0.3620161 3.209924,
  0 -0.3783236 3.197411,
  0 -0.390837 3.181103,
  0 -0.3987031 3.162112,
  0 -0.4013862 3.141733,
  -0.07724724 -0.393961 3.141733,
  -0.104472 -0.3859114 3.141733,
  -0.2205311 -0.3361823 3.141733,
  -0.2190724 -0.3339307 3.162112,
  -0.2147949 -0.3273295 3.181103,
  -0.2079902 -0.316828 3.197411,
  -0.199122 -0.3031425 3.209924,
  -0.1887949 -0.2872051 3.21779,
  -0.2408366 -0.2459091 3.21779,
  -0.2540102 -0.2595874 3.209924,
  -0.2653228 -0.2713335 3.197411,
  -0.2740031 -0.2803461 3.181103,
  -0.3318094 -0.2290106 3.141733,
  -0.3701476 -0.1615386 3.141733,
  -0.3496 -0.1977008 3.141733,
  0.2352378 0.004155512 2.643471,
  0.227222 0.06503937 1.839206,
  0.227222 0.06503937 2.643471,
  0.203722 0.1217744 1.839206,
  0.203722 0.1217744 2.643471,
  0.1663382 0.1704937 1.839206,
  0.1663382 0.1704937 2.643471,
  0.1176189 0.2078772 1.839206,
  0.1176189 0.2078772 2.643471,
  0.06088386 0.2313776 1.839206,
  0.06088386 0.2313776 2.643471,
  0 0.2393929 1.839206,
  0 0.2393929 2.643471,
  -0.06088386 0.2313776 1.839206,
  -0.06088386 0.2313776 2.643471,
  -0.1176189 0.2078772 1.839206,
  -0.1176189 0.2078772 2.643471,
  -0.1663382 0.1704937 1.839206,
  -0.1663382 0.1704937 2.643471,
  -0.203722 0.1217744 1.839206,
  -0.203722 0.1217744 2.643471,
  -0.2272224 0.06503937 1.839206,
  -0.2272224 0.06503937 2.643471,
  -0.2352378 0.004155512 1.839206,
  -0.2352378 0.004155512 2.643471,
  -0.2272224 -0.05672874 1.839206,
  -0.2272224 -0.05672874 2.643471,
  -0.203722 -0.1134634 1.839206,
  -0.203722 -0.1134634 2.643471,
  -0.1663382 -0.1621827 1.839206,
  -0.1663382 -0.1621827 2.643471,
  -0.1176189 -0.1995665 1.839206,
  -0.1176189 -0.1995665 2.643471,
  -0.06088386 -0.2230669 1.839206,
  -0.06088386 -0.2230669 2.643471,
  0 -0.2310823 1.839206,
  0 -0.2310823 2.643471,
  0.06088386 -0.2230669 1.839206,
  0.06088386 -0.2230669 2.643471,
  0.1176189 -0.1995665 1.839206,
  0.1176189 -0.1995665 2.643471,
  0.1663382 -0.1621827 1.839206,
  0.1663382 -0.1621827 2.643471,
  0.203722 -0.1134634 1.839206,
  0.203722 -0.1134634 2.643471,
  0.227222 -0.05672874 1.839206,
  0.227222 -0.05672874 2.643471,
  0.2352378 0.004155512 1.839206,
  0.3937008 -0.7763303 0.5542563,
  0.2362205 -0.7763303 0.5542563,
  -0.2362205 -0.7763303 0.5542563,
  -0.3937008 -0.7763303 0.5542563,
  -0.2362205 -0.7763303 1.303448,
  -0.3937008 -0.7763303 1.529214,
  0.2362205 -0.7763303 1.303448,
  0.3937008 -0.7763303 1.529214,
  -0.3937008 -0.6281126 1.529214,
  0.3937008 -0.6281126 1.529214,
  -0.3937008 -0.6281126 2.643471,
  0.3937008 -0.6281126 2.643471,
  0.3937008 0.6635303 2.643471,
  -0.3937008 0.6635303 2.643471,
  -0.3937008 0.6635303 2.477876,
  0.3937008 0.6635303 2.477876,
  -0.3937008 0.822313 1.924134,
  0.3937008 0.822313 1.924134,
  0.0984252 0.822313 1.52215,
  0.3937008 0.822313 1.52215,
  0.0984252 0.822313 1.543287,
  -0.0984252 0.822313 1.543287,
  -0.0984252 0.822313 1.52215,
  -0.3937008 0.822313 1.52215,
  0.0984252 0.8788354 1.52215,
  0.3937008 1.043307 1.52215,
  -0.3937008 1.043307 1.52215,
  -0.2362205 1.043307 1.52215,
  -0.0984252 0.8788354 1.52215,
  0.2362205 1.043307 1.52215,
  -0.2362205 1.043307 0.7874016,
  0.2362205 1.043307 0.7874016,
  0.203722 0.1217744 2.681763,
  0.2767929 0.1639618 2.681763,
  0.1663382 0.1704937 2.681763,
  0.2260004 0.2301559 2.681763,
  0.1176189 0.2078772 2.681763,
  0.1598063 0.280948 2.681763,
  0.06088386 0.2313776 2.681763,
  0.08272205 0.3128776 2.681763,
  0 0.2393929 2.681763,
  0 0.3237681 2.681763,
  -0.06088386 0.2313776 2.681763,
  -0.08272165 0.3128776 2.681763,
  -0.1176189 0.2078772 2.681763,
  -0.1598063 0.280948 2.681763,
  -0.1663382 0.1704937 2.681763,
  -0.2260004 0.2301559 2.681763,
  -0.203722 0.1217744 2.681763,
  -0.2767929 0.1639618 2.681763,
  -0.2272224 0.06503937 2.681763,
  -0.3087224 0.08687717 2.681763,
  -0.2352378 0.004155512 2.681763,
  -0.319613 0.004155512 2.681763,
  -0.2272224 -0.05672874 2.681763,
  -0.3087224 -0.07856654 2.681763,
  -0.203722 -0.1134634 2.681763,
  -0.2767929 -0.1556512 2.681763,
  -0.1663382 -0.1621827 2.681763,
  -0.2260004 -0.2218453 2.681763,
  -0.1176189 -0.1995665 2.681763,
  -0.1598063 -0.2726374 2.681763,
  -0.06088386 -0.2230669 2.681763,
  -0.08272165 -0.3045669 2.681763,
  0 -0.2310823 2.681763,
  0 -0.3154575 2.681763,
  0.06088386 -0.2230669 2.681763,
  0.08272205 -0.3045669 2.681763,
  0.1176189 -0.1995665 2.681763,
  0.1598063 -0.2726374 2.681763,
  0.1663382 -0.1621827 2.681763,
  0.2260004 -0.2218453 2.681763,
  0.203722 -0.1134634 2.681763,
  0.2767929 -0.1556512 2.681763,
  0.227222 -0.05672874 2.681763,
  0.3087224 -0.07856654 2.681763,
  0.2352378 0.004155512 2.681763,
  0.319613 0.004155512 2.681763,
  0.227222 0.06503937 2.681763,
  0.3087224 0.08687717 2.681763,
  0.319613 0.004155512 2.798277,
  0.3087224 0.08687717 2.798277,
  0.2767929 0.1639618 2.798277,
  0.2260004 0.2301559 2.798277,
  0.1598063 0.280948 2.798277,
  0.08272205 0.3128776 2.798277,
  0 0.3237681 2.798277,
  -0.08272165 0.3128776 2.798277,
  -0.1598063 0.280948 2.798277,
  -0.2260004 0.2301559 2.798277,
  -0.2767929 0.1639618 2.798277,
  -0.3087224 0.08687717 2.798277,
  -0.319613 0.004155512 2.798277,
  -0.3087224 -0.07856654 2.798277,
  -0.2767929 -0.1556512 2.798277,
  -0.2260004 -0.2218453 2.798277,
  -0.1598063 -0.2726374 2.798277,
  -0.08272165 -0.3045669 2.798277,
  0 -0.3154575 2.798277,
  0.08272205 -0.3045669 2.798277,
  0.1598063 -0.2726374 2.798277,
  0.2260004 -0.2218453 2.798277,
  0.2767929 -0.1556512 2.798277,
  0.3087224 -0.07856654 2.798277,
  0 -0.4407563 2.798277,
  0.1151516 -0.4255961 2.798277,
  0.2224559 -0.3811492 2.798277,
  0.3146 -0.3104445 2.798277,
  0.3853047 -0.2183004 2.798277,
  0.4297516 -0.1109961 2.798277,
  0.4449114 0.004155512 2.798277,
  0.4297516 0.1193071 2.798277,
  0.3853047 0.226611 2.798277,
  0.3146 0.3187551 2.798277,
  0.2224559 0.3894598 2.798277,
  0.1151516 0.4339067 2.798277,
  0 0.4490669 2.798277,
  -0.1151516 0.4339067 2.798277,
  -0.2224559 0.3894598 2.798277,
  -0.3146 0.3187551 2.798277,
  -0.3853047 0.226611 2.798277,
  -0.4297516 0.1193071 2.798277,
  -0.4449114 0.004155512 2.798277,
  -0.4297516 -0.1109961 2.798277,
  -0.3853047 -0.2183004 2.798277,
  -0.3146 -0.3104445 2.798277,
  -0.2224559 -0.3811492 2.798277,
  -0.1151516 -0.4255961 2.798277,
  -0.2982795 0.137678 3.220473,
  -0.3116272 0.1025807 3.220473,
  0.3116272 0.1025807 3.220473,
  0.2982795 0.137678 3.220473,
  0.267385 0.1920496 3.220473,
  -0.267385 0.1920496 3.220473,
  0.2266996 0.2395409 3.220473,
  -0.1777126 0.278413 3.220473,
  -0.2266996 0.2395409 3.220473,
  0.177713 0.278413 3.220473,
  0.1222185 0.3072421 3.220473,
  0.06224882 0.3249732 3.220473,
  0 0.3309567 3.220473,
  -0.06224921 0.3249732 3.220473,
  -0.1222185 0.3072421 3.220473,
  -0.3934161 0.1025807 3.023622,
  -0.3934161 0.1025807 3.141733,
  -0.3912157 0.1089417 3.141733,
  0.3934161 -0.09426969 3.023622,
  0.3917228 -0.1008067 2.907994,
  0.4055413 0.004155512 3.023622,
  0.4055413 0.004155512 2.907994,
  0.3934161 0.1025807 3.023622,
  0.3917228 0.1091173 2.907994,
  -0.3917228 0.1091173 2.907994,
  -0.4055413 0.004155512 3.023622,
  -0.4055413 0.004155512 2.907994,
  -0.3934161 -0.09426969 3.023622,
  -0.3917228 -0.1008067 2.907994,
  0.3512091 -0.1986154 2.907994,
  0.286761 -0.2826059 2.907994,
  0.2027709 -0.3470539 2.907994,
  0.1049618 -0.3875677 2.907994,
  0 -0.4013862 2.907994,
  -0.1049618 -0.3875677 2.907994,
  -0.2027709 -0.3470539 2.907994,
  -0.286761 -0.2826059 2.907994,
  -0.3512091 -0.1986154 2.907994,
  -0.3701476 0.1698492 3.141733,
  -0.3512091 0.206926 2.907994,
  -0.2862614 0.2904882 3.141733,
  -0.286761 0.2909165 2.907994,
  -0.3318094 0.2373213 3.141733,
  -0.3496 0.2060118 3.141733,
  -0.2813213 0.2962551 3.141733,
  -0.2205311 0.3444929 3.141733,
  -0.2027709 0.3553646 2.907994,
  -0.2020976 0.3540693 3.141733,
  -0.1516661 0.3802685 3.141733,
  -0.1049618 0.3958783 2.907994,
  -0.104472 0.3942224 3.141733,
  -0.07724724 0.4022717 3.141733,
  0 0.4096969 2.907994,
  0 0.4096969 3.141733,
  0.07724724 0.4022717 3.141733,
  0.1049618 0.3958783 2.907994,
  0.202098 0.3540693 3.141733,
  0.2027709 0.3553646 2.907994,
  0.1516661 0.3802685 3.141733,
  0.104472 0.3942224 3.141733,
  0.2205311 0.3444929 3.141733,
  0.2813213 0.2962551 3.141733,
  0.286761 0.2909165 2.907994,
  0.2862614 0.2904882 3.141733,
  0.3318094 0.2373213 3.141733,
  0.3512091 0.206926 2.907994,
  0.3934161 0.1025807 3.141733,
  0.3912157 0.1089417 3.141733,
  0.3701476 0.1698492 3.141733,
  0.3496 0.2060118 3.141733,
  0.227222 -0.05672874 2.907994,
  0.203722 -0.1134634 2.907994,
  0.1663382 -0.1621827 2.907994,
  0.1176189 -0.1995665 2.907994,
  0.06088386 -0.2230669 2.907994,
  0 -0.2310823 2.907994,
  -0.06088386 -0.2230669 2.907994,
  -0.1176189 -0.1995665 2.907994,
  -0.1663382 -0.1621827 2.907994,
  -0.203722 -0.1134634 2.907994,
  -0.2272224 -0.05672874 2.907994,
  -0.2352378 0.004155512 2.907994,
  -0.2272224 0.06503937 2.907994,
  -0.203722 0.1217744 2.907994,
  -0.1663382 0.1704937 2.907994,
  -0.1176189 0.2078772 2.907994,
  -0.06088386 0.2313776 2.907994,
  0 0.2393929 2.907994,
  0.06088386 0.2313776 2.907994,
  0.1176189 0.2078772 2.907994,
  0.1663382 0.1704937 2.907994,
  0.203722 0.1217744 2.907994,
  0.227222 0.06503937 2.907994,
  0.2352378 0.004155512 2.907994,
  -0.2362205 -1.043307 1.84752,
  -0.2362205 -1.023022 1.84752,
  0.2362205 -1.043307 1.84752,
  0.2362205 -1.023022 1.84752,
  -0.2362205 -0.9351591 1.303448,
  0.2362205 -0.9351591 1.303448,
  -0.2362205 -0.9406441 0.5542563,
  0.2362205 -0.9406441 0.5542563,
  0.2362205 -1.043307 0.4450244,
  -0.2362205 -1.043307 0.4450244,
  0.3543307 -0.578463 1.839206,
  0.3543307 0.643878 1.839206,
  -0.3543307 0.643878 1.839206,
  -0.3543307 -0.578463 1.839206,
  0.1968504 -0.578463 0.6985028,
  0.3543307 -0.578463 0.4087445,
  0.1968504 -0.578463 1.574803,
  -0.1968504 -0.578463 1.574803,
  -0.1968504 -0.578463 0.6985028,
  -0.3543307 -0.578463 0.4087445,
  0.3543307 0.643878 0.4087445,
  -0.3543307 0.643878 0.4087445,
  0.1968504 0.643878 1.574803,
  0.1968504 0.643878 0.6985028,
  -0.1968504 0.643878 0.6985028,
  -0.1968504 0.643878 1.574803,
  -0.0984252 0.754626 1.551728,
  0.0984252 0.754626 1.551728,
  0.0984252 1.030217 1.276138,
  -0.0984252 1.030217 1.276138,
  -0.0984252 1.023535 1.336454,
  0.0984252 1.023535 1.336454,
  -0.0984252 1.003815 1.393846,
  0.0984252 1.003815 1.393846,
  -0.0984252 0.9720114 1.44553,
  0.0984252 0.9720114 1.44553,
  -0.0984252 0.9296673 1.489001,
  0.0984252 0.9296673 1.489001,
  0.0984252 -0.3233264 1.551728,
  0.0984252 -0.3233264 1.354878,
  0.0984252 0.754626 1.354878,
  0.0984252 0.8228169 1.315508,
  0.0984252 0.8103039 1.331815,
  0.0984252 0.7939961 1.344329,
  0.0984252 0.7750055 1.352195,
  0.0984252 -0.03937008 -0.984252,
  0.0984252 0.1574803 -0.984252,
  0.0984252 -0.03937008 0.04779291,
  0.0984252 0.1574803 0.04779291,
  0.0984252 -0.02997953 0.1191213,
  0.0984252 0.1601634 0.06817244,
  0.0984252 -0.002448031 0.1855882,
  0.0984252 0.1680295 0.08716299,
  0.0984252 0.04134843 0.242665,
  0.0984252 0.1805429 0.1034709,
  0.0984252 0.0984252 0.2864614,
  0.0984252 0.1968504 0.1159839,
  0.0984252 0.1648925 0.3139929,
  0.0984252 0.2158409 0.12385,
  0.0984252 0.2362205 0.3233835,
  0.0984252 0.2362205 0.1265331,
  0.0984252 0.754626 0.3233835,
  0.0984252 0.754626 0.1265331,
  0.0984252 0.7750055 0.3260665,
  0.0984252 0.8259543 0.1359236,
  0.0984252 0.7939961 0.3339327,
  0.0984252 0.8924213 0.1634551,
  0.0984252 0.8103039 0.3464461,
  0.0984252 0.949498 0.207252,
  0.0984252 0.8228169 0.3627535,
  0.0984252 0.9932945 0.2643283,
  0.0984252 0.8306835 0.3817441,
  0.0984252 1.020826 0.3307957,
  0.0984252 0.8333661 0.4021236,
  0.0984252 1.030217 0.4021236,
  0.0984252 0.8333661 1.276138,
  0.0984252 0.8306835 1.296517,
  -0.0984252 0.754626 1.354878,
  -0.0984252 -0.3233264 1.354878,
  -0.0984252 -0.3233264 1.551728,
  -0.0984252 0.8333661 1.276138,
  -0.0984252 0.8306835 1.296517,
  -0.0984252 0.8228169 1.315508,
  -0.0984252 0.8103039 1.331815,
  -0.0984252 0.7939961 1.344329,
  -0.0984252 0.7750055 1.352195,
  -0.0984252 0.1574803 -0.984252,
  -0.0984252 -0.03937008 -0.984252,
  -0.0984252 0.1574803 0.04779291,
  -0.0984252 -0.03937008 0.04779291,
  -0.0984252 0.1601634 0.06817244,
  -0.0984252 -0.02997953 0.1191213,
  -0.0984252 0.1680295 0.08716299,
  -0.0984252 -0.002448031 0.1855882,
  -0.0984252 0.1805429 0.1034709,
  -0.0984252 0.04134843 0.242665,
  -0.0984252 0.1968504 0.1159839,
  -0.0984252 0.0984252 0.2864614,
  -0.0984252 0.2158409 0.12385,
  -0.0984252 0.1648925 0.3139929,
  -0.0984252 0.2362205 0.1265331,
  -0.0984252 0.2362205 0.3233835,
  -0.0984252 0.754626 0.1265331,
  -0.0984252 0.754626 0.3233835,
  -0.0984252 0.8259543 0.1359236,
  -0.0984252 0.7750055 0.3260665,
  -0.0984252 0.8924213 0.1634551,
  -0.0984252 0.7939961 0.3339327,
  -0.0984252 0.949498 0.207252,
  -0.0984252 0.8103039 0.3464461,
  -0.0984252 0.9932945 0.2643283,
  -0.0984252 0.8228169 0.3627535,
  -0.0984252 1.020826 0.3307957,
  -0.0984252 0.8306835 0.3817441,
  -0.0984252 1.030217 0.4021236,
  -0.0984252 0.8333661 0.4021236,
  -0.05905512 0 -1.377953,
  -0.05905512 0.1181102 -1.377953,
  0.05905512 0 -1.377953,
  0.05905512 0.1181102 -1.377953,
  0.2794598 0.2943228 3.162112,
  0.1506626 0.3777803 3.162112,
  -0.1506626 0.3777803 3.162112,
  -0.3296142 0.2357787 3.162112,
  0.3433 0.1025807 3.214397,
  0.3523902 0.1025807 3.209431,
  0.3342138 0.1537638 3.209924,
  0.3912937 0.1025807 3.15962,
  0.390624 0.1025807 3.162106,
  0.3676988 0.1687531 3.162112,
  0.3902083 0.1025807 3.163648,
  0.3605193 0.165539 3.181103,
  0.3661346 0.1025807 3.200566,
  0.3692783 0.1025807 3.197141,
  0.349098 0.1604264 3.197411,
  0.3788673 0.1025807 3.186693,
  0.3829055 0.1025807 3.180471,
  0.3604185 0.1025807 3.205044,
  0.3364244 0.1025807 3.216813,
  0.3168807 0.1460047 3.21779,
  0.3328559 0.1025807 3.217446,
  0.3165988 0.1025807 3.22033,
  -0.3121441 0.1025807 3.220471,
  -0.3168807 0.1460047 3.21779,
  -0.3321547 0.1025807 3.217987,
  -0.3342138 0.1537638 3.209924,
  -0.3409945 0.1025807 3.215283,
  -0.3329228 0.1025807 3.217752,
  -0.369261 0.1025807 3.197122,
  -0.3657425 0.1025807 3.200901,
  -0.349098 0.1604264 3.197411,
  -0.3583016 0.1025807 3.206504,
  -0.3524378 0.1025807 3.209478,
  -0.3784941 0.1025807 3.187208,
  -0.3605193 0.165539 3.181103,
  -0.3833354 0.1025807 3.179724,
  -0.3899697 0.1025807 3.164431,
  -0.3676988 0.1687531 3.162112,
  -0.3904067 0.1025807 3.16207,
  -0.3932559 0.1025807 3.146678,
  -0.1887949 0.2955157 3.21779,
  -0.1298402 0.3261429 3.21779,
  -0.199122 0.3114531 3.209924,
  -0.1369425 0.3437555 3.209924,
  -0.2079902 0.3251386 3.197411,
  -0.1430413 0.3588795 3.197411,
  -0.2147949 0.3356402 3.181103,
  -0.1477209 0.370485 3.181103,
  -0.2190724 0.3422413 3.162112,
  0.06613071 0.3449795 3.21779,
  0.1298402 0.3261429 3.21779,
  0.06974843 0.3636224 3.209924,
  0.1369425 0.3437555 3.209924,
  0.07285433 0.3796315 3.197411,
  0.1430413 0.3588795 3.197411,
  0.0752378 0.3919157 3.181103,
  0.1477209 0.370485 3.181103,
  0.07673622 0.3996378 3.162112,
  0.2840594 0.2037669 3.21779,
  0.2995972 0.2146854 3.209924,
  0.3129402 0.2240614 3.197411,
  0.3231783 0.2312559 3.181103,
  0.3296142 0.2357787 3.162112,
  -0.3231783 0.2312559 3.181103,
  -0.3129398 0.2240614 3.197411,
  -0.2995972 0.2146854 3.209924,
  -0.2840594 0.2037669 3.21779,
  -0.2794598 0.2943228 3.162112,
  -0.2740031 0.2886571 3.181103,
  -0.2653228 0.2796441 3.197411,
  -0.2540102 0.267898 3.209924,
  -0.2408366 0.2542197 3.21779,
  -0.07673622 0.3996378 3.162112,
  -0.0752378 0.3919157 3.181103,
  -0.07285433 0.3796315 3.197411,
  -0.06974803 0.3636224 3.209924,
  -0.0661311 0.3449795 3.21779,
  0 0.3513362 3.21779,
  0 0.3703268 3.209924,
  0 0.3866343 3.197411,
  0 0.3991476 3.181103,
  0 0.4070138 3.162112,
  0.2190724 0.3422413 3.162112,
  0.2147945 0.3356402 3.181103,
  0.2079902 0.3251386 3.197411,
  0.199122 0.3114531 3.209924,
  0.1887949 0.2955157 3.21779,
  0.2408366 0.2542197 3.21779,
  0.2540102 0.267898 3.209924,
  0.2653228 0.2796441 3.197411,
  0.2740031 0.2886571 3.181103,
  0.0283374 -0.9651291 0.003937008,
  0.03739764 -1.007326 0.003937008,
  0.02405906 -0.943611 0.003937008,
  0.0223815 -0.9368157 0.003937008,
  0.02200118 -0.9358386 0.003937008,
  0.02168268 -0.9351768 0.003937008,
  0.02139055 -0.9347224 0.003937008,
  0.02111142 -0.9344098 0.003937008,
  0.02086378 -0.9342217 0.003937008,
  0.02063622 -0.9341236 0.003937008,
  0.02042205 -0.9340902 0.003937008,
  0.02020512 -0.9341079 0.003937008,
  0.01999409 -0.9341811 0.003937008,
  0.01981496 -0.9342972 0.003937008,
  0.01962205 -0.9344969 0.003937008,
  0.01945433 -0.9347866 0.003937008,
  0.01925236 -0.9355063 0.003937008,
  0.01876142 -0.9390587 0.003937008,
  0.01839646 -0.9424783 0.003937008,
  0.0170122 -0.9543492 0.003937008,
  0.01662874 -0.9598484 0.003937008,
  0.01674291 -0.9624551 0.003937008,
  0.01728425 -0.9640291 0.003937008,
  0.01785118 -0.9651291 0.003937008,
  0.01927717 -0.9676878 0.003937008,
  0.02298268 -0.9800535 0.003937008,
  0.02607244 -0.9926031 0.003937008,
  0.0552248 -1.127626 0.003937008,
  0.05916772 -1.127626 0.003937008,
  0.08664173 -1.006194 0.003937008,
  0.09003937 -0.9920161 0.003937008,
  0.09154409 -0.9853169 0.003937008,
  0.09343701 -0.9787193 0.003937008,
  0.09540866 -0.9733504 0.003937008,
  0.09720551 -0.9683087 0.003937008,
  0.09840039 -0.9665102 0.003937008,
  0.0992811 -0.9654681 0.003937008,
  0.0996122 -0.9650224 0.003937008,
  0.0997752 -0.964702 0.003937008,
  0.09984606 -0.9644039 0.003937008,
  0.09984016 -0.9633579 0.003937008,
  0.09939764 -0.9567047 0.003937008,
  0.09939331 -0.9566142 0.003937008,
  0.09826063 -0.9439047 0.003937008,
  0.09767362 -0.9390807 0.003937008,
  0.09756575 -0.9375945 0.003937008,
  0.09740354 -0.9365457 0.003937008,
  0.09726772 -0.9358193 0.003937008,
  0.09714921 -0.9353665 0.003937008,
  0.09702008 -0.9350555 0.003937008,
  0.09687677 -0.9348445 0.003937008,
  0.09669173 -0.9346795 0.003937008,
  0.09646929 -0.9345622 0.003937008,
  0.09626378 -0.9345106 0.003937008,
  0.09605 -0.9345102 0.003937008,
  0.09579016 -0.934574 0.003937008,
  0.09549213 -0.9347299 0.003937008,
  0.09524724 -0.9349382 0.003937008,
  0.09500472 -0.93525 0.003937008,
  0.09476063 -0.935778 0.003937008,
  0.09456969 -0.936522 0.003937008,
  0.09259803 -0.9478472 0.003937008,
  0.07590394 -1.016638 0.003937008,
  0.05719606 -1.100445 0.003937008,
  0.03878189 -1.017225 0.003937008,
  0.07531654 -1.020917 0.003937008,
  0.06768228 -1.028257 0.003937008,
  0.0605937 -1.023433 0.003937008,
  0.05819331 -1.022144 0.003937008,
  0.04992874 -1.019547 0.003937008,
  0.03878189 -1.017225 0,
  0.05719606 -1.100445 0,
  0.04992874 -1.019547 0,
  0.05819331 -1.022144 0,
  0.0605937 -1.023433 0,
  0.06768228 -1.028257 0,
  0.07531654 -1.020917 0,
  -0.08529291 -1.109799 0.003937008,
  -0.08021732 -1.105563 0.003937008,
  -0.08654961 -1.110798 0.003937008,
  -0.08730591 -1.111766 0.003937008,
  -0.08779606 -1.112806 0.003937008,
  -0.08794409 -1.113487 0.003937008,
  -0.08792362 -1.114151 0.003937008,
  -0.08772244 -1.114873 0.003937008,
  -0.08745866 -1.115343 0.003937008,
  -0.08706614 -1.115761 0.003937008,
  -0.0867189 -1.116049 0.003937008,
  -0.08160157 -1.115168 0.003937008,
  -0.0756874 -1.115168 0.003937008,
  -0.07327598 -1.115611 0.003937008,
  -0.07086378 -1.116049 0.003937008,
  -0.06490748 -1.116594 0.003937008,
  -0.05416929 -1.119698 0.003937008,
  -0.04798858 -1.120902 0.003937008,
  -0.04171142 -1.121418 0.003937008,
  -0.03290709 -1.120852 0.003937008,
  -0.02655 -1.119315 0.003937008,
  -0.02134094 -1.116618 0.003937008,
  -0.01666614 -1.112465 0.003937008,
  -0.01214764 -1.105929 0.003937008,
  -0.007750787 -1.094382 0.003937008,
  -0.003614173 -1.06268 0.003937008,
  -0.002324409 -1.023433 0.003937008,
  -0.005189764 -0.990022 0.003937008,
  -0.01058976 -0.9712909 0.003937008,
  -0.01646102 -0.9607906 0.003937008,
  -0.02140472 -0.9548988 0.003937008,
  -0.02687323 -0.9508803 0.003937008,
  -0.03219843 -0.9487508 0.003937008,
  -0.05274331 -0.9455823 0.003937008,
  -0.06520118 -0.9441563 0.003937008,
  -0.06982598 -0.9429181 0.003937008,
  -0.07280157 -0.9411256 0.003937008,
  -0.07372441 -0.9405874 0.003937008,
  -0.07396772 -0.9405071 0.003937008,
  -0.07473346 -0.940561 0.003937008,
  -0.07527795 -0.9407858 0.003937008,
  -0.0771185 -0.9421024 0.003937008,
  -0.08118465 -0.9458772 0.003937008,
  -0.08248268 -0.947302 0.003937008,
  -0.08587992 -0.9509512 0.003937008,
  -0.08658937 -0.9517193 0.003937008,
  -0.08706142 -0.952322 0.003937008,
  -0.08739055 -0.9527965 0.003937008,
  -0.08758583 -0.9531453 0.003937008,
  -0.08767402 -0.9534453 0.003937008,
  -0.0876874 -0.9537598 0.003937008,
  -0.08761693 -0.9541319 0.003937008,
  -0.08739055 -0.9547035 0.003937008,
  -0.08725236 -0.9549378 0.003937008,
  -0.08712283 -0.9550752 0.003937008,
  -0.08695709 -0.9551795 0.003937008,
  -0.0866811 -0.9552705 0.003937008,
  -0.0859815 -0.9553268 0.003937008,
  -0.08499921 -0.9552299 0.003937008,
  -0.0810563 -0.9552299 0.003937008,
  -0.07652638 -0.9552299 0.003937008,
  -0.07652638 -1.103591 0.003937008,
  -0.07843189 -1.104468 0.003937008,
  -0.06859843 -1.105563 0.003937008,
  -0.06859843 -0.9557752 0.003937008,
  -0.03231181 -0.9599508 0.003937008,
  -0.03864646 -0.9583461 0.003937008,
  -0.04737402 -0.9572012 0.003937008,
  -0.05983189 -0.9557752 0.003937008,
  -0.02773465 -0.9619776 0.003937008,
  -0.06421417 -0.955613 0.003937008,
  -0.06322953 -1.107828 0.003937008,
  -0.05118268 -1.110604 0.003937008,
  -0.03885906 -1.111519 0.003937008,
  -0.03138307 -1.110072 0.003937008,
  -0.01092323 -1.006657 0.003937008,
  -0.01543465 -0.9815055 0.003937008,
  -0.02103465 -0.9689161 0.003937008,
  -0.0243315 -0.9646815 0.003937008,
  -0.02594606 -1.107937 0.003937008,
  -0.02258543 -1.105496 0.003937008,
  -0.01919488 -1.10142 0.003937008,
  -0.01604724 -1.095335 0.003937008,
  -0.01355906 -1.086838 0.003937008,
  -0.01025236 -1.048349 0.003937008,
  -0.04737402 -0.9572012 0,
  -0.05983189 -0.9557752 0,
  -0.03864646 -0.9583461 0,
  -0.03231181 -0.9599508 0,
  -0.02773465 -0.9619776 0,
  -0.0243315 -0.9646815 0,
  -0.02103465 -0.9689161 0,
  -0.01543465 -0.9815055 0,
  -0.01092323 -1.006657 0,
  -0.01025236 -1.048349 0,
  -0.01355906 -1.086838 0,
  -0.01604724 -1.095335 0,
  -0.01919488 -1.10142 0,
  -0.02258543 -1.105496 0,
  -0.02594606 -1.107937 0,
  -0.03138307 -1.110072 0,
  -0.03885906 -1.111519 0,
  -0.05118268 -1.110604 0,
  -0.06322953 -1.107828 0,
  -0.06859843 -1.105563 0,
  -0.06859843 -0.9557752 0,
  -0.06421417 -0.955613 0,
  -0.1465335 -1.044951 0.003937008,
  -0.1703165 -1.041847 0.003937008,
  -0.1367177 -1.046943 0.003937008,
  -0.1304315 -1.049176 0.003937008,
  -0.127574 -1.050907 0.003937008,
  -0.1250154 -1.052334 0.003937008,
  -0.1167941 -1.044112 0.003937008,
  -0.1162122 -1.043341 0.003937008,
  -0.1158402 -1.042714 0.003937008,
  -0.1156087 -1.042115 0.003937008,
  -0.1155323 -1.041652 0.003937008,
  -0.1155618 -1.041241 0.003937008,
  -0.1157193 -1.040761 0.003937008,
  -0.116074 -1.040187 0.003937008,
  -0.116474 -1.039794 0.003937008,
  -0.1169693 -1.039503 0.003937008,
  -0.117515 -1.039347 0.003937008,
  -0.1182201 -1.039289 0.003937008,
  -0.1703165 -1.031948 0.003937008,
  -0.1703165 -0.9552299 0.003937008,
  -0.1281193 -0.9611441 0.003937008,
  -0.124026 -0.9622059 0.003937008,
  -0.1201917 -0.9639965 0.003937008,
  -0.1176748 -0.9654224 0.003937008,
  -0.1097472 -0.9566142 0.003937008,
  -0.108887 -0.9554193 0.003937008,
  -0.1086303 -0.9547717 0.003937008,
  -0.1085559 -0.9542921 0.003937008,
  -0.108587 -0.9538906 0.003937008,
  -0.1087496 -0.9534114 0.003937008,
  -0.1090165 -0.9528937 0.003937008,
  -0.1092181 -0.9526122 0.003937008,
  -0.1094169 -0.9524457 0.003937008,
  -0.1097295 -0.9522969 0.003937008,
  -0.109761 -0.9522862 0.003937008,
  -0.1105346 -0.9521303 0.003937008,
  -0.1114248 -0.9520839 0.003937008,
  -0.1156614 -0.9518323 0.003937008,
  -0.1371012 -0.9492051 0.003937008,
  -0.1584457 -0.945876 0.003937008,
  -0.1714492 -0.943611 0.003937008,
  -0.1745925 -0.9424531 0.003937008,
  -0.1765937 -0.9419787 0.003937008,
  -0.1780079 -0.9418961 0.003937008,
  -0.1787854 -0.9420307 0.003937008,
  -0.1794453 -0.942324 0.003937008,
  -0.1801535 -0.9428705 0.003937008,
  -0.1807394 -0.9435913 0.003937008,
  -0.1810283 -0.944224 0.003937008,
  -0.1812437 -0.9453618 0.003937008,
  -0.1811846 -0.9469705 0.003937008,
  -0.1810965 -0.9475539 0.003937008,
  -0.1792717 -0.9546902 0.003937008,
  -0.1785378 -0.9620252 0.003937008,
  -0.1785378 -0.9673941 0.003937008,
  -0.1783654 -0.9709378 0.003937008,
  -0.1782441 -0.9744831 0.003937008,
  -0.1785378 -1.104137 0.003937008,
  -0.1817102 -1.107906 0.003937008,
  -0.1836508 -1.110251 0.003937008,
  -0.1847949 -1.111923 0.003937008,
  -0.1852465 -1.11288 0.003937008,
  -0.1854933 -1.114253 0.003937008,
  -0.1855433 -1.115096 0.003937008,
  -0.1855331 -1.115742 0.003937008,
  -0.1854795 -1.115987 0.003937008,
  -0.1853898 -1.116202 0.003937008,
  -0.1852941 -1.116339 0.003937008,
  -0.1851831 -1.116437 0.003937008,
  -0.1850453 -1.116512 0.003937008,
  -0.1846358 -1.116626 0.003937008,
  -0.1838638 -1.116674 0.003937008,
  -0.1830681 -1.116594 0.003937008,
  -0.1776988 -1.115756 0.003937008,
  -0.1728866 -1.115163 0.003937008,
  -0.1680512 -1.115168 0.003937008,
  -0.1672126 -1.115168 0.003937008,
  -0.1616693 -1.115304 0.003937008,
  -0.1561807 -1.116049 0.003937008,
  -0.1451075 -1.11802 0.003937008,
  -0.1353531 -1.119981 0.003937008,
  -0.1276543 -1.12278 0.003937008,
  -0.1261476 -1.123683 0.003937008,
  -0.123589 -1.125361 0.003937008,
  -0.1154098 -1.116888 0.003937008,
  -0.114863 -1.115956 0.003937008,
  -0.1145252 -1.115276 0.003937008,
  -0.1143406 -1.114764 0.003937008,
  -0.114278 -1.114348 0.003937008,
  -0.1143126 -1.113962 0.003937008,
  -0.1144441 -1.113577 0.003937008,
  -0.1146661 -1.113231 0.003937008,
  -0.1150657 -1.112851 0.003937008,
  -0.1155748 -1.112559 0.003937008,
  -0.1161303 -1.11241 0.003937008,
  -0.1167941 -1.112358 0.003937008,
  -0.121324 -1.11177 0.003937008,
  -0.1279882 -1.110885 0.003937008,
  -0.1346626 -1.110093 0.003937008,
  -0.1703165 -1.104137 0.003937008,
  -0.2134366 -1.121124 0.003937008,
  -0.2176732 -1.121124 0.003937008,
  -0.2134366 -1.045539 0.003937008,
  -0.2188055 -1.045539 0.003937008,
  -0.2211984 -1.085419 0.003937008,
  -0.2246902 -1.098261 0.003937008,
  -0.2282429 -1.105224 0.003937008,
  -0.2316768 -1.109337 0.003937008,
  -0.2354492 -1.112205 0.003937008,
  -0.2394366 -1.113971 0.003937008,
  -0.2437213 -1.114917 0.003937008,
  -0.2496083 -1.114555 0.003937008,
  -0.2546843 -1.112852 0.003937008,
  -0.2594654 -1.109872 0.003937008,
  -0.2640252 -1.10541 0.003937008,
  -0.2689122 -1.097746 0.003937008,
  -0.2755248 -1.078707 0.003937008,
  -0.278085 -1.063926 0.003937008,
  -0.2791232 -1.018903 0.003937008,
  -0.2721177 -0.978448 0.003937008,
  -0.2678425 -0.9669185 0.003937008,
  -0.261376 -0.9577984 0.003937008,
  -0.2572941 -0.9540547 0.003937008,
  -0.2536661 -0.9519189 0.003937008,
  -0.2499283 -0.9507882 0.003937008,
  -0.2459862 -0.9504063 0.003937008,
  -0.2396402 -0.9508898 0.003937008,
  -0.2333894 -0.9532146 0.003937008,
  -0.2283161 -0.9567732 0.003937008,
  -0.22415 -0.9615697 0.003937008,
  -0.2204508 -0.9689244 0.003937008,
  -0.2163925 -0.987626 0.003937008,
  -0.2151563 -0.9960008 0.003937008,
  -0.2137303 -1.010976 0.003937008,
  -0.2092 -1.010724 0.003937008,
  -0.2113445 -0.9769114 0.003937008,
  -0.2145764 -0.9642484 0.003937008,
  -0.2194323 -0.9544465 0.003937008,
  -0.223111 -0.9497417 0.003937008,
  -0.2285472 -0.9453594 0.003937008,
  -0.2353602 -0.9421957 0.003937008,
  -0.2420433 -0.9410524 0.003937008,
  -0.2492858 -0.9413114 0.003937008,
  -0.2567772 -0.9436339 0.003937008,
  -0.263328 -0.9474547 0.003937008,
  -0.2680524 -0.9522803 0.003937008,
  -0.2745315 -0.9628528 0.003937008,
  -0.2824441 -0.9865551 0.003937008,
  -0.2855295 -1.005756 0.003937008,
  -0.2856248 -1.06282 0.003937008,
  -0.2787972 -1.093494 0.003937008,
  -0.2727827 -1.107001 0.003937008,
  -0.2670189 -1.114509 0.003937008,
  -0.2582307 -1.121313 0.003937008,
  -0.2540484 -1.123366 0.003937008,
  -0.249974 -1.124189 0.003937008,
  -0.2459862 -1.124228 0.003937008,
  -0.2376583 -1.122072 0.003937008,
  -0.2311303 -1.118464 0.003937008,
  -0.2254949 -1.113361 0.003937008,
  -0.2222031 -1.10896 0.003937008,
  -0.2196862 -1.10443 0.003937008,
  -0.357813 -1.116049 0.003937008,
  -0.3702709 -1.131611 0.003937008,
  -0.3607445 -1.109834 0.003937008,
  -0.3619657 -1.101817 0.003937008,
  -0.3620496 -1.09818 0.003937008,
  -0.3620496 -0.9538039 0.003937008,
  -0.3402528 -0.9556299 0.003937008,
  -0.3298606 -0.9572244 0.003937008,
  -0.3263661 -0.958024 0.003937008,
  -0.3243295 -0.9590047 0.003937008,
  -0.3217205 -0.9612563 0.003937008,
  -0.3208461 -0.961874 0.003937008,
  -0.3198941 -0.9622768 0.003937008,
  -0.3132783 -0.9564547 0.003937008,
  -0.3101634 -0.9535902 0.003937008,
  -0.3091154 -0.952439 0.003937008,
  -0.308637 -0.951572 0.003937008,
  -0.3084028 -0.9505949 0.003937008,
  -0.3082752 -0.9495673 0.003937008,
  -0.3085996 -0.9489339 0.003937008,
  -0.3088327 -0.9486748 0.003937008,
  -0.3092209 -0.948415 0.003937008,
  -0.3099169 -0.9481555 0.003937008,
  -0.3109591 -0.9480193 0.003937008,
  -0.31595 -0.9479 0.003937008,
  -0.3231173 -0.9468803 0.003937008,
  -0.3417626 -0.9449512 0.003937008,
  -0.3479138 -0.94445 0.003937008,
  -0.3597846 -0.9433173 0.003937008,
  -0.366328 -0.942772 0.003937008,
  -0.3677811 -0.942328 0.003937008,
  -0.368572 -0.9422728 0.003937008,
  -0.3691425 -0.942363 0.003937008,
  -0.3695555 -0.9425272 0.003937008,
  -0.3698921 -0.9427673 0.003937008,
  -0.3702614 -0.9431957 0.003937008,
  -0.3707067 -0.9440055 0.003937008,
  -0.3709055 -0.9447622 0.003937008,
  -0.370902 -0.9463433 0.003937008,
  -0.3701122 -0.9532508 0.003937008,
  -0.3699776 -0.9549362 0.003937008,
  -0.3694319 -0.9716307 0.003937008,
  -0.3694319 -1.099061 0.003937008,
  -0.3695953 -1.112877 0.003937008,
  -0.3716969 -1.126494 0.003937008,
  -0.3722425 -1.129346 0.003937008,
  3.267385 -0.183739 3.220473,
  3.29828 -0.1293673 3.220473,
  2.70172 -0.1293673 3.220473,
  3.311627 -0.09426969 3.220473,
  2.688373 -0.09426969 3.220473,
  2.877781 -0.2989315 3.220473,
  2.937751 -0.3166626 3.220473,
  2.822287 -0.2701024 3.220473,
  2.7733 -0.2312303 3.220473,
  2.732615 -0.183739 3.220473,
  3 -0.3226461 3.220473,
  3.062249 -0.3166626 3.220473,
  3.122219 -0.2989315 3.220473,
  3.177713 -0.2701024 3.220473,
  3.2267 -0.2312303 3.220473,
  2.713739 -0.2821776 3.141733,
  2.718679 -0.2879445 3.141733,
  2.72054 -0.2860118 3.162112,
  2.797902 -0.3457587 3.141733,
  2.848334 -0.3719579 3.141733,
  2.849337 -0.3694697 3.162112,
  3.104472 -0.3859114 3.141733,
  3.151666 -0.3719579 3.141733,
  3.150663 -0.3694697 3.162112,
  3.286261 -0.2821776 3.141733,
  3.331809 -0.2290106 3.141733,
  3.329614 -0.2274681 3.162112,
  3.312725 -0.09426969 3.220466,
  3.316881 -0.1376937 3.21779,
  3.332705 -0.09426969 3.217849,
  3.332932 -0.09426969 3.217778,
  3.341533 -0.09426969 3.215082,
  3.334214 -0.1454531 3.209924,
  3.352425 -0.09426969 3.209464,
  3.358767 -0.09426969 3.206192,
  3.349098 -0.1521157 3.197411,
  3.366165 -0.09426969 3.20054,
  3.360519 -0.1572283 3.181103,
  3.378813 -0.09426969 3.186767,
  3.369283 -0.09426969 3.197145,
  3.390635 -0.09426969 3.162109,
  3.39057 -0.09426969 3.162397,
  3.367699 -0.1604425 3.162112,
  3.383598 -0.09426969 3.179259,
  3.382453 -0.09426969 3.181056,
  3.393416 -0.09426969 3.141733,
  3.392386 -0.09426969 3.154237,
  3.391216 -0.1006311 3.141733,
  3.370148 -0.1615386 3.141733,
  3.3496 -0.1977008 3.141733,
  2.606584 -0.09426969 3.141733,
  2.608784 -0.1006311 3.141733,
  2.607016 -0.09426969 3.149846,
  2.609543 -0.09426969 3.162074,
  2.632301 -0.1604425 3.162112,
  2.61003 -0.09426969 3.164431,
  2.639481 -0.1572283 3.181103,
  2.617527 -0.09426969 3.181203,
  2.621958 -0.09426969 3.18782,
  2.650902 -0.1521157 3.197411,
  2.630773 -0.09426969 3.197087,
  2.658243 -0.09426969 3.214998,
  2.647587 -0.09426969 3.209448,
  2.665786 -0.1454531 3.209924,
  2.640903 -0.09426969 3.205967,
  2.634963 -0.09426969 3.201493,
  2.66517 -0.09426969 3.21728,
  2.683119 -0.1376937 3.21779,
  2.667107 -0.09426969 3.217585,
  2.685049 -0.09426969 3.220409,
  3.188795 -0.2872051 3.21779,
  3.12984 -0.3178323 3.21779,
  3.199122 -0.3031425 3.209924,
  3.136943 -0.3354449 3.209924,
  3.20799 -0.316828 3.197411,
  3.143041 -0.3505689 3.197411,
  3.214795 -0.3273295 3.181103,
  3.147721 -0.3621744 3.181103,
  3.219072 -0.3339307 3.162112,
  2.933869 -0.3366689 3.21779,
  2.87016 -0.3178323 3.21779,
  2.930252 -0.3553118 3.209924,
  2.863057 -0.3354449 3.209924,
  2.927146 -0.3713209 3.197411,
  2.856959 -0.3505689 3.197411,
  2.924762 -0.3836051 3.181103,
  2.852279 -0.3621744 3.181103,
  2.923264 -0.3913272 3.162112,
  2.715941 -0.1954559 3.21779,
  2.700403 -0.2063748 3.209924,
  2.68706 -0.2157508 3.197411,
  2.676822 -0.2229453 3.181103,
  2.670386 -0.2274681 3.162112,
  3.323178 -0.2229453 3.181103,
  3.31294 -0.2157508 3.197411,
  3.299597 -0.2063748 3.209924,
  3.284059 -0.1954559 3.21779,
  3.281321 -0.2879445 3.141733,
  3.27946 -0.2860118 3.162112,
  3.274003 -0.2803461 3.181103,
  3.265323 -0.2713335 3.197411,
  3.25401 -0.2595874 3.209924,
  3.240837 -0.2459091 3.21779,
  3.220531 -0.3361823 3.141733,
  3.202098 -0.3457587 3.141733,
  3.077247 -0.393961 3.141733,
  3.076736 -0.3913272 3.162112,
  3.075238 -0.3836051 3.181103,
  3.072854 -0.3713209 3.197411,
  3.069748 -0.3553118 3.209924,
  3.066131 -0.3366689 3.21779,
  3 -0.3430252 3.21779,
  3 -0.3620161 3.209924,
  3 -0.3783236 3.197411,
  3 -0.390837 3.181103,
  3 -0.3987031 3.162112,
  3 -0.4013862 3.141733,
  2.922753 -0.393961 3.141733,
  2.895528 -0.3859114 3.141733,
  2.779469 -0.3361823 3.141733,
  2.780928 -0.3339307 3.162112,
  2.785206 -0.3273295 3.181103,
  2.79201 -0.316828 3.197411,
  2.800878 -0.3031425 3.209924,
  2.811205 -0.2872051 3.21779,
  2.759163 -0.2459091 3.21779,
  2.74599 -0.2595874 3.209924,
  2.734677 -0.2713335 3.197411,
  2.725997 -0.2803461 3.181103,
  2.668191 -0.2290106 3.141733,
  2.629852 -0.1615386 3.141733,
  2.6504 -0.1977008 3.141733,
  3.235238 0.004155512 2.643471,
  3.227222 0.06503937 1.839206,
  3.227222 0.06503937 2.643471,
  3.203722 0.1217744 1.839206,
  3.203722 0.1217744 2.643471,
  3.166338 0.1704937 1.839206,
  3.166338 0.1704937 2.643471,
  3.117619 0.2078772 1.839206,
  3.117619 0.2078772 2.643471,
  3.060884 0.2313776 1.839206,
  3.060884 0.2313776 2.643471,
  3 0.2393929 1.839206,
  3 0.2393929 2.643471,
  2.939116 0.2313776 1.839206,
  2.939116 0.2313776 2.643471,
  2.882381 0.2078772 1.839206,
  2.882381 0.2078772 2.643471,
  2.833662 0.1704937 1.839206,
  2.833662 0.1704937 2.643471,
  2.796278 0.1217744 1.839206,
  2.796278 0.1217744 2.643471,
  2.772778 0.06503937 1.839206,
  2.772778 0.06503937 2.643471,
  2.764762 0.004155512 1.839206,
  2.764762 0.004155512 2.643471,
  2.772778 -0.05672874 1.839206,
  2.772778 -0.05672874 2.643471,
  2.796278 -0.1134634 1.839206,
  2.796278 -0.1134634 2.643471,
  2.833662 -0.1621827 1.839206,
  2.833662 -0.1621827 2.643471,
  2.882381 -0.1995665 1.839206,
  2.882381 -0.1995665 2.643471,
  2.939116 -0.2230669 1.839206,
  2.939116 -0.2230669 2.643471,
  3 -0.2310823 1.839206,
  3 -0.2310823 2.643471,
  3.060884 -0.2230669 1.839206,
  3.060884 -0.2230669 2.643471,
  3.117619 -0.1995665 1.839206,
  3.117619 -0.1995665 2.643471,
  3.166338 -0.1621827 1.839206,
  3.166338 -0.1621827 2.643471,
  3.203722 -0.1134634 1.839206,
  3.203722 -0.1134634 2.643471,
  3.227222 -0.05672874 1.839206,
  3.227222 -0.05672874 2.643471,
  3.235238 0.004155512 1.839206,
  3.393701 -0.7763303 0.5542563,
  3.23622 -0.7763303 0.5542563,
  2.76378 -0.7763303 0.5542563,
  2.606299 -0.7763303 0.5542563,
  2.76378 -0.7763303 1.303448,
  2.606299 -0.7763303 1.529214,
  3.23622 -0.7763303 1.303448,
  3.393701 -0.7763303 1.529214,
  2.606299 -0.6281126 1.529214,
  3.393701 -0.6281126 1.529214,
  2.606299 -0.6281126 2.643471,
  3.393701 -0.6281126 2.643471,
  2.606299 0.6635303 2.643471,
  3.393701 0.6635303 2.643471,
  2.606299 0.6635303 2.477876,
  3.393701 0.6635303 2.477876,
  2.606299 0.822313 1.924134,
  3.393701 0.822313 1.924134,
  3.098425 0.822313 1.52215,
  3.393701 0.822313 1.52215,
  3.098425 0.822313 1.543287,
  2.901575 0.822313 1.543287,
  2.901575 0.822313 1.52215,
  2.606299 0.822313 1.52215,
  3.098425 0.8788354 1.52215,
  3.393701 1.043307 1.52215,
  2.606299 1.043307 1.52215,
  2.76378 1.043307 1.52215,
  2.901575 0.8788354 1.52215,
  3.23622 1.043307 1.52215,
  2.76378 1.043307 0.7874016,
  3.23622 1.043307 0.7874016,
  3.203722 0.1217744 2.681763,
  3.276793 0.1639618 2.681763,
  3.166338 0.1704937 2.681763,
  3.226 0.2301559 2.681763,
  3.117619 0.2078772 2.681763,
  3.159806 0.280948 2.681763,
  3.060884 0.2313776 2.681763,
  3.082722 0.3128776 2.681763,
  3 0.2393929 2.681763,
  3 0.3237681 2.681763,
  2.939116 0.2313776 2.681763,
  2.917278 0.3128776 2.681763,
  2.882381 0.2078772 2.681763,
  2.840194 0.280948 2.681763,
  2.833662 0.1704937 2.681763,
  2.774 0.2301559 2.681763,
  2.796278 0.1217744 2.681763,
  2.723207 0.1639618 2.681763,
  2.772778 0.06503937 2.681763,
  2.691278 0.08687717 2.681763,
  2.764762 0.004155512 2.681763,
  2.680387 0.004155512 2.681763,
  2.772778 -0.05672874 2.681763,
  2.691278 -0.07856654 2.681763,
  2.796278 -0.1134634 2.681763,
  2.723207 -0.1556512 2.681763,
  2.833662 -0.1621827 2.681763,
  2.774 -0.2218453 2.681763,
  2.882381 -0.1995665 2.681763,
  2.840194 -0.2726374 2.681763,
  2.939116 -0.2230669 2.681763,
  2.917278 -0.3045669 2.681763,
  3 -0.2310823 2.681763,
  3 -0.3154575 2.681763,
  3.060884 -0.2230669 2.681763,
  3.082722 -0.3045669 2.681763,
  3.117619 -0.1995665 2.681763,
  3.159806 -0.2726374 2.681763,
  3.166338 -0.1621827 2.681763,
  3.226 -0.2218453 2.681763,
  3.203722 -0.1134634 2.681763,
  3.276793 -0.1556512 2.681763,
  3.227222 -0.05672874 2.681763,
  3.308722 -0.07856654 2.681763,
  3.235238 0.004155512 2.681763,
  3.319613 0.004155512 2.681763,
  3.227222 0.06503937 2.681763,
  3.308722 0.08687717 2.681763,
  3.319613 0.004155512 2.798277,
  3.308722 0.08687717 2.798277,
  3.276793 0.1639618 2.798277,
  3.226 0.2301559 2.798277,
  3.159806 0.280948 2.798277,
  3.082722 0.3128776 2.798277,
  3 0.3237681 2.798277,
  2.917278 0.3128776 2.798277,
  2.840194 0.280948 2.798277,
  2.774 0.2301559 2.798277,
  2.723207 0.1639618 2.798277,
  2.691278 0.08687717 2.798277,
  2.680387 0.004155512 2.798277,
  2.691278 -0.07856654 2.798277,
  2.723207 -0.1556512 2.798277,
  2.774 -0.2218453 2.798277,
  2.840194 -0.2726374 2.798277,
  2.917278 -0.3045669 2.798277,
  3 -0.3154575 2.798277,
  3.082722 -0.3045669 2.798277,
  3.159806 -0.2726374 2.798277,
  3.226 -0.2218453 2.798277,
  3.276793 -0.1556512 2.798277,
  3.308722 -0.07856654 2.798277,
  3.222456 0.3894598 2.798277,
  3.115152 0.4339067 2.798277,
  3 0.4490669 2.798277,
  2.884848 0.4339067 2.798277,
  2.777544 0.3894598 2.798277,
  2.6854 0.3187551 2.798277,
  2.614695 0.226611 2.798277,
  2.570248 0.1193071 2.798277,
  2.555089 0.004155512 2.798277,
  2.570248 -0.1109961 2.798277,
  2.614695 -0.2183004 2.798277,
  2.6854 -0.3104445 2.798277,
  2.777544 -0.3811492 2.798277,
  2.884848 -0.4255961 2.798277,
  3 -0.4407563 2.798277,
  3.115152 -0.4255961 2.798277,
  3.222456 -0.3811492 2.798277,
  3.3146 -0.3104445 2.798277,
  3.385305 -0.2183004 2.798277,
  3.429752 -0.1109961 2.798277,
  3.444911 0.004155512 2.798277,
  3.429752 0.1193071 2.798277,
  3.385305 0.226611 2.798277,
  3.3146 0.3187551 2.798277,
  2.688373 0.1025807 3.220473,
  3.311627 0.1025807 3.220473,
  2.70172 0.137678 3.220473,
  3.29828 0.137678 3.220473,
  3.267385 0.1920496 3.220473,
  3.2267 0.2395409 3.220473,
  2.732615 0.1920496 3.220473,
  2.7733 0.2395409 3.220473,
  2.937751 0.3249732 3.220473,
  2.877781 0.3072421 3.220473,
  2.822287 0.278413 3.220473,
  3 0.3309567 3.220473,
  3.177713 0.278413 3.220473,
  3.122219 0.3072421 3.220473,
  3.062249 0.3249732 3.220473,
  2.606584 0.1025807 3.023622,
  2.606584 0.1025807 3.141733,
  2.608784 0.1089417 3.141733,
  3.393416 -0.09426969 3.023622,
  3.391723 -0.1008067 2.907994,
  3.405541 0.004155512 3.023622,
  3.405541 0.004155512 2.907994,
  3.393416 0.1025807 3.023622,
  3.391723 0.1091173 2.907994,
  2.608277 0.1091173 2.907994,
  2.594459 0.004155512 3.023622,
  2.594459 0.004155512 2.907994,
  2.606584 -0.09426969 3.023622,
  2.608277 -0.1008067 2.907994,
  3.351209 -0.1986154 2.907994,
  3.286761 -0.2826059 2.907994,
  3.202771 -0.3470539 2.907994,
  3.104962 -0.3875677 2.907994,
  3 -0.4013862 2.907994,
  2.895038 -0.3875677 2.907994,
  2.797229 -0.3470539 2.907994,
  2.713239 -0.2826059 2.907994,
  2.648791 -0.1986154 2.907994,
  2.629852 0.1698492 3.141733,
  2.648791 0.206926 2.907994,
  2.713739 0.2904882 3.141733,
  2.713239 0.2909165 2.907994,
  2.668191 0.2373213 3.141733,
  2.6504 0.2060118 3.141733,
  2.718679 0.2962551 3.141733,
  2.779469 0.3444929 3.141733,
  2.797229 0.3553646 2.907994,
  2.797902 0.3540693 3.141733,
  2.848334 0.3802685 3.141733,
  2.895038 0.3958783 2.907994,
  2.895528 0.3942224 3.141733,
  2.922753 0.4022717 3.141733,
  3 0.4096969 2.907994,
  3 0.4096969 3.141733,
  3.077247 0.4022717 3.141733,
  3.104962 0.3958783 2.907994,
  3.202098 0.3540693 3.141733,
  3.202771 0.3553646 2.907994,
  3.151666 0.3802685 3.141733,
  3.104472 0.3942224 3.141733,
  3.220531 0.3444929 3.141733,
  3.281321 0.2962551 3.141733,
  3.286761 0.2909165 2.907994,
  3.286261 0.2904882 3.141733,
  3.331809 0.2373213 3.141733,
  3.351209 0.206926 2.907994,
  3.393416 0.1025807 3.141733,
  3.391216 0.1089417 3.141733,
  3.370148 0.1698492 3.141733,
  3.3496 0.2060118 3.141733,
  3.166338 -0.1621827 2.907994,
  3.117619 -0.1995665 2.907994,
  3.060884 -0.2230669 2.907994,
  3 -0.2310823 2.907994,
  2.939116 -0.2230669 2.907994,
  2.882381 -0.1995665 2.907994,
  2.833662 -0.1621827 2.907994,
  2.796278 -0.1134634 2.907994,
  2.772778 -0.05672874 2.907994,
  2.764762 0.004155512 2.907994,
  2.772778 0.06503937 2.907994,
  2.796278 0.1217744 2.907994,
  2.833662 0.1704937 2.907994,
  2.882381 0.2078772 2.907994,
  2.939116 0.2313776 2.907994,
  3 0.2393929 2.907994,
  3.060884 0.2313776 2.907994,
  3.117619 0.2078772 2.907994,
  3.166338 0.1704937 2.907994,
  3.203722 0.1217744 2.907994,
  3.227222 0.06503937 2.907994,
  3.235238 0.004155512 2.907994,
  3.227222 -0.05672874 2.907994,
  3.203722 -0.1134634 2.907994,
  2.76378 -1.043307 1.84752,
  2.76378 -1.023022 1.84752,
  3.23622 -1.043307 1.84752,
  3.23622 -1.023022 1.84752,
  2.76378 -0.9351591 1.303448,
  3.23622 -0.9351591 1.303448,
  2.76378 -0.9406441 0.5542563,
  3.23622 -0.9406441 0.5542563,
  3.23622 -1.043307 0.4450244,
  2.76378 -1.043307 0.4450244,
  2.645669 0.643878 1.839206,
  3.354331 0.643878 1.839206,
  3.354331 -0.578463 1.839206,
  2.645669 -0.578463 1.839206,
  3.19685 -0.578463 0.6985028,
  3.354331 -0.578463 0.4087445,
  3.19685 -0.578463 1.574803,
  2.80315 -0.578463 1.574803,
  2.80315 -0.578463 0.6985028,
  2.645669 -0.578463 0.4087445,
  3.354331 0.643878 0.4087445,
  2.645669 0.643878 0.4087445,
  3.19685 0.643878 1.574803,
  3.19685 0.643878 0.6985028,
  2.80315 0.643878 0.6985028,
  2.80315 0.643878 1.574803,
  2.901575 0.754626 1.551728,
  3.098425 0.754626 1.551728,
  3.098425 1.030217 1.276138,
  2.901575 1.030217 1.276138,
  2.901575 1.023535 1.336454,
  3.098425 1.023535 1.336454,
  2.901575 1.003815 1.393846,
  3.098425 1.003815 1.393846,
  2.901575 0.9720114 1.44553,
  3.098425 0.9720114 1.44553,
  2.901575 0.9296673 1.489001,
  3.098425 0.9296673 1.489001,
  3.098425 -0.3233264 1.551728,
  3.098425 -0.3233264 1.354878,
  3.098425 0.754626 1.354878,
  3.098425 0.8228169 1.315508,
  3.098425 0.8103039 1.331815,
  3.098425 0.7939961 1.344329,
  3.098425 0.7750055 1.352195,
  3.098425 -0.03937008 -0.984252,
  3.098425 0.1574803 -0.984252,
  3.098425 -0.03937008 0.04779291,
  3.098425 0.1574803 0.04779291,
  3.098425 -0.02997953 0.1191213,
  3.098425 0.1601634 0.06817244,
  3.098425 -0.002448031 0.1855882,
  3.098425 0.1680295 0.08716299,
  3.098425 0.04134843 0.242665,
  3.098425 0.1805429 0.1034709,
  3.098425 0.0984252 0.2864614,
  3.098425 0.1968504 0.1159839,
  3.098425 0.1648925 0.3139929,
  3.098425 0.2158409 0.12385,
  3.098425 0.2362205 0.3233835,
  3.098425 0.2362205 0.1265331,
  3.098425 0.754626 0.3233835,
  3.098425 0.754626 0.1265331,
  3.098425 0.7750055 0.3260665,
  3.098425 0.8259543 0.1359236,
  3.098425 0.7939961 0.3339327,
  3.098425 0.8924213 0.1634551,
  3.098425 0.8103039 0.3464461,
  3.098425 0.949498 0.207252,
  3.098425 0.8228169 0.3627535,
  3.098425 0.9932945 0.2643283,
  3.098425 0.8306835 0.3817441,
  3.098425 1.020826 0.3307957,
  3.098425 0.8333661 0.4021236,
  3.098425 1.030217 0.4021236,
  3.098425 0.8333661 1.276138,
  3.098425 0.8306835 1.296517,
  2.901575 0.754626 1.354878,
  2.901575 -0.3233264 1.354878,
  2.901575 -0.3233264 1.551728,
  2.901575 0.8333661 1.276138,
  2.901575 0.8306835 1.296517,
  2.901575 0.8228169 1.315508,
  2.901575 0.8103039 1.331815,
  2.901575 0.7939961 1.344329,
  2.901575 0.7750055 1.352195,
  2.901575 0.1574803 -0.984252,
  2.901575 -0.03937008 -0.984252,
  2.901575 0.1574803 0.04779291,
  2.901575 -0.03937008 0.04779291,
  2.901575 0.1601634 0.06817244,
  2.901575 -0.02997953 0.1191213,
  2.901575 0.1680295 0.08716299,
  2.901575 -0.002448031 0.1855882,
  2.901575 0.1805429 0.1034709,
  2.901575 0.04134843 0.242665,
  2.901575 0.1968504 0.1159839,
  2.901575 0.0984252 0.2864614,
  2.901575 0.2158409 0.12385,
  2.901575 0.1648925 0.3139929,
  2.901575 0.2362205 0.1265331,
  2.901575 0.2362205 0.3233835,
  2.901575 0.754626 0.1265331,
  2.901575 0.754626 0.3233835,
  2.901575 0.8259543 0.1359236,
  2.901575 0.7750055 0.3260665,
  2.901575 0.8924213 0.1634551,
  2.901575 0.7939961 0.3339327,
  2.901575 0.949498 0.207252,
  2.901575 0.8103039 0.3464461,
  2.901575 0.9932945 0.2643283,
  2.901575 0.8228169 0.3627535,
  2.901575 1.020826 0.3307957,
  2.901575 0.8306835 0.3817441,
  2.901575 1.030217 0.4021236,
  2.901575 0.8333661 0.4021236,
  2.940945 0 -1.377953,
  2.940945 0.1181102 -1.377953,
  3.059055 0 -1.377953,
  3.059055 0.1181102 -1.377953,
  3.27946 0.2943228 3.162112,
  3.150663 0.3777803 3.162112,
  2.849337 0.3777803 3.162112,
  2.670386 0.2357787 3.162112,
  3.3433 0.1025807 3.214397,
  3.35239 0.1025807 3.209431,
  3.334214 0.1537638 3.209924,
  3.391294 0.1025807 3.15962,
  3.390624 0.1025807 3.162106,
  3.367699 0.1687531 3.162112,
  3.390208 0.1025807 3.163648,
  3.360519 0.165539 3.181103,
  3.366135 0.1025807 3.200566,
  3.369278 0.1025807 3.197141,
  3.349098 0.1604264 3.197411,
  3.378867 0.1025807 3.186693,
  3.382906 0.1025807 3.180471,
  3.360419 0.1025807 3.205044,
  3.336424 0.1025807 3.216813,
  3.316881 0.1460047 3.21779,
  3.332856 0.1025807 3.217446,
  3.316599 0.1025807 3.22033,
  2.687856 0.1025807 3.220471,
  2.683119 0.1460047 3.21779,
  2.667845 0.1025807 3.217987,
  2.665786 0.1537638 3.209924,
  2.659006 0.1025807 3.215283,
  2.667077 0.1025807 3.217752,
  2.630739 0.1025807 3.197122,
  2.634257 0.1025807 3.200901,
  2.650902 0.1604264 3.197411,
  2.641698 0.1025807 3.206504,
  2.647562 0.1025807 3.209478,
  2.621506 0.1025807 3.187208,
  2.639481 0.165539 3.181103,
  2.616665 0.1025807 3.179724,
  2.61003 0.1025807 3.164431,
  2.632301 0.1687531 3.162112,
  2.609593 0.1025807 3.16207,
  2.606744 0.1025807 3.146678,
  2.811205 0.2955157 3.21779,
  2.87016 0.3261429 3.21779,
  2.800878 0.3114531 3.209924,
  2.863057 0.3437555 3.209924,
  2.79201 0.3251386 3.197411,
  2.856959 0.3588795 3.197411,
  2.785206 0.3356402 3.181103,
  2.852279 0.370485 3.181103,
  2.780928 0.3422413 3.162112,
  3.066131 0.3449795 3.21779,
  3.12984 0.3261429 3.21779,
  3.069748 0.3636224 3.209924,
  3.136943 0.3437555 3.209924,
  3.072854 0.3796315 3.197411,
  3.143041 0.3588795 3.197411,
  3.075238 0.3919157 3.181103,
  3.147721 0.370485 3.181103,
  3.076736 0.3996378 3.162112,
  3.284059 0.2037669 3.21779,
  3.299597 0.2146854 3.209924,
  3.31294 0.2240614 3.197411,
  3.323178 0.2312559 3.181103,
  3.329614 0.2357787 3.162112,
  2.676822 0.2312559 3.181103,
  2.68706 0.2240614 3.197411,
  2.700403 0.2146854 3.209924,
  2.715941 0.2037669 3.21779,
  2.72054 0.2943228 3.162112,
  2.725997 0.2886571 3.181103,
  2.734677 0.2796441 3.197411,
  2.74599 0.267898 3.209924,
  2.759163 0.2542197 3.21779,
  2.923264 0.3996378 3.162112,
  2.924762 0.3919157 3.181103,
  2.927146 0.3796315 3.197411,
  2.930252 0.3636224 3.209924,
  2.933869 0.3449795 3.21779,
  3 0.3513362 3.21779,
  3 0.3703268 3.209924,
  3 0.3866343 3.197411,
  3 0.3991476 3.181103,
  3 0.4070138 3.162112,
  3.219072 0.3422413 3.162112,
  3.214795 0.3356402 3.181103,
  3.20799 0.3251386 3.197411,
  3.199122 0.3114531 3.209924,
  3.188795 0.2955157 3.21779,
  3.240837 0.2542197 3.21779,
  3.25401 0.267898 3.209924,
  3.265323 0.2796441 3.197411,
  3.274003 0.2886571 3.181103,
  3.028337 -0.9651291 0.003937008,
  3.037398 -1.007326 0.003937008,
  3.024059 -0.943611 0.003937008,
  3.022381 -0.9368157 0.003937008,
  3.022001 -0.9358386 0.003937008,
  3.021683 -0.9351768 0.003937008,
  3.021391 -0.9347224 0.003937008,
  3.021111 -0.9344098 0.003937008,
  3.020863 -0.9342217 0.003937008,
  3.020636 -0.9341236 0.003937008,
  3.020422 -0.9340902 0.003937008,
  3.020205 -0.9341079 0.003937008,
  3.019994 -0.9341811 0.003937008,
  3.019815 -0.9342972 0.003937008,
  3.019622 -0.9344969 0.003937008,
  3.019454 -0.9347866 0.003937008,
  3.019252 -0.9355063 0.003937008,
  3.018761 -0.9390587 0.003937008,
  3.018396 -0.9424783 0.003937008,
  3.017012 -0.9543492 0.003937008,
  3.016629 -0.9598484 0.003937008,
  3.016743 -0.9624551 0.003937008,
  3.017284 -0.9640291 0.003937008,
  3.017851 -0.9651291 0.003937008,
  3.019277 -0.9676878 0.003937008,
  3.022983 -0.9800535 0.003937008,
  3.026072 -0.9926031 0.003937008,
  3.055225 -1.127626 0.003937008,
  3.059167 -1.127626 0.003937008,
  3.086642 -1.006194 0.003937008,
  3.09004 -0.9920161 0.003937008,
  3.091544 -0.9853169 0.003937008,
  3.093437 -0.9787193 0.003937008,
  3.095409 -0.9733504 0.003937008,
  3.097206 -0.9683087 0.003937008,
  3.0984 -0.9665102 0.003937008,
  3.099281 -0.9654681 0.003937008,
  3.099612 -0.9650224 0.003937008,
  3.099775 -0.964702 0.003937008,
  3.099846 -0.9644039 0.003937008,
  3.09984 -0.9633579 0.003937008,
  3.099398 -0.9567047 0.003937008,
  3.099393 -0.9566142 0.003937008,
  3.098261 -0.9439047 0.003937008,
  3.097674 -0.9390807 0.003937008,
  3.097566 -0.9375945 0.003937008,
  3.097404 -0.9365457 0.003937008,
  3.097268 -0.9358193 0.003937008,
  3.097149 -0.9353665 0.003937008,
  3.09702 -0.9350555 0.003937008,
  3.096877 -0.9348445 0.003937008,
  3.096692 -0.9346795 0.003937008,
  3.09647 -0.9345622 0.003937008,
  3.096264 -0.9345106 0.003937008,
  3.09605 -0.9345102 0.003937008,
  3.09579 -0.934574 0.003937008,
  3.095492 -0.9347299 0.003937008,
  3.095247 -0.9349382 0.003937008,
  3.095005 -0.93525 0.003937008,
  3.094761 -0.935778 0.003937008,
  3.09457 -0.936522 0.003937008,
  3.092598 -0.9478472 0.003937008,
  3.075904 -1.016638 0.003937008,
  3.057196 -1.100445 0.003937008,
  3.038782 -1.017225 0.003937008,
  3.075317 -1.020917 0.003937008,
  3.067682 -1.028257 0.003937008,
  3.060594 -1.023433 0.003937008,
  3.058193 -1.022144 0.003937008,
  3.049929 -1.019547 0.003937008,
  3.038782 -1.017225 0,
  3.057196 -1.100445 0,
  3.049929 -1.019547 0,
  3.058193 -1.022144 0,
  3.060594 -1.023433 0,
  3.067682 -1.028257 0,
  3.075317 -1.020917 0,
  2.914707 -1.109799 0.003937008,
  2.919783 -1.105563 0.003937008,
  2.91345 -1.110798 0.003937008,
  2.912694 -1.111766 0.003937008,
  2.912204 -1.112806 0.003937008,
  2.912056 -1.113487 0.003937008,
  2.912076 -1.114151 0.003937008,
  2.912278 -1.114873 0.003937008,
  2.912542 -1.115343 0.003937008,
  2.912934 -1.115761 0.003937008,
  2.913281 -1.116049 0.003937008,
  2.918398 -1.115168 0.003937008,
  2.924313 -1.115168 0.003937008,
  2.926724 -1.115611 0.003937008,
  2.929137 -1.116049 0.003937008,
  2.935093 -1.116594 0.003937008,
  2.945831 -1.119698 0.003937008,
  2.952011 -1.120902 0.003937008,
  2.958289 -1.121418 0.003937008,
  2.967093 -1.120852 0.003937008,
  2.97345 -1.119315 0.003937008,
  2.978659 -1.116618 0.003937008,
  2.983334 -1.112465 0.003937008,
  2.987852 -1.105929 0.003937008,
  2.992249 -1.094382 0.003937008,
  2.996386 -1.06268 0.003937008,
  2.997676 -1.023433 0.003937008,
  2.99481 -0.990022 0.003937008,
  2.98941 -0.9712909 0.003937008,
  2.983539 -0.9607906 0.003937008,
  2.978595 -0.9548988 0.003937008,
  2.973127 -0.9508803 0.003937008,
  2.967802 -0.9487508 0.003937008,
  2.947257 -0.9455823 0.003937008,
  2.934799 -0.9441563 0.003937008,
  2.930174 -0.9429181 0.003937008,
  2.927198 -0.9411256 0.003937008,
  2.926276 -0.9405874 0.003937008,
  2.926032 -0.9405071 0.003937008,
  2.925267 -0.940561 0.003937008,
  2.924722 -0.9407858 0.003937008,
  2.922881 -0.9421024 0.003937008,
  2.918815 -0.9458772 0.003937008,
  2.917517 -0.947302 0.003937008,
  2.91412 -0.9509512 0.003937008,
  2.913411 -0.9517193 0.003937008,
  2.912939 -0.952322 0.003937008,
  2.912609 -0.9527965 0.003937008,
  2.912414 -0.9531453 0.003937008,
  2.912326 -0.9534453 0.003937008,
  2.912313 -0.9537598 0.003937008,
  2.912383 -0.9541319 0.003937008,
  2.912609 -0.9547035 0.003937008,
  2.912748 -0.9549378 0.003937008,
  2.912877 -0.9550752 0.003937008,
  2.913043 -0.9551795 0.003937008,
  2.913319 -0.9552705 0.003937008,
  2.914019 -0.9553268 0.003937008,
  2.915001 -0.9552299 0.003937008,
  2.918944 -0.9552299 0.003937008,
  2.923474 -0.9552299 0.003937008,
  2.923474 -1.103591 0.003937008,
  2.921569 -1.104468 0.003937008,
  2.931402 -1.105563 0.003937008,
  2.931402 -0.9557752 0.003937008,
  2.967688 -0.9599508 0.003937008,
  2.961354 -0.9583461 0.003937008,
  2.952626 -0.9572012 0.003937008,
  2.940168 -0.9557752 0.003937008,
  2.972265 -0.9619776 0.003937008,
  2.935786 -0.955613 0.003937008,
  2.93677 -1.107828 0.003937008,
  2.948817 -1.110604 0.003937008,
  2.961141 -1.111519 0.003937008,
  2.968617 -1.110072 0.003937008,
  2.989077 -1.006657 0.003937008,
  2.984565 -0.9815055 0.003937008,
  2.978965 -0.9689161 0.003937008,
  2.975669 -0.9646815 0.003937008,
  2.974054 -1.107937 0.003937008,
  2.977415 -1.105496 0.003937008,
  2.980805 -1.10142 0.003937008,
  2.983953 -1.095335 0.003937008,
  2.986441 -1.086838 0.003937008,
  2.989748 -1.048349 0.003937008,
  2.952626 -0.9572012 0,
  2.940168 -0.9557752 0,
  2.961354 -0.9583461 0,
  2.967688 -0.9599508 0,
  2.972265 -0.9619776 0,
  2.975669 -0.9646815 0,
  2.978965 -0.9689161 0,
  2.984565 -0.9815055 0,
  2.989077 -1.006657 0,
  2.989748 -1.048349 0,
  2.986441 -1.086838 0,
  2.983953 -1.095335 0,
  2.980805 -1.10142 0,
  2.977415 -1.105496 0,
  2.974054 -1.107937 0,
  2.968617 -1.110072 0,
  2.961141 -1.111519 0,
  2.948817 -1.110604 0,
  2.93677 -1.107828 0,
  2.931402 -1.105563 0,
  2.931402 -0.9557752 0,
  2.935786 -0.955613 0,
  2.853467 -1.044951 0.003937008,
  2.829683 -1.041847 0.003937008,
  2.863282 -1.046943 0.003937008,
  2.869569 -1.049176 0.003937008,
  2.872426 -1.050907 0.003937008,
  2.874985 -1.052334 0.003937008,
  2.883206 -1.044112 0.003937008,
  2.883788 -1.043341 0.003937008,
  2.88416 -1.042714 0.003937008,
  2.884391 -1.042115 0.003937008,
  2.884468 -1.041652 0.003937008,
  2.884439 -1.041241 0.003937008,
  2.884281 -1.040761 0.003937008,
  2.883926 -1.040187 0.003937008,
  2.883526 -1.039794 0.003937008,
  2.883031 -1.039503 0.003937008,
  2.882485 -1.039347 0.003937008,
  2.88178 -1.039289 0.003937008,
  2.829683 -1.031948 0.003937008,
  2.829683 -0.9552299 0.003937008,
  2.871881 -0.9611441 0.003937008,
  2.875974 -0.9622059 0.003937008,
  2.879808 -0.9639965 0.003937008,
  2.882325 -0.9654224 0.003937008,
  2.890253 -0.9566142 0.003937008,
  2.891113 -0.9554193 0.003937008,
  2.89137 -0.9547717 0.003937008,
  2.891444 -0.9542921 0.003937008,
  2.891413 -0.9538906 0.003937008,
  2.89125 -0.9534114 0.003937008,
  2.890984 -0.9528937 0.003937008,
  2.890782 -0.9526122 0.003937008,
  2.890583 -0.9524457 0.003937008,
  2.89027 -0.9522969 0.003937008,
  2.890239 -0.9522862 0.003937008,
  2.889465 -0.9521303 0.003937008,
  2.888575 -0.9520839 0.003937008,
  2.884339 -0.9518323 0.003937008,
  2.862899 -0.9492051 0.003937008,
  2.841554 -0.945876 0.003937008,
  2.828551 -0.943611 0.003937008,
  2.825407 -0.9424531 0.003937008,
  2.823406 -0.9419787 0.003937008,
  2.821992 -0.9418961 0.003937008,
  2.821215 -0.9420307 0.003937008,
  2.820555 -0.942324 0.003937008,
  2.819846 -0.9428705 0.003937008,
  2.819261 -0.9435913 0.003937008,
  2.818972 -0.944224 0.003937008,
  2.818756 -0.9453618 0.003937008,
  2.818815 -0.9469705 0.003937008,
  2.818904 -0.9475539 0.003937008,
  2.820728 -0.9546902 0.003937008,
  2.821462 -0.9620252 0.003937008,
  2.821462 -0.9673941 0.003937008,
  2.821635 -0.9709378 0.003937008,
  2.821756 -0.9744831 0.003937008,
  2.821462 -1.104137 0.003937008,
  2.818289 -1.107906 0.003937008,
  2.816349 -1.110251 0.003937008,
  2.815205 -1.111923 0.003937008,
  2.814754 -1.11288 0.003937008,
  2.814506 -1.114253 0.003937008,
  2.814457 -1.115096 0.003937008,
  2.814467 -1.115742 0.003937008,
  2.81452 -1.115987 0.003937008,
  2.814611 -1.116202 0.003937008,
  2.814706 -1.116339 0.003937008,
  2.814817 -1.116437 0.003937008,
  2.814955 -1.116512 0.003937008,
  2.815364 -1.116626 0.003937008,
  2.816136 -1.116674 0.003937008,
  2.816932 -1.116594 0.003937008,
  2.822301 -1.115756 0.003937008,
  2.827113 -1.115163 0.003937008,
  2.831948 -1.115168 0.003937008,
  2.832787 -1.115168 0.003937008,
  2.838331 -1.115304 0.003937008,
  2.843819 -1.116049 0.003937008,
  2.854893 -1.11802 0.003937008,
  2.864647 -1.119981 0.003937008,
  2.872346 -1.12278 0.003937008,
  2.873852 -1.123683 0.003937008,
  2.876411 -1.125361 0.003937008,
  2.88459 -1.116888 0.003937008,
  2.885137 -1.115956 0.003937008,
  2.885475 -1.115276 0.003937008,
  2.885659 -1.114764 0.003937008,
  2.885722 -1.114348 0.003937008,
  2.885687 -1.113962 0.003937008,
  2.885556 -1.113577 0.003937008,
  2.885334 -1.113231 0.003937008,
  2.884934 -1.112851 0.003937008,
  2.884425 -1.112559 0.003937008,
  2.88387 -1.11241 0.003937008,
  2.883206 -1.112358 0.003937008,
  2.878676 -1.11177 0.003937008,
  2.872012 -1.110885 0.003937008,
  2.865337 -1.110093 0.003937008,
  2.829683 -1.104137 0.003937008,
  2.786563 -1.121124 0.003937008,
  2.782327 -1.121124 0.003937008,
  2.786563 -1.045539 0.003937008,
  2.781194 -1.045539 0.003937008,
  2.778802 -1.085419 0.003937008,
  2.77531 -1.098261 0.003937008,
  2.771757 -1.105224 0.003937008,
  2.768323 -1.109337 0.003937008,
  2.76455 -1.112205 0.003937008,
  2.760563 -1.113971 0.003937008,
  2.756279 -1.114917 0.003937008,
  2.750392 -1.114555 0.003937008,
  2.745316 -1.112852 0.003937008,
  2.740535 -1.109872 0.003937008,
  2.735975 -1.10541 0.003937008,
  2.731088 -1.097746 0.003937008,
  2.724475 -1.078707 0.003937008,
  2.721915 -1.063926 0.003937008,
  2.720877 -1.018903 0.003937008,
  2.727882 -0.978448 0.003937008,
  2.732157 -0.9669185 0.003937008,
  2.738624 -0.9577984 0.003937008,
  2.742706 -0.9540547 0.003937008,
  2.746334 -0.9519189 0.003937008,
  2.750072 -0.9507882 0.003937008,
  2.754014 -0.9504063 0.003937008,
  2.76036 -0.9508898 0.003937008,
  2.766611 -0.9532146 0.003937008,
  2.771684 -0.9567732 0.003937008,
  2.77585 -0.9615697 0.003937008,
  2.77955 -0.9689244 0.003937008,
  2.783607 -0.987626 0.003937008,
  2.784844 -0.9960008 0.003937008,
  2.78627 -1.010976 0.003937008,
  2.7908 -1.010724 0.003937008,
  2.788656 -0.9769114 0.003937008,
  2.785424 -0.9642484 0.003937008,
  2.780568 -0.9544465 0.003937008,
  2.776889 -0.9497417 0.003937008,
  2.771453 -0.9453594 0.003937008,
  2.76464 -0.9421957 0.003937008,
  2.757957 -0.9410524 0.003937008,
  2.750714 -0.9413114 0.003937008,
  2.743223 -0.9436339 0.003937008,
  2.736672 -0.9474547 0.003937008,
  2.731948 -0.9522803 0.003937008,
  2.725469 -0.9628528 0.003937008,
  2.717556 -0.9865551 0.003937008,
  2.71447 -1.005756 0.003937008,
  2.714375 -1.06282 0.003937008,
  2.721203 -1.093494 0.003937008,
  2.727217 -1.107001 0.003937008,
  2.732981 -1.114509 0.003937008,
  2.741769 -1.121313 0.003937008,
  2.745951 -1.123366 0.003937008,
  2.750026 -1.124189 0.003937008,
  2.754014 -1.124228 0.003937008,
  2.762341 -1.122072 0.003937008,
  2.76887 -1.118464 0.003937008,
  2.774505 -1.113361 0.003937008,
  2.777797 -1.10896 0.003937008,
  2.780314 -1.10443 0.003937008,
  2.642187 -1.116049 0.003937008,
  2.629729 -1.131611 0.003937008,
  2.639256 -1.109834 0.003937008,
  2.638034 -1.101817 0.003937008,
  2.63795 -1.09818 0.003937008,
  2.63795 -0.9538039 0.003937008,
  2.659747 -0.9556299 0.003937008,
  2.670139 -0.9572244 0.003937008,
  2.673634 -0.958024 0.003937008,
  2.67567 -0.9590047 0.003937008,
  2.67828 -0.9612563 0.003937008,
  2.679154 -0.961874 0.003937008,
  2.680106 -0.9622768 0.003937008,
  2.686722 -0.9564547 0.003937008,
  2.689837 -0.9535902 0.003937008,
  2.690885 -0.952439 0.003937008,
  2.691363 -0.951572 0.003937008,
  2.691597 -0.9505949 0.003937008,
  2.691725 -0.9495673 0.003937008,
  2.6914 -0.9489339 0.003937008,
  2.691167 -0.9486748 0.003937008,
  2.690779 -0.948415 0.003937008,
  2.690083 -0.9481555 0.003937008,
  2.689041 -0.9480193 0.003937008,
  2.68405 -0.9479 0.003937008,
  2.676882 -0.9468803 0.003937008,
  2.658237 -0.9449512 0.003937008,
  2.652086 -0.94445 0.003937008,
  2.640215 -0.9433173 0.003937008,
  2.633672 -0.942772 0.003937008,
  2.632219 -0.942328 0.003937008,
  2.631428 -0.9422728 0.003937008,
  2.630857 -0.942363 0.003937008,
  2.630445 -0.9425272 0.003937008,
  2.630108 -0.9427673 0.003937008,
  2.629739 -0.9431957 0.003937008,
  2.629293 -0.9440055 0.003937008,
  2.629094 -0.9447622 0.003937008,
  2.629098 -0.9463433 0.003937008,
  2.629888 -0.9532508 0.003937008,
  2.630023 -0.9549362 0.003937008,
  2.630568 -0.9716307 0.003937008,
  2.630568 -1.099061 0.003937008,
  2.630405 -1.112877 0.003937008,
  2.628303 -1.126494 0.003937008,
  2.627758 -1.129346 0.003937008,
  2.311627 -0.09426969 3.220473,
  1.688373 -0.09426969 3.220473,
  1.70172 -0.1293673 3.220473,
  1.7733 -0.2312303 3.220473,
  1.822287 -0.2701024 3.220473,
  2.29828 -0.1293673 3.220473,
  1.732615 -0.183739 3.220473,
  1.877781 -0.2989315 3.220473,
  1.937751 -0.3166626 3.220473,
  2.267385 -0.183739 3.220473,
  2.2267 -0.2312303 3.220473,
  2 -0.3226461 3.220473,
  2.062249 -0.3166626 3.220473,
  2.177713 -0.2701024 3.220473,
  2.122219 -0.2989315 3.220473,
  1.713739 -0.2821776 3.141733,
  1.718679 -0.2879445 3.141733,
  1.72054 -0.2860118 3.162112,
  1.797902 -0.3457587 3.141733,
  1.848334 -0.3719579 3.141733,
  1.849337 -0.3694697 3.162112,
  2.104472 -0.3859114 3.141733,
  2.151666 -0.3719579 3.141733,
  2.150663 -0.3694697 3.162112,
  2.286261 -0.2821776 3.141733,
  2.331809 -0.2290106 3.141733,
  2.329614 -0.2274681 3.162112,
  2.312725 -0.09426969 3.220466,
  2.31688 -0.1376937 3.21779,
  2.332705 -0.09426969 3.217849,
  2.332932 -0.09426969 3.217778,
  2.341534 -0.09426969 3.215082,
  2.334214 -0.1454531 3.209924,
  2.352425 -0.09426969 3.209464,
  2.358767 -0.09426969 3.206192,
  2.349098 -0.1521157 3.197411,
  2.366165 -0.09426969 3.20054,
  2.360519 -0.1572283 3.181103,
  2.378813 -0.09426969 3.186767,
  2.369283 -0.09426969 3.197145,
  2.390635 -0.09426969 3.162109,
  2.39057 -0.09426969 3.162397,
  2.367699 -0.1604425 3.162112,
  2.383598 -0.09426969 3.179259,
  2.382453 -0.09426969 3.181056,
  2.393416 -0.09426969 3.141733,
  2.392386 -0.09426969 3.154237,
  2.391216 -0.1006311 3.141733,
  2.370148 -0.1615386 3.141733,
  2.3496 -0.1977008 3.141733,
  1.606584 -0.09426969 3.141733,
  1.608784 -0.1006311 3.141733,
  1.607016 -0.09426969 3.149846,
  1.609543 -0.09426969 3.162074,
  1.632301 -0.1604425 3.162112,
  1.61003 -0.09426969 3.164431,
  1.639481 -0.1572283 3.181103,
  1.617527 -0.09426969 3.181203,
  1.621958 -0.09426969 3.18782,
  1.650902 -0.1521157 3.197411,
  1.630773 -0.09426969 3.197087,
  1.658243 -0.09426969 3.214998,
  1.647586 -0.09426969 3.209448,
  1.665786 -0.1454531 3.209924,
  1.640903 -0.09426969 3.205967,
  1.634963 -0.09426969 3.201493,
  1.66517 -0.09426969 3.21728,
  1.68312 -0.1376937 3.21779,
  1.667107 -0.09426969 3.217585,
  1.685049 -0.09426969 3.220409,
  2.188795 -0.2872051 3.21779,
  2.12984 -0.3178323 3.21779,
  2.199122 -0.3031425 3.209924,
  2.136943 -0.3354449 3.209924,
  2.20799 -0.316828 3.197411,
  2.143041 -0.3505689 3.197411,
  2.214795 -0.3273295 3.181103,
  2.147721 -0.3621744 3.181103,
  2.219072 -0.3339307 3.162112,
  1.933869 -0.3366689 3.21779,
  1.87016 -0.3178323 3.21779,
  1.930252 -0.3553118 3.209924,
  1.863057 -0.3354449 3.209924,
  1.927146 -0.3713209 3.197411,
  1.856959 -0.3505689 3.197411,
  1.924762 -0.3836051 3.181103,
  1.852279 -0.3621744 3.181103,
  1.923264 -0.3913272 3.162112,
  1.715941 -0.1954559 3.21779,
  1.700403 -0.2063748 3.209924,
  1.68706 -0.2157508 3.197411,
  1.676822 -0.2229453 3.181103,
  1.670386 -0.2274681 3.162112,
  2.323178 -0.2229453 3.181103,
  2.31294 -0.2157508 3.197411,
  2.299597 -0.2063748 3.209924,
  2.284059 -0.1954559 3.21779,
  2.281321 -0.2879445 3.141733,
  2.27946 -0.2860118 3.162112,
  2.274003 -0.2803461 3.181103,
  2.265323 -0.2713335 3.197411,
  2.25401 -0.2595874 3.209924,
  2.240837 -0.2459091 3.21779,
  2.220531 -0.3361823 3.141733,
  2.202098 -0.3457587 3.141733,
  2.077247 -0.393961 3.141733,
  2.076736 -0.3913272 3.162112,
  2.075238 -0.3836051 3.181103,
  2.072854 -0.3713209 3.197411,
  2.069748 -0.3553118 3.209924,
  2.066131 -0.3366689 3.21779,
  2 -0.3430252 3.21779,
  2 -0.3620161 3.209924,
  2 -0.3783236 3.197411,
  2 -0.390837 3.181103,
  2 -0.3987031 3.162112,
  2 -0.4013862 3.141733,
  1.922753 -0.393961 3.141733,
  1.895528 -0.3859114 3.141733,
  1.779469 -0.3361823 3.141733,
  1.780928 -0.3339307 3.162112,
  1.785205 -0.3273295 3.181103,
  1.79201 -0.316828 3.197411,
  1.800878 -0.3031425 3.209924,
  1.811205 -0.2872051 3.21779,
  1.759163 -0.2459091 3.21779,
  1.74599 -0.2595874 3.209924,
  1.734677 -0.2713335 3.197411,
  1.725997 -0.2803461 3.181103,
  1.668191 -0.2290106 3.141733,
  1.629852 -0.1615386 3.141733,
  1.6504 -0.1977008 3.141733,
  2.235238 0.004155512 2.643471,
  2.227222 0.06503937 1.839206,
  2.227222 0.06503937 2.643471,
  2.203722 0.1217744 1.839206,
  2.203722 0.1217744 2.643471,
  2.166338 0.1704937 1.839206,
  2.166338 0.1704937 2.643471,
  2.117619 0.2078772 1.839206,
  2.117619 0.2078772 2.643471,
  2.060884 0.2313776 1.839206,
  2.060884 0.2313776 2.643471,
  2 0.2393929 1.839206,
  2 0.2393929 2.643471,
  1.939116 0.2313776 1.839206,
  1.939116 0.2313776 2.643471,
  1.882381 0.2078772 1.839206,
  1.882381 0.2078772 2.643471,
  1.833662 0.1704937 1.839206,
  1.833662 0.1704937 2.643471,
  1.796278 0.1217744 1.839206,
  1.796278 0.1217744 2.643471,
  1.772778 0.06503937 1.839206,
  1.772778 0.06503937 2.643471,
  1.764762 0.004155512 1.839206,
  1.764762 0.004155512 2.643471,
  1.772778 -0.05672874 1.839206,
  1.772778 -0.05672874 2.643471,
  1.796278 -0.1134634 1.839206,
  1.796278 -0.1134634 2.643471,
  1.833662 -0.1621827 1.839206,
  1.833662 -0.1621827 2.643471,
  1.882381 -0.1995665 1.839206,
  1.882381 -0.1995665 2.643471,
  1.939116 -0.2230669 1.839206,
  1.939116 -0.2230669 2.643471,
  2 -0.2310823 1.839206,
  2 -0.2310823 2.643471,
  2.060884 -0.2230669 1.839206,
  2.060884 -0.2230669 2.643471,
  2.117619 -0.1995665 1.839206,
  2.117619 -0.1995665 2.643471,
  2.166338 -0.1621827 1.839206,
  2.166338 -0.1621827 2.643471,
  2.203722 -0.1134634 1.839206,
  2.203722 -0.1134634 2.643471,
  2.227222 -0.05672874 1.839206,
  2.227222 -0.05672874 2.643471,
  2.235238 0.004155512 1.839206,
  2.393701 -0.7763303 0.5542563,
  2.23622 -0.7763303 0.5542563,
  1.76378 -0.7763303 0.5542563,
  1.606299 -0.7763303 0.5542563,
  1.76378 -0.7763303 1.303448,
  1.606299 -0.7763303 1.529214,
  2.23622 -0.7763303 1.303448,
  2.393701 -0.7763303 1.529214,
  1.606299 -0.6281126 1.529214,
  2.393701 -0.6281126 1.529214,
  1.606299 -0.6281126 2.643471,
  2.393701 -0.6281126 2.643471,
  1.606299 0.6635303 2.643471,
  2.393701 0.6635303 2.643471,
  1.606299 0.6635303 2.477876,
  2.393701 0.6635303 2.477876,
  1.606299 0.822313 1.924134,
  2.393701 0.822313 1.924134,
  2.098425 0.822313 1.52215,
  2.393701 0.822313 1.52215,
  2.098425 0.822313 1.543287,
  1.901575 0.822313 1.543287,
  1.901575 0.822313 1.52215,
  1.606299 0.822313 1.52215,
  2.098425 0.8788354 1.52215,
  2.393701 1.043307 1.52215,
  1.606299 1.043307 1.52215,
  1.76378 1.043307 1.52215,
  1.901575 0.8788354 1.52215,
  2.23622 1.043307 1.52215,
  1.76378 1.043307 0.7874016,
  2.23622 1.043307 0.7874016,
  2.117619 0.2078772 2.681763,
  2.159806 0.280948 2.681763,
  2.060884 0.2313776 2.681763,
  2.082722 0.3128776 2.681763,
  2 0.2393929 2.681763,
  2 0.3237681 2.681763,
  1.939116 0.2313776 2.681763,
  1.917278 0.3128776 2.681763,
  1.882381 0.2078772 2.681763,
  1.840194 0.280948 2.681763,
  1.833662 0.1704937 2.681763,
  1.774 0.2301559 2.681763,
  1.796278 0.1217744 2.681763,
  1.723207 0.1639618 2.681763,
  1.772778 0.06503937 2.681763,
  1.691278 0.08687717 2.681763,
  1.764762 0.004155512 2.681763,
  1.680387 0.004155512 2.681763,
  1.772778 -0.05672874 2.681763,
  1.691278 -0.07856654 2.681763,
  1.796278 -0.1134634 2.681763,
  1.723207 -0.1556512 2.681763,
  1.833662 -0.1621827 2.681763,
  1.774 -0.2218453 2.681763,
  1.882381 -0.1995665 2.681763,
  1.840194 -0.2726374 2.681763,
  1.939116 -0.2230669 2.681763,
  1.917278 -0.3045669 2.681763,
  2 -0.2310823 2.681763,
  2 -0.3154575 2.681763,
  2.060884 -0.2230669 2.681763,
  2.082722 -0.3045669 2.681763,
  2.117619 -0.1995665 2.681763,
  2.159806 -0.2726374 2.681763,
  2.166338 -0.1621827 2.681763,
  2.226 -0.2218453 2.681763,
  2.203722 -0.1134634 2.681763,
  2.276793 -0.1556512 2.681763,
  2.227222 -0.05672874 2.681763,
  2.308722 -0.07856654 2.681763,
  2.235238 0.004155512 2.681763,
  2.319613 0.004155512 2.681763,
  2.227222 0.06503937 2.681763,
  2.308722 0.08687717 2.681763,
  2.203722 0.1217744 2.681763,
  2.276793 0.1639618 2.681763,
  2.166338 0.1704937 2.681763,
  2.226 0.2301559 2.681763,
  2.319613 0.004155512 2.798277,
  2.308722 0.08687717 2.798277,
  2.276793 0.1639618 2.798277,
  2.226 0.2301559 2.798277,
  2.159806 0.280948 2.798277,
  2.082722 0.3128776 2.798277,
  2 0.3237681 2.798277,
  1.917278 0.3128776 2.798277,
  1.840194 0.280948 2.798277,
  1.774 0.2301559 2.798277,
  1.723207 0.1639618 2.798277,
  1.691278 0.08687717 2.798277,
  1.680387 0.004155512 2.798277,
  1.691278 -0.07856654 2.798277,
  1.723207 -0.1556512 2.798277,
  1.774 -0.2218453 2.798277,
  1.840194 -0.2726374 2.798277,
  1.917278 -0.3045669 2.798277,
  2 -0.3154575 2.798277,
  2.082722 -0.3045669 2.798277,
  2.159806 -0.2726374 2.798277,
  2.226 -0.2218453 2.798277,
  2.276793 -0.1556512 2.798277,
  2.308722 -0.07856654 2.798277,
  2.385305 0.226611 2.798277,
  2.3146 0.3187551 2.798277,
  2.222456 0.3894598 2.798277,
  2.115152 0.4339067 2.798277,
  2 0.4490669 2.798277,
  1.884848 0.4339067 2.798277,
  1.777544 0.3894598 2.798277,
  1.6854 0.3187551 2.798277,
  1.614695 0.226611 2.798277,
  1.570248 0.1193071 2.798277,
  1.555089 0.004155512 2.798277,
  1.570248 -0.1109961 2.798277,
  1.614695 -0.2183004 2.798277,
  1.6854 -0.3104445 2.798277,
  1.777544 -0.3811492 2.798277,
  1.884848 -0.4255961 2.798277,
  2 -0.4407563 2.798277,
  2.115152 -0.4255961 2.798277,
  2.222456 -0.3811492 2.798277,
  2.3146 -0.3104445 2.798277,
  2.385305 -0.2183004 2.798277,
  2.429752 -0.1109961 2.798277,
  2.444911 0.004155512 2.798277,
  2.429752 0.1193071 2.798277,
  1.70172 0.137678 3.220473,
  1.688373 0.1025807 3.220473,
  2.311627 0.1025807 3.220473,
  2.29828 0.137678 3.220473,
  2.267385 0.1920496 3.220473,
  2.2267 0.2395409 3.220473,
  1.937751 0.3249732 3.220473,
  1.877781 0.3072421 3.220473,
  2 0.3309567 3.220473,
  2.062249 0.3249732 3.220473,
  2.122219 0.3072421 3.220473,
  1.822287 0.278413 3.220473,
  1.7733 0.2395409 3.220473,
  2.177713 0.278413 3.220473,
  1.732615 0.1920496 3.220473,
  1.606584 0.1025807 3.023622,
  1.606584 0.1025807 3.141733,
  1.608784 0.1089417 3.141733,
  2.393416 -0.09426969 3.023622,
  2.391723 -0.1008067 2.907994,
  2.405541 0.004155512 3.023622,
  2.405541 0.004155512 2.907994,
  2.393416 0.1025807 3.023622,
  2.391723 0.1091173 2.907994,
  1.608277 0.1091173 2.907994,
  1.594459 0.004155512 3.023622,
  1.594459 0.004155512 2.907994,
  1.606584 -0.09426969 3.023622,
  1.608277 -0.1008067 2.907994,
  2.351209 -0.1986154 2.907994,
  2.286761 -0.2826059 2.907994,
  2.202771 -0.3470539 2.907994,
  2.104962 -0.3875677 2.907994,
  2 -0.4013862 2.907994,
  1.895038 -0.3875677 2.907994,
  1.797229 -0.3470539 2.907994,
  1.713239 -0.2826059 2.907994,
  1.648791 -0.1986154 2.907994,
  1.629852 0.1698492 3.141733,
  1.648791 0.206926 2.907994,
  1.713739 0.2904882 3.141733,
  1.713239 0.2909165 2.907994,
  1.668191 0.2373213 3.141733,
  1.6504 0.2060118 3.141733,
  1.718679 0.2962551 3.141733,
  1.779469 0.3444929 3.141733,
  1.797229 0.3553646 2.907994,
  1.797902 0.3540693 3.141733,
  1.848334 0.3802685 3.141733,
  1.895038 0.3958783 2.907994,
  1.895528 0.3942224 3.141733,
  1.922753 0.4022717 3.141733,
  2 0.4096969 2.907994,
  2 0.4096969 3.141733,
  2.077247 0.4022717 3.141733,
  2.104962 0.3958783 2.907994,
  2.202098 0.3540693 3.141733,
  2.202771 0.3553646 2.907994,
  2.151666 0.3802685 3.141733,
  2.104472 0.3942224 3.141733,
  2.220531 0.3444929 3.141733,
  2.281321 0.2962551 3.141733,
  2.286761 0.2909165 2.907994,
  2.286261 0.2904882 3.141733,
  2.331809 0.2373213 3.141733,
  2.351209 0.206926 2.907994,
  2.393416 0.1025807 3.141733,
  2.391216 0.1089417 3.141733,
  2.370148 0.1698492 3.141733,
  2.3496 0.2060118 3.141733,
  2 0.2393929 2.907994,
  2.060884 0.2313776 2.907994,
  2.117619 0.2078772 2.907994,
  2.166338 0.1704937 2.907994,
  2.203722 0.1217744 2.907994,
  2.227222 0.06503937 2.907994,
  2.235238 0.004155512 2.907994,
  2.227222 -0.05672874 2.907994,
  2.203722 -0.1134634 2.907994,
  2.166338 -0.1621827 2.907994,
  2.117619 -0.1995665 2.907994,
  2.060884 -0.2230669 2.907994,
  2 -0.2310823 2.907994,
  1.939116 -0.2230669 2.907994,
  1.882381 -0.1995665 2.907994,
  1.833662 -0.1621827 2.907994,
  1.796278 -0.1134634 2.907994,
  1.772778 -0.05672874 2.907994,
  1.764762 0.004155512 2.907994,
  1.772778 0.06503937 2.907994,
  1.796278 0.1217744 2.907994,
  1.833662 0.1704937 2.907994,
  1.882381 0.2078772 2.907994,
  1.939116 0.2313776 2.907994,
  1.76378 -1.043307 1.84752,
  1.76378 -1.023022 1.84752,
  2.23622 -1.043307 1.84752,
  2.23622 -1.023022 1.84752,
  1.76378 -0.9351591 1.303448,
  2.23622 -0.9351591 1.303448,
  1.76378 -0.9406441 0.5542563,
  2.23622 -0.9406441 0.5542563,
  2.23622 -1.043307 0.4450244,
  1.76378 -1.043307 0.4450244,
  2.354331 -0.578463 1.839206,
  2.354331 0.643878 1.839206,
  1.645669 0.643878 1.839206,
  1.645669 -0.578463 1.839206,
  2.19685 -0.578463 0.6985028,
  2.354331 -0.578463 0.4087445,
  2.19685 -0.578463 1.574803,
  1.80315 -0.578463 1.574803,
  1.80315 -0.578463 0.6985028,
  1.645669 -0.578463 0.4087445,
  2.354331 0.643878 0.4087445,
  1.645669 0.643878 0.4087445,
  2.19685 0.643878 1.574803,
  2.19685 0.643878 0.6985028,
  1.80315 0.643878 0.6985028,
  1.80315 0.643878 1.574803,
  1.901575 0.754626 1.551728,
  2.098425 0.754626 1.551728,
  2.098425 1.030217 1.276138,
  1.901575 1.030217 1.276138,
  1.901575 1.023535 1.336454,
  2.098425 1.023535 1.336454,
  1.901575 1.003815 1.393846,
  2.098425 1.003815 1.393846,
  1.901575 0.9720114 1.44553,
  2.098425 0.9720114 1.44553,
  1.901575 0.9296673 1.489001,
  2.098425 0.9296673 1.489001,
  2.098425 -0.3233264 1.551728,
  2.098425 -0.3233264 1.354878,
  2.098425 0.754626 1.354878,
  2.098425 0.8228169 1.315508,
  2.098425 0.8103039 1.331815,
  2.098425 0.7939961 1.344329,
  2.098425 0.7750055 1.352195,
  2.098425 -0.03937008 -0.984252,
  2.098425 0.1574803 -0.984252,
  2.098425 -0.03937008 0.04779291,
  2.098425 0.1574803 0.04779291,
  2.098425 -0.02997953 0.1191213,
  2.098425 0.1601634 0.06817244,
  2.098425 -0.002448031 0.1855882,
  2.098425 0.1680295 0.08716299,
  2.098425 0.04134843 0.242665,
  2.098425 0.1805429 0.1034709,
  2.098425 0.0984252 0.2864614,
  2.098425 0.1968504 0.1159839,
  2.098425 0.1648925 0.3139929,
  2.098425 0.2158409 0.12385,
  2.098425 0.2362205 0.3233835,
  2.098425 0.2362205 0.1265331,
  2.098425 0.754626 0.3233835,
  2.098425 0.754626 0.1265331,
  2.098425 0.7750055 0.3260665,
  2.098425 0.8259543 0.1359236,
  2.098425 0.7939961 0.3339327,
  2.098425 0.8924213 0.1634551,
  2.098425 0.8103039 0.3464461,
  2.098425 0.949498 0.207252,
  2.098425 0.8228169 0.3627535,
  2.098425 0.9932945 0.2643283,
  2.098425 0.8306835 0.3817441,
  2.098425 1.020826 0.3307957,
  2.098425 0.8333661 0.4021236,
  2.098425 1.030217 0.4021236,
  2.098425 0.8333661 1.276138,
  2.098425 0.8306835 1.296517,
  1.901575 0.754626 1.354878,
  1.901575 -0.3233264 1.354878,
  1.901575 -0.3233264 1.551728,
  1.901575 0.8333661 1.276138,
  1.901575 0.8306835 1.296517,
  1.901575 0.8228169 1.315508,
  1.901575 0.8103039 1.331815,
  1.901575 0.7939961 1.344329,
  1.901575 0.7750055 1.352195,
  1.901575 0.1574803 -0.984252,
  1.901575 -0.03937008 -0.984252,
  1.901575 0.1574803 0.04779291,
  1.901575 -0.03937008 0.04779291,
  1.901575 0.1601634 0.06817244,
  1.901575 -0.02997953 0.1191213,
  1.901575 0.1680295 0.08716299,
  1.901575 -0.002448031 0.1855882,
  1.901575 0.1805429 0.1034709,
  1.901575 0.04134843 0.242665,
  1.901575 0.1968504 0.1159839,
  1.901575 0.0984252 0.2864614,
  1.901575 0.2158409 0.12385,
  1.901575 0.1648925 0.3139929,
  1.901575 0.2362205 0.1265331,
  1.901575 0.2362205 0.3233835,
  1.901575 0.754626 0.1265331,
  1.901575 0.754626 0.3233835,
  1.901575 0.8259543 0.1359236,
  1.901575 0.7750055 0.3260665,
  1.901575 0.8924213 0.1634551,
  1.901575 0.7939961 0.3339327,
  1.901575 0.949498 0.207252,
  1.901575 0.8103039 0.3464461,
  1.901575 0.9932945 0.2643283,
  1.901575 0.8228169 0.3627535,
  1.901575 1.020826 0.3307957,
  1.901575 0.8306835 0.3817441,
  1.901575 1.030217 0.4021236,
  1.901575 0.8333661 0.4021236,
  1.940945 0 -1.377953,
  1.940945 0.1181102 -1.377953,
  2.059055 0 -1.377953,
  2.059055 0.1181102 -1.377953,
  2.27946 0.2943228 3.162112,
  2.150663 0.3777803 3.162112,
  1.849337 0.3777803 3.162112,
  1.670386 0.2357787 3.162112,
  2.3433 0.1025807 3.214397,
  2.35239 0.1025807 3.209431,
  2.334214 0.1537638 3.209924,
  2.391294 0.1025807 3.15962,
  2.390624 0.1025807 3.162106,
  2.367699 0.1687531 3.162112,
  2.390208 0.1025807 3.163648,
  2.360519 0.165539 3.181103,
  2.366135 0.1025807 3.200566,
  2.369278 0.1025807 3.197141,
  2.349098 0.1604264 3.197411,
  2.378867 0.1025807 3.186693,
  2.382906 0.1025807 3.180471,
  2.360419 0.1025807 3.205044,
  2.336425 0.1025807 3.216813,
  2.31688 0.1460047 3.21779,
  2.332856 0.1025807 3.217446,
  2.316599 0.1025807 3.22033,
  1.687856 0.1025807 3.220471,
  1.68312 0.1460047 3.21779,
  1.667845 0.1025807 3.217987,
  1.665786 0.1537638 3.209924,
  1.659006 0.1025807 3.215283,
  1.667077 0.1025807 3.217752,
  1.630739 0.1025807 3.197122,
  1.634257 0.1025807 3.200901,
  1.650902 0.1604264 3.197411,
  1.641698 0.1025807 3.206504,
  1.647562 0.1025807 3.209478,
  1.621506 0.1025807 3.187208,
  1.639481 0.165539 3.181103,
  1.616665 0.1025807 3.179724,
  1.61003 0.1025807 3.164431,
  1.632301 0.1687531 3.162112,
  1.609593 0.1025807 3.16207,
  1.606744 0.1025807 3.146678,
  1.811205 0.2955157 3.21779,
  1.87016 0.3261429 3.21779,
  1.800878 0.3114531 3.209924,
  1.863057 0.3437555 3.209924,
  1.79201 0.3251386 3.197411,
  1.856959 0.3588795 3.197411,
  1.785205 0.3356402 3.181103,
  1.852279 0.370485 3.181103,
  1.780928 0.3422413 3.162112,
  2.066131 0.3449795 3.21779,
  2.12984 0.3261429 3.21779,
  2.069748 0.3636224 3.209924,
  2.136943 0.3437555 3.209924,
  2.072854 0.3796315 3.197411,
  2.143041 0.3588795 3.197411,
  2.075238 0.3919157 3.181103,
  2.147721 0.370485 3.181103,
  2.076736 0.3996378 3.162112,
  2.284059 0.2037669 3.21779,
  2.299597 0.2146854 3.209924,
  2.31294 0.2240614 3.197411,
  2.323178 0.2312559 3.181103,
  2.329614 0.2357787 3.162112,
  1.676822 0.2312559 3.181103,
  1.68706 0.2240614 3.197411,
  1.700403 0.2146854 3.209924,
  1.715941 0.2037669 3.21779,
  1.72054 0.2943228 3.162112,
  1.725997 0.2886571 3.181103,
  1.734677 0.2796441 3.197411,
  1.74599 0.267898 3.209924,
  1.759163 0.2542197 3.21779,
  1.923264 0.3996378 3.162112,
  1.924762 0.3919157 3.181103,
  1.927146 0.3796315 3.197411,
  1.930252 0.3636224 3.209924,
  1.933869 0.3449795 3.21779,
  2 0.3513362 3.21779,
  2 0.3703268 3.209924,
  2 0.3866343 3.197411,
  2 0.3991476 3.181103,
  2 0.4070138 3.162112,
  2.219072 0.3422413 3.162112,
  2.214795 0.3356402 3.181103,
  2.20799 0.3251386 3.197411,
  2.199122 0.3114531 3.209924,
  2.188795 0.2955157 3.21779,
  2.240837 0.2542197 3.21779,
  2.25401 0.267898 3.209924,
  2.265323 0.2796441 3.197411,
  2.274003 0.2886571 3.181103,
  2.028337 -0.9651291 0.003937008,
  2.037398 -1.007326 0.003937008,
  2.024059 -0.943611 0.003937008,
  2.022381 -0.9368157 0.003937008,
  2.022001 -0.9358386 0.003937008,
  2.021683 -0.9351768 0.003937008,
  2.021391 -0.9347224 0.003937008,
  2.021111 -0.9344098 0.003937008,
  2.020864 -0.9342217 0.003937008,
  2.020636 -0.9341236 0.003937008,
  2.020422 -0.9340902 0.003937008,
  2.020205 -0.9341079 0.003937008,
  2.019994 -0.9341811 0.003937008,
  2.019815 -0.9342972 0.003937008,
  2.019622 -0.9344969 0.003937008,
  2.019454 -0.9347866 0.003937008,
  2.019252 -0.9355063 0.003937008,
  2.018761 -0.9390587 0.003937008,
  2.018396 -0.9424783 0.003937008,
  2.017012 -0.9543492 0.003937008,
  2.016629 -0.9598484 0.003937008,
  2.016743 -0.9624551 0.003937008,
  2.017284 -0.9640291 0.003937008,
  2.017851 -0.9651291 0.003937008,
  2.019277 -0.9676878 0.003937008,
  2.022983 -0.9800535 0.003937008,
  2.026072 -0.9926031 0.003937008,
  2.055225 -1.127626 0.003937008,
  2.059168 -1.127626 0.003937008,
  2.086642 -1.006194 0.003937008,
  2.090039 -0.9920161 0.003937008,
  2.091544 -0.9853169 0.003937008,
  2.093437 -0.9787193 0.003937008,
  2.095408 -0.9733504 0.003937008,
  2.097206 -0.9683087 0.003937008,
  2.0984 -0.9665102 0.003937008,
  2.099281 -0.9654681 0.003937008,
  2.099612 -0.9650224 0.003937008,
  2.099775 -0.964702 0.003937008,
  2.099846 -0.9644039 0.003937008,
  2.09984 -0.9633579 0.003937008,
  2.099398 -0.9567047 0.003937008,
  2.099393 -0.9566142 0.003937008,
  2.098261 -0.9439047 0.003937008,
  2.097674 -0.9390807 0.003937008,
  2.097566 -0.9375945 0.003937008,
  2.097404 -0.9365457 0.003937008,
  2.097268 -0.9358193 0.003937008,
  2.097149 -0.9353665 0.003937008,
  2.09702 -0.9350555 0.003937008,
  2.096877 -0.9348445 0.003937008,
  2.096692 -0.9346795 0.003937008,
  2.096469 -0.9345622 0.003937008,
  2.096264 -0.9345106 0.003937008,
  2.09605 -0.9345102 0.003937008,
  2.09579 -0.934574 0.003937008,
  2.095492 -0.9347299 0.003937008,
  2.095247 -0.9349382 0.003937008,
  2.095005 -0.93525 0.003937008,
  2.094761 -0.935778 0.003937008,
  2.09457 -0.936522 0.003937008,
  2.092598 -0.9478472 0.003937008,
  2.075904 -1.016638 0.003937008,
  2.057196 -1.100445 0.003937008,
  2.038782 -1.017225 0.003937008,
  2.075317 -1.020917 0.003937008,
  2.067682 -1.028257 0.003937008,
  2.060594 -1.023433 0.003937008,
  2.058193 -1.022144 0.003937008,
  2.049929 -1.019547 0.003937008,
  2.038782 -1.017225 0,
  2.057196 -1.100445 0,
  2.049929 -1.019547 0,
  2.058193 -1.022144 0,
  2.060594 -1.023433 0,
  2.067682 -1.028257 0,
  2.075317 -1.020917 0,
  1.914707 -1.109799 0.003937008,
  1.919783 -1.105563 0.003937008,
  1.91345 -1.110798 0.003937008,
  1.912694 -1.111766 0.003937008,
  1.912204 -1.112806 0.003937008,
  1.912056 -1.113487 0.003937008,
  1.912076 -1.114151 0.003937008,
  1.912278 -1.114873 0.003937008,
  1.912542 -1.115343 0.003937008,
  1.912934 -1.115761 0.003937008,
  1.913281 -1.116049 0.003937008,
  1.918398 -1.115168 0.003937008,
  1.924313 -1.115168 0.003937008,
  1.926724 -1.115611 0.003937008,
  1.929136 -1.116049 0.003937008,
  1.935093 -1.116594 0.003937008,
  1.945831 -1.119698 0.003937008,
  1.952011 -1.120902 0.003937008,
  1.958289 -1.121418 0.003937008,
  1.967093 -1.120852 0.003937008,
  1.97345 -1.119315 0.003937008,
  1.978659 -1.116618 0.003937008,
  1.983334 -1.112465 0.003937008,
  1.987852 -1.105929 0.003937008,
  1.992249 -1.094382 0.003937008,
  1.996386 -1.06268 0.003937008,
  1.997675 -1.023433 0.003937008,
  1.99481 -0.990022 0.003937008,
  1.98941 -0.9712909 0.003937008,
  1.983539 -0.9607906 0.003937008,
  1.978595 -0.9548988 0.003937008,
  1.973127 -0.9508803 0.003937008,
  1.967802 -0.9487508 0.003937008,
  1.947257 -0.9455823 0.003937008,
  1.934799 -0.9441563 0.003937008,
  1.930174 -0.9429181 0.003937008,
  1.927198 -0.9411256 0.003937008,
  1.926276 -0.9405874 0.003937008,
  1.926032 -0.9405071 0.003937008,
  1.925267 -0.940561 0.003937008,
  1.924722 -0.9407858 0.003937008,
  1.922881 -0.9421024 0.003937008,
  1.918815 -0.9458772 0.003937008,
  1.917517 -0.947302 0.003937008,
  1.91412 -0.9509512 0.003937008,
  1.913411 -0.9517193 0.003937008,
  1.912939 -0.952322 0.003937008,
  1.912609 -0.9527965 0.003937008,
  1.912414 -0.9531453 0.003937008,
  1.912326 -0.9534453 0.003937008,
  1.912313 -0.9537598 0.003937008,
  1.912383 -0.9541319 0.003937008,
  1.912609 -0.9547035 0.003937008,
  1.912748 -0.9549378 0.003937008,
  1.912877 -0.9550752 0.003937008,
  1.913043 -0.9551795 0.003937008,
  1.913319 -0.9552705 0.003937008,
  1.914019 -0.9553268 0.003937008,
  1.915001 -0.9552299 0.003937008,
  1.918944 -0.9552299 0.003937008,
  1.923474 -0.9552299 0.003937008,
  1.923474 -1.103591 0.003937008,
  1.921569 -1.104468 0.003937008,
  1.931402 -1.105563 0.003937008,
  1.931402 -0.9557752 0.003937008,
  1.967688 -0.9599508 0.003937008,
  1.961354 -0.9583461 0.003937008,
  1.952626 -0.9572012 0.003937008,
  1.940168 -0.9557752 0.003937008,
  1.972265 -0.9619776 0.003937008,
  1.935786 -0.955613 0.003937008,
  1.93677 -1.107828 0.003937008,
  1.948817 -1.110604 0.003937008,
  1.961141 -1.111519 0.003937008,
  1.968617 -1.110072 0.003937008,
  1.989077 -1.006657 0.003937008,
  1.984565 -0.9815055 0.003937008,
  1.978965 -0.9689161 0.003937008,
  1.975669 -0.9646815 0.003937008,
  1.974054 -1.107937 0.003937008,
  1.977415 -1.105496 0.003937008,
  1.980805 -1.10142 0.003937008,
  1.983953 -1.095335 0.003937008,
  1.986441 -1.086838 0.003937008,
  1.989748 -1.048349 0.003937008,
  1.952626 -0.9572012 0,
  1.940168 -0.9557752 0,
  1.961354 -0.9583461 0,
  1.967688 -0.9599508 0,
  1.972265 -0.9619776 0,
  1.975669 -0.9646815 0,
  1.978965 -0.9689161 0,
  1.984565 -0.9815055 0,
  1.989077 -1.006657 0,
  1.989748 -1.048349 0,
  1.986441 -1.086838 0,
  1.983953 -1.095335 0,
  1.980805 -1.10142 0,
  1.977415 -1.105496 0,
  1.974054 -1.107937 0,
  1.968617 -1.110072 0,
  1.961141 -1.111519 0,
  1.948817 -1.110604 0,
  1.93677 -1.107828 0,
  1.931402 -1.105563 0,
  1.931402 -0.9557752 0,
  1.935786 -0.955613 0,
  1.853467 -1.044951 0.003937008,
  1.829683 -1.041847 0.003937008,
  1.863282 -1.046943 0.003937008,
  1.869569 -1.049176 0.003937008,
  1.872426 -1.050907 0.003937008,
  1.874985 -1.052334 0.003937008,
  1.883206 -1.044112 0.003937008,
  1.883788 -1.043341 0.003937008,
  1.88416 -1.042714 0.003937008,
  1.884391 -1.042115 0.003937008,
  1.884468 -1.041652 0.003937008,
  1.884439 -1.041241 0.003937008,
  1.884281 -1.040761 0.003937008,
  1.883926 -1.040187 0.003937008,
  1.883526 -1.039794 0.003937008,
  1.883031 -1.039503 0.003937008,
  1.882485 -1.039347 0.003937008,
  1.88178 -1.039289 0.003937008,
  1.829683 -1.031948 0.003937008,
  1.829683 -0.9552299 0.003937008,
  1.871881 -0.9611441 0.003937008,
  1.875974 -0.9622059 0.003937008,
  1.879808 -0.9639965 0.003937008,
  1.882325 -0.9654224 0.003937008,
  1.890253 -0.9566142 0.003937008,
  1.891113 -0.9554193 0.003937008,
  1.89137 -0.9547717 0.003937008,
  1.891444 -0.9542921 0.003937008,
  1.891413 -0.9538906 0.003937008,
  1.89125 -0.9534114 0.003937008,
  1.890984 -0.9528937 0.003937008,
  1.890782 -0.9526122 0.003937008,
  1.890583 -0.9524457 0.003937008,
  1.89027 -0.9522969 0.003937008,
  1.890239 -0.9522862 0.003937008,
  1.889465 -0.9521303 0.003937008,
  1.888575 -0.9520839 0.003937008,
  1.884339 -0.9518323 0.003937008,
  1.862899 -0.9492051 0.003937008,
  1.841554 -0.945876 0.003937008,
  1.828551 -0.943611 0.003937008,
  1.825407 -0.9424531 0.003937008,
  1.823406 -0.9419787 0.003937008,
  1.821992 -0.9418961 0.003937008,
  1.821215 -0.9420307 0.003937008,
  1.820555 -0.942324 0.003937008,
  1.819846 -0.9428705 0.003937008,
  1.819261 -0.9435913 0.003937008,
  1.818972 -0.944224 0.003937008,
  1.818756 -0.9453618 0.003937008,
  1.818815 -0.9469705 0.003937008,
  1.818904 -0.9475539 0.003937008,
  1.820728 -0.9546902 0.003937008,
  1.821462 -0.9620252 0.003937008,
  1.821462 -0.9673941 0.003937008,
  1.821635 -0.9709378 0.003937008,
  1.821756 -0.9744831 0.003937008,
  1.821462 -1.104137 0.003937008,
  1.818289 -1.107906 0.003937008,
  1.816349 -1.110251 0.003937008,
  1.815205 -1.111923 0.003937008,
  1.814754 -1.11288 0.003937008,
  1.814506 -1.114253 0.003937008,
  1.814457 -1.115096 0.003937008,
  1.814467 -1.115742 0.003937008,
  1.81452 -1.115987 0.003937008,
  1.814611 -1.116202 0.003937008,
  1.814706 -1.116339 0.003937008,
  1.814817 -1.116437 0.003937008,
  1.814955 -1.116512 0.003937008,
  1.815364 -1.116626 0.003937008,
  1.816136 -1.116674 0.003937008,
  1.816932 -1.116594 0.003937008,
  1.822301 -1.115756 0.003937008,
  1.827113 -1.115163 0.003937008,
  1.831948 -1.115168 0.003937008,
  1.832787 -1.115168 0.003937008,
  1.838331 -1.115304 0.003937008,
  1.843819 -1.116049 0.003937008,
  1.854893 -1.11802 0.003937008,
  1.864647 -1.119981 0.003937008,
  1.872346 -1.12278 0.003937008,
  1.873852 -1.123683 0.003937008,
  1.876411 -1.125361 0.003937008,
  1.88459 -1.116888 0.003937008,
  1.885137 -1.115956 0.003937008,
  1.885475 -1.115276 0.003937008,
  1.885659 -1.114764 0.003937008,
  1.885722 -1.114348 0.003937008,
  1.885687 -1.113962 0.003937008,
  1.885556 -1.113577 0.003937008,
  1.885334 -1.113231 0.003937008,
  1.884934 -1.112851 0.003937008,
  1.884425 -1.112559 0.003937008,
  1.88387 -1.11241 0.003937008,
  1.883206 -1.112358 0.003937008,
  1.878676 -1.11177 0.003937008,
  1.872011 -1.110885 0.003937008,
  1.865337 -1.110093 0.003937008,
  1.829683 -1.104137 0.003937008,
  1.786563 -1.121124 0.003937008,
  1.782327 -1.121124 0.003937008,
  1.786563 -1.045539 0.003937008,
  1.781194 -1.045539 0.003937008,
  1.778802 -1.085419 0.003937008,
  1.77531 -1.098261 0.003937008,
  1.771757 -1.105224 0.003937008,
  1.768323 -1.109337 0.003937008,
  1.76455 -1.112205 0.003937008,
  1.760563 -1.113971 0.003937008,
  1.756279 -1.114917 0.003937008,
  1.750392 -1.114555 0.003937008,
  1.745316 -1.112852 0.003937008,
  1.740535 -1.109872 0.003937008,
  1.735975 -1.10541 0.003937008,
  1.731088 -1.097746 0.003937008,
  1.724475 -1.078707 0.003937008,
  1.721915 -1.063926 0.003937008,
  1.720877 -1.018903 0.003937008,
  1.727882 -0.978448 0.003937008,
  1.732157 -0.9669185 0.003937008,
  1.738624 -0.9577984 0.003937008,
  1.742706 -0.9540547 0.003937008,
  1.746334 -0.9519189 0.003937008,
  1.750072 -0.9507882 0.003937008,
  1.754014 -0.9504063 0.003937008,
  1.76036 -0.9508898 0.003937008,
  1.766611 -0.9532146 0.003937008,
  1.771684 -0.9567732 0.003937008,
  1.77585 -0.9615697 0.003937008,
  1.779549 -0.9689244 0.003937008,
  1.783607 -0.987626 0.003937008,
  1.784844 -0.9960008 0.003937008,
  1.78627 -1.010976 0.003937008,
  1.7908 -1.010724 0.003937008,
  1.788656 -0.9769114 0.003937008,
  1.785424 -0.9642484 0.003937008,
  1.780568 -0.9544465 0.003937008,
  1.776889 -0.9497417 0.003937008,
  1.771453 -0.9453594 0.003937008,
  1.76464 -0.9421957 0.003937008,
  1.757957 -0.9410524 0.003937008,
  1.750714 -0.9413114 0.003937008,
  1.743223 -0.9436339 0.003937008,
  1.736672 -0.9474547 0.003937008,
  1.731948 -0.9522803 0.003937008,
  1.725469 -0.9628528 0.003937008,
  1.717556 -0.9865551 0.003937008,
  1.71447 -1.005756 0.003937008,
  1.714375 -1.06282 0.003937008,
  1.721203 -1.093494 0.003937008,
  1.727217 -1.107001 0.003937008,
  1.732981 -1.114509 0.003937008,
  1.741769 -1.121313 0.003937008,
  1.745952 -1.123366 0.003937008,
  1.750026 -1.124189 0.003937008,
  1.754014 -1.124228 0.003937008,
  1.762342 -1.122072 0.003937008,
  1.76887 -1.118464 0.003937008,
  1.774506 -1.113361 0.003937008,
  1.777797 -1.10896 0.003937008,
  1.780314 -1.10443 0.003937008,
  1.642187 -1.116049 0.003937008,
  1.629729 -1.131611 0.003937008,
  1.639256 -1.109834 0.003937008,
  1.638034 -1.101817 0.003937008,
  1.63795 -1.09818 0.003937008,
  1.63795 -0.9538039 0.003937008,
  1.659747 -0.9556299 0.003937008,
  1.670139 -0.9572244 0.003937008,
  1.673634 -0.958024 0.003937008,
  1.67567 -0.9590047 0.003937008,
  1.67828 -0.9612563 0.003937008,
  1.679154 -0.961874 0.003937008,
  1.680106 -0.9622768 0.003937008,
  1.686722 -0.9564547 0.003937008,
  1.689837 -0.9535902 0.003937008,
  1.690885 -0.952439 0.003937008,
  1.691363 -0.951572 0.003937008,
  1.691597 -0.9505949 0.003937008,
  1.691725 -0.9495673 0.003937008,
  1.6914 -0.9489339 0.003937008,
  1.691167 -0.9486748 0.003937008,
  1.690779 -0.948415 0.003937008,
  1.690083 -0.9481555 0.003937008,
  1.689041 -0.9480193 0.003937008,
  1.68405 -0.9479 0.003937008,
  1.676882 -0.9468803 0.003937008,
  1.658237 -0.9449512 0.003937008,
  1.652086 -0.94445 0.003937008,
  1.640215 -0.9433173 0.003937008,
  1.633672 -0.942772 0.003937008,
  1.632219 -0.942328 0.003937008,
  1.631428 -0.9422728 0.003937008,
  1.630857 -0.942363 0.003937008,
  1.630445 -0.9425272 0.003937008,
  1.630108 -0.9427673 0.003937008,
  1.629739 -0.9431957 0.003937008,
  1.629293 -0.9440055 0.003937008,
  1.629094 -0.9447622 0.003937008,
  1.629098 -0.9463433 0.003937008,
  1.629888 -0.9532508 0.003937008,
  1.630023 -0.9549362 0.003937008,
  1.630568 -0.9716307 0.003937008,
  1.630568 -1.099061 0.003937008,
  1.630405 -1.112877 0.003937008,
  1.628303 -1.126494 0.003937008,
  1.627758 -1.129346 0.003937008,
] }

Shape {
  appearance Appearance {
    material Material { diffuseColor 0.647059 0.619608 0.588235 specularColor 0.45098 0.435294 0.411765 shininess 0.45 }
  }
  geometry IndexedFaceSet {
    coord USE KF_COORD
    coordIndex [
      0, 1, 2, -1,
      2, 1, 3, -1,
      2, 3, 4, -1,
      0, 5, 1, -1,
      1, 5, 6, -1,
      1, 6, 7, -1,
      7, 8, 1, -1,
      1, 8, 9, -1,
      1, 9, 10, -1,
      10, 11, 1, -1,
      1, 11, 12, -1,
      1, 12, 13, -1,
      13, 12, 14, -1,
      15, 16, 17, -1,
      18, 19, 20, -1,
      21, 22, 23, -1,
      24, 25, 26, -1,
      3, 1, 27, -1,
      27, 1, 28, -1,
      27, 28, 29, -1,
      29, 28, 30, -1,
      30, 28, 31, -1,
      31, 28, 32, -1,
      31, 32, 33, -1,
      33, 32, 34, -1,
      34, 32, 35, -1,
      34, 35, 36, -1,
      37, 38, 35, -1,
      35, 38, 39, -1,
      35, 39, 36, -1,
      40, 41, 42, -1,
      42, 41, 43, -1,
      42, 43, 37, -1,
      37, 43, 44, -1,
      37, 44, 38, -1,
      45, 46, 47, -1,
      47, 46, 40, -1,
      47, 40, 48, -1,
      48, 40, 42, -1,
      48, 42, 49, -1,
      50, 51, 52, -1,
      52, 51, 53, -1,
      53, 54, 55, -1,
      55, 54, 56, -1,
      55, 56, 57, -1,
      57, 56, 58, -1,
      58, 56, 59, -1,
      58, 59, 60, -1,
      61, 62, 63, -1,
      63, 62, 64, -1,
      63, 64, 59, -1,
      59, 64, 65, -1,
      59, 65, 60, -1,
      61, 63, 66, -1,
      66, 63, 67, -1,
      66, 67, 68, -1,
      68, 67, 69, -1,
      69, 67, 2, -1,
      69, 2, 4, -1,
      12, 11, 70, -1,
      70, 11, 71, -1,
      70, 71, 72, -1,
      72, 71, 73, -1,
      72, 73, 74, -1,
      74, 73, 75, -1,
      74, 75, 76, -1,
      76, 75, 77, -1,
      76, 77, 78, -1,
      78, 77, 23, -1,
      8, 7, 79, -1,
      79, 7, 80, -1,
      79, 80, 81, -1,
      81, 80, 82, -1,
      81, 82, 83, -1,
      83, 82, 84, -1,
      83, 84, 85, -1,
      85, 84, 86, -1,
      85, 86, 87, -1,
      87, 86, 20, -1,
      0, 2, 88, -1,
      88, 2, 67, -1,
      88, 67, 89, -1,
      89, 67, 63, -1,
      89, 63, 90, -1,
      90, 63, 59, -1,
      90, 59, 91, -1,
      91, 59, 56, -1,
      91, 56, 92, -1,
      92, 56, 54, -1,
      25, 49, 26, -1,
      26, 49, 42, -1,
      26, 42, 93, -1,
      93, 42, 37, -1,
      93, 37, 94, -1,
      94, 37, 35, -1,
      94, 35, 95, -1,
      95, 35, 32, -1,
      95, 32, 96, -1,
      96, 32, 28, -1,
      96, 28, 13, -1,
      13, 28, 1, -1,
      97, 24, 98, -1,
      98, 24, 26, -1,
      98, 26, 99, -1,
      99, 26, 93, -1,
      99, 93, 100, -1,
      100, 93, 94, -1,
      100, 94, 101, -1,
      101, 94, 95, -1,
      101, 95, 102, -1,
      102, 95, 96, -1,
      102, 96, 14, -1,
      14, 96, 13, -1,
      14, 12, 102, -1,
      102, 12, 70, -1,
      102, 70, 101, -1,
      101, 70, 72, -1,
      101, 72, 100, -1,
      100, 72, 74, -1,
      100, 74, 99, -1,
      99, 74, 76, -1,
      99, 76, 98, -1,
      98, 76, 78, -1,
      98, 78, 97, -1,
      97, 78, 103, -1,
      23, 22, 78, -1,
      78, 22, 104, -1,
      78, 104, 103, -1,
      105, 21, 106, -1,
      106, 21, 23, -1,
      106, 23, 107, -1,
      107, 23, 77, -1,
      107, 77, 108, -1,
      108, 77, 75, -1,
      108, 75, 109, -1,
      109, 75, 73, -1,
      109, 73, 110, -1,
      110, 73, 71, -1,
      110, 71, 10, -1,
      10, 71, 11, -1,
      10, 9, 110, -1,
      110, 9, 111, -1,
      110, 111, 109, -1,
      109, 111, 112, -1,
      109, 112, 108, -1,
      108, 112, 113, -1,
      108, 113, 107, -1,
      107, 113, 114, -1,
      107, 114, 106, -1,
      106, 114, 115, -1,
      106, 115, 105, -1,
      105, 115, 116, -1,
      9, 8, 111, -1,
      111, 8, 79, -1,
      111, 79, 112, -1,
      112, 79, 81, -1,
      112, 81, 113, -1,
      113, 81, 83, -1,
      113, 83, 114, -1,
      114, 83, 85, -1,
      114, 85, 115, -1,
      115, 85, 87, -1,
      115, 87, 116, -1,
      116, 87, 117, -1,
      20, 19, 87, -1,
      87, 19, 118, -1,
      87, 118, 117, -1,
      119, 18, 120, -1,
      120, 18, 20, -1,
      120, 20, 121, -1,
      121, 20, 86, -1,
      121, 86, 122, -1,
      122, 86, 84, -1,
      122, 84, 123, -1,
      123, 84, 82, -1,
      123, 82, 124, -1,
      124, 82, 80, -1,
      124, 80, 6, -1,
      6, 80, 7, -1,
      6, 5, 124, -1,
      124, 5, 125, -1,
      124, 125, 123, -1,
      123, 125, 126, -1,
      123, 126, 122, -1,
      122, 126, 127, -1,
      122, 127, 121, -1,
      121, 127, 128, -1,
      121, 128, 120, -1,
      120, 128, 17, -1,
      120, 17, 119, -1,
      119, 17, 16, -1,
      129, 15, 92, -1,
      92, 15, 17, -1,
      92, 17, 91, -1,
      91, 17, 128, -1,
      91, 128, 90, -1,
      90, 128, 127, -1,
      90, 127, 89, -1,
      89, 127, 126, -1,
      89, 126, 88, -1,
      88, 126, 125, -1,
      88, 125, 0, -1,
      0, 125, 5, -1,
      53, 51, 54, -1,
      54, 51, 130, -1,
      54, 130, 92, -1,
      92, 130, 131, -1,
      92, 131, 129, -1,
      132, 133, 134, -1,
      134, 133, 135, -1,
      134, 135, 136, -1,
      136, 135, 137, -1,
      136, 137, 138, -1,
      138, 137, 139, -1,
      138, 139, 140, -1,
      140, 139, 141, -1,
      140, 141, 142, -1,
      142, 141, 143, -1,
      142, 143, 144, -1,
      144, 143, 145, -1,
      144, 145, 146, -1,
      146, 145, 147, -1,
      146, 147, 148, -1,
      148, 147, 149, -1,
      148, 149, 150, -1,
      150, 149, 151, -1,
      150, 151, 152, -1,
      152, 151, 153, -1,
      152, 153, 154, -1,
      154, 153, 155, -1,
      154, 155, 156, -1,
      156, 155, 157, -1,
      156, 157, 158, -1,
      158, 157, 159, -1,
      158, 159, 160, -1,
      160, 159, 161, -1,
      160, 161, 162, -1,
      162, 161, 163, -1,
      162, 163, 164, -1,
      164, 163, 165, -1,
      164, 165, 166, -1,
      166, 165, 167, -1,
      166, 167, 168, -1,
      168, 167, 169, -1,
      168, 169, 170, -1,
      170, 169, 171, -1,
      170, 171, 172, -1,
      172, 171, 173, -1,
      172, 173, 174, -1,
      174, 173, 175, -1,
      174, 175, 176, -1,
      176, 175, 177, -1,
      176, 177, 178, -1,
      178, 177, 179, -1,
      178, 179, 132, -1,
      132, 179, 133, -1,
      2048, 2049, 2050, -1,
      2051, 2052, 2050, -1,
      2050, 2052, 2053, -1,
      2050, 2053, 2048, -1,
      2050, 2054, 2051, -1,
      2051, 2054, 2055, -1,
      2051, 2055, 2056, -1,
      2057, 2058, 2059, -1,
      2059, 2058, 2060, -1,
      2056, 2061, 2051, -1,
      2051, 2061, 2060, -1,
      2051, 2060, 2062, -1,
      2062, 2060, 2058, -1,
      2063, 2064, 2065, -1,
      2066, 45, 47, -1,
      2066, 2067, 2068, -1,
      2068, 2067, 2069, -1,
      2068, 2069, 2070, -1,
      2070, 2069, 2071, -1,
      2063, 2072, 2073, -1,
      2073, 2072, 2074, -1,
      2073, 2074, 2075, -1,
      2075, 2074, 2076, -1,
      2066, 47, 2067, -1,
      2067, 47, 48, -1,
      2067, 48, 2077, -1,
      24, 2078, 25, -1,
      25, 2078, 2077, -1,
      25, 2077, 49, -1,
      49, 2077, 48, -1,
      24, 97, 2078, -1,
      2078, 97, 103, -1,
      2078, 103, 2079, -1,
      103, 104, 2079, -1,
      2079, 104, 22, -1,
      2079, 22, 2080, -1,
      22, 21, 2080, -1,
      2080, 21, 105, -1,
      2080, 105, 2081, -1,
      105, 116, 2081, -1,
      2081, 116, 117, -1,
      2081, 117, 2082, -1,
      18, 2083, 19, -1,
      19, 2083, 2082, -1,
      19, 2082, 118, -1,
      118, 2082, 117, -1,
      18, 119, 2083, -1,
      2083, 119, 16, -1,
      2083, 16, 2084, -1,
      16, 15, 2084, -1,
      2084, 15, 129, -1,
      2084, 129, 2085, -1,
      50, 2075, 51, -1,
      51, 2075, 2076, -1,
      51, 2076, 130, -1,
      130, 2076, 2085, -1,
      130, 2085, 131, -1,
      131, 2085, 129, -1,
      2063, 2065, 2072, -1,
      2072, 2065, 2086, -1,
      2072, 2086, 2087, -1,
      2088, 2089, 2090, -1,
      2090, 2089, 2087, -1,
      2090, 2087, 2091, -1,
      2091, 2087, 2086, -1,
      2088, 2092, 2089, -1,
      2089, 2092, 2093, -1,
      2089, 2093, 2094, -1,
      2093, 2095, 2094, -1,
      2094, 2095, 2096, -1,
      2094, 2096, 2097, -1,
      2096, 2098, 2097, -1,
      2097, 2098, 2099, -1,
      2097, 2099, 2100, -1,
      2099, 2101, 2100, -1,
      2100, 2101, 2102, -1,
      2100, 2102, 2103, -1,
      2104, 2105, 2106, -1,
      2106, 2105, 2103, -1,
      2106, 2103, 2107, -1,
      2107, 2103, 2102, -1,
      2104, 2108, 2105, -1,
      2105, 2108, 2109, -1,
      2105, 2109, 2110, -1,
      2109, 2111, 2110, -1,
      2110, 2111, 2112, -1,
      2110, 2112, 2113, -1,
      2114, 2070, 2115, -1,
      2115, 2070, 2071, -1,
      2115, 2071, 2116, -1,
      2116, 2071, 2113, -1,
      2116, 2113, 2117, -1,
      2117, 2113, 2112, -1,
      2118, 2113, 2119, -1,
      2119, 2113, 2071, -1,
      2119, 2071, 2120, -1,
      2120, 2071, 2069, -1,
      2120, 2069, 2121, -1,
      2121, 2069, 2067, -1,
      2121, 2067, 2122, -1,
      2122, 2067, 2077, -1,
      2122, 2077, 2123, -1,
      2123, 2077, 2078, -1,
      2123, 2078, 2124, -1,
      2124, 2078, 2079, -1,
      2124, 2079, 2125, -1,
      2125, 2079, 2080, -1,
      2125, 2080, 2126, -1,
      2126, 2080, 2081, -1,
      2126, 2081, 2127, -1,
      2127, 2081, 2082, -1,
      2127, 2082, 2128, -1,
      2128, 2082, 2083, -1,
      2128, 2083, 2129, -1,
      2129, 2083, 2084, -1,
      2129, 2084, 2130, -1,
      2130, 2084, 2085, -1,
      2130, 2085, 2131, -1,
      2131, 2085, 2076, -1,
      2131, 2076, 2132, -1,
      2132, 2076, 2074, -1,
      2132, 2074, 2133, -1,
      2133, 2074, 2072, -1,
      2133, 2072, 2134, -1,
      2134, 2072, 2087, -1,
      2134, 2087, 2135, -1,
      2135, 2087, 2089, -1,
      2135, 2089, 2136, -1,
      2136, 2089, 2094, -1,
      2136, 2094, 2137, -1,
      2137, 2094, 2097, -1,
      2137, 2097, 2138, -1,
      2138, 2097, 2100, -1,
      2138, 2100, 2139, -1,
      2139, 2100, 2103, -1,
      2139, 2103, 2140, -1,
      2140, 2103, 2105, -1,
      2140, 2105, 2141, -1,
      2141, 2105, 2110, -1,
      2141, 2110, 2118, -1,
      2118, 2110, 2113, -1,
      2120, 1994, 2119, -1,
      2119, 1994, 1996, -1,
      2119, 1996, 2118, -1,
      2118, 1996, 1998, -1,
      2118, 1998, 2141, -1,
      2141, 1998, 1952, -1,
      2141, 1952, 2140, -1,
      2140, 1952, 1954, -1,
      2140, 1954, 2139, -1,
      2139, 1954, 1956, -1,
      2139, 1956, 2138, -1,
      2138, 1956, 1958, -1,
      2138, 1958, 2137, -1,
      2137, 1958, 1960, -1,
      2137, 1960, 2136, -1,
      2136, 1960, 1962, -1,
      2136, 1962, 2135, -1,
      2135, 1962, 1964, -1,
      2135, 1964, 2134, -1,
      2134, 1964, 1966, -1,
      2134, 1966, 2133, -1,
      2133, 1966, 1968, -1,
      2133, 1968, 2132, -1,
      2132, 1968, 1970, -1,
      2132, 1970, 2131, -1,
      2131, 1970, 1972, -1,
      2131, 1972, 2130, -1,
      2130, 1972, 1974, -1,
      2130, 1974, 2129, -1,
      2129, 1974, 1976, -1,
      2129, 1976, 2128, -1,
      2128, 1976, 1978, -1,
      2128, 1978, 2127, -1,
      2127, 1978, 1980, -1,
      2127, 1980, 2126, -1,
      2126, 1980, 1982, -1,
      2126, 1982, 2125, -1,
      2125, 1982, 1984, -1,
      2125, 1984, 2124, -1,
      2124, 1984, 1986, -1,
      2124, 1986, 2123, -1,
      2123, 1986, 1988, -1,
      2123, 1988, 2122, -1,
      2122, 1988, 1990, -1,
      2122, 1990, 2121, -1,
      2121, 1990, 1992, -1,
      2121, 1992, 2120, -1,
      2120, 1992, 1994, -1,
      175, 173, 2152, -1,
      165, 163, 2153, -1,
      2153, 163, 161, -1,
      2153, 161, 159, -1,
      135, 133, 2154, -1,
      2154, 133, 179, -1,
      2154, 179, 2152, -1,
      2152, 179, 177, -1,
      2152, 177, 175, -1,
      159, 157, 2153, -1,
      2153, 157, 155, -1,
      2153, 155, 2155, -1,
      155, 153, 2155, -1,
      2155, 153, 151, -1,
      2155, 151, 149, -1,
      141, 139, 2154, -1,
      2154, 139, 137, -1,
      2154, 137, 135, -1,
      173, 171, 2152, -1,
      2152, 171, 169, -1,
      2152, 169, 2153, -1,
      2153, 169, 167, -1,
      2153, 167, 165, -1,
      149, 147, 2155, -1,
      2155, 147, 145, -1,
      2155, 145, 2154, -1,
      2154, 145, 143, -1,
      2154, 143, 141, -1,
      2156, 2157, 2158, -1,
      2158, 2157, 2152, -1,
      2158, 2152, 2159, -1,
      2159, 2152, 2153, -1,
      2159, 2153, 2160, -1,
      2160, 2153, 2161, -1,
      2160, 2161, 2156, -1,
      2156, 2161, 2157, -1,
      2162, 2157, 2163, -1,
      2163, 2157, 2161, -1,
      2164, 2154, 2165, -1,
      2165, 2154, 2162, -1,
      2165, 2162, 2166, -1,
      2166, 2162, 2163, -1,
      2166, 2163, 2167, -1,
      2167, 2163, 2155, -1,
      2167, 2155, 2164, -1,
      2164, 2155, 2154, -1,
      2157, 2162, 2152, -1,
      2152, 2162, 2154, -1,
      2163, 2161, 2155, -1,
      2155, 2161, 2153, -1,
      2159, 2167, 2158, -1,
      2158, 2167, 2164, -1,
      2166, 2160, 2165, -1,
      2165, 2160, 2156, -1,
      2160, 2166, 2159, -1,
      2159, 2166, 2167, -1,
      2165, 2156, 2164, -1,
      2164, 2156, 2158, -1,
      1941, 2168, 1940, -1,
      1940, 2168, 2169, -1,
      2170, 2171, 2172, -1,
      2170, 2172, 2173, -1,
      2173, 2172, 2174, -1,
      2173, 2174, 2175, -1,
      2175, 2174, 2176, -1,
      2175, 2176, 2177, -1,
      2177, 2176, 2178, -1,
      2177, 2178, 2179, -1,
      2179, 2178, 1948, -1,
      2179, 1948, 1944, -1,
      2180, 2181, 2169, -1,
      2169, 2181, 2182, -1,
      2183, 2177, 2184, -1,
      2184, 2177, 2179, -1,
      2184, 2179, 2185, -1,
      2185, 2179, 1944, -1,
      2185, 1944, 2186, -1,
      2186, 1944, 1938, -1,
      2186, 1938, 2182, -1,
      2182, 1938, 1940, -1,
      2182, 1940, 2169, -1,
      2187, 2188, 2189, -1,
      2189, 2188, 2190, -1,
      2189, 2190, 2191, -1,
      2191, 2190, 2192, -1,
      2191, 2192, 2193, -1,
      2193, 2192, 2194, -1,
      2193, 2194, 2195, -1,
      2195, 2194, 2196, -1,
      2195, 2196, 2197, -1,
      2197, 2196, 2198, -1,
      2197, 2198, 2199, -1,
      2199, 2198, 2200, -1,
      2199, 2200, 2201, -1,
      2201, 2200, 2202, -1,
      2201, 2202, 2203, -1,
      2203, 2202, 2204, -1,
      2203, 2204, 2205, -1,
      2205, 2204, 2206, -1,
      2205, 2206, 2207, -1,
      2207, 2206, 2208, -1,
      2207, 2208, 2209, -1,
      2209, 2208, 2210, -1,
      2209, 2210, 2211, -1,
      2211, 2210, 2212, -1,
      2211, 2212, 2213, -1,
      2213, 2212, 2214, -1,
      2213, 2214, 2215, -1,
      2215, 2214, 2216, -1,
      2215, 2216, 2217, -1,
      2217, 2216, 2170, -1,
      2217, 2170, 2218, -1,
      2218, 2170, 2173, -1,
      2218, 2173, 2183, -1,
      2183, 2173, 2175, -1,
      2183, 2175, 2177, -1,
      2219, 2220, 2221, -1,
      1942, 2222, 2223, -1,
      2223, 2224, 1942, -1,
      1942, 2224, 2225, -1,
      1942, 2225, 2226, -1,
      2168, 1941, 1942, -1,
      2221, 2168, 2219, -1,
      2219, 2168, 1942, -1,
      2219, 1942, 2227, -1,
      2227, 1942, 2226, -1,
      2228, 2229, 2230, -1,
      2230, 2229, 2231, -1,
      2230, 2231, 2232, -1,
      2232, 2231, 2233, -1,
      2232, 2233, 2234, -1,
      2234, 2233, 2235, -1,
      2234, 2235, 2236, -1,
      2236, 2235, 2237, -1,
      2236, 2237, 2238, -1,
      2238, 2237, 2239, -1,
      2238, 2239, 2240, -1,
      2240, 2239, 2241, -1,
      2240, 2241, 2242, -1,
      2242, 2241, 2243, -1,
      2242, 2243, 2244, -1,
      2244, 2243, 2245, -1,
      2244, 2245, 2246, -1,
      2246, 2245, 2247, -1,
      2246, 2247, 2248, -1,
      2248, 2247, 2249, -1,
      2248, 2249, 2250, -1,
      2250, 2249, 2251, -1,
      2250, 2251, 2252, -1,
      2252, 2251, 2253, -1,
      2252, 2253, 2254, -1,
      2254, 2253, 2255, -1,
      2254, 2255, 2256, -1,
      2256, 2255, 2257, -1,
      2256, 2257, 2171, -1,
      2171, 2257, 2222, -1,
      1942, 1948, 2222, -1,
      2222, 1948, 2178, -1,
      2222, 2178, 2176, -1,
      2176, 2174, 2222, -1,
      2222, 2174, 2172, -1,
      2222, 2172, 2171, -1,
      2180, 2169, 2221, -1,
      2221, 2169, 2168, -1,
      2181, 2180, 2220, -1,
      2220, 2180, 2221, -1,
      2182, 2181, 2219, -1,
      2219, 2181, 2220, -1,
      2182, 2219, 2186, -1,
      2186, 2219, 2227, -1,
      2186, 2227, 2185, -1,
      2185, 2227, 2226, -1,
      2185, 2226, 2184, -1,
      2184, 2226, 2225, -1,
      2184, 2225, 2183, -1,
      2183, 2225, 2224, -1,
      2183, 2224, 2218, -1,
      2218, 2224, 2223, -1,
      2218, 2223, 2217, -1,
      2217, 2223, 2222, -1,
      2215, 2217, 2257, -1,
      2257, 2217, 2222, -1,
      2215, 2257, 2213, -1,
      2213, 2257, 2255, -1,
      2213, 2255, 2211, -1,
      2211, 2255, 2253, -1,
      2211, 2253, 2209, -1,
      2209, 2253, 2251, -1,
      2209, 2251, 2207, -1,
      2207, 2251, 2249, -1,
      2207, 2249, 2205, -1,
      2205, 2249, 2247, -1,
      2205, 2247, 2203, -1,
      2203, 2247, 2245, -1,
      2201, 2203, 2243, -1,
      2243, 2203, 2245, -1,
      2201, 2243, 2241, -1,
      2201, 2241, 2199, -1,
      2199, 2241, 2239, -1,
      2199, 2239, 2197, -1,
      2197, 2239, 2237, -1,
      2197, 2237, 2195, -1,
      2195, 2237, 2235, -1,
      2195, 2235, 2193, -1,
      2193, 2235, 2233, -1,
      2193, 2233, 2191, -1,
      2191, 2233, 2231, -1,
      2191, 2231, 2189, -1,
      2187, 2189, 2229, -1,
      2229, 2189, 2231, -1,
      2258, 2259, 2260, -1,
      2260, 2259, 2261, -1,
      2228, 2230, 2188, -1,
      2188, 2230, 2190, -1,
      2190, 2230, 2192, -1,
      2192, 2230, 2232, -1,
      2192, 2232, 2194, -1,
      2194, 2232, 2234, -1,
      2194, 2234, 2196, -1,
      2196, 2234, 2236, -1,
      2196, 2236, 2198, -1,
      2198, 2236, 2238, -1,
      2198, 2238, 2200, -1,
      2200, 2238, 2240, -1,
      2200, 2240, 2202, -1,
      2202, 2240, 2242, -1,
      2204, 2202, 2244, -1,
      2244, 2202, 2242, -1,
      2204, 2244, 2246, -1,
      2204, 2246, 2206, -1,
      2206, 2246, 2248, -1,
      2206, 2248, 2208, -1,
      2208, 2248, 2250, -1,
      2208, 2250, 2210, -1,
      2210, 2250, 2252, -1,
      2210, 2252, 2212, -1,
      2212, 2252, 2254, -1,
      2212, 2254, 2214, -1,
      2214, 2254, 2256, -1,
      2214, 2256, 2216, -1,
      2170, 2216, 2171, -1,
      2171, 2216, 2256, -1,
      2188, 2261, 2228, -1,
      2228, 2261, 2259, -1,
      2187, 2260, 2188, -1,
      2188, 2260, 2261, -1,
      2258, 2229, 2259, -1,
      2259, 2229, 2228, -1,
      2229, 2258, 2187, -1,
      2187, 2258, 2260, -1,
      2111, 2109, 2262, -1,
      2104, 2106, 2263, -1,
      2098, 2096, 2264, -1,
      2088, 2090, 2265, -1,
      2266, 2267, 2268, -1,
      2114, 2115, 2269, -1,
      2269, 2115, 2270, -1,
      2270, 2271, 2272, -1,
      2272, 2271, 2273, -1,
      2274, 2275, 2276, -1,
      2276, 2275, 2277, -1,
      2276, 2277, 2273, -1,
      2273, 2277, 2278, -1,
      2273, 2278, 2272, -1,
      2268, 2267, 2276, -1,
      2276, 2267, 2279, -1,
      2276, 2279, 2274, -1,
      2266, 2268, 2280, -1,
      2280, 2268, 2281, -1,
      2280, 2281, 2282, -1,
      2282, 2281, 2283, -1,
      2283, 2281, 2050, -1,
      2283, 2050, 2049, -1,
      2048, 2053, 2284, -1,
      2284, 2053, 2285, -1,
      2284, 2285, 2286, -1,
      2287, 2288, 2285, -1,
      2285, 2288, 2289, -1,
      2285, 2289, 2286, -1,
      2290, 2291, 2292, -1,
      2292, 2291, 2293, -1,
      2292, 2293, 2287, -1,
      2287, 2293, 2294, -1,
      2287, 2294, 2288, -1,
      2290, 2292, 2295, -1,
      2295, 2292, 2296, -1,
      2295, 2296, 2297, -1,
      2297, 2296, 2298, -1,
      2298, 2296, 2299, -1,
      2298, 2299, 2300, -1,
      2064, 2301, 2065, -1,
      2065, 2301, 2300, -1,
      2065, 2300, 2086, -1,
      2086, 2300, 2299, -1,
      2086, 2299, 2091, -1,
      2062, 2058, 2302, -1,
      2302, 2058, 2303, -1,
      2302, 2303, 2304, -1,
      2304, 2303, 2305, -1,
      2304, 2305, 2306, -1,
      2306, 2305, 2307, -1,
      2306, 2307, 2308, -1,
      2308, 2307, 2309, -1,
      2308, 2309, 2310, -1,
      2310, 2309, 2264, -1,
      2060, 2061, 2311, -1,
      2311, 2061, 2312, -1,
      2311, 2312, 2313, -1,
      2313, 2312, 2314, -1,
      2313, 2314, 2315, -1,
      2315, 2314, 2316, -1,
      2315, 2316, 2317, -1,
      2317, 2316, 2318, -1,
      2317, 2318, 2319, -1,
      2319, 2318, 2263, -1,
      2054, 2050, 2320, -1,
      2320, 2050, 2281, -1,
      2320, 2281, 2321, -1,
      2321, 2281, 2268, -1,
      2321, 2268, 2322, -1,
      2322, 2268, 2276, -1,
      2322, 2276, 2323, -1,
      2323, 2276, 2273, -1,
      2323, 2273, 2324, -1,
      2324, 2273, 2271, -1,
      2090, 2091, 2265, -1,
      2265, 2091, 2299, -1,
      2265, 2299, 2325, -1,
      2325, 2299, 2296, -1,
      2325, 2296, 2326, -1,
      2326, 2296, 2292, -1,
      2326, 2292, 2327, -1,
      2327, 2292, 2287, -1,
      2327, 2287, 2328, -1,
      2328, 2287, 2285, -1,
      2328, 2285, 2052, -1,
      2052, 2285, 2053, -1,
      2092, 2088, 2329, -1,
      2329, 2088, 2265, -1,
      2329, 2265, 2330, -1,
      2330, 2265, 2325, -1,
      2330, 2325, 2331, -1,
      2331, 2325, 2326, -1,
      2331, 2326, 2332, -1,
      2332, 2326, 2327, -1,
      2332, 2327, 2333, -1,
      2333, 2327, 2328, -1,
      2333, 2328, 2051, -1,
      2051, 2328, 2052, -1,
      2051, 2062, 2333, -1,
      2333, 2062, 2302, -1,
      2333, 2302, 2332, -1,
      2332, 2302, 2304, -1,
      2332, 2304, 2331, -1,
      2331, 2304, 2306, -1,
      2331, 2306, 2330, -1,
      2330, 2306, 2308, -1,
      2330, 2308, 2329, -1,
      2329, 2308, 2310, -1,
      2329, 2310, 2092, -1,
      2092, 2310, 2093, -1,
      2264, 2096, 2310, -1,
      2310, 2096, 2095, -1,
      2310, 2095, 2093, -1,
      2099, 2098, 2334, -1,
      2334, 2098, 2264, -1,
      2334, 2264, 2335, -1,
      2335, 2264, 2309, -1,
      2335, 2309, 2336, -1,
      2336, 2309, 2307, -1,
      2336, 2307, 2337, -1,
      2337, 2307, 2305, -1,
      2337, 2305, 2338, -1,
      2338, 2305, 2303, -1,
      2338, 2303, 2057, -1,
      2057, 2303, 2058, -1,
      2057, 2059, 2338, -1,
      2338, 2059, 2339, -1,
      2338, 2339, 2337, -1,
      2337, 2339, 2340, -1,
      2337, 2340, 2336, -1,
      2336, 2340, 2341, -1,
      2336, 2341, 2335, -1,
      2335, 2341, 2342, -1,
      2335, 2342, 2334, -1,
      2334, 2342, 2343, -1,
      2334, 2343, 2099, -1,
      2099, 2343, 2101, -1,
      2059, 2060, 2339, -1,
      2339, 2060, 2311, -1,
      2339, 2311, 2340, -1,
      2340, 2311, 2313, -1,
      2340, 2313, 2341, -1,
      2341, 2313, 2315, -1,
      2341, 2315, 2342, -1,
      2342, 2315, 2317, -1,
      2342, 2317, 2343, -1,
      2343, 2317, 2319, -1,
      2343, 2319, 2101, -1,
      2101, 2319, 2102, -1,
      2263, 2106, 2319, -1,
      2319, 2106, 2107, -1,
      2319, 2107, 2102, -1,
      2108, 2104, 2344, -1,
      2344, 2104, 2263, -1,
      2344, 2263, 2345, -1,
      2345, 2263, 2318, -1,
      2345, 2318, 2346, -1,
      2346, 2318, 2316, -1,
      2346, 2316, 2347, -1,
      2347, 2316, 2314, -1,
      2347, 2314, 2348, -1,
      2348, 2314, 2312, -1,
      2348, 2312, 2056, -1,
      2056, 2312, 2061, -1,
      2056, 2055, 2348, -1,
      2348, 2055, 2349, -1,
      2348, 2349, 2347, -1,
      2347, 2349, 2350, -1,
      2347, 2350, 2346, -1,
      2346, 2350, 2351, -1,
      2346, 2351, 2345, -1,
      2345, 2351, 2352, -1,
      2345, 2352, 2344, -1,
      2344, 2352, 2262, -1,
      2344, 2262, 2108, -1,
      2108, 2262, 2109, -1,
      2112, 2111, 2324, -1,
      2324, 2111, 2262, -1,
      2324, 2262, 2323, -1,
      2323, 2262, 2352, -1,
      2323, 2352, 2322, -1,
      2322, 2352, 2351, -1,
      2322, 2351, 2321, -1,
      2321, 2351, 2350, -1,
      2321, 2350, 2320, -1,
      2320, 2350, 2349, -1,
      2320, 2349, 2054, -1,
      2054, 2349, 2055, -1,
      2270, 2115, 2271, -1,
      2271, 2115, 2116, -1,
      2271, 2116, 2324, -1,
      2324, 2116, 2117, -1,
      2324, 2117, 2112, -1,
      2066, 2075, 50, -1,
      50, 52, 2066, -1,
      2066, 52, 53, -1,
      2066, 53, 45, -1,
      55, 40, 53, -1,
      53, 40, 46, -1,
      53, 46, 45, -1,
      55, 57, 40, -1,
      40, 57, 58, -1,
      40, 58, 60, -1,
      30, 44, 43, -1,
      60, 65, 40, -1,
      40, 65, 64, -1,
      40, 64, 62, -1,
      68, 62, 66, -1,
      66, 62, 61, -1,
      39, 33, 36, -1,
      36, 33, 34, -1,
      30, 31, 44, -1,
      44, 31, 33, -1,
      44, 33, 38, -1,
      38, 33, 39, -1,
      68, 69, 62, -1,
      62, 69, 4, -1,
      62, 4, 40, -1,
      40, 4, 3, -1,
      40, 3, 27, -1,
      43, 41, 30, -1,
      30, 41, 40, -1,
      30, 40, 29, -1,
      29, 40, 27, -1,
      2064, 2063, 2070, -1,
      2064, 2070, 2301, -1,
      2288, 2070, 2289, -1,
      2289, 2070, 2114, -1,
      2274, 2279, 2267, -1,
      2114, 2269, 2289, -1,
      2289, 2269, 2270, -1,
      2289, 2270, 2272, -1,
      2288, 2294, 2070, -1,
      2070, 2294, 2293, -1,
      2070, 2293, 2291, -1,
      2291, 2290, 2070, -1,
      2070, 2290, 2295, -1,
      2070, 2295, 2297, -1,
      2297, 2298, 2070, -1,
      2070, 2298, 2300, -1,
      2070, 2300, 2301, -1,
      2272, 2278, 2289, -1,
      2289, 2278, 2277, -1,
      2289, 2277, 2275, -1,
      2280, 2282, 2266, -1,
      2266, 2282, 2267, -1,
      2274, 2267, 2275, -1,
      2275, 2267, 2282, -1,
      2275, 2282, 2283, -1,
      2283, 2049, 2275, -1,
      2275, 2049, 2048, -1,
      2275, 2048, 2289, -1,
      2289, 2048, 2284, -1,
      2289, 2284, 2286, -1,
      2075, 2066, 2073, -1,
      2073, 2066, 2068, -1,
      2073, 2068, 2063, -1,
      2063, 2068, 2070, -1,
      2745, 2746, 2747, -1,
      2745, 2747, 2748, -1,
      2748, 2747, 2749, -1,
      2748, 2749, 2750, -1,
      2751, 2752, 2750, -1,
      2750, 2752, 2753, -1,
      2750, 2753, 2748, -1,
      2751, 2754, 2752, -1,
      2752, 2754, 2755, -1,
      2752, 2755, 2756, -1,
      2756, 2757, 2752, -1,
      2752, 2757, 2758, -1,
      2752, 2758, 2759, -1,
      2760, 2761, 2762, -1,
      2763, 2764, 2765, -1,
      2766, 2767, 2768, -1,
      2769, 2770, 2771, -1,
      2745, 2748, 2772, -1,
      2772, 2748, 2773, -1,
      2772, 2773, 2774, -1,
      2774, 2773, 2775, -1,
      2775, 2773, 2776, -1,
      2776, 2773, 2777, -1,
      2776, 2777, 2778, -1,
      2778, 2777, 2779, -1,
      2779, 2777, 2780, -1,
      2779, 2780, 2781, -1,
      2782, 2783, 2780, -1,
      2780, 2783, 2784, -1,
      2780, 2784, 2781, -1,
      2785, 2786, 2787, -1,
      2787, 2786, 2788, -1,
      2787, 2788, 2782, -1,
      2782, 2788, 2789, -1,
      2782, 2789, 2783, -1,
      2790, 2791, 2792, -1,
      2792, 2791, 2785, -1,
      2792, 2785, 2793, -1,
      2793, 2785, 2787, -1,
      2793, 2787, 2794, -1,
      2795, 2796, 2797, -1,
      2797, 2796, 2798, -1,
      2798, 2799, 2800, -1,
      2800, 2799, 2801, -1,
      2800, 2801, 2802, -1,
      2802, 2801, 2803, -1,
      2803, 2801, 2804, -1,
      2803, 2804, 2805, -1,
      2806, 2807, 2808, -1,
      2808, 2807, 2809, -1,
      2808, 2809, 2804, -1,
      2804, 2809, 2810, -1,
      2804, 2810, 2805, -1,
      2806, 2808, 2811, -1,
      2811, 2808, 2812, -1,
      2811, 2812, 2813, -1,
      2813, 2812, 2814, -1,
      2814, 2812, 2747, -1,
      2814, 2747, 2746, -1,
      2759, 2758, 2815, -1,
      2815, 2758, 2816, -1,
      2815, 2816, 2817, -1,
      2817, 2816, 2818, -1,
      2817, 2818, 2819, -1,
      2819, 2818, 2820, -1,
      2819, 2820, 2821, -1,
      2821, 2820, 2822, -1,
      2821, 2822, 2823, -1,
      2823, 2822, 2768, -1,
      2755, 2754, 2824, -1,
      2824, 2754, 2825, -1,
      2824, 2825, 2826, -1,
      2826, 2825, 2827, -1,
      2826, 2827, 2828, -1,
      2828, 2827, 2829, -1,
      2828, 2829, 2830, -1,
      2830, 2829, 2831, -1,
      2830, 2831, 2832, -1,
      2832, 2831, 2765, -1,
      2749, 2747, 2833, -1,
      2833, 2747, 2812, -1,
      2833, 2812, 2834, -1,
      2834, 2812, 2808, -1,
      2834, 2808, 2835, -1,
      2835, 2808, 2804, -1,
      2835, 2804, 2836, -1,
      2836, 2804, 2801, -1,
      2836, 2801, 2837, -1,
      2837, 2801, 2799, -1,
      2770, 2794, 2771, -1,
      2771, 2794, 2787, -1,
      2771, 2787, 2838, -1,
      2838, 2787, 2782, -1,
      2838, 2782, 2839, -1,
      2839, 2782, 2780, -1,
      2839, 2780, 2840, -1,
      2840, 2780, 2777, -1,
      2840, 2777, 2841, -1,
      2841, 2777, 2773, -1,
      2841, 2773, 2753, -1,
      2753, 2773, 2748, -1,
      2842, 2769, 2843, -1,
      2843, 2769, 2771, -1,
      2843, 2771, 2844, -1,
      2844, 2771, 2838, -1,
      2844, 2838, 2845, -1,
      2845, 2838, 2839, -1,
      2845, 2839, 2846, -1,
      2846, 2839, 2840, -1,
      2846, 2840, 2847, -1,
      2847, 2840, 2841, -1,
      2847, 2841, 2752, -1,
      2752, 2841, 2753, -1,
      2752, 2759, 2847, -1,
      2847, 2759, 2815, -1,
      2847, 2815, 2846, -1,
      2846, 2815, 2817, -1,
      2846, 2817, 2845, -1,
      2845, 2817, 2819, -1,
      2845, 2819, 2844, -1,
      2844, 2819, 2821, -1,
      2844, 2821, 2843, -1,
      2843, 2821, 2823, -1,
      2843, 2823, 2842, -1,
      2842, 2823, 2848, -1,
      2768, 2767, 2823, -1,
      2823, 2767, 2849, -1,
      2823, 2849, 2848, -1,
      2850, 2766, 2851, -1,
      2851, 2766, 2768, -1,
      2851, 2768, 2852, -1,
      2852, 2768, 2822, -1,
      2852, 2822, 2853, -1,
      2853, 2822, 2820, -1,
      2853, 2820, 2854, -1,
      2854, 2820, 2818, -1,
      2854, 2818, 2855, -1,
      2855, 2818, 2816, -1,
      2855, 2816, 2757, -1,
      2757, 2816, 2758, -1,
      2757, 2756, 2855, -1,
      2855, 2756, 2856, -1,
      2855, 2856, 2854, -1,
      2854, 2856, 2857, -1,
      2854, 2857, 2853, -1,
      2853, 2857, 2858, -1,
      2853, 2858, 2852, -1,
      2852, 2858, 2859, -1,
      2852, 2859, 2851, -1,
      2851, 2859, 2860, -1,
      2851, 2860, 2850, -1,
      2850, 2860, 2861, -1,
      2756, 2755, 2856, -1,
      2856, 2755, 2824, -1,
      2856, 2824, 2857, -1,
      2857, 2824, 2826, -1,
      2857, 2826, 2858, -1,
      2858, 2826, 2828, -1,
      2858, 2828, 2859, -1,
      2859, 2828, 2830, -1,
      2859, 2830, 2860, -1,
      2860, 2830, 2832, -1,
      2860, 2832, 2861, -1,
      2861, 2832, 2862, -1,
      2765, 2764, 2832, -1,
      2832, 2764, 2863, -1,
      2832, 2863, 2862, -1,
      2864, 2763, 2865, -1,
      2865, 2763, 2765, -1,
      2865, 2765, 2866, -1,
      2866, 2765, 2831, -1,
      2866, 2831, 2867, -1,
      2867, 2831, 2829, -1,
      2867, 2829, 2868, -1,
      2868, 2829, 2827, -1,
      2868, 2827, 2869, -1,
      2869, 2827, 2825, -1,
      2869, 2825, 2751, -1,
      2751, 2825, 2754, -1,
      2751, 2750, 2869, -1,
      2869, 2750, 2870, -1,
      2869, 2870, 2868, -1,
      2868, 2870, 2871, -1,
      2868, 2871, 2867, -1,
      2867, 2871, 2872, -1,
      2867, 2872, 2866, -1,
      2866, 2872, 2873, -1,
      2866, 2873, 2865, -1,
      2865, 2873, 2762, -1,
      2865, 2762, 2864, -1,
      2864, 2762, 2761, -1,
      2874, 2760, 2837, -1,
      2837, 2760, 2762, -1,
      2837, 2762, 2836, -1,
      2836, 2762, 2873, -1,
      2836, 2873, 2835, -1,
      2835, 2873, 2872, -1,
      2835, 2872, 2834, -1,
      2834, 2872, 2871, -1,
      2834, 2871, 2833, -1,
      2833, 2871, 2870, -1,
      2833, 2870, 2749, -1,
      2749, 2870, 2750, -1,
      2798, 2796, 2799, -1,
      2799, 2796, 2875, -1,
      2799, 2875, 2837, -1,
      2837, 2875, 2876, -1,
      2837, 2876, 2874, -1,
      2877, 2878, 2879, -1,
      2879, 2878, 2880, -1,
      2879, 2880, 2881, -1,
      2881, 2880, 2882, -1,
      2881, 2882, 2883, -1,
      2883, 2882, 2884, -1,
      2883, 2884, 2885, -1,
      2885, 2884, 2886, -1,
      2885, 2886, 2887, -1,
      2887, 2886, 2888, -1,
      2887, 2888, 2889, -1,
      2889, 2888, 2890, -1,
      2889, 2890, 2891, -1,
      2891, 2890, 2892, -1,
      2891, 2892, 2893, -1,
      2893, 2892, 2894, -1,
      2893, 2894, 2895, -1,
      2895, 2894, 2896, -1,
      2895, 2896, 2897, -1,
      2897, 2896, 2898, -1,
      2897, 2898, 2899, -1,
      2899, 2898, 2900, -1,
      2899, 2900, 2901, -1,
      2901, 2900, 2902, -1,
      2901, 2902, 2903, -1,
      2903, 2902, 2904, -1,
      2903, 2904, 2905, -1,
      2905, 2904, 2906, -1,
      2905, 2906, 2907, -1,
      2907, 2906, 2908, -1,
      2907, 2908, 2909, -1,
      2909, 2908, 2910, -1,
      2909, 2910, 2911, -1,
      2911, 2910, 2912, -1,
      2911, 2912, 2913, -1,
      2913, 2912, 2914, -1,
      2913, 2914, 2915, -1,
      2915, 2914, 2916, -1,
      2915, 2916, 2917, -1,
      2917, 2916, 2918, -1,
      2917, 2918, 2919, -1,
      2919, 2918, 2920, -1,
      2919, 2920, 2921, -1,
      2921, 2920, 2922, -1,
      2921, 2922, 2923, -1,
      2923, 2922, 2924, -1,
      2923, 2924, 2877, -1,
      2877, 2924, 2878, -1,
      3053, 3054, 3055, -1,
      3055, 3056, 3053, -1,
      3053, 3056, 3057, -1,
      3053, 3057, 3058, -1,
      3059, 3060, 3057, -1,
      3057, 3060, 3061, -1,
      3057, 3061, 3058, -1,
      3059, 3062, 3060, -1,
      3060, 3062, 3063, -1,
      3060, 3063, 3064, -1,
      3064, 3065, 3060, -1,
      3060, 3065, 3066, -1,
      3060, 3066, 3067, -1,
      3068, 3069, 3070, -1,
      3071, 2790, 2792, -1,
      3071, 3072, 3073, -1,
      3073, 3072, 3074, -1,
      3073, 3074, 3075, -1,
      3075, 3074, 3076, -1,
      3068, 3077, 3078, -1,
      3078, 3077, 3079, -1,
      3078, 3079, 3080, -1,
      3080, 3079, 3081, -1,
      3071, 2792, 3072, -1,
      3072, 2792, 2793, -1,
      3072, 2793, 3082, -1,
      2769, 3083, 2770, -1,
      2770, 3083, 3082, -1,
      2770, 3082, 2794, -1,
      2794, 3082, 2793, -1,
      2769, 2842, 3083, -1,
      3083, 2842, 2848, -1,
      3083, 2848, 3084, -1,
      2848, 2849, 3084, -1,
      3084, 2849, 2767, -1,
      3084, 2767, 3085, -1,
      2767, 2766, 3085, -1,
      3085, 2766, 2850, -1,
      3085, 2850, 3086, -1,
      2850, 2861, 3086, -1,
      3086, 2861, 2862, -1,
      3086, 2862, 3087, -1,
      2763, 3088, 2764, -1,
      2764, 3088, 3087, -1,
      2764, 3087, 2863, -1,
      2863, 3087, 2862, -1,
      2763, 2864, 3088, -1,
      3088, 2864, 2761, -1,
      3088, 2761, 3089, -1,
      2761, 2760, 3089, -1,
      3089, 2760, 2874, -1,
      3089, 2874, 3090, -1,
      2795, 3080, 2796, -1,
      2796, 3080, 3081, -1,
      2796, 3081, 2875, -1,
      2875, 3081, 3090, -1,
      2875, 3090, 2876, -1,
      2876, 3090, 2874, -1,
      3068, 3070, 3077, -1,
      3077, 3070, 3091, -1,
      3077, 3091, 3092, -1,
      3093, 3094, 3095, -1,
      3095, 3094, 3092, -1,
      3095, 3092, 3096, -1,
      3096, 3092, 3091, -1,
      3093, 3097, 3094, -1,
      3094, 3097, 3098, -1,
      3094, 3098, 3099, -1,
      3098, 3100, 3099, -1,
      3099, 3100, 3101, -1,
      3099, 3101, 3102, -1,
      3101, 3103, 3102, -1,
      3102, 3103, 3104, -1,
      3102, 3104, 3105, -1,
      3104, 3106, 3105, -1,
      3105, 3106, 3107, -1,
      3105, 3107, 3108, -1,
      3109, 3110, 3111, -1,
      3111, 3110, 3108, -1,
      3111, 3108, 3112, -1,
      3112, 3108, 3107, -1,
      3109, 3113, 3110, -1,
      3110, 3113, 3114, -1,
      3110, 3114, 3115, -1,
      3114, 3116, 3115, -1,
      3115, 3116, 3117, -1,
      3115, 3117, 3118, -1,
      3119, 3075, 3120, -1,
      3120, 3075, 3076, -1,
      3120, 3076, 3121, -1,
      3121, 3076, 3118, -1,
      3121, 3118, 3122, -1,
      3122, 3118, 3117, -1,
      3123, 3072, 3124, -1,
      3124, 3072, 3082, -1,
      3124, 3082, 3125, -1,
      3125, 3082, 3083, -1,
      3125, 3083, 3126, -1,
      3126, 3083, 3084, -1,
      3126, 3084, 3127, -1,
      3127, 3084, 3085, -1,
      3127, 3085, 3128, -1,
      3128, 3085, 3086, -1,
      3128, 3086, 3129, -1,
      3129, 3086, 3087, -1,
      3129, 3087, 3130, -1,
      3130, 3087, 3088, -1,
      3130, 3088, 3131, -1,
      3131, 3088, 3089, -1,
      3131, 3089, 3132, -1,
      3132, 3089, 3090, -1,
      3132, 3090, 3133, -1,
      3133, 3090, 3081, -1,
      3133, 3081, 3134, -1,
      3134, 3081, 3079, -1,
      3134, 3079, 3135, -1,
      3135, 3079, 3077, -1,
      3135, 3077, 3136, -1,
      3136, 3077, 3092, -1,
      3136, 3092, 3137, -1,
      3137, 3092, 3094, -1,
      3137, 3094, 3138, -1,
      3138, 3094, 3099, -1,
      3138, 3099, 3139, -1,
      3139, 3099, 3102, -1,
      3139, 3102, 3140, -1,
      3140, 3102, 3105, -1,
      3140, 3105, 3141, -1,
      3141, 3105, 3108, -1,
      3141, 3108, 3142, -1,
      3142, 3108, 3110, -1,
      3142, 3110, 3143, -1,
      3143, 3110, 3115, -1,
      3143, 3115, 3144, -1,
      3144, 3115, 3118, -1,
      3144, 3118, 3145, -1,
      3145, 3118, 3076, -1,
      3145, 3076, 3146, -1,
      3146, 3076, 3074, -1,
      3146, 3074, 3123, -1,
      3123, 3074, 3072, -1,
      3146, 3003, 3145, -1,
      3145, 3003, 2957, -1,
      3145, 2957, 3144, -1,
      3144, 2957, 2959, -1,
      3144, 2959, 3143, -1,
      3143, 2959, 2961, -1,
      3143, 2961, 3142, -1,
      3142, 2961, 2963, -1,
      3142, 2963, 3141, -1,
      3141, 2963, 2965, -1,
      3141, 2965, 3140, -1,
      3140, 2965, 2967, -1,
      3140, 2967, 3139, -1,
      3139, 2967, 2969, -1,
      3139, 2969, 3138, -1,
      3138, 2969, 2971, -1,
      3138, 2971, 3137, -1,
      3137, 2971, 2973, -1,
      3137, 2973, 3136, -1,
      3136, 2973, 2975, -1,
      3136, 2975, 3135, -1,
      3135, 2975, 2977, -1,
      3135, 2977, 3134, -1,
      3134, 2977, 2979, -1,
      3134, 2979, 3133, -1,
      3133, 2979, 2981, -1,
      3133, 2981, 3132, -1,
      3132, 2981, 2983, -1,
      3132, 2983, 3131, -1,
      3131, 2983, 2985, -1,
      3131, 2985, 3130, -1,
      3130, 2985, 2987, -1,
      3130, 2987, 3129, -1,
      3129, 2987, 2989, -1,
      3129, 2989, 3128, -1,
      3128, 2989, 2991, -1,
      3128, 2991, 3127, -1,
      3127, 2991, 2993, -1,
      3127, 2993, 3126, -1,
      3126, 2993, 2995, -1,
      3126, 2995, 3125, -1,
      3125, 2995, 2997, -1,
      3125, 2997, 3124, -1,
      3124, 2997, 2999, -1,
      3124, 2999, 3123, -1,
      3123, 2999, 3001, -1,
      3123, 3001, 3146, -1,
      3146, 3001, 3003, -1,
      2924, 3157, 3158, -1,
      2924, 2922, 3157, -1,
      3157, 2922, 2920, -1,
      3157, 2920, 2918, -1,
      3159, 2896, 2894, -1,
      2886, 2884, 3158, -1,
      3158, 2884, 2882, -1,
      2918, 2916, 3157, -1,
      3157, 2916, 2914, -1,
      3157, 2914, 3160, -1,
      3160, 2914, 2912, -1,
      3160, 2912, 2910, -1,
      2910, 2908, 3160, -1,
      3160, 2908, 2906, -1,
      3160, 2906, 2904, -1,
      2904, 2902, 3160, -1,
      3160, 2902, 2900, -1,
      3160, 2900, 3159, -1,
      3159, 2900, 2898, -1,
      3159, 2898, 2896, -1,
      2882, 2880, 3158, -1,
      3158, 2880, 2878, -1,
      3158, 2878, 2924, -1,
      2894, 2892, 3159, -1,
      3159, 2892, 2890, -1,
      3159, 2890, 3158, -1,
      3158, 2890, 2888, -1,
      3158, 2888, 2886, -1,
      3161, 3162, 3163, -1,
      3163, 3162, 3157, -1,
      3163, 3157, 3164, -1,
      3164, 3157, 3160, -1,
      3164, 3160, 3165, -1,
      3165, 3160, 3166, -1,
      3165, 3166, 3161, -1,
      3161, 3166, 3162, -1,
      3167, 3162, 3168, -1,
      3168, 3162, 3166, -1,
      3169, 3158, 3170, -1,
      3170, 3158, 3167, -1,
      3170, 3167, 3171, -1,
      3171, 3167, 3168, -1,
      3171, 3168, 3172, -1,
      3172, 3168, 3159, -1,
      3172, 3159, 3169, -1,
      3169, 3159, 3158, -1,
      3162, 3167, 3157, -1,
      3157, 3167, 3158, -1,
      3168, 3166, 3159, -1,
      3159, 3166, 3160, -1,
      3164, 3172, 3163, -1,
      3163, 3172, 3169, -1,
      3171, 3165, 3170, -1,
      3170, 3165, 3161, -1,
      3165, 3171, 3164, -1,
      3164, 3171, 3172, -1,
      3170, 3161, 3169, -1,
      3169, 3161, 3163, -1,
      2946, 3173, 2945, -1,
      2945, 3173, 3174, -1,
      3175, 3176, 3177, -1,
      3175, 3177, 3178, -1,
      3178, 3177, 3179, -1,
      3178, 3179, 3180, -1,
      3180, 3179, 3181, -1,
      3180, 3181, 3182, -1,
      3182, 3181, 3183, -1,
      3182, 3183, 3184, -1,
      3184, 3183, 2953, -1,
      3184, 2953, 2949, -1,
      3185, 3186, 3174, -1,
      3174, 3186, 3187, -1,
      3188, 3182, 3189, -1,
      3189, 3182, 3184, -1,
      3189, 3184, 3190, -1,
      3190, 3184, 2949, -1,
      3190, 2949, 3191, -1,
      3191, 2949, 2943, -1,
      3191, 2943, 3187, -1,
      3187, 2943, 2945, -1,
      3187, 2945, 3174, -1,
      3192, 3193, 3194, -1,
      3194, 3193, 3195, -1,
      3194, 3195, 3196, -1,
      3196, 3195, 3197, -1,
      3196, 3197, 3198, -1,
      3198, 3197, 3199, -1,
      3198, 3199, 3200, -1,
      3200, 3199, 3201, -1,
      3200, 3201, 3202, -1,
      3202, 3201, 3203, -1,
      3202, 3203, 3204, -1,
      3204, 3203, 3205, -1,
      3204, 3205, 3206, -1,
      3206, 3205, 3207, -1,
      3206, 3207, 3208, -1,
      3208, 3207, 3209, -1,
      3208, 3209, 3210, -1,
      3210, 3209, 3211, -1,
      3210, 3211, 3212, -1,
      3212, 3211, 3213, -1,
      3212, 3213, 3214, -1,
      3214, 3213, 3215, -1,
      3214, 3215, 3216, -1,
      3216, 3215, 3217, -1,
      3216, 3217, 3218, -1,
      3218, 3217, 3219, -1,
      3218, 3219, 3220, -1,
      3220, 3219, 3221, -1,
      3220, 3221, 3222, -1,
      3222, 3221, 3175, -1,
      3222, 3175, 3223, -1,
      3223, 3175, 3178, -1,
      3223, 3178, 3188, -1,
      3188, 3178, 3180, -1,
      3188, 3180, 3182, -1,
      3224, 3225, 3226, -1,
      2947, 3227, 3228, -1,
      3228, 3229, 2947, -1,
      2947, 3229, 3230, -1,
      2947, 3230, 3231, -1,
      3173, 2946, 2947, -1,
      3226, 3173, 3224, -1,
      3224, 3173, 2947, -1,
      3224, 2947, 3232, -1,
      3232, 2947, 3231, -1,
      3233, 3234, 3235, -1,
      3235, 3234, 3236, -1,
      3235, 3236, 3237, -1,
      3237, 3236, 3238, -1,
      3237, 3238, 3239, -1,
      3239, 3238, 3240, -1,
      3239, 3240, 3241, -1,
      3241, 3240, 3242, -1,
      3241, 3242, 3243, -1,
      3243, 3242, 3244, -1,
      3243, 3244, 3245, -1,
      3245, 3244, 3246, -1,
      3245, 3246, 3247, -1,
      3247, 3246, 3248, -1,
      3247, 3248, 3249, -1,
      3249, 3248, 3250, -1,
      3249, 3250, 3251, -1,
      3251, 3250, 3252, -1,
      3251, 3252, 3253, -1,
      3253, 3252, 3254, -1,
      3253, 3254, 3255, -1,
      3255, 3254, 3256, -1,
      3255, 3256, 3257, -1,
      3257, 3256, 3258, -1,
      3257, 3258, 3259, -1,
      3259, 3258, 3260, -1,
      3259, 3260, 3261, -1,
      3261, 3260, 3262, -1,
      3261, 3262, 3176, -1,
      3176, 3262, 3227, -1,
      2947, 2953, 3227, -1,
      3227, 2953, 3183, -1,
      3227, 3183, 3181, -1,
      3181, 3179, 3227, -1,
      3227, 3179, 3177, -1,
      3227, 3177, 3176, -1,
      3185, 3174, 3226, -1,
      3226, 3174, 3173, -1,
      3186, 3185, 3225, -1,
      3225, 3185, 3226, -1,
      3187, 3186, 3224, -1,
      3224, 3186, 3225, -1,
      3187, 3224, 3191, -1,
      3191, 3224, 3232, -1,
      3191, 3232, 3190, -1,
      3190, 3232, 3231, -1,
      3190, 3231, 3189, -1,
      3189, 3231, 3230, -1,
      3189, 3230, 3188, -1,
      3188, 3230, 3229, -1,
      3188, 3229, 3223, -1,
      3223, 3229, 3228, -1,
      3223, 3228, 3222, -1,
      3222, 3228, 3227, -1,
      3220, 3222, 3262, -1,
      3262, 3222, 3227, -1,
      3220, 3262, 3218, -1,
      3218, 3262, 3260, -1,
      3218, 3260, 3216, -1,
      3216, 3260, 3258, -1,
      3216, 3258, 3214, -1,
      3214, 3258, 3256, -1,
      3214, 3256, 3212, -1,
      3212, 3256, 3254, -1,
      3212, 3254, 3210, -1,
      3210, 3254, 3252, -1,
      3210, 3252, 3208, -1,
      3208, 3252, 3250, -1,
      3206, 3208, 3248, -1,
      3248, 3208, 3250, -1,
      3206, 3248, 3246, -1,
      3206, 3246, 3204, -1,
      3204, 3246, 3244, -1,
      3204, 3244, 3202, -1,
      3202, 3244, 3242, -1,
      3202, 3242, 3200, -1,
      3200, 3242, 3240, -1,
      3200, 3240, 3198, -1,
      3198, 3240, 3238, -1,
      3198, 3238, 3196, -1,
      3196, 3238, 3236, -1,
      3196, 3236, 3194, -1,
      3192, 3194, 3234, -1,
      3234, 3194, 3236, -1,
      3263, 3264, 3265, -1,
      3265, 3264, 3266, -1,
      3233, 3235, 3193, -1,
      3193, 3235, 3195, -1,
      3195, 3235, 3197, -1,
      3197, 3235, 3237, -1,
      3197, 3237, 3199, -1,
      3199, 3237, 3239, -1,
      3199, 3239, 3201, -1,
      3201, 3239, 3241, -1,
      3201, 3241, 3203, -1,
      3203, 3241, 3243, -1,
      3203, 3243, 3205, -1,
      3205, 3243, 3245, -1,
      3205, 3245, 3207, -1,
      3207, 3245, 3247, -1,
      3209, 3207, 3249, -1,
      3249, 3207, 3247, -1,
      3209, 3249, 3251, -1,
      3209, 3251, 3211, -1,
      3211, 3251, 3253, -1,
      3211, 3253, 3213, -1,
      3213, 3253, 3255, -1,
      3213, 3255, 3215, -1,
      3215, 3255, 3257, -1,
      3215, 3257, 3217, -1,
      3217, 3257, 3259, -1,
      3217, 3259, 3219, -1,
      3219, 3259, 3261, -1,
      3219, 3261, 3221, -1,
      3175, 3221, 3176, -1,
      3176, 3221, 3261, -1,
      3193, 3266, 3233, -1,
      3233, 3266, 3264, -1,
      3192, 3265, 3193, -1,
      3193, 3265, 3266, -1,
      3263, 3234, 3264, -1,
      3264, 3234, 3233, -1,
      3234, 3263, 3192, -1,
      3192, 3263, 3265, -1,
      3116, 3114, 3267, -1,
      3109, 3111, 3268, -1,
      3103, 3101, 3269, -1,
      3093, 3095, 3270, -1,
      3271, 3272, 3273, -1,
      3119, 3120, 3274, -1,
      3274, 3120, 3275, -1,
      3275, 3276, 3277, -1,
      3277, 3276, 3278, -1,
      3279, 3280, 3281, -1,
      3281, 3280, 3282, -1,
      3281, 3282, 3278, -1,
      3278, 3282, 3283, -1,
      3278, 3283, 3277, -1,
      3273, 3272, 3281, -1,
      3281, 3272, 3284, -1,
      3281, 3284, 3279, -1,
      3271, 3273, 3285, -1,
      3285, 3273, 3286, -1,
      3285, 3286, 3287, -1,
      3287, 3286, 3288, -1,
      3288, 3286, 3056, -1,
      3288, 3056, 3055, -1,
      3054, 3053, 3289, -1,
      3289, 3053, 3290, -1,
      3289, 3290, 3291, -1,
      3292, 3293, 3290, -1,
      3290, 3293, 3294, -1,
      3290, 3294, 3291, -1,
      3295, 3296, 3297, -1,
      3297, 3296, 3298, -1,
      3297, 3298, 3292, -1,
      3292, 3298, 3299, -1,
      3292, 3299, 3293, -1,
      3295, 3297, 3300, -1,
      3300, 3297, 3301, -1,
      3300, 3301, 3302, -1,
      3302, 3301, 3303, -1,
      3303, 3301, 3304, -1,
      3303, 3304, 3305, -1,
      3069, 3306, 3070, -1,
      3070, 3306, 3305, -1,
      3070, 3305, 3091, -1,
      3091, 3305, 3304, -1,
      3091, 3304, 3096, -1,
      3060, 3067, 3307, -1,
      3307, 3067, 3308, -1,
      3307, 3308, 3309, -1,
      3309, 3308, 3310, -1,
      3309, 3310, 3311, -1,
      3311, 3310, 3312, -1,
      3311, 3312, 3313, -1,
      3313, 3312, 3314, -1,
      3313, 3314, 3315, -1,
      3315, 3314, 3269, -1,
      3064, 3063, 3316, -1,
      3316, 3063, 3317, -1,
      3316, 3317, 3318, -1,
      3318, 3317, 3319, -1,
      3318, 3319, 3320, -1,
      3320, 3319, 3321, -1,
      3320, 3321, 3322, -1,
      3322, 3321, 3323, -1,
      3322, 3323, 3324, -1,
      3324, 3323, 3268, -1,
      3057, 3056, 3325, -1,
      3325, 3056, 3286, -1,
      3325, 3286, 3326, -1,
      3326, 3286, 3273, -1,
      3326, 3273, 3327, -1,
      3327, 3273, 3281, -1,
      3327, 3281, 3328, -1,
      3328, 3281, 3278, -1,
      3328, 3278, 3329, -1,
      3329, 3278, 3276, -1,
      3095, 3096, 3270, -1,
      3270, 3096, 3304, -1,
      3270, 3304, 3330, -1,
      3330, 3304, 3301, -1,
      3330, 3301, 3331, -1,
      3331, 3301, 3297, -1,
      3331, 3297, 3332, -1,
      3332, 3297, 3292, -1,
      3332, 3292, 3333, -1,
      3333, 3292, 3290, -1,
      3333, 3290, 3058, -1,
      3058, 3290, 3053, -1,
      3097, 3093, 3334, -1,
      3334, 3093, 3270, -1,
      3334, 3270, 3335, -1,
      3335, 3270, 3330, -1,
      3335, 3330, 3336, -1,
      3336, 3330, 3331, -1,
      3336, 3331, 3337, -1,
      3337, 3331, 3332, -1,
      3337, 3332, 3338, -1,
      3338, 3332, 3333, -1,
      3338, 3333, 3061, -1,
      3061, 3333, 3058, -1,
      3061, 3060, 3338, -1,
      3338, 3060, 3307, -1,
      3338, 3307, 3337, -1,
      3337, 3307, 3309, -1,
      3337, 3309, 3336, -1,
      3336, 3309, 3311, -1,
      3336, 3311, 3335, -1,
      3335, 3311, 3313, -1,
      3335, 3313, 3334, -1,
      3334, 3313, 3315, -1,
      3334, 3315, 3097, -1,
      3097, 3315, 3098, -1,
      3269, 3101, 3315, -1,
      3315, 3101, 3100, -1,
      3315, 3100, 3098, -1,
      3104, 3103, 3339, -1,
      3339, 3103, 3269, -1,
      3339, 3269, 3340, -1,
      3340, 3269, 3314, -1,
      3340, 3314, 3341, -1,
      3341, 3314, 3312, -1,
      3341, 3312, 3342, -1,
      3342, 3312, 3310, -1,
      3342, 3310, 3343, -1,
      3343, 3310, 3308, -1,
      3343, 3308, 3066, -1,
      3066, 3308, 3067, -1,
      3066, 3065, 3343, -1,
      3343, 3065, 3344, -1,
      3343, 3344, 3342, -1,
      3342, 3344, 3345, -1,
      3342, 3345, 3341, -1,
      3341, 3345, 3346, -1,
      3341, 3346, 3340, -1,
      3340, 3346, 3347, -1,
      3340, 3347, 3339, -1,
      3339, 3347, 3348, -1,
      3339, 3348, 3104, -1,
      3104, 3348, 3106, -1,
      3065, 3064, 3344, -1,
      3344, 3064, 3316, -1,
      3344, 3316, 3345, -1,
      3345, 3316, 3318, -1,
      3345, 3318, 3346, -1,
      3346, 3318, 3320, -1,
      3346, 3320, 3347, -1,
      3347, 3320, 3322, -1,
      3347, 3322, 3348, -1,
      3348, 3322, 3324, -1,
      3348, 3324, 3106, -1,
      3106, 3324, 3107, -1,
      3268, 3111, 3324, -1,
      3324, 3111, 3112, -1,
      3324, 3112, 3107, -1,
      3113, 3109, 3349, -1,
      3349, 3109, 3268, -1,
      3349, 3268, 3350, -1,
      3350, 3268, 3323, -1,
      3350, 3323, 3351, -1,
      3351, 3323, 3321, -1,
      3351, 3321, 3352, -1,
      3352, 3321, 3319, -1,
      3352, 3319, 3353, -1,
      3353, 3319, 3317, -1,
      3353, 3317, 3062, -1,
      3062, 3317, 3063, -1,
      3062, 3059, 3353, -1,
      3353, 3059, 3354, -1,
      3353, 3354, 3352, -1,
      3352, 3354, 3355, -1,
      3352, 3355, 3351, -1,
      3351, 3355, 3356, -1,
      3351, 3356, 3350, -1,
      3350, 3356, 3357, -1,
      3350, 3357, 3349, -1,
      3349, 3357, 3267, -1,
      3349, 3267, 3113, -1,
      3113, 3267, 3114, -1,
      3117, 3116, 3329, -1,
      3329, 3116, 3267, -1,
      3329, 3267, 3328, -1,
      3328, 3267, 3357, -1,
      3328, 3357, 3327, -1,
      3327, 3357, 3356, -1,
      3327, 3356, 3326, -1,
      3326, 3356, 3355, -1,
      3326, 3355, 3325, -1,
      3325, 3355, 3354, -1,
      3325, 3354, 3057, -1,
      3057, 3354, 3059, -1,
      3275, 3120, 3276, -1,
      3276, 3120, 3121, -1,
      3276, 3121, 3329, -1,
      3329, 3121, 3122, -1,
      3329, 3122, 3117, -1,
      3071, 3080, 2795, -1,
      2795, 2797, 3071, -1,
      3071, 2797, 2798, -1,
      3071, 2798, 2790, -1,
      2800, 2785, 2798, -1,
      2798, 2785, 2791, -1,
      2798, 2791, 2790, -1,
      2800, 2802, 2785, -1,
      2785, 2802, 2803, -1,
      2785, 2803, 2805, -1,
      2775, 2789, 2788, -1,
      2805, 2810, 2785, -1,
      2785, 2810, 2809, -1,
      2785, 2809, 2807, -1,
      2813, 2807, 2811, -1,
      2811, 2807, 2806, -1,
      2784, 2778, 2781, -1,
      2781, 2778, 2779, -1,
      2775, 2776, 2789, -1,
      2789, 2776, 2778, -1,
      2789, 2778, 2783, -1,
      2783, 2778, 2784, -1,
      2813, 2814, 2807, -1,
      2807, 2814, 2746, -1,
      2807, 2746, 2785, -1,
      2785, 2746, 2745, -1,
      2785, 2745, 2772, -1,
      2788, 2786, 2775, -1,
      2775, 2786, 2785, -1,
      2775, 2785, 2774, -1,
      2774, 2785, 2772, -1,
      3069, 3068, 3075, -1,
      3069, 3075, 3306, -1,
      3293, 3075, 3294, -1,
      3294, 3075, 3119, -1,
      3279, 3284, 3272, -1,
      3119, 3274, 3294, -1,
      3294, 3274, 3275, -1,
      3294, 3275, 3277, -1,
      3293, 3299, 3075, -1,
      3075, 3299, 3298, -1,
      3075, 3298, 3296, -1,
      3296, 3295, 3075, -1,
      3075, 3295, 3300, -1,
      3075, 3300, 3302, -1,
      3302, 3303, 3075, -1,
      3075, 3303, 3305, -1,
      3075, 3305, 3306, -1,
      3277, 3283, 3294, -1,
      3294, 3283, 3282, -1,
      3294, 3282, 3280, -1,
      3285, 3287, 3271, -1,
      3271, 3287, 3272, -1,
      3279, 3272, 3280, -1,
      3280, 3272, 3287, -1,
      3280, 3287, 3288, -1,
      3288, 3055, 3280, -1,
      3280, 3055, 3054, -1,
      3280, 3054, 3294, -1,
      3294, 3054, 3289, -1,
      3294, 3289, 3291, -1,
      3075, 3068, 3073, -1,
      3073, 3068, 3078, -1,
      3073, 3078, 3071, -1,
      3071, 3078, 3080, -1,
      3750, 3751, 3752, -1,
      3752, 3751, 3753, -1,
      3752, 3753, 3754, -1,
      3755, 3756, 3757, -1,
      3757, 3756, 3758, -1,
      3758, 3756, 3759, -1,
      3759, 3756, 3760, -1,
      3759, 3760, 3761, -1,
      3761, 3762, 3759, -1,
      3759, 3762, 3763, -1,
      3759, 3763, 3752, -1,
      3752, 3763, 3764, -1,
      3752, 3764, 3750, -1,
      3765, 3766, 3767, -1,
      3768, 3769, 3770, -1,
      3771, 3772, 3773, -1,
      3774, 3775, 3776, -1,
      3753, 3751, 3777, -1,
      3777, 3751, 3778, -1,
      3777, 3778, 3779, -1,
      3779, 3778, 3780, -1,
      3780, 3778, 3781, -1,
      3781, 3778, 3782, -1,
      3781, 3782, 3783, -1,
      3783, 3782, 3784, -1,
      3784, 3782, 3785, -1,
      3784, 3785, 3786, -1,
      3787, 3788, 3785, -1,
      3785, 3788, 3789, -1,
      3785, 3789, 3786, -1,
      3790, 3791, 3792, -1,
      3792, 3791, 3793, -1,
      3792, 3793, 3787, -1,
      3787, 3793, 3794, -1,
      3787, 3794, 3788, -1,
      3795, 3796, 3797, -1,
      3797, 3796, 3790, -1,
      3797, 3790, 3798, -1,
      3798, 3790, 3792, -1,
      3798, 3792, 3799, -1,
      3800, 3801, 3802, -1,
      3802, 3801, 3803, -1,
      3803, 3804, 3805, -1,
      3805, 3804, 3806, -1,
      3805, 3806, 3807, -1,
      3807, 3806, 3808, -1,
      3808, 3806, 3809, -1,
      3808, 3809, 3810, -1,
      3811, 3812, 3813, -1,
      3813, 3812, 3814, -1,
      3813, 3814, 3809, -1,
      3809, 3814, 3815, -1,
      3809, 3815, 3810, -1,
      3811, 3813, 3816, -1,
      3816, 3813, 3817, -1,
      3816, 3817, 3818, -1,
      3818, 3817, 3819, -1,
      3819, 3817, 3752, -1,
      3819, 3752, 3754, -1,
      3763, 3762, 3820, -1,
      3820, 3762, 3821, -1,
      3820, 3821, 3822, -1,
      3822, 3821, 3823, -1,
      3822, 3823, 3824, -1,
      3824, 3823, 3825, -1,
      3824, 3825, 3826, -1,
      3826, 3825, 3827, -1,
      3826, 3827, 3828, -1,
      3828, 3827, 3773, -1,
      3756, 3755, 3829, -1,
      3829, 3755, 3830, -1,
      3829, 3830, 3831, -1,
      3831, 3830, 3832, -1,
      3831, 3832, 3833, -1,
      3833, 3832, 3834, -1,
      3833, 3834, 3835, -1,
      3835, 3834, 3836, -1,
      3835, 3836, 3837, -1,
      3837, 3836, 3770, -1,
      3759, 3752, 3838, -1,
      3838, 3752, 3817, -1,
      3838, 3817, 3839, -1,
      3839, 3817, 3813, -1,
      3839, 3813, 3840, -1,
      3840, 3813, 3809, -1,
      3840, 3809, 3841, -1,
      3841, 3809, 3806, -1,
      3841, 3806, 3842, -1,
      3842, 3806, 3804, -1,
      3775, 3799, 3776, -1,
      3776, 3799, 3792, -1,
      3776, 3792, 3843, -1,
      3843, 3792, 3787, -1,
      3843, 3787, 3844, -1,
      3844, 3787, 3785, -1,
      3844, 3785, 3845, -1,
      3845, 3785, 3782, -1,
      3845, 3782, 3846, -1,
      3846, 3782, 3778, -1,
      3846, 3778, 3750, -1,
      3750, 3778, 3751, -1,
      3847, 3774, 3848, -1,
      3848, 3774, 3776, -1,
      3848, 3776, 3849, -1,
      3849, 3776, 3843, -1,
      3849, 3843, 3850, -1,
      3850, 3843, 3844, -1,
      3850, 3844, 3851, -1,
      3851, 3844, 3845, -1,
      3851, 3845, 3852, -1,
      3852, 3845, 3846, -1,
      3852, 3846, 3764, -1,
      3764, 3846, 3750, -1,
      3764, 3763, 3852, -1,
      3852, 3763, 3820, -1,
      3852, 3820, 3851, -1,
      3851, 3820, 3822, -1,
      3851, 3822, 3850, -1,
      3850, 3822, 3824, -1,
      3850, 3824, 3849, -1,
      3849, 3824, 3826, -1,
      3849, 3826, 3848, -1,
      3848, 3826, 3828, -1,
      3848, 3828, 3847, -1,
      3847, 3828, 3853, -1,
      3773, 3772, 3828, -1,
      3828, 3772, 3854, -1,
      3828, 3854, 3853, -1,
      3855, 3771, 3856, -1,
      3856, 3771, 3773, -1,
      3856, 3773, 3857, -1,
      3857, 3773, 3827, -1,
      3857, 3827, 3858, -1,
      3858, 3827, 3825, -1,
      3858, 3825, 3859, -1,
      3859, 3825, 3823, -1,
      3859, 3823, 3860, -1,
      3860, 3823, 3821, -1,
      3860, 3821, 3761, -1,
      3761, 3821, 3762, -1,
      3761, 3760, 3860, -1,
      3860, 3760, 3861, -1,
      3860, 3861, 3859, -1,
      3859, 3861, 3862, -1,
      3859, 3862, 3858, -1,
      3858, 3862, 3863, -1,
      3858, 3863, 3857, -1,
      3857, 3863, 3864, -1,
      3857, 3864, 3856, -1,
      3856, 3864, 3865, -1,
      3856, 3865, 3855, -1,
      3855, 3865, 3866, -1,
      3760, 3756, 3861, -1,
      3861, 3756, 3829, -1,
      3861, 3829, 3862, -1,
      3862, 3829, 3831, -1,
      3862, 3831, 3863, -1,
      3863, 3831, 3833, -1,
      3863, 3833, 3864, -1,
      3864, 3833, 3835, -1,
      3864, 3835, 3865, -1,
      3865, 3835, 3837, -1,
      3865, 3837, 3866, -1,
      3866, 3837, 3867, -1,
      3770, 3769, 3837, -1,
      3837, 3769, 3868, -1,
      3837, 3868, 3867, -1,
      3869, 3768, 3870, -1,
      3870, 3768, 3770, -1,
      3870, 3770, 3871, -1,
      3871, 3770, 3836, -1,
      3871, 3836, 3872, -1,
      3872, 3836, 3834, -1,
      3872, 3834, 3873, -1,
      3873, 3834, 3832, -1,
      3873, 3832, 3874, -1,
      3874, 3832, 3830, -1,
      3874, 3830, 3757, -1,
      3757, 3830, 3755, -1,
      3757, 3758, 3874, -1,
      3874, 3758, 3875, -1,
      3874, 3875, 3873, -1,
      3873, 3875, 3876, -1,
      3873, 3876, 3872, -1,
      3872, 3876, 3877, -1,
      3872, 3877, 3871, -1,
      3871, 3877, 3878, -1,
      3871, 3878, 3870, -1,
      3870, 3878, 3767, -1,
      3870, 3767, 3869, -1,
      3869, 3767, 3766, -1,
      3879, 3765, 3842, -1,
      3842, 3765, 3767, -1,
      3842, 3767, 3841, -1,
      3841, 3767, 3878, -1,
      3841, 3878, 3840, -1,
      3840, 3878, 3877, -1,
      3840, 3877, 3839, -1,
      3839, 3877, 3876, -1,
      3839, 3876, 3838, -1,
      3838, 3876, 3875, -1,
      3838, 3875, 3759, -1,
      3759, 3875, 3758, -1,
      3803, 3801, 3804, -1,
      3804, 3801, 3880, -1,
      3804, 3880, 3842, -1,
      3842, 3880, 3881, -1,
      3842, 3881, 3879, -1,
      3882, 3883, 3884, -1,
      3884, 3883, 3885, -1,
      3884, 3885, 3886, -1,
      3886, 3885, 3887, -1,
      3886, 3887, 3888, -1,
      3888, 3887, 3889, -1,
      3888, 3889, 3890, -1,
      3890, 3889, 3891, -1,
      3890, 3891, 3892, -1,
      3892, 3891, 3893, -1,
      3892, 3893, 3894, -1,
      3894, 3893, 3895, -1,
      3894, 3895, 3896, -1,
      3896, 3895, 3897, -1,
      3896, 3897, 3898, -1,
      3898, 3897, 3899, -1,
      3898, 3899, 3900, -1,
      3900, 3899, 3901, -1,
      3900, 3901, 3902, -1,
      3902, 3901, 3903, -1,
      3902, 3903, 3904, -1,
      3904, 3903, 3905, -1,
      3904, 3905, 3906, -1,
      3906, 3905, 3907, -1,
      3906, 3907, 3908, -1,
      3908, 3907, 3909, -1,
      3908, 3909, 3910, -1,
      3910, 3909, 3911, -1,
      3910, 3911, 3912, -1,
      3912, 3911, 3913, -1,
      3912, 3913, 3914, -1,
      3914, 3913, 3915, -1,
      3914, 3915, 3916, -1,
      3916, 3915, 3917, -1,
      3916, 3917, 3918, -1,
      3918, 3917, 3919, -1,
      3918, 3919, 3920, -1,
      3920, 3919, 3921, -1,
      3920, 3921, 3922, -1,
      3922, 3921, 3923, -1,
      3922, 3923, 3924, -1,
      3924, 3923, 3925, -1,
      3924, 3925, 3926, -1,
      3926, 3925, 3927, -1,
      3926, 3927, 3928, -1,
      3928, 3927, 3929, -1,
      3928, 3929, 3882, -1,
      3882, 3929, 3883, -1,
      4058, 4059, 4060, -1,
      4060, 4059, 4061, -1,
      4061, 4062, 4060, -1,
      4060, 4062, 4063, -1,
      4060, 4063, 4064, -1,
      4064, 4063, 4065, -1,
      4066, 4067, 4068, -1,
      4066, 4068, 4069, -1,
      4063, 4070, 4065, -1,
      4065, 4070, 4071, -1,
      4065, 4071, 4068, -1,
      4068, 4071, 4072, -1,
      4068, 4072, 4069, -1,
      4073, 4074, 4075, -1,
      4076, 3795, 3797, -1,
      4076, 4077, 4078, -1,
      4078, 4077, 4079, -1,
      4078, 4079, 4080, -1,
      4080, 4079, 4081, -1,
      4073, 4082, 4083, -1,
      4083, 4082, 4084, -1,
      4083, 4084, 4085, -1,
      4085, 4084, 4086, -1,
      4076, 3797, 4077, -1,
      4077, 3797, 3798, -1,
      4077, 3798, 4087, -1,
      3774, 4088, 3775, -1,
      3775, 4088, 4087, -1,
      3775, 4087, 3799, -1,
      3799, 4087, 3798, -1,
      3774, 3847, 4088, -1,
      4088, 3847, 3853, -1,
      4088, 3853, 4089, -1,
      3853, 3854, 4089, -1,
      4089, 3854, 3772, -1,
      4089, 3772, 4090, -1,
      3772, 3771, 4090, -1,
      4090, 3771, 3855, -1,
      4090, 3855, 4091, -1,
      3855, 3866, 4091, -1,
      4091, 3866, 3867, -1,
      4091, 3867, 4092, -1,
      3768, 4093, 3769, -1,
      3769, 4093, 4092, -1,
      3769, 4092, 3868, -1,
      3868, 4092, 3867, -1,
      3768, 3869, 4093, -1,
      4093, 3869, 3766, -1,
      4093, 3766, 4094, -1,
      3766, 3765, 4094, -1,
      4094, 3765, 3879, -1,
      4094, 3879, 4095, -1,
      3800, 4085, 3801, -1,
      3801, 4085, 4086, -1,
      3801, 4086, 3880, -1,
      3880, 4086, 4095, -1,
      3880, 4095, 3881, -1,
      3881, 4095, 3879, -1,
      4073, 4075, 4082, -1,
      4082, 4075, 4096, -1,
      4082, 4096, 4097, -1,
      4098, 4099, 4100, -1,
      4100, 4099, 4097, -1,
      4100, 4097, 4101, -1,
      4101, 4097, 4096, -1,
      4098, 4102, 4099, -1,
      4099, 4102, 4103, -1,
      4099, 4103, 4104, -1,
      4103, 4105, 4104, -1,
      4104, 4105, 4106, -1,
      4104, 4106, 4107, -1,
      4106, 4108, 4107, -1,
      4107, 4108, 4109, -1,
      4107, 4109, 4110, -1,
      4109, 4111, 4110, -1,
      4110, 4111, 4112, -1,
      4110, 4112, 4113, -1,
      4114, 4115, 4116, -1,
      4116, 4115, 4113, -1,
      4116, 4113, 4117, -1,
      4117, 4113, 4112, -1,
      4114, 4118, 4115, -1,
      4115, 4118, 4119, -1,
      4115, 4119, 4120, -1,
      4119, 4121, 4120, -1,
      4120, 4121, 4122, -1,
      4120, 4122, 4123, -1,
      4124, 4080, 4125, -1,
      4125, 4080, 4081, -1,
      4125, 4081, 4126, -1,
      4126, 4081, 4123, -1,
      4126, 4123, 4127, -1,
      4127, 4123, 4122, -1,
      4128, 4088, 4129, -1,
      4129, 4088, 4089, -1,
      4129, 4089, 4130, -1,
      4130, 4089, 4090, -1,
      4130, 4090, 4131, -1,
      4131, 4090, 4091, -1,
      4131, 4091, 4132, -1,
      4132, 4091, 4092, -1,
      4132, 4092, 4133, -1,
      4133, 4092, 4093, -1,
      4133, 4093, 4134, -1,
      4134, 4093, 4094, -1,
      4134, 4094, 4135, -1,
      4135, 4094, 4095, -1,
      4135, 4095, 4136, -1,
      4136, 4095, 4086, -1,
      4136, 4086, 4137, -1,
      4137, 4086, 4084, -1,
      4137, 4084, 4138, -1,
      4138, 4084, 4082, -1,
      4138, 4082, 4139, -1,
      4139, 4082, 4097, -1,
      4139, 4097, 4140, -1,
      4140, 4097, 4099, -1,
      4140, 4099, 4141, -1,
      4141, 4099, 4104, -1,
      4141, 4104, 4142, -1,
      4142, 4104, 4107, -1,
      4142, 4107, 4143, -1,
      4143, 4107, 4110, -1,
      4143, 4110, 4144, -1,
      4144, 4110, 4113, -1,
      4144, 4113, 4145, -1,
      4145, 4113, 4115, -1,
      4145, 4115, 4146, -1,
      4146, 4115, 4120, -1,
      4146, 4120, 4147, -1,
      4147, 4120, 4123, -1,
      4147, 4123, 4148, -1,
      4148, 4123, 4081, -1,
      4148, 4081, 4149, -1,
      4149, 4081, 4079, -1,
      4149, 4079, 4150, -1,
      4150, 4079, 4077, -1,
      4150, 4077, 4151, -1,
      4151, 4077, 4087, -1,
      4151, 4087, 4128, -1,
      4128, 4087, 4088, -1,
      4149, 4008, 4148, -1,
      4148, 4008, 3962, -1,
      4148, 3962, 4147, -1,
      4147, 3962, 3964, -1,
      4147, 3964, 4146, -1,
      4146, 3964, 3966, -1,
      4146, 3966, 4145, -1,
      4145, 3966, 3968, -1,
      4145, 3968, 4144, -1,
      4144, 3968, 3970, -1,
      4144, 3970, 4143, -1,
      4143, 3970, 3972, -1,
      4143, 3972, 4142, -1,
      4142, 3972, 3974, -1,
      4142, 3974, 4141, -1,
      4141, 3974, 3976, -1,
      4141, 3976, 4140, -1,
      4140, 3976, 3978, -1,
      4140, 3978, 4139, -1,
      4139, 3978, 3980, -1,
      4139, 3980, 4138, -1,
      4138, 3980, 3982, -1,
      4138, 3982, 4137, -1,
      4137, 3982, 3984, -1,
      4137, 3984, 4136, -1,
      4136, 3984, 3986, -1,
      4136, 3986, 4135, -1,
      4135, 3986, 3988, -1,
      4135, 3988, 4134, -1,
      4134, 3988, 3990, -1,
      4134, 3990, 4133, -1,
      4133, 3990, 3992, -1,
      4133, 3992, 4132, -1,
      4132, 3992, 3994, -1,
      4132, 3994, 4131, -1,
      4131, 3994, 3996, -1,
      4131, 3996, 4130, -1,
      4130, 3996, 3998, -1,
      4130, 3998, 4129, -1,
      4129, 3998, 4000, -1,
      4129, 4000, 4128, -1,
      4128, 4000, 4002, -1,
      4128, 4002, 4151, -1,
      4151, 4002, 4004, -1,
      4151, 4004, 4150, -1,
      4150, 4004, 4006, -1,
      4150, 4006, 4149, -1,
      4149, 4006, 4008, -1,
      3897, 4162, 3899, -1,
      3899, 4162, 3901, -1,
      3897, 3895, 4162, -1,
      4162, 3895, 3893, -1,
      4162, 3893, 4163, -1,
      4163, 3893, 3891, -1,
      3891, 3889, 4163, -1,
      4163, 3889, 3887, -1,
      4163, 3887, 3885, -1,
      3885, 3883, 4163, -1,
      4163, 3883, 3929, -1,
      4163, 3929, 4164, -1,
      3929, 3927, 4164, -1,
      4164, 3927, 3925, -1,
      4164, 3925, 3923, -1,
      3915, 3913, 4165, -1,
      4165, 3913, 3911, -1,
      4165, 3911, 3909, -1,
      3909, 3907, 4165, -1,
      4165, 3907, 3905, -1,
      4165, 3905, 4162, -1,
      4162, 3905, 3903, -1,
      4162, 3903, 3901, -1,
      3923, 3921, 4164, -1,
      4164, 3921, 3919, -1,
      4164, 3919, 4165, -1,
      4165, 3919, 3917, -1,
      4165, 3917, 3915, -1,
      4166, 4167, 4168, -1,
      4168, 4167, 4164, -1,
      4168, 4164, 4169, -1,
      4169, 4164, 4165, -1,
      4169, 4165, 4170, -1,
      4170, 4165, 4171, -1,
      4170, 4171, 4166, -1,
      4166, 4171, 4167, -1,
      4172, 4167, 4173, -1,
      4173, 4167, 4171, -1,
      4174, 4163, 4175, -1,
      4175, 4163, 4172, -1,
      4175, 4172, 4176, -1,
      4176, 4172, 4173, -1,
      4176, 4173, 4177, -1,
      4177, 4173, 4162, -1,
      4177, 4162, 4174, -1,
      4174, 4162, 4163, -1,
      4167, 4172, 4164, -1,
      4164, 4172, 4163, -1,
      4173, 4171, 4162, -1,
      4162, 4171, 4165, -1,
      4169, 4177, 4168, -1,
      4168, 4177, 4174, -1,
      4176, 4170, 4175, -1,
      4175, 4170, 4166, -1,
      4170, 4176, 4169, -1,
      4169, 4176, 4177, -1,
      4175, 4166, 4174, -1,
      4174, 4166, 4168, -1,
      3951, 4178, 3950, -1,
      3950, 4178, 4179, -1,
      4180, 4181, 4182, -1,
      4180, 4182, 4183, -1,
      4183, 4182, 4184, -1,
      4183, 4184, 4185, -1,
      4185, 4184, 4186, -1,
      4185, 4186, 4187, -1,
      4187, 4186, 4188, -1,
      4187, 4188, 4189, -1,
      4189, 4188, 3958, -1,
      4189, 3958, 3954, -1,
      4190, 4191, 4179, -1,
      4179, 4191, 4192, -1,
      4193, 4187, 4194, -1,
      4194, 4187, 4189, -1,
      4194, 4189, 4195, -1,
      4195, 4189, 3954, -1,
      4195, 3954, 4196, -1,
      4196, 3954, 3948, -1,
      4196, 3948, 4192, -1,
      4192, 3948, 3950, -1,
      4192, 3950, 4179, -1,
      4197, 4198, 4199, -1,
      4199, 4198, 4200, -1,
      4199, 4200, 4201, -1,
      4201, 4200, 4202, -1,
      4201, 4202, 4203, -1,
      4203, 4202, 4204, -1,
      4203, 4204, 4205, -1,
      4205, 4204, 4206, -1,
      4205, 4206, 4207, -1,
      4207, 4206, 4208, -1,
      4207, 4208, 4209, -1,
      4209, 4208, 4210, -1,
      4209, 4210, 4211, -1,
      4211, 4210, 4212, -1,
      4211, 4212, 4213, -1,
      4213, 4212, 4214, -1,
      4213, 4214, 4215, -1,
      4215, 4214, 4216, -1,
      4215, 4216, 4217, -1,
      4217, 4216, 4218, -1,
      4217, 4218, 4219, -1,
      4219, 4218, 4220, -1,
      4219, 4220, 4221, -1,
      4221, 4220, 4222, -1,
      4221, 4222, 4223, -1,
      4223, 4222, 4224, -1,
      4223, 4224, 4225, -1,
      4225, 4224, 4226, -1,
      4225, 4226, 4227, -1,
      4227, 4226, 4180, -1,
      4227, 4180, 4228, -1,
      4228, 4180, 4183, -1,
      4228, 4183, 4193, -1,
      4193, 4183, 4185, -1,
      4193, 4185, 4187, -1,
      4229, 4230, 4231, -1,
      3952, 4232, 4233, -1,
      4233, 4234, 3952, -1,
      3952, 4234, 4235, -1,
      3952, 4235, 4236, -1,
      4178, 3951, 3952, -1,
      4231, 4178, 4229, -1,
      4229, 4178, 3952, -1,
      4229, 3952, 4237, -1,
      4237, 3952, 4236, -1,
      4238, 4239, 4240, -1,
      4240, 4239, 4241, -1,
      4240, 4241, 4242, -1,
      4242, 4241, 4243, -1,
      4242, 4243, 4244, -1,
      4244, 4243, 4245, -1,
      4244, 4245, 4246, -1,
      4246, 4245, 4247, -1,
      4246, 4247, 4248, -1,
      4248, 4247, 4249, -1,
      4248, 4249, 4250, -1,
      4250, 4249, 4251, -1,
      4250, 4251, 4252, -1,
      4252, 4251, 4253, -1,
      4252, 4253, 4254, -1,
      4254, 4253, 4255, -1,
      4254, 4255, 4256, -1,
      4256, 4255, 4257, -1,
      4256, 4257, 4258, -1,
      4258, 4257, 4259, -1,
      4258, 4259, 4260, -1,
      4260, 4259, 4261, -1,
      4260, 4261, 4262, -1,
      4262, 4261, 4263, -1,
      4262, 4263, 4264, -1,
      4264, 4263, 4265, -1,
      4264, 4265, 4266, -1,
      4266, 4265, 4267, -1,
      4266, 4267, 4181, -1,
      4181, 4267, 4232, -1,
      3952, 3958, 4232, -1,
      4232, 3958, 4188, -1,
      4232, 4188, 4186, -1,
      4186, 4184, 4232, -1,
      4232, 4184, 4182, -1,
      4232, 4182, 4181, -1,
      4190, 4179, 4231, -1,
      4231, 4179, 4178, -1,
      4191, 4190, 4230, -1,
      4230, 4190, 4231, -1,
      4192, 4191, 4229, -1,
      4229, 4191, 4230, -1,
      4192, 4229, 4196, -1,
      4196, 4229, 4237, -1,
      4196, 4237, 4195, -1,
      4195, 4237, 4236, -1,
      4195, 4236, 4194, -1,
      4194, 4236, 4235, -1,
      4194, 4235, 4193, -1,
      4193, 4235, 4234, -1,
      4193, 4234, 4228, -1,
      4228, 4234, 4233, -1,
      4228, 4233, 4227, -1,
      4227, 4233, 4232, -1,
      4225, 4227, 4267, -1,
      4267, 4227, 4232, -1,
      4225, 4267, 4223, -1,
      4223, 4267, 4265, -1,
      4223, 4265, 4221, -1,
      4221, 4265, 4263, -1,
      4221, 4263, 4219, -1,
      4219, 4263, 4261, -1,
      4219, 4261, 4217, -1,
      4217, 4261, 4259, -1,
      4217, 4259, 4215, -1,
      4215, 4259, 4257, -1,
      4215, 4257, 4213, -1,
      4213, 4257, 4255, -1,
      4211, 4213, 4253, -1,
      4253, 4213, 4255, -1,
      4211, 4253, 4251, -1,
      4211, 4251, 4209, -1,
      4209, 4251, 4249, -1,
      4209, 4249, 4207, -1,
      4207, 4249, 4247, -1,
      4207, 4247, 4205, -1,
      4205, 4247, 4245, -1,
      4205, 4245, 4203, -1,
      4203, 4245, 4243, -1,
      4203, 4243, 4201, -1,
      4201, 4243, 4241, -1,
      4201, 4241, 4199, -1,
      4197, 4199, 4239, -1,
      4239, 4199, 4241, -1,
      4268, 4269, 4270, -1,
      4270, 4269, 4271, -1,
      4238, 4240, 4198, -1,
      4198, 4240, 4200, -1,
      4200, 4240, 4202, -1,
      4202, 4240, 4242, -1,
      4202, 4242, 4204, -1,
      4204, 4242, 4244, -1,
      4204, 4244, 4206, -1,
      4206, 4244, 4246, -1,
      4206, 4246, 4208, -1,
      4208, 4246, 4248, -1,
      4208, 4248, 4210, -1,
      4210, 4248, 4250, -1,
      4210, 4250, 4212, -1,
      4212, 4250, 4252, -1,
      4214, 4212, 4254, -1,
      4254, 4212, 4252, -1,
      4214, 4254, 4256, -1,
      4214, 4256, 4216, -1,
      4216, 4256, 4258, -1,
      4216, 4258, 4218, -1,
      4218, 4258, 4260, -1,
      4218, 4260, 4220, -1,
      4220, 4260, 4262, -1,
      4220, 4262, 4222, -1,
      4222, 4262, 4264, -1,
      4222, 4264, 4224, -1,
      4224, 4264, 4266, -1,
      4224, 4266, 4226, -1,
      4180, 4226, 4181, -1,
      4181, 4226, 4266, -1,
      4198, 4271, 4238, -1,
      4238, 4271, 4269, -1,
      4197, 4270, 4198, -1,
      4198, 4270, 4271, -1,
      4268, 4239, 4269, -1,
      4269, 4239, 4238, -1,
      4239, 4268, 4197, -1,
      4197, 4268, 4270, -1,
      4121, 4119, 4272, -1,
      4114, 4116, 4273, -1,
      4108, 4106, 4274, -1,
      4098, 4100, 4275, -1,
      4276, 4277, 4278, -1,
      4124, 4125, 4279, -1,
      4279, 4125, 4280, -1,
      4280, 4281, 4282, -1,
      4282, 4281, 4283, -1,
      4284, 4285, 4286, -1,
      4286, 4285, 4287, -1,
      4286, 4287, 4283, -1,
      4283, 4287, 4288, -1,
      4283, 4288, 4282, -1,
      4278, 4277, 4286, -1,
      4286, 4277, 4289, -1,
      4286, 4289, 4284, -1,
      4276, 4278, 4290, -1,
      4290, 4278, 4291, -1,
      4290, 4291, 4292, -1,
      4292, 4291, 4293, -1,
      4293, 4291, 4061, -1,
      4293, 4061, 4059, -1,
      4058, 4060, 4294, -1,
      4294, 4060, 4295, -1,
      4294, 4295, 4296, -1,
      4297, 4298, 4295, -1,
      4295, 4298, 4299, -1,
      4295, 4299, 4296, -1,
      4300, 4301, 4302, -1,
      4302, 4301, 4303, -1,
      4302, 4303, 4297, -1,
      4297, 4303, 4304, -1,
      4297, 4304, 4298, -1,
      4300, 4302, 4305, -1,
      4305, 4302, 4306, -1,
      4305, 4306, 4307, -1,
      4307, 4306, 4308, -1,
      4308, 4306, 4309, -1,
      4308, 4309, 4310, -1,
      4074, 4311, 4075, -1,
      4075, 4311, 4310, -1,
      4075, 4310, 4096, -1,
      4096, 4310, 4309, -1,
      4096, 4309, 4101, -1,
      4068, 4067, 4312, -1,
      4312, 4067, 4313, -1,
      4312, 4313, 4314, -1,
      4314, 4313, 4315, -1,
      4314, 4315, 4316, -1,
      4316, 4315, 4317, -1,
      4316, 4317, 4318, -1,
      4318, 4317, 4319, -1,
      4318, 4319, 4320, -1,
      4320, 4319, 4274, -1,
      4072, 4071, 4321, -1,
      4321, 4071, 4322, -1,
      4321, 4322, 4323, -1,
      4323, 4322, 4324, -1,
      4323, 4324, 4325, -1,
      4325, 4324, 4326, -1,
      4325, 4326, 4327, -1,
      4327, 4326, 4328, -1,
      4327, 4328, 4329, -1,
      4329, 4328, 4273, -1,
      4062, 4061, 4330, -1,
      4330, 4061, 4291, -1,
      4330, 4291, 4331, -1,
      4331, 4291, 4278, -1,
      4331, 4278, 4332, -1,
      4332, 4278, 4286, -1,
      4332, 4286, 4333, -1,
      4333, 4286, 4283, -1,
      4333, 4283, 4334, -1,
      4334, 4283, 4281, -1,
      4100, 4101, 4275, -1,
      4275, 4101, 4309, -1,
      4275, 4309, 4335, -1,
      4335, 4309, 4306, -1,
      4335, 4306, 4336, -1,
      4336, 4306, 4302, -1,
      4336, 4302, 4337, -1,
      4337, 4302, 4297, -1,
      4337, 4297, 4338, -1,
      4338, 4297, 4295, -1,
      4338, 4295, 4064, -1,
      4064, 4295, 4060, -1,
      4102, 4098, 4339, -1,
      4339, 4098, 4275, -1,
      4339, 4275, 4340, -1,
      4340, 4275, 4335, -1,
      4340, 4335, 4341, -1,
      4341, 4335, 4336, -1,
      4341, 4336, 4342, -1,
      4342, 4336, 4337, -1,
      4342, 4337, 4343, -1,
      4343, 4337, 4338, -1,
      4343, 4338, 4065, -1,
      4065, 4338, 4064, -1,
      4065, 4068, 4343, -1,
      4343, 4068, 4312, -1,
      4343, 4312, 4342, -1,
      4342, 4312, 4314, -1,
      4342, 4314, 4341, -1,
      4341, 4314, 4316, -1,
      4341, 4316, 4340, -1,
      4340, 4316, 4318, -1,
      4340, 4318, 4339, -1,
      4339, 4318, 4320, -1,
      4339, 4320, 4102, -1,
      4102, 4320, 4103, -1,
      4274, 4106, 4320, -1,
      4320, 4106, 4105, -1,
      4320, 4105, 4103, -1,
      4109, 4108, 4344, -1,
      4344, 4108, 4274, -1,
      4344, 4274, 4345, -1,
      4345, 4274, 4319, -1,
      4345, 4319, 4346, -1,
      4346, 4319, 4317, -1,
      4346, 4317, 4347, -1,
      4347, 4317, 4315, -1,
      4347, 4315, 4348, -1,
      4348, 4315, 4313, -1,
      4348, 4313, 4066, -1,
      4066, 4313, 4067, -1,
      4066, 4069, 4348, -1,
      4348, 4069, 4349, -1,
      4348, 4349, 4347, -1,
      4347, 4349, 4350, -1,
      4347, 4350, 4346, -1,
      4346, 4350, 4351, -1,
      4346, 4351, 4345, -1,
      4345, 4351, 4352, -1,
      4345, 4352, 4344, -1,
      4344, 4352, 4353, -1,
      4344, 4353, 4109, -1,
      4109, 4353, 4111, -1,
      4069, 4072, 4349, -1,
      4349, 4072, 4321, -1,
      4349, 4321, 4350, -1,
      4350, 4321, 4323, -1,
      4350, 4323, 4351, -1,
      4351, 4323, 4325, -1,
      4351, 4325, 4352, -1,
      4352, 4325, 4327, -1,
      4352, 4327, 4353, -1,
      4353, 4327, 4329, -1,
      4353, 4329, 4111, -1,
      4111, 4329, 4112, -1,
      4273, 4116, 4329, -1,
      4329, 4116, 4117, -1,
      4329, 4117, 4112, -1,
      4118, 4114, 4354, -1,
      4354, 4114, 4273, -1,
      4354, 4273, 4355, -1,
      4355, 4273, 4328, -1,
      4355, 4328, 4356, -1,
      4356, 4328, 4326, -1,
      4356, 4326, 4357, -1,
      4357, 4326, 4324, -1,
      4357, 4324, 4358, -1,
      4358, 4324, 4322, -1,
      4358, 4322, 4070, -1,
      4070, 4322, 4071, -1,
      4070, 4063, 4358, -1,
      4358, 4063, 4359, -1,
      4358, 4359, 4357, -1,
      4357, 4359, 4360, -1,
      4357, 4360, 4356, -1,
      4356, 4360, 4361, -1,
      4356, 4361, 4355, -1,
      4355, 4361, 4362, -1,
      4355, 4362, 4354, -1,
      4354, 4362, 4272, -1,
      4354, 4272, 4118, -1,
      4118, 4272, 4119, -1,
      4122, 4121, 4334, -1,
      4334, 4121, 4272, -1,
      4334, 4272, 4333, -1,
      4333, 4272, 4362, -1,
      4333, 4362, 4332, -1,
      4332, 4362, 4361, -1,
      4332, 4361, 4331, -1,
      4331, 4361, 4360, -1,
      4331, 4360, 4330, -1,
      4330, 4360, 4359, -1,
      4330, 4359, 4062, -1,
      4062, 4359, 4063, -1,
      4280, 4125, 4281, -1,
      4281, 4125, 4126, -1,
      4281, 4126, 4334, -1,
      4334, 4126, 4127, -1,
      4334, 4127, 4122, -1,
      4076, 4085, 3800, -1,
      3800, 3802, 4076, -1,
      4076, 3802, 3803, -1,
      4076, 3803, 3795, -1,
      3805, 3790, 3803, -1,
      3803, 3790, 3796, -1,
      3803, 3796, 3795, -1,
      3805, 3807, 3790, -1,
      3790, 3807, 3808, -1,
      3790, 3808, 3810, -1,
      3780, 3794, 3793, -1,
      3810, 3815, 3790, -1,
      3790, 3815, 3814, -1,
      3790, 3814, 3812, -1,
      3818, 3812, 3816, -1,
      3816, 3812, 3811, -1,
      3789, 3783, 3786, -1,
      3786, 3783, 3784, -1,
      3780, 3781, 3794, -1,
      3794, 3781, 3783, -1,
      3794, 3783, 3788, -1,
      3788, 3783, 3789, -1,
      3818, 3819, 3812, -1,
      3812, 3819, 3754, -1,
      3812, 3754, 3790, -1,
      3790, 3754, 3753, -1,
      3790, 3753, 3777, -1,
      3793, 3791, 3780, -1,
      3780, 3791, 3790, -1,
      3780, 3790, 3779, -1,
      3779, 3790, 3777, -1,
      4074, 4073, 4080, -1,
      4074, 4080, 4311, -1,
      4298, 4080, 4299, -1,
      4299, 4080, 4124, -1,
      4284, 4289, 4277, -1,
      4124, 4279, 4299, -1,
      4299, 4279, 4280, -1,
      4299, 4280, 4282, -1,
      4298, 4304, 4080, -1,
      4080, 4304, 4303, -1,
      4080, 4303, 4301, -1,
      4301, 4300, 4080, -1,
      4080, 4300, 4305, -1,
      4080, 4305, 4307, -1,
      4307, 4308, 4080, -1,
      4080, 4308, 4310, -1,
      4080, 4310, 4311, -1,
      4282, 4288, 4299, -1,
      4299, 4288, 4287, -1,
      4299, 4287, 4285, -1,
      4290, 4292, 4276, -1,
      4276, 4292, 4277, -1,
      4284, 4277, 4285, -1,
      4285, 4277, 4292, -1,
      4285, 4292, 4293, -1,
      4293, 4059, 4285, -1,
      4285, 4059, 4058, -1,
      4285, 4058, 4299, -1,
      4299, 4058, 4294, -1,
      4299, 4294, 4296, -1,
      4080, 4073, 4078, -1,
      4078, 4073, 4083, -1,
      4078, 4083, 4076, -1,
      4076, 4083, 4085, -1,
      4755, 4756, 4757, -1,
      4758, 4759, 4760, -1,
      4755, 4757, 4760, -1,
      4760, 4757, 4761, -1,
      4760, 4761, 4758, -1,
      4759, 4762, 4760, -1,
      4760, 4762, 4763, -1,
      4760, 4763, 4764, -1,
      4764, 4763, 4765, -1,
      4763, 4766, 4765, -1,
      4765, 4766, 4767, -1,
      4765, 4767, 4768, -1,
      4768, 4767, 4769, -1,
      4770, 4771, 4772, -1,
      4773, 4774, 4775, -1,
      4776, 4777, 4778, -1,
      4779, 4780, 4781, -1,
      4755, 4760, 4782, -1,
      4782, 4760, 4783, -1,
      4782, 4783, 4784, -1,
      4784, 4783, 4785, -1,
      4785, 4783, 4786, -1,
      4786, 4783, 4787, -1,
      4786, 4787, 4788, -1,
      4788, 4787, 4789, -1,
      4789, 4787, 4790, -1,
      4789, 4790, 4791, -1,
      4792, 4793, 4790, -1,
      4790, 4793, 4794, -1,
      4790, 4794, 4791, -1,
      4795, 4796, 4797, -1,
      4797, 4796, 4798, -1,
      4797, 4798, 4792, -1,
      4792, 4798, 4799, -1,
      4792, 4799, 4793, -1,
      4800, 4801, 4802, -1,
      4802, 4801, 4795, -1,
      4802, 4795, 4803, -1,
      4803, 4795, 4797, -1,
      4803, 4797, 4804, -1,
      4805, 4806, 4807, -1,
      4807, 4806, 4808, -1,
      4808, 4809, 4810, -1,
      4810, 4809, 4811, -1,
      4810, 4811, 4812, -1,
      4812, 4811, 4813, -1,
      4813, 4811, 4814, -1,
      4813, 4814, 4815, -1,
      4816, 4817, 4818, -1,
      4818, 4817, 4819, -1,
      4818, 4819, 4814, -1,
      4814, 4819, 4820, -1,
      4814, 4820, 4815, -1,
      4816, 4818, 4821, -1,
      4821, 4818, 4822, -1,
      4821, 4822, 4823, -1,
      4823, 4822, 4824, -1,
      4824, 4822, 4757, -1,
      4824, 4757, 4756, -1,
      4768, 4769, 4825, -1,
      4825, 4769, 4826, -1,
      4825, 4826, 4827, -1,
      4827, 4826, 4828, -1,
      4827, 4828, 4829, -1,
      4829, 4828, 4830, -1,
      4829, 4830, 4831, -1,
      4831, 4830, 4832, -1,
      4831, 4832, 4833, -1,
      4833, 4832, 4778, -1,
      4763, 4762, 4834, -1,
      4834, 4762, 4835, -1,
      4834, 4835, 4836, -1,
      4836, 4835, 4837, -1,
      4836, 4837, 4838, -1,
      4838, 4837, 4839, -1,
      4838, 4839, 4840, -1,
      4840, 4839, 4841, -1,
      4840, 4841, 4842, -1,
      4842, 4841, 4775, -1,
      4761, 4757, 4843, -1,
      4843, 4757, 4822, -1,
      4843, 4822, 4844, -1,
      4844, 4822, 4818, -1,
      4844, 4818, 4845, -1,
      4845, 4818, 4814, -1,
      4845, 4814, 4846, -1,
      4846, 4814, 4811, -1,
      4846, 4811, 4847, -1,
      4847, 4811, 4809, -1,
      4780, 4804, 4781, -1,
      4781, 4804, 4797, -1,
      4781, 4797, 4848, -1,
      4848, 4797, 4792, -1,
      4848, 4792, 4849, -1,
      4849, 4792, 4790, -1,
      4849, 4790, 4850, -1,
      4850, 4790, 4787, -1,
      4850, 4787, 4851, -1,
      4851, 4787, 4783, -1,
      4851, 4783, 4764, -1,
      4764, 4783, 4760, -1,
      4852, 4779, 4853, -1,
      4853, 4779, 4781, -1,
      4853, 4781, 4854, -1,
      4854, 4781, 4848, -1,
      4854, 4848, 4855, -1,
      4855, 4848, 4849, -1,
      4855, 4849, 4856, -1,
      4856, 4849, 4850, -1,
      4856, 4850, 4857, -1,
      4857, 4850, 4851, -1,
      4857, 4851, 4765, -1,
      4765, 4851, 4764, -1,
      4765, 4768, 4857, -1,
      4857, 4768, 4825, -1,
      4857, 4825, 4856, -1,
      4856, 4825, 4827, -1,
      4856, 4827, 4855, -1,
      4855, 4827, 4829, -1,
      4855, 4829, 4854, -1,
      4854, 4829, 4831, -1,
      4854, 4831, 4853, -1,
      4853, 4831, 4833, -1,
      4853, 4833, 4852, -1,
      4852, 4833, 4858, -1,
      4778, 4777, 4833, -1,
      4833, 4777, 4859, -1,
      4833, 4859, 4858, -1,
      4860, 4776, 4861, -1,
      4861, 4776, 4778, -1,
      4861, 4778, 4862, -1,
      4862, 4778, 4832, -1,
      4862, 4832, 4863, -1,
      4863, 4832, 4830, -1,
      4863, 4830, 4864, -1,
      4864, 4830, 4828, -1,
      4864, 4828, 4865, -1,
      4865, 4828, 4826, -1,
      4865, 4826, 4767, -1,
      4767, 4826, 4769, -1,
      4767, 4766, 4865, -1,
      4865, 4766, 4866, -1,
      4865, 4866, 4864, -1,
      4864, 4866, 4867, -1,
      4864, 4867, 4863, -1,
      4863, 4867, 4868, -1,
      4863, 4868, 4862, -1,
      4862, 4868, 4869, -1,
      4862, 4869, 4861, -1,
      4861, 4869, 4870, -1,
      4861, 4870, 4860, -1,
      4860, 4870, 4871, -1,
      4766, 4763, 4866, -1,
      4866, 4763, 4834, -1,
      4866, 4834, 4867, -1,
      4867, 4834, 4836, -1,
      4867, 4836, 4868, -1,
      4868, 4836, 4838, -1,
      4868, 4838, 4869, -1,
      4869, 4838, 4840, -1,
      4869, 4840, 4870, -1,
      4870, 4840, 4842, -1,
      4870, 4842, 4871, -1,
      4871, 4842, 4872, -1,
      4775, 4774, 4842, -1,
      4842, 4774, 4873, -1,
      4842, 4873, 4872, -1,
      4874, 4773, 4875, -1,
      4875, 4773, 4775, -1,
      4875, 4775, 4876, -1,
      4876, 4775, 4841, -1,
      4876, 4841, 4877, -1,
      4877, 4841, 4839, -1,
      4877, 4839, 4878, -1,
      4878, 4839, 4837, -1,
      4878, 4837, 4879, -1,
      4879, 4837, 4835, -1,
      4879, 4835, 4759, -1,
      4759, 4835, 4762, -1,
      4759, 4758, 4879, -1,
      4879, 4758, 4880, -1,
      4879, 4880, 4878, -1,
      4878, 4880, 4881, -1,
      4878, 4881, 4877, -1,
      4877, 4881, 4882, -1,
      4877, 4882, 4876, -1,
      4876, 4882, 4883, -1,
      4876, 4883, 4875, -1,
      4875, 4883, 4772, -1,
      4875, 4772, 4874, -1,
      4874, 4772, 4771, -1,
      4884, 4770, 4847, -1,
      4847, 4770, 4772, -1,
      4847, 4772, 4846, -1,
      4846, 4772, 4883, -1,
      4846, 4883, 4845, -1,
      4845, 4883, 4882, -1,
      4845, 4882, 4844, -1,
      4844, 4882, 4881, -1,
      4844, 4881, 4843, -1,
      4843, 4881, 4880, -1,
      4843, 4880, 4761, -1,
      4761, 4880, 4758, -1,
      4808, 4806, 4809, -1,
      4809, 4806, 4885, -1,
      4809, 4885, 4847, -1,
      4847, 4885, 4886, -1,
      4847, 4886, 4884, -1,
      4887, 4888, 4889, -1,
      4889, 4888, 4890, -1,
      4889, 4890, 4891, -1,
      4891, 4890, 4892, -1,
      4891, 4892, 4893, -1,
      4893, 4892, 4894, -1,
      4893, 4894, 4895, -1,
      4895, 4894, 4896, -1,
      4895, 4896, 4897, -1,
      4897, 4896, 4898, -1,
      4897, 4898, 4899, -1,
      4899, 4898, 4900, -1,
      4899, 4900, 4901, -1,
      4901, 4900, 4902, -1,
      4901, 4902, 4903, -1,
      4903, 4902, 4904, -1,
      4903, 4904, 4905, -1,
      4905, 4904, 4906, -1,
      4905, 4906, 4907, -1,
      4907, 4906, 4908, -1,
      4907, 4908, 4909, -1,
      4909, 4908, 4910, -1,
      4909, 4910, 4911, -1,
      4911, 4910, 4912, -1,
      4911, 4912, 4913, -1,
      4913, 4912, 4914, -1,
      4913, 4914, 4915, -1,
      4915, 4914, 4916, -1,
      4915, 4916, 4917, -1,
      4917, 4916, 4918, -1,
      4917, 4918, 4919, -1,
      4919, 4918, 4920, -1,
      4919, 4920, 4921, -1,
      4921, 4920, 4922, -1,
      4921, 4922, 4923, -1,
      4923, 4922, 4924, -1,
      4923, 4924, 4925, -1,
      4925, 4924, 4926, -1,
      4925, 4926, 4927, -1,
      4927, 4926, 4928, -1,
      4927, 4928, 4929, -1,
      4929, 4928, 4930, -1,
      4929, 4930, 4931, -1,
      4931, 4930, 4932, -1,
      4931, 4932, 4933, -1,
      4933, 4932, 4934, -1,
      4933, 4934, 4887, -1,
      4887, 4934, 4888, -1,
      5063, 5064, 5065, -1,
      5065, 5066, 5063, -1,
      5063, 5066, 5067, -1,
      5063, 5067, 5068, -1,
      5069, 5070, 5071, -1,
      5071, 5070, 5072, -1,
      5072, 5070, 5073, -1,
      5073, 5070, 5074, -1,
      5073, 5074, 5075, -1,
      5068, 5076, 5063, -1,
      5063, 5076, 5073, -1,
      5063, 5073, 5077, -1,
      5077, 5073, 5075, -1,
      5078, 5079, 5080, -1,
      5081, 4800, 4802, -1,
      5081, 5082, 5083, -1,
      5083, 5082, 5084, -1,
      5083, 5084, 5085, -1,
      5085, 5084, 5086, -1,
      5078, 5087, 5088, -1,
      5088, 5087, 5089, -1,
      5088, 5089, 5090, -1,
      5090, 5089, 5091, -1,
      5081, 4802, 5082, -1,
      5082, 4802, 4803, -1,
      5082, 4803, 5092, -1,
      4779, 5093, 4780, -1,
      4780, 5093, 5092, -1,
      4780, 5092, 4804, -1,
      4804, 5092, 4803, -1,
      4779, 4852, 5093, -1,
      5093, 4852, 4858, -1,
      5093, 4858, 5094, -1,
      4858, 4859, 5094, -1,
      5094, 4859, 4777, -1,
      5094, 4777, 5095, -1,
      4777, 4776, 5095, -1,
      5095, 4776, 4860, -1,
      5095, 4860, 5096, -1,
      4860, 4871, 5096, -1,
      5096, 4871, 4872, -1,
      5096, 4872, 5097, -1,
      4773, 5098, 4774, -1,
      4774, 5098, 5097, -1,
      4774, 5097, 4873, -1,
      4873, 5097, 4872, -1,
      4773, 4874, 5098, -1,
      5098, 4874, 4771, -1,
      5098, 4771, 5099, -1,
      4771, 4770, 5099, -1,
      5099, 4770, 4884, -1,
      5099, 4884, 5100, -1,
      4805, 5090, 4806, -1,
      4806, 5090, 5091, -1,
      4806, 5091, 4885, -1,
      4885, 5091, 5100, -1,
      4885, 5100, 4886, -1,
      4886, 5100, 4884, -1,
      5078, 5080, 5087, -1,
      5087, 5080, 5101, -1,
      5087, 5101, 5102, -1,
      5103, 5104, 5105, -1,
      5105, 5104, 5102, -1,
      5105, 5102, 5106, -1,
      5106, 5102, 5101, -1,
      5103, 5107, 5104, -1,
      5104, 5107, 5108, -1,
      5104, 5108, 5109, -1,
      5108, 5110, 5109, -1,
      5109, 5110, 5111, -1,
      5109, 5111, 5112, -1,
      5111, 5113, 5112, -1,
      5112, 5113, 5114, -1,
      5112, 5114, 5115, -1,
      5114, 5116, 5115, -1,
      5115, 5116, 5117, -1,
      5115, 5117, 5118, -1,
      5119, 5120, 5121, -1,
      5121, 5120, 5118, -1,
      5121, 5118, 5122, -1,
      5122, 5118, 5117, -1,
      5119, 5123, 5120, -1,
      5120, 5123, 5124, -1,
      5120, 5124, 5125, -1,
      5124, 5126, 5125, -1,
      5125, 5126, 5127, -1,
      5125, 5127, 5128, -1,
      5129, 5085, 5130, -1,
      5130, 5085, 5086, -1,
      5130, 5086, 5131, -1,
      5131, 5086, 5128, -1,
      5131, 5128, 5132, -1,
      5132, 5128, 5127, -1,
      5133, 5115, 5134, -1,
      5134, 5115, 5118, -1,
      5134, 5118, 5135, -1,
      5135, 5118, 5120, -1,
      5135, 5120, 5136, -1,
      5136, 5120, 5125, -1,
      5136, 5125, 5137, -1,
      5137, 5125, 5128, -1,
      5137, 5128, 5138, -1,
      5138, 5128, 5086, -1,
      5138, 5086, 5139, -1,
      5139, 5086, 5084, -1,
      5139, 5084, 5140, -1,
      5140, 5084, 5082, -1,
      5140, 5082, 5141, -1,
      5141, 5082, 5092, -1,
      5141, 5092, 5142, -1,
      5142, 5092, 5093, -1,
      5142, 5093, 5143, -1,
      5143, 5093, 5094, -1,
      5143, 5094, 5144, -1,
      5144, 5094, 5095, -1,
      5144, 5095, 5145, -1,
      5145, 5095, 5096, -1,
      5145, 5096, 5146, -1,
      5146, 5096, 5097, -1,
      5146, 5097, 5147, -1,
      5147, 5097, 5098, -1,
      5147, 5098, 5148, -1,
      5148, 5098, 5099, -1,
      5148, 5099, 5149, -1,
      5149, 5099, 5100, -1,
      5149, 5100, 5150, -1,
      5150, 5100, 5091, -1,
      5150, 5091, 5151, -1,
      5151, 5091, 5089, -1,
      5151, 5089, 5152, -1,
      5152, 5089, 5087, -1,
      5152, 5087, 5153, -1,
      5153, 5087, 5102, -1,
      5153, 5102, 5154, -1,
      5154, 5102, 5104, -1,
      5154, 5104, 5155, -1,
      5155, 5104, 5109, -1,
      5155, 5109, 5156, -1,
      5156, 5109, 5112, -1,
      5156, 5112, 5133, -1,
      5133, 5112, 5115, -1,
      5139, 5009, 5138, -1,
      5138, 5009, 5011, -1,
      5138, 5011, 5137, -1,
      5137, 5011, 5013, -1,
      5137, 5013, 5136, -1,
      5136, 5013, 4967, -1,
      5136, 4967, 5135, -1,
      5135, 4967, 4969, -1,
      5135, 4969, 5134, -1,
      5134, 4969, 4971, -1,
      5134, 4971, 5133, -1,
      5133, 4971, 4973, -1,
      5133, 4973, 5156, -1,
      5156, 4973, 4975, -1,
      5156, 4975, 5155, -1,
      5155, 4975, 4977, -1,
      5155, 4977, 5154, -1,
      5154, 4977, 4979, -1,
      5154, 4979, 5153, -1,
      5153, 4979, 4981, -1,
      5153, 4981, 5152, -1,
      5152, 4981, 4983, -1,
      5152, 4983, 5151, -1,
      5151, 4983, 4985, -1,
      5151, 4985, 5150, -1,
      5150, 4985, 4987, -1,
      5150, 4987, 5149, -1,
      5149, 4987, 4989, -1,
      5149, 4989, 5148, -1,
      5148, 4989, 4991, -1,
      5148, 4991, 5147, -1,
      5147, 4991, 4993, -1,
      5147, 4993, 5146, -1,
      5146, 4993, 4995, -1,
      5146, 4995, 5145, -1,
      5145, 4995, 4997, -1,
      5145, 4997, 5144, -1,
      5144, 4997, 4999, -1,
      5144, 4999, 5143, -1,
      5143, 4999, 5001, -1,
      5143, 5001, 5142, -1,
      5142, 5001, 5003, -1,
      5142, 5003, 5141, -1,
      5141, 5003, 5005, -1,
      5141, 5005, 5140, -1,
      5140, 5005, 5007, -1,
      5140, 5007, 5139, -1,
      5139, 5007, 5009, -1,
      4934, 5167, 5168, -1,
      4906, 4904, 5169, -1,
      4934, 4932, 5167, -1,
      5167, 4932, 4930, -1,
      5167, 4930, 4928, -1,
      4920, 4918, 5170, -1,
      5170, 4918, 4916, -1,
      5170, 4916, 4914, -1,
      4904, 4902, 5169, -1,
      5169, 4902, 4900, -1,
      5169, 4900, 5168, -1,
      5168, 4900, 4898, -1,
      4898, 4896, 5168, -1,
      5168, 4896, 4894, -1,
      5168, 4894, 4892, -1,
      4892, 4890, 5168, -1,
      5168, 4890, 4888, -1,
      5168, 4888, 4934, -1,
      4928, 4926, 5167, -1,
      5167, 4926, 4924, -1,
      5167, 4924, 5170, -1,
      5170, 4924, 4922, -1,
      5170, 4922, 4920, -1,
      4914, 4912, 5170, -1,
      5170, 4912, 4910, -1,
      5170, 4910, 5169, -1,
      5169, 4910, 4908, -1,
      5169, 4908, 4906, -1,
      5171, 5172, 5173, -1,
      5173, 5172, 5167, -1,
      5173, 5167, 5174, -1,
      5174, 5167, 5170, -1,
      5174, 5170, 5175, -1,
      5175, 5170, 5176, -1,
      5175, 5176, 5171, -1,
      5171, 5176, 5172, -1,
      5177, 5172, 5178, -1,
      5178, 5172, 5176, -1,
      5179, 5168, 5180, -1,
      5180, 5168, 5177, -1,
      5180, 5177, 5181, -1,
      5181, 5177, 5178, -1,
      5181, 5178, 5182, -1,
      5182, 5178, 5169, -1,
      5182, 5169, 5179, -1,
      5179, 5169, 5168, -1,
      5172, 5177, 5167, -1,
      5167, 5177, 5168, -1,
      5178, 5176, 5169, -1,
      5169, 5176, 5170, -1,
      5174, 5182, 5173, -1,
      5173, 5182, 5179, -1,
      5181, 5175, 5180, -1,
      5180, 5175, 5171, -1,
      5175, 5181, 5174, -1,
      5174, 5181, 5182, -1,
      5180, 5171, 5179, -1,
      5179, 5171, 5173, -1,
      4956, 5183, 4955, -1,
      4955, 5183, 5184, -1,
      5185, 5186, 5187, -1,
      5185, 5187, 5188, -1,
      5188, 5187, 5189, -1,
      5188, 5189, 5190, -1,
      5190, 5189, 5191, -1,
      5190, 5191, 5192, -1,
      5192, 5191, 5193, -1,
      5192, 5193, 5194, -1,
      5194, 5193, 4963, -1,
      5194, 4963, 4959, -1,
      5195, 5196, 5184, -1,
      5184, 5196, 5197, -1,
      5198, 5192, 5199, -1,
      5199, 5192, 5194, -1,
      5199, 5194, 5200, -1,
      5200, 5194, 4959, -1,
      5200, 4959, 5201, -1,
      5201, 4959, 4953, -1,
      5201, 4953, 5197, -1,
      5197, 4953, 4955, -1,
      5197, 4955, 5184, -1,
      5202, 5203, 5204, -1,
      5204, 5203, 5205, -1,
      5204, 5205, 5206, -1,
      5206, 5205, 5207, -1,
      5206, 5207, 5208, -1,
      5208, 5207, 5209, -1,
      5208, 5209, 5210, -1,
      5210, 5209, 5211, -1,
      5210, 5211, 5212, -1,
      5212, 5211, 5213, -1,
      5212, 5213, 5214, -1,
      5214, 5213, 5215, -1,
      5214, 5215, 5216, -1,
      5216, 5215, 5217, -1,
      5216, 5217, 5218, -1,
      5218, 5217, 5219, -1,
      5218, 5219, 5220, -1,
      5220, 5219, 5221, -1,
      5220, 5221, 5222, -1,
      5222, 5221, 5223, -1,
      5222, 5223, 5224, -1,
      5224, 5223, 5225, -1,
      5224, 5225, 5226, -1,
      5226, 5225, 5227, -1,
      5226, 5227, 5228, -1,
      5228, 5227, 5229, -1,
      5228, 5229, 5230, -1,
      5230, 5229, 5231, -1,
      5230, 5231, 5232, -1,
      5232, 5231, 5185, -1,
      5232, 5185, 5233, -1,
      5233, 5185, 5188, -1,
      5233, 5188, 5198, -1,
      5198, 5188, 5190, -1,
      5198, 5190, 5192, -1,
      5234, 5235, 5236, -1,
      4957, 5237, 5238, -1,
      5238, 5239, 4957, -1,
      4957, 5239, 5240, -1,
      4957, 5240, 5241, -1,
      5183, 4956, 4957, -1,
      5236, 5183, 5234, -1,
      5234, 5183, 4957, -1,
      5234, 4957, 5242, -1,
      5242, 4957, 5241, -1,
      5243, 5244, 5245, -1,
      5245, 5244, 5246, -1,
      5245, 5246, 5247, -1,
      5247, 5246, 5248, -1,
      5247, 5248, 5249, -1,
      5249, 5248, 5250, -1,
      5249, 5250, 5251, -1,
      5251, 5250, 5252, -1,
      5251, 5252, 5253, -1,
      5253, 5252, 5254, -1,
      5253, 5254, 5255, -1,
      5255, 5254, 5256, -1,
      5255, 5256, 5257, -1,
      5257, 5256, 5258, -1,
      5257, 5258, 5259, -1,
      5259, 5258, 5260, -1,
      5259, 5260, 5261, -1,
      5261, 5260, 5262, -1,
      5261, 5262, 5263, -1,
      5263, 5262, 5264, -1,
      5263, 5264, 5265, -1,
      5265, 5264, 5266, -1,
      5265, 5266, 5267, -1,
      5267, 5266, 5268, -1,
      5267, 5268, 5269, -1,
      5269, 5268, 5270, -1,
      5269, 5270, 5271, -1,
      5271, 5270, 5272, -1,
      5271, 5272, 5186, -1,
      5186, 5272, 5237, -1,
      4957, 4963, 5237, -1,
      5237, 4963, 5193, -1,
      5237, 5193, 5191, -1,
      5191, 5189, 5237, -1,
      5237, 5189, 5187, -1,
      5237, 5187, 5186, -1,
      5195, 5184, 5236, -1,
      5236, 5184, 5183, -1,
      5196, 5195, 5235, -1,
      5235, 5195, 5236, -1,
      5197, 5196, 5234, -1,
      5234, 5196, 5235, -1,
      5197, 5234, 5201, -1,
      5201, 5234, 5242, -1,
      5201, 5242, 5200, -1,
      5200, 5242, 5241, -1,
      5200, 5241, 5199, -1,
      5199, 5241, 5240, -1,
      5199, 5240, 5198, -1,
      5198, 5240, 5239, -1,
      5198, 5239, 5233, -1,
      5233, 5239, 5238, -1,
      5233, 5238, 5232, -1,
      5232, 5238, 5237, -1,
      5230, 5232, 5272, -1,
      5272, 5232, 5237, -1,
      5230, 5272, 5228, -1,
      5228, 5272, 5270, -1,
      5228, 5270, 5226, -1,
      5226, 5270, 5268, -1,
      5226, 5268, 5224, -1,
      5224, 5268, 5266, -1,
      5224, 5266, 5222, -1,
      5222, 5266, 5264, -1,
      5222, 5264, 5220, -1,
      5220, 5264, 5262, -1,
      5220, 5262, 5218, -1,
      5218, 5262, 5260, -1,
      5216, 5218, 5258, -1,
      5258, 5218, 5260, -1,
      5216, 5258, 5256, -1,
      5216, 5256, 5214, -1,
      5214, 5256, 5254, -1,
      5214, 5254, 5212, -1,
      5212, 5254, 5252, -1,
      5212, 5252, 5210, -1,
      5210, 5252, 5250, -1,
      5210, 5250, 5208, -1,
      5208, 5250, 5248, -1,
      5208, 5248, 5206, -1,
      5206, 5248, 5246, -1,
      5206, 5246, 5204, -1,
      5202, 5204, 5244, -1,
      5244, 5204, 5246, -1,
      5273, 5274, 5275, -1,
      5275, 5274, 5276, -1,
      5243, 5245, 5203, -1,
      5203, 5245, 5205, -1,
      5205, 5245, 5207, -1,
      5207, 5245, 5247, -1,
      5207, 5247, 5209, -1,
      5209, 5247, 5249, -1,
      5209, 5249, 5211, -1,
      5211, 5249, 5251, -1,
      5211, 5251, 5213, -1,
      5213, 5251, 5253, -1,
      5213, 5253, 5215, -1,
      5215, 5253, 5255, -1,
      5215, 5255, 5217, -1,
      5217, 5255, 5257, -1,
      5219, 5217, 5259, -1,
      5259, 5217, 5257, -1,
      5219, 5259, 5261, -1,
      5219, 5261, 5221, -1,
      5221, 5261, 5263, -1,
      5221, 5263, 5223, -1,
      5223, 5263, 5265, -1,
      5223, 5265, 5225, -1,
      5225, 5265, 5267, -1,
      5225, 5267, 5227, -1,
      5227, 5267, 5269, -1,
      5227, 5269, 5229, -1,
      5229, 5269, 5271, -1,
      5229, 5271, 5231, -1,
      5185, 5231, 5186, -1,
      5186, 5231, 5271, -1,
      5203, 5276, 5243, -1,
      5243, 5276, 5274, -1,
      5202, 5275, 5203, -1,
      5203, 5275, 5276, -1,
      5273, 5244, 5274, -1,
      5274, 5244, 5243, -1,
      5244, 5273, 5202, -1,
      5202, 5273, 5275, -1,
      5126, 5124, 5277, -1,
      5119, 5121, 5278, -1,
      5113, 5111, 5279, -1,
      5103, 5105, 5280, -1,
      5281, 5282, 5283, -1,
      5129, 5130, 5284, -1,
      5284, 5130, 5285, -1,
      5285, 5286, 5287, -1,
      5287, 5286, 5288, -1,
      5289, 5290, 5291, -1,
      5291, 5290, 5292, -1,
      5291, 5292, 5288, -1,
      5288, 5292, 5293, -1,
      5288, 5293, 5287, -1,
      5283, 5282, 5291, -1,
      5291, 5282, 5294, -1,
      5291, 5294, 5289, -1,
      5281, 5283, 5295, -1,
      5295, 5283, 5296, -1,
      5295, 5296, 5297, -1,
      5297, 5296, 5298, -1,
      5298, 5296, 5066, -1,
      5298, 5066, 5065, -1,
      5064, 5063, 5299, -1,
      5299, 5063, 5300, -1,
      5299, 5300, 5301, -1,
      5302, 5303, 5300, -1,
      5300, 5303, 5304, -1,
      5300, 5304, 5301, -1,
      5305, 5306, 5307, -1,
      5307, 5306, 5308, -1,
      5307, 5308, 5302, -1,
      5302, 5308, 5309, -1,
      5302, 5309, 5303, -1,
      5305, 5307, 5310, -1,
      5310, 5307, 5311, -1,
      5310, 5311, 5312, -1,
      5312, 5311, 5313, -1,
      5313, 5311, 5314, -1,
      5313, 5314, 5315, -1,
      5079, 5316, 5080, -1,
      5080, 5316, 5315, -1,
      5080, 5315, 5101, -1,
      5101, 5315, 5314, -1,
      5101, 5314, 5106, -1,
      5074, 5070, 5317, -1,
      5317, 5070, 5318, -1,
      5317, 5318, 5319, -1,
      5319, 5318, 5320, -1,
      5319, 5320, 5321, -1,
      5321, 5320, 5322, -1,
      5321, 5322, 5323, -1,
      5323, 5322, 5324, -1,
      5323, 5324, 5325, -1,
      5325, 5324, 5279, -1,
      5072, 5073, 5326, -1,
      5326, 5073, 5327, -1,
      5326, 5327, 5328, -1,
      5328, 5327, 5329, -1,
      5328, 5329, 5330, -1,
      5330, 5329, 5331, -1,
      5330, 5331, 5332, -1,
      5332, 5331, 5333, -1,
      5332, 5333, 5334, -1,
      5334, 5333, 5278, -1,
      5067, 5066, 5335, -1,
      5335, 5066, 5296, -1,
      5335, 5296, 5336, -1,
      5336, 5296, 5283, -1,
      5336, 5283, 5337, -1,
      5337, 5283, 5291, -1,
      5337, 5291, 5338, -1,
      5338, 5291, 5288, -1,
      5338, 5288, 5339, -1,
      5339, 5288, 5286, -1,
      5105, 5106, 5280, -1,
      5280, 5106, 5314, -1,
      5280, 5314, 5340, -1,
      5340, 5314, 5311, -1,
      5340, 5311, 5341, -1,
      5341, 5311, 5307, -1,
      5341, 5307, 5342, -1,
      5342, 5307, 5302, -1,
      5342, 5302, 5343, -1,
      5343, 5302, 5300, -1,
      5343, 5300, 5077, -1,
      5077, 5300, 5063, -1,
      5107, 5103, 5344, -1,
      5344, 5103, 5280, -1,
      5344, 5280, 5345, -1,
      5345, 5280, 5340, -1,
      5345, 5340, 5346, -1,
      5346, 5340, 5341, -1,
      5346, 5341, 5347, -1,
      5347, 5341, 5342, -1,
      5347, 5342, 5348, -1,
      5348, 5342, 5343, -1,
      5348, 5343, 5075, -1,
      5075, 5343, 5077, -1,
      5075, 5074, 5348, -1,
      5348, 5074, 5317, -1,
      5348, 5317, 5347, -1,
      5347, 5317, 5319, -1,
      5347, 5319, 5346, -1,
      5346, 5319, 5321, -1,
      5346, 5321, 5345, -1,
      5345, 5321, 5323, -1,
      5345, 5323, 5344, -1,
      5344, 5323, 5325, -1,
      5344, 5325, 5107, -1,
      5107, 5325, 5108, -1,
      5279, 5111, 5325, -1,
      5325, 5111, 5110, -1,
      5325, 5110, 5108, -1,
      5114, 5113, 5349, -1,
      5349, 5113, 5279, -1,
      5349, 5279, 5350, -1,
      5350, 5279, 5324, -1,
      5350, 5324, 5351, -1,
      5351, 5324, 5322, -1,
      5351, 5322, 5352, -1,
      5352, 5322, 5320, -1,
      5352, 5320, 5353, -1,
      5353, 5320, 5318, -1,
      5353, 5318, 5069, -1,
      5069, 5318, 5070, -1,
      5069, 5071, 5353, -1,
      5353, 5071, 5354, -1,
      5353, 5354, 5352, -1,
      5352, 5354, 5355, -1,
      5352, 5355, 5351, -1,
      5351, 5355, 5356, -1,
      5351, 5356, 5350, -1,
      5350, 5356, 5357, -1,
      5350, 5357, 5349, -1,
      5349, 5357, 5358, -1,
      5349, 5358, 5114, -1,
      5114, 5358, 5116, -1,
      5071, 5072, 5354, -1,
      5354, 5072, 5326, -1,
      5354, 5326, 5355, -1,
      5355, 5326, 5328, -1,
      5355, 5328, 5356, -1,
      5356, 5328, 5330, -1,
      5356, 5330, 5357, -1,
      5357, 5330, 5332, -1,
      5357, 5332, 5358, -1,
      5358, 5332, 5334, -1,
      5358, 5334, 5116, -1,
      5116, 5334, 5117, -1,
      5278, 5121, 5334, -1,
      5334, 5121, 5122, -1,
      5334, 5122, 5117, -1,
      5123, 5119, 5359, -1,
      5359, 5119, 5278, -1,
      5359, 5278, 5360, -1,
      5360, 5278, 5333, -1,
      5360, 5333, 5361, -1,
      5361, 5333, 5331, -1,
      5361, 5331, 5362, -1,
      5362, 5331, 5329, -1,
      5362, 5329, 5363, -1,
      5363, 5329, 5327, -1,
      5363, 5327, 5076, -1,
      5076, 5327, 5073, -1,
      5076, 5068, 5363, -1,
      5363, 5068, 5364, -1,
      5363, 5364, 5362, -1,
      5362, 5364, 5365, -1,
      5362, 5365, 5361, -1,
      5361, 5365, 5366, -1,
      5361, 5366, 5360, -1,
      5360, 5366, 5367, -1,
      5360, 5367, 5359, -1,
      5359, 5367, 5277, -1,
      5359, 5277, 5123, -1,
      5123, 5277, 5124, -1,
      5127, 5126, 5339, -1,
      5339, 5126, 5277, -1,
      5339, 5277, 5338, -1,
      5338, 5277, 5367, -1,
      5338, 5367, 5337, -1,
      5337, 5367, 5366, -1,
      5337, 5366, 5336, -1,
      5336, 5366, 5365, -1,
      5336, 5365, 5335, -1,
      5335, 5365, 5364, -1,
      5335, 5364, 5067, -1,
      5067, 5364, 5068, -1,
      5285, 5130, 5286, -1,
      5286, 5130, 5131, -1,
      5286, 5131, 5339, -1,
      5339, 5131, 5132, -1,
      5339, 5132, 5127, -1,
      5081, 5090, 4805, -1,
      4805, 4807, 5081, -1,
      5081, 4807, 4808, -1,
      5081, 4808, 4800, -1,
      4810, 4795, 4808, -1,
      4808, 4795, 4801, -1,
      4808, 4801, 4800, -1,
      4810, 4812, 4795, -1,
      4795, 4812, 4813, -1,
      4795, 4813, 4815, -1,
      4785, 4799, 4798, -1,
      4815, 4820, 4795, -1,
      4795, 4820, 4819, -1,
      4795, 4819, 4817, -1,
      4823, 4817, 4821, -1,
      4821, 4817, 4816, -1,
      4794, 4788, 4791, -1,
      4791, 4788, 4789, -1,
      4785, 4786, 4799, -1,
      4799, 4786, 4788, -1,
      4799, 4788, 4793, -1,
      4793, 4788, 4794, -1,
      4823, 4824, 4817, -1,
      4817, 4824, 4756, -1,
      4817, 4756, 4795, -1,
      4795, 4756, 4755, -1,
      4795, 4755, 4782, -1,
      4798, 4796, 4785, -1,
      4785, 4796, 4795, -1,
      4785, 4795, 4784, -1,
      4784, 4795, 4782, -1,
      5079, 5078, 5085, -1,
      5079, 5085, 5316, -1,
      5303, 5085, 5304, -1,
      5304, 5085, 5129, -1,
      5289, 5294, 5282, -1,
      5129, 5284, 5304, -1,
      5304, 5284, 5285, -1,
      5304, 5285, 5287, -1,
      5303, 5309, 5085, -1,
      5085, 5309, 5308, -1,
      5085, 5308, 5306, -1,
      5306, 5305, 5085, -1,
      5085, 5305, 5310, -1,
      5085, 5310, 5312, -1,
      5312, 5313, 5085, -1,
      5085, 5313, 5315, -1,
      5085, 5315, 5316, -1,
      5287, 5293, 5304, -1,
      5304, 5293, 5292, -1,
      5304, 5292, 5290, -1,
      5295, 5297, 5281, -1,
      5281, 5297, 5282, -1,
      5289, 5282, 5290, -1,
      5290, 5282, 5297, -1,
      5290, 5297, 5298, -1,
      5298, 5065, 5290, -1,
      5290, 5065, 5064, -1,
      5290, 5064, 5304, -1,
      5304, 5064, 5299, -1,
      5304, 5299, 5301, -1,
      5085, 5078, 5083, -1,
      5083, 5078, 5088, -1,
      5083, 5088, 5081, -1,
      5081, 5088, 5090, -1,
    ]
    creaseAngle 0.55
    solid FALSE
  }
}

Shape {
  appearance Appearance {
    material Material { diffuseColor 0.27451 0.494118 0.27451 specularColor 0.0196078 0.0352941 0.0196078 shininess 0.45 }
  }
  geometry IndexedFaceSet {
    coord USE KF_COORD
    coordIndex [
      180, 181, 182, -1,
      183, 184, 185, -1,
      186, 187, 188, -1,
      189, 190, 191, -1,
      192, 193, 194, -1,
      194, 193, 195, -1,
      194, 195, 196, -1,
      196, 195, 197, -1,
      196, 197, 198, -1,
      198, 197, 199, -1,
      198, 199, 200, -1,
      200, 199, 201, -1,
      200, 201, 202, -1,
      202, 201, 203, -1,
      202, 203, 204, -1,
      204, 203, 205, -1,
      204, 205, 206, -1,
      206, 205, 207, -1,
      206, 207, 208, -1,
      208, 207, 209, -1,
      208, 209, 210, -1,
      210, 209, 211, -1,
      210, 211, 212, -1,
      212, 211, 213, -1,
      212, 213, 214, -1,
      214, 213, 215, -1,
      214, 215, 216, -1,
      216, 215, 217, -1,
      216, 217, 218, -1,
      218, 217, 219, -1,
      218, 219, 192, -1,
      192, 219, 193, -1,
      220, 221, 222, -1,
      222, 221, 223, -1,
      222, 223, 224, -1,
      225, 226, 200, -1,
      225, 200, 227, -1,
      228, 229, 198, -1,
      198, 229, 230, -1,
      231, 232, 233, -1,
      230, 234, 198, -1,
      198, 234, 235, -1,
      198, 235, 231, -1,
      231, 235, 236, -1,
      231, 236, 232, -1,
      237, 238, 200, -1,
      238, 239, 200, -1,
      200, 239, 240, -1,
      200, 240, 227, -1,
      241, 242, 243, -1,
      243, 242, 244, -1,
      243, 244, 245, -1,
      223, 246, 224, -1,
      224, 246, 243, -1,
      224, 243, 247, -1,
      247, 243, 248, -1,
      241, 249, 242, -1,
      242, 249, 250, -1,
      242, 250, 251, -1,
      245, 252, 243, -1,
      243, 252, 253, -1,
      243, 253, 248, -1,
      251, 254, 242, -1,
      242, 254, 255, -1,
      242, 255, 198, -1,
      198, 255, 256, -1,
      198, 256, 228, -1,
      226, 257, 200, -1,
      200, 257, 258, -1,
      200, 258, 198, -1,
      198, 258, 259, -1,
      198, 259, 242, -1,
      260, 261, 262, -1,
      263, 264, 265, -1,
      265, 264, 266, -1,
      265, 266, 267, -1,
      267, 268, 265, -1,
      265, 268, 269, -1,
      265, 269, 270, -1,
      271, 272, 262, -1,
      262, 272, 273, -1,
      262, 273, 274, -1,
      274, 275, 262, -1,
      262, 275, 276, -1,
      262, 276, 277, -1,
      277, 278, 262, -1,
      262, 278, 279, -1,
      262, 279, 260, -1,
      280, 281, 282, -1,
      282, 281, 283, -1,
      233, 284, 231, -1,
      231, 284, 285, -1,
      231, 285, 286, -1,
      281, 287, 283, -1,
      283, 287, 288, -1,
      283, 288, 289, -1,
      289, 288, 231, -1,
      289, 231, 290, -1,
      290, 231, 286, -1,
      291, 292, 293, -1,
      294, 295, 288, -1,
      231, 296, 297, -1,
      298, 299, 191, -1,
      294, 288, 300, -1,
      301, 302, 303, -1,
      303, 302, 304, -1,
      305, 306, 293, -1,
      293, 306, 307, -1,
      293, 307, 308, -1,
      295, 309, 288, -1,
      288, 309, 310, -1,
      288, 310, 311, -1,
      190, 312, 191, -1,
      191, 312, 313, -1,
      191, 313, 314, -1,
      292, 315, 316, -1,
      301, 317, 302, -1,
      302, 317, 318, -1,
      302, 318, 319, -1,
      300, 288, 320, -1,
      320, 288, 293, -1,
      320, 293, 321, -1,
      297, 322, 231, -1,
      231, 322, 323, -1,
      231, 323, 324, -1,
      299, 325, 191, -1,
      191, 325, 326, -1,
      191, 326, 293, -1,
      293, 326, 327, -1,
      293, 327, 291, -1,
      304, 302, 292, -1,
      292, 302, 328, -1,
      292, 328, 315, -1,
      316, 329, 292, -1,
      292, 329, 330, -1,
      292, 330, 293, -1,
      293, 330, 331, -1,
      293, 331, 305, -1,
      332, 333, 231, -1,
      231, 333, 334, -1,
      231, 334, 296, -1,
      335, 336, 191, -1,
      191, 336, 337, -1,
      191, 337, 298, -1,
      314, 338, 191, -1,
      191, 338, 339, -1,
      191, 339, 335, -1,
      340, 341, 293, -1,
      293, 341, 342, -1,
      293, 342, 321, -1,
      308, 343, 293, -1,
      293, 343, 344, -1,
      293, 344, 345, -1,
      311, 346, 288, -1,
      288, 346, 347, -1,
      288, 347, 231, -1,
      231, 347, 348, -1,
      231, 348, 332, -1,
      345, 349, 293, -1,
      293, 349, 350, -1,
      293, 350, 340, -1,
      351, 196, 352, -1,
      352, 196, 198, -1,
      352, 198, 353, -1,
      353, 198, 231, -1,
      353, 231, 354, -1,
      354, 231, 324, -1,
      355, 356, 357, -1,
      358, 359, 360, -1,
      361, 362, 363, -1,
      363, 362, 364, -1,
      365, 366, 367, -1,
      359, 368, 360, -1,
      360, 368, 369, -1,
      360, 369, 370, -1,
      367, 371, 365, -1,
      365, 371, 372, -1,
      365, 372, 373, -1,
      373, 372, 363, -1,
      373, 363, 374, -1,
      374, 363, 364, -1,
      355, 357, 375, -1,
      376, 377, 378, -1,
      379, 380, 360, -1,
      360, 380, 381, -1,
      382, 383, 293, -1,
      384, 385, 386, -1,
      386, 385, 387, -1,
      386, 387, 388, -1,
      388, 387, 389, -1,
      388, 389, 390, -1,
      390, 389, 391, -1,
      378, 392, 376, -1,
      376, 392, 393, -1,
      376, 393, 394, -1,
      381, 395, 360, -1,
      360, 395, 396, -1,
      360, 396, 358, -1,
      370, 397, 360, -1,
      360, 397, 398, -1,
      360, 398, 399, -1,
      400, 401, 293, -1,
      293, 401, 402, -1,
      403, 404, 405, -1,
      366, 365, 386, -1,
      386, 365, 406, -1,
      386, 406, 384, -1,
      293, 357, 407, -1,
      408, 409, 191, -1,
      191, 409, 410, -1,
      377, 376, 411, -1,
      411, 376, 191, -1,
      411, 191, 412, -1,
      394, 413, 376, -1,
      376, 413, 414, -1,
      376, 414, 415, -1,
      383, 416, 293, -1,
      293, 416, 417, -1,
      293, 417, 391, -1,
      356, 418, 357, -1,
      357, 418, 419, -1,
      357, 419, 420, -1,
      420, 419, 403, -1,
      420, 403, 421, -1,
      421, 403, 405, -1,
      422, 423, 376, -1,
      391, 389, 293, -1,
      293, 389, 424, -1,
      293, 424, 357, -1,
      357, 424, 425, -1,
      357, 425, 375, -1,
      407, 426, 293, -1,
      293, 426, 427, -1,
      293, 427, 191, -1,
      191, 427, 428, -1,
      191, 428, 408, -1,
      410, 429, 191, -1,
      191, 429, 430, -1,
      191, 430, 431, -1,
      431, 432, 191, -1,
      191, 432, 433, -1,
      191, 433, 434, -1,
      399, 435, 360, -1,
      360, 435, 436, -1,
      360, 436, 437, -1,
      402, 438, 293, -1,
      293, 438, 439, -1,
      293, 439, 382, -1,
      440, 441, 191, -1,
      191, 441, 442, -1,
      191, 442, 412, -1,
      415, 443, 376, -1,
      376, 443, 444, -1,
      376, 444, 445, -1,
      437, 446, 360, -1,
      360, 446, 447, -1,
      360, 447, 448, -1,
      448, 449, 360, -1,
      360, 449, 450, -1,
      360, 450, 451, -1,
      434, 452, 191, -1,
      191, 452, 453, -1,
      191, 453, 440, -1,
      454, 422, 455, -1,
      455, 422, 376, -1,
      455, 376, 456, -1,
      456, 376, 445, -1,
      451, 457, 360, -1,
      360, 457, 458, -1,
      360, 458, 459, -1,
      459, 458, 460, -1,
      461, 462, 463, -1,
      463, 462, 464, -1,
      465, 466, 467, -1,
      464, 462, 468, -1,
      468, 462, 469, -1,
      468, 469, 470, -1,
      471, 472, 473, -1,
      470, 474, 468, -1,
      468, 474, 475, -1,
      468, 475, 465, -1,
      476, 477, 468, -1,
      468, 477, 478, -1,
      468, 478, 471, -1,
      471, 478, 479, -1,
      471, 479, 472, -1,
      465, 467, 468, -1,
      468, 467, 480, -1,
      468, 480, 476, -1,
      481, 482, 483, -1,
      484, 485, 465, -1,
      465, 485, 486, -1,
      465, 486, 487, -1,
      482, 488, 483, -1,
      483, 488, 489, -1,
      483, 489, 490, -1,
      487, 491, 465, -1,
      465, 491, 492, -1,
      465, 492, 466, -1,
      493, 494, 495, -1,
      495, 494, 496, -1,
      496, 497, 495, -1,
      495, 497, 498, -1,
      495, 498, 499, -1,
      499, 500, 495, -1,
      495, 500, 501, -1,
      495, 501, 502, -1,
      473, 503, 471, -1,
      471, 503, 504, -1,
      471, 504, 505, -1,
      505, 506, 471, -1,
      471, 506, 507, -1,
      471, 507, 508, -1,
      508, 509, 471, -1,
      471, 509, 510, -1,
      471, 510, 511, -1,
      493, 495, 512, -1,
      512, 495, 471, -1,
      512, 471, 513, -1,
      513, 471, 511, -1,
      513, 511, 514, -1,
      515, 516, 517, -1,
      517, 516, 518, -1,
      517, 518, 519, -1,
      519, 518, 520, -1,
      519, 520, 521, -1,
      521, 520, 522, -1,
      521, 522, 523, -1,
      523, 522, 524, -1,
      523, 524, 525, -1,
      525, 524, 526, -1,
      525, 526, 527, -1,
      527, 526, 528, -1,
      527, 528, 529, -1,
      529, 528, 530, -1,
      529, 530, 531, -1,
      531, 530, 532, -1,
      531, 532, 533, -1,
      533, 532, 534, -1,
      533, 534, 535, -1,
      535, 534, 536, -1,
      535, 536, 202, -1,
      202, 536, 537, -1,
      202, 537, 200, -1,
      200, 537, 538, -1,
      200, 538, 539, -1,
      539, 538, 540, -1,
      539, 540, 515, -1,
      515, 540, 516, -1,
      541, 542, 543, -1,
      543, 542, 544, -1,
      543, 544, 545, -1,
      546, 547, 523, -1,
      548, 549, 521, -1,
      521, 549, 550, -1,
      551, 552, 553, -1,
      550, 554, 521, -1,
      521, 554, 555, -1,
      521, 555, 551, -1,
      551, 555, 556, -1,
      551, 556, 552, -1,
      557, 558, 559, -1,
      560, 561, 523, -1,
      523, 561, 562, -1,
      523, 562, 546, -1,
      557, 559, 523, -1,
      523, 559, 563, -1,
      523, 563, 560, -1,
      564, 565, 566, -1,
      566, 565, 567, -1,
      566, 567, 568, -1,
      544, 569, 545, -1,
      545, 569, 566, -1,
      545, 566, 570, -1,
      570, 566, 571, -1,
      564, 572, 565, -1,
      565, 572, 573, -1,
      565, 573, 574, -1,
      568, 575, 566, -1,
      566, 575, 576, -1,
      566, 576, 571, -1,
      574, 577, 565, -1,
      565, 577, 578, -1,
      565, 578, 521, -1,
      521, 578, 579, -1,
      521, 579, 548, -1,
      547, 580, 523, -1,
      523, 580, 581, -1,
      523, 581, 521, -1,
      521, 581, 582, -1,
      521, 582, 565, -1,
      583, 584, 557, -1,
      585, 586, 587, -1,
      587, 586, 588, -1,
      587, 588, 557, -1,
      557, 588, 589, -1,
      557, 589, 583, -1,
      584, 590, 557, -1,
      557, 590, 591, -1,
      557, 591, 558, -1,
      592, 587, 593, -1,
      593, 587, 594, -1,
      592, 595, 587, -1,
      587, 595, 596, -1,
      587, 596, 597, -1,
      597, 598, 587, -1,
      587, 598, 599, -1,
      587, 599, 585, -1,
      600, 601, 602, -1,
      602, 601, 603, -1,
      594, 587, 603, -1,
      603, 587, 604, -1,
      603, 604, 602, -1,
      605, 606, 607, -1,
      607, 606, 608, -1,
      553, 609, 551, -1,
      551, 609, 610, -1,
      551, 610, 611, -1,
      606, 612, 608, -1,
      608, 612, 613, -1,
      608, 613, 614, -1,
      614, 613, 551, -1,
      614, 551, 615, -1,
      615, 551, 611, -1,
      616, 617, 618, -1,
      619, 620, 613, -1,
      551, 621, 622, -1,
      623, 624, 188, -1,
      619, 613, 625, -1,
      626, 627, 628, -1,
      628, 627, 629, -1,
      630, 631, 618, -1,
      618, 631, 632, -1,
      618, 632, 633, -1,
      620, 634, 613, -1,
      613, 634, 635, -1,
      613, 635, 636, -1,
      187, 637, 188, -1,
      188, 637, 638, -1,
      188, 638, 639, -1,
      617, 640, 641, -1,
      626, 642, 627, -1,
      627, 642, 643, -1,
      627, 643, 644, -1,
      625, 613, 645, -1,
      645, 613, 618, -1,
      645, 618, 646, -1,
      622, 647, 551, -1,
      551, 647, 648, -1,
      551, 648, 649, -1,
      624, 650, 188, -1,
      188, 650, 651, -1,
      188, 651, 618, -1,
      618, 651, 652, -1,
      618, 652, 616, -1,
      629, 627, 617, -1,
      617, 627, 653, -1,
      617, 653, 640, -1,
      641, 654, 617, -1,
      617, 654, 655, -1,
      617, 655, 618, -1,
      618, 655, 656, -1,
      618, 656, 630, -1,
      657, 658, 551, -1,
      551, 658, 659, -1,
      551, 659, 621, -1,
      660, 661, 188, -1,
      188, 661, 662, -1,
      188, 662, 623, -1,
      639, 663, 188, -1,
      188, 663, 664, -1,
      188, 664, 660, -1,
      665, 666, 618, -1,
      618, 666, 667, -1,
      618, 667, 646, -1,
      633, 668, 618, -1,
      618, 668, 669, -1,
      618, 669, 670, -1,
      636, 671, 613, -1,
      613, 671, 672, -1,
      613, 672, 551, -1,
      551, 672, 673, -1,
      551, 673, 657, -1,
      670, 674, 618, -1,
      618, 674, 675, -1,
      618, 675, 665, -1,
      676, 519, 677, -1,
      677, 519, 521, -1,
      677, 521, 678, -1,
      678, 521, 551, -1,
      678, 551, 679, -1,
      679, 551, 649, -1,
      680, 681, 682, -1,
      683, 684, 685, -1,
      686, 687, 688, -1,
      688, 687, 689, -1,
      690, 691, 692, -1,
      684, 693, 685, -1,
      685, 693, 694, -1,
      685, 694, 695, -1,
      692, 696, 690, -1,
      690, 696, 697, -1,
      690, 697, 698, -1,
      698, 697, 688, -1,
      698, 688, 699, -1,
      699, 688, 689, -1,
      680, 682, 700, -1,
      701, 702, 703, -1,
      704, 705, 685, -1,
      685, 705, 706, -1,
      707, 708, 618, -1,
      709, 710, 711, -1,
      711, 710, 712, -1,
      711, 712, 713, -1,
      713, 712, 714, -1,
      713, 714, 715, -1,
      715, 714, 716, -1,
      703, 717, 701, -1,
      701, 717, 718, -1,
      701, 718, 719, -1,
      706, 720, 685, -1,
      685, 720, 721, -1,
      685, 721, 683, -1,
      695, 722, 685, -1,
      685, 722, 723, -1,
      685, 723, 724, -1,
      725, 726, 618, -1,
      618, 726, 727, -1,
      728, 729, 730, -1,
      691, 690, 711, -1,
      711, 690, 731, -1,
      711, 731, 709, -1,
      618, 682, 732, -1,
      733, 734, 188, -1,
      188, 734, 735, -1,
      702, 701, 736, -1,
      736, 701, 188, -1,
      736, 188, 737, -1,
      719, 738, 701, -1,
      701, 738, 739, -1,
      701, 739, 740, -1,
      708, 741, 618, -1,
      618, 741, 742, -1,
      618, 742, 716, -1,
      681, 743, 682, -1,
      682, 743, 744, -1,
      682, 744, 745, -1,
      745, 744, 728, -1,
      745, 728, 746, -1,
      746, 728, 730, -1,
      747, 748, 701, -1,
      716, 714, 618, -1,
      618, 714, 749, -1,
      618, 749, 682, -1,
      682, 749, 750, -1,
      682, 750, 700, -1,
      732, 751, 618, -1,
      618, 751, 752, -1,
      618, 752, 188, -1,
      188, 752, 753, -1,
      188, 753, 733, -1,
      735, 754, 188, -1,
      188, 754, 755, -1,
      188, 755, 756, -1,
      756, 757, 188, -1,
      188, 757, 758, -1,
      188, 758, 759, -1,
      724, 760, 685, -1,
      685, 760, 761, -1,
      685, 761, 762, -1,
      727, 763, 618, -1,
      618, 763, 764, -1,
      618, 764, 707, -1,
      765, 766, 188, -1,
      188, 766, 767, -1,
      188, 767, 737, -1,
      740, 768, 701, -1,
      701, 768, 769, -1,
      701, 769, 770, -1,
      762, 771, 685, -1,
      685, 771, 772, -1,
      685, 772, 773, -1,
      773, 774, 685, -1,
      685, 774, 775, -1,
      685, 775, 776, -1,
      759, 777, 188, -1,
      188, 777, 778, -1,
      188, 778, 765, -1,
      779, 747, 780, -1,
      780, 747, 701, -1,
      780, 701, 781, -1,
      781, 701, 770, -1,
      776, 782, 685, -1,
      685, 782, 783, -1,
      685, 783, 784, -1,
      784, 783, 785, -1,
      786, 787, 788, -1,
      788, 787, 789, -1,
      790, 791, 792, -1,
      789, 787, 793, -1,
      793, 787, 794, -1,
      793, 794, 795, -1,
      796, 797, 798, -1,
      795, 799, 793, -1,
      793, 799, 800, -1,
      793, 800, 790, -1,
      801, 802, 793, -1,
      793, 802, 803, -1,
      793, 803, 796, -1,
      796, 803, 804, -1,
      796, 804, 797, -1,
      790, 792, 793, -1,
      793, 792, 805, -1,
      793, 805, 801, -1,
      806, 807, 808, -1,
      809, 810, 790, -1,
      790, 810, 811, -1,
      790, 811, 812, -1,
      807, 813, 808, -1,
      808, 813, 814, -1,
      808, 814, 815, -1,
      812, 816, 790, -1,
      790, 816, 817, -1,
      790, 817, 791, -1,
      818, 819, 820, -1,
      820, 819, 821, -1,
      821, 822, 820, -1,
      820, 822, 823, -1,
      820, 823, 824, -1,
      824, 825, 820, -1,
      820, 825, 826, -1,
      820, 826, 827, -1,
      798, 828, 796, -1,
      796, 828, 829, -1,
      796, 829, 830, -1,
      830, 831, 796, -1,
      796, 831, 832, -1,
      796, 832, 833, -1,
      833, 834, 796, -1,
      796, 834, 835, -1,
      796, 835, 836, -1,
      818, 820, 837, -1,
      837, 820, 796, -1,
      837, 796, 838, -1,
      838, 796, 836, -1,
      838, 836, 839, -1,
      840, 841, 842, -1,
      842, 841, 843, -1,
      842, 843, 844, -1,
      844, 843, 845, -1,
      844, 845, 846, -1,
      846, 845, 847, -1,
      846, 847, 848, -1,
      848, 847, 849, -1,
      848, 849, 850, -1,
      850, 849, 851, -1,
      850, 851, 852, -1,
      852, 851, 853, -1,
      852, 853, 854, -1,
      854, 853, 855, -1,
      854, 855, 856, -1,
      856, 855, 857, -1,
      856, 857, 858, -1,
      858, 857, 859, -1,
      858, 859, 860, -1,
      860, 859, 861, -1,
      860, 861, 862, -1,
      862, 861, 863, -1,
      862, 863, 864, -1,
      864, 863, 865, -1,
      864, 865, 866, -1,
      866, 865, 867, -1,
      866, 867, 840, -1,
      840, 867, 841, -1,
      868, 869, 870, -1,
      870, 869, 871, -1,
      870, 871, 872, -1,
      873, 874, 848, -1,
      873, 848, 875, -1,
      876, 877, 846, -1,
      846, 877, 878, -1,
      879, 880, 881, -1,
      878, 882, 846, -1,
      846, 882, 883, -1,
      846, 883, 879, -1,
      879, 883, 884, -1,
      879, 884, 880, -1,
      885, 886, 848, -1,
      886, 887, 848, -1,
      848, 887, 888, -1,
      848, 888, 875, -1,
      889, 890, 891, -1,
      891, 890, 892, -1,
      891, 892, 893, -1,
      871, 894, 872, -1,
      872, 894, 891, -1,
      872, 891, 895, -1,
      895, 891, 896, -1,
      889, 897, 890, -1,
      890, 897, 898, -1,
      890, 898, 899, -1,
      893, 900, 891, -1,
      891, 900, 901, -1,
      891, 901, 896, -1,
      899, 902, 890, -1,
      890, 902, 903, -1,
      890, 903, 846, -1,
      846, 903, 904, -1,
      846, 904, 876, -1,
      874, 905, 848, -1,
      848, 905, 906, -1,
      848, 906, 846, -1,
      846, 906, 907, -1,
      846, 907, 890, -1,
      908, 909, 910, -1,
      911, 912, 913, -1,
      913, 912, 914, -1,
      913, 914, 915, -1,
      915, 916, 913, -1,
      913, 916, 917, -1,
      913, 917, 918, -1,
      919, 920, 910, -1,
      910, 920, 921, -1,
      910, 921, 922, -1,
      922, 923, 910, -1,
      910, 923, 924, -1,
      910, 924, 925, -1,
      925, 926, 910, -1,
      910, 926, 927, -1,
      910, 927, 908, -1,
      928, 929, 930, -1,
      930, 929, 931, -1,
      881, 932, 879, -1,
      879, 932, 933, -1,
      879, 933, 934, -1,
      929, 935, 931, -1,
      931, 935, 936, -1,
      931, 936, 937, -1,
      937, 936, 879, -1,
      937, 879, 938, -1,
      938, 879, 934, -1,
      939, 940, 941, -1,
      942, 943, 936, -1,
      879, 944, 945, -1,
      946, 947, 185, -1,
      942, 936, 948, -1,
      949, 950, 951, -1,
      951, 950, 952, -1,
      953, 954, 941, -1,
      941, 954, 955, -1,
      941, 955, 956, -1,
      943, 957, 936, -1,
      936, 957, 958, -1,
      936, 958, 959, -1,
      184, 960, 185, -1,
      185, 960, 961, -1,
      185, 961, 962, -1,
      940, 963, 964, -1,
      949, 965, 950, -1,
      950, 965, 966, -1,
      950, 966, 967, -1,
      948, 936, 968, -1,
      968, 936, 941, -1,
      968, 941, 969, -1,
      945, 970, 879, -1,
      879, 970, 971, -1,
      879, 971, 972, -1,
      947, 973, 185, -1,
      185, 973, 974, -1,
      185, 974, 941, -1,
      941, 974, 975, -1,
      941, 975, 939, -1,
      952, 950, 940, -1,
      940, 950, 976, -1,
      940, 976, 963, -1,
      964, 977, 940, -1,
      940, 977, 978, -1,
      940, 978, 941, -1,
      941, 978, 979, -1,
      941, 979, 953, -1,
      980, 981, 879, -1,
      879, 981, 982, -1,
      879, 982, 944, -1,
      983, 984, 185, -1,
      185, 984, 985, -1,
      185, 985, 946, -1,
      962, 986, 185, -1,
      185, 986, 987, -1,
      185, 987, 983, -1,
      988, 989, 941, -1,
      941, 989, 990, -1,
      941, 990, 969, -1,
      956, 991, 941, -1,
      941, 991, 992, -1,
      941, 992, 993, -1,
      959, 994, 936, -1,
      936, 994, 995, -1,
      936, 995, 879, -1,
      879, 995, 996, -1,
      879, 996, 980, -1,
      993, 997, 941, -1,
      941, 997, 998, -1,
      941, 998, 988, -1,
      999, 844, 1000, -1,
      1000, 844, 846, -1,
      1000, 846, 1001, -1,
      1001, 846, 879, -1,
      1001, 879, 1002, -1,
      1002, 879, 972, -1,
      1003, 1004, 1005, -1,
      1006, 1007, 1008, -1,
      1009, 1010, 1011, -1,
      1011, 1010, 1012, -1,
      1013, 1014, 1015, -1,
      1007, 1016, 1008, -1,
      1008, 1016, 1017, -1,
      1008, 1017, 1018, -1,
      1015, 1019, 1013, -1,
      1013, 1019, 1020, -1,
      1013, 1020, 1021, -1,
      1021, 1020, 1011, -1,
      1021, 1011, 1022, -1,
      1022, 1011, 1012, -1,
      1003, 1005, 1023, -1,
      1024, 1025, 1026, -1,
      1027, 1028, 1008, -1,
      1008, 1028, 1029, -1,
      1030, 1031, 941, -1,
      1032, 1033, 1034, -1,
      1034, 1033, 1035, -1,
      1034, 1035, 1036, -1,
      1036, 1035, 1037, -1,
      1036, 1037, 1038, -1,
      1038, 1037, 1039, -1,
      1026, 1040, 1024, -1,
      1024, 1040, 1041, -1,
      1024, 1041, 1042, -1,
      1029, 1043, 1008, -1,
      1008, 1043, 1044, -1,
      1008, 1044, 1006, -1,
      1018, 1045, 1008, -1,
      1008, 1045, 1046, -1,
      1008, 1046, 1047, -1,
      1048, 1049, 941, -1,
      941, 1049, 1050, -1,
      1051, 1052, 1053, -1,
      1014, 1013, 1034, -1,
      1034, 1013, 1054, -1,
      1034, 1054, 1032, -1,
      941, 1005, 1055, -1,
      1056, 1057, 185, -1,
      185, 1057, 1058, -1,
      1025, 1024, 1059, -1,
      1059, 1024, 185, -1,
      1059, 185, 1060, -1,
      1042, 1061, 1024, -1,
      1024, 1061, 1062, -1,
      1024, 1062, 1063, -1,
      1031, 1064, 941, -1,
      941, 1064, 1065, -1,
      941, 1065, 1039, -1,
      1004, 1066, 1005, -1,
      1005, 1066, 1067, -1,
      1005, 1067, 1068, -1,
      1068, 1067, 1051, -1,
      1068, 1051, 1069, -1,
      1069, 1051, 1053, -1,
      1070, 1071, 1024, -1,
      1039, 1037, 941, -1,
      941, 1037, 1072, -1,
      941, 1072, 1005, -1,
      1005, 1072, 1073, -1,
      1005, 1073, 1023, -1,
      1055, 1074, 941, -1,
      941, 1074, 1075, -1,
      941, 1075, 185, -1,
      185, 1075, 1076, -1,
      185, 1076, 1056, -1,
      1058, 1077, 185, -1,
      185, 1077, 1078, -1,
      185, 1078, 1079, -1,
      1079, 1080, 185, -1,
      185, 1080, 1081, -1,
      185, 1081, 1082, -1,
      1047, 1083, 1008, -1,
      1008, 1083, 1084, -1,
      1008, 1084, 1085, -1,
      1050, 1086, 941, -1,
      941, 1086, 1087, -1,
      941, 1087, 1030, -1,
      1088, 1089, 185, -1,
      185, 1089, 1090, -1,
      185, 1090, 1060, -1,
      1063, 1091, 1024, -1,
      1024, 1091, 1092, -1,
      1024, 1092, 1093, -1,
      1085, 1094, 1008, -1,
      1008, 1094, 1095, -1,
      1008, 1095, 1096, -1,
      1096, 1097, 1008, -1,
      1008, 1097, 1098, -1,
      1008, 1098, 1099, -1,
      1082, 1100, 185, -1,
      185, 1100, 1101, -1,
      185, 1101, 1088, -1,
      1102, 1070, 1103, -1,
      1103, 1070, 1024, -1,
      1103, 1024, 1104, -1,
      1104, 1024, 1093, -1,
      1099, 1105, 1008, -1,
      1008, 1105, 1106, -1,
      1008, 1106, 1107, -1,
      1107, 1106, 1108, -1,
      1109, 1110, 1111, -1,
      1111, 1110, 1112, -1,
      1113, 1114, 1115, -1,
      1112, 1110, 1116, -1,
      1116, 1110, 1117, -1,
      1116, 1117, 1118, -1,
      1119, 1120, 1121, -1,
      1118, 1122, 1116, -1,
      1116, 1122, 1123, -1,
      1116, 1123, 1113, -1,
      1124, 1125, 1116, -1,
      1116, 1125, 1126, -1,
      1116, 1126, 1119, -1,
      1119, 1126, 1127, -1,
      1119, 1127, 1120, -1,
      1113, 1115, 1116, -1,
      1116, 1115, 1128, -1,
      1116, 1128, 1124, -1,
      1129, 1130, 1131, -1,
      1132, 1133, 1113, -1,
      1113, 1133, 1134, -1,
      1113, 1134, 1135, -1,
      1130, 1136, 1131, -1,
      1131, 1136, 1137, -1,
      1131, 1137, 1138, -1,
      1135, 1139, 1113, -1,
      1113, 1139, 1140, -1,
      1113, 1140, 1114, -1,
      1141, 1142, 1143, -1,
      1143, 1142, 1144, -1,
      1144, 1145, 1143, -1,
      1143, 1145, 1146, -1,
      1143, 1146, 1147, -1,
      1147, 1148, 1143, -1,
      1143, 1148, 1149, -1,
      1143, 1149, 1150, -1,
      1121, 1151, 1119, -1,
      1119, 1151, 1152, -1,
      1119, 1152, 1153, -1,
      1153, 1154, 1119, -1,
      1119, 1154, 1155, -1,
      1119, 1155, 1156, -1,
      1156, 1157, 1119, -1,
      1119, 1157, 1158, -1,
      1119, 1158, 1159, -1,
      1141, 1143, 1160, -1,
      1160, 1143, 1119, -1,
      1160, 1119, 1161, -1,
      1161, 1119, 1159, -1,
      1161, 1159, 1162, -1,
      1163, 1164, 216, -1,
      216, 1164, 214, -1,
      214, 1164, 1165, -1,
      214, 1165, 1166, -1,
      1166, 1165, 1167, -1,
      1166, 1167, 1168, -1,
      1168, 1167, 1169, -1,
      1168, 1169, 1170, -1,
      1170, 1169, 1171, -1,
      1170, 1171, 1172, -1,
      1172, 1171, 1173, -1,
      1172, 1173, 850, -1,
      850, 1173, 1174, -1,
      850, 1174, 848, -1,
      848, 1174, 1175, -1,
      848, 1175, 1176, -1,
      1176, 1175, 1177, -1,
      1176, 1177, 1178, -1,
      1178, 1177, 1179, -1,
      1178, 1179, 1180, -1,
      1180, 1179, 1181, -1,
      1180, 1181, 1182, -1,
      1183, 1184, 1185, -1,
      1185, 1184, 1186, -1,
      1185, 1186, 1187, -1,
      1188, 1189, 1182, -1,
      1190, 1191, 1182, -1,
      1192, 1193, 216, -1,
      1181, 1163, 1182, -1,
      1182, 1163, 216, -1,
      1182, 216, 1190, -1,
      1190, 216, 1194, -1,
      1191, 1195, 1182, -1,
      1182, 1195, 1196, -1,
      1182, 1196, 1197, -1,
      1198, 1199, 216, -1,
      1200, 1201, 1202, -1,
      1202, 1201, 1188, -1,
      1202, 1188, 1203, -1,
      1203, 1188, 1182, -1,
      1203, 1182, 1204, -1,
      1204, 1182, 1197, -1,
      1193, 1205, 216, -1,
      216, 1205, 1206, -1,
      216, 1206, 1207, -1,
      1207, 1208, 216, -1,
      216, 1208, 1209, -1,
      216, 1209, 1194, -1,
      1194, 1209, 1210, -1,
      1199, 1211, 216, -1,
      216, 1211, 1212, -1,
      216, 1212, 1192, -1,
      1213, 1214, 1209, -1,
      1209, 1214, 1215, -1,
      1209, 1215, 1210, -1,
      1216, 1217, 1218, -1,
      1218, 1217, 1219, -1,
      1218, 1219, 1220, -1,
      1186, 1221, 1187, -1,
      1187, 1221, 1218, -1,
      1187, 1218, 1222, -1,
      1222, 1218, 1220, -1,
      1216, 1218, 1223, -1,
      1223, 1218, 1224, -1,
      1223, 1224, 1209, -1,
      1209, 1224, 1225, -1,
      1209, 1225, 1213, -1,
      1226, 1227, 1228, -1,
      1229, 1230, 1231, -1,
      1231, 1230, 1232, -1,
      1231, 1232, 1233, -1,
      1233, 1234, 1231, -1,
      1231, 1234, 1235, -1,
      1231, 1235, 1236, -1,
      1237, 1238, 1228, -1,
      1228, 1238, 1239, -1,
      1228, 1239, 1240, -1,
      1240, 1241, 1228, -1,
      1228, 1241, 1242, -1,
      1228, 1242, 1243, -1,
      1243, 1244, 1228, -1,
      1228, 1244, 1245, -1,
      1228, 1245, 1226, -1,
      1246, 1247, 1248, -1,
      1249, 1250, 1247, -1,
      1251, 1252, 1200, -1,
      1253, 1254, 182, -1,
      1255, 1256, 1248, -1,
      1256, 1257, 1248, -1,
      1248, 1257, 1258, -1,
      1248, 1258, 1259, -1,
      1260, 1261, 1262, -1,
      1262, 1261, 1263, -1,
      1264, 1265, 1247, -1,
      1247, 1265, 1266, -1,
      1247, 1266, 1267, -1,
      1268, 1269, 1270, -1,
      181, 1271, 182, -1,
      182, 1271, 1272, -1,
      182, 1272, 1273, -1,
      1250, 1274, 1275, -1,
      1260, 1276, 1261, -1,
      1261, 1276, 1277, -1,
      1261, 1277, 1278, -1,
      1252, 1279, 1200, -1,
      1200, 1279, 1280, -1,
      1200, 1280, 1281, -1,
      1255, 1248, 1282, -1,
      1282, 1248, 1247, -1,
      1282, 1247, 1283, -1,
      1270, 1269, 1284, -1,
      1284, 1269, 1285, -1,
      1284, 1285, 1286, -1,
      1254, 1287, 182, -1,
      182, 1287, 1288, -1,
      182, 1288, 1247, -1,
      1247, 1288, 1289, -1,
      1247, 1289, 1249, -1,
      1263, 1261, 1250, -1,
      1250, 1261, 1290, -1,
      1250, 1290, 1274, -1,
      1275, 1291, 1250, -1,
      1250, 1291, 1292, -1,
      1250, 1292, 1247, -1,
      1247, 1292, 1293, -1,
      1247, 1293, 1264, -1,
      1251, 1200, 1270, -1,
      1270, 1200, 1294, -1,
      1270, 1294, 1268, -1,
      1281, 1295, 1200, -1,
      1200, 1295, 1296, -1,
      1200, 1296, 1201, -1,
      1297, 1298, 182, -1,
      182, 1298, 1299, -1,
      182, 1299, 1253, -1,
      1273, 1300, 182, -1,
      182, 1300, 1301, -1,
      182, 1301, 1297, -1,
      1302, 1303, 1247, -1,
      1247, 1303, 1304, -1,
      1247, 1304, 1283, -1,
      1259, 1305, 1248, -1,
      1248, 1305, 1306, -1,
      1248, 1306, 1307, -1,
      1307, 1306, 1308, -1,
      1307, 1308, 1309, -1,
      1309, 1308, 1310, -1,
      1309, 1310, 1311, -1,
      1311, 1310, 1284, -1,
      1311, 1284, 1312, -1,
      1312, 1284, 1286, -1,
      1267, 1313, 1247, -1,
      1247, 1313, 1314, -1,
      1247, 1314, 1315, -1,
      1315, 1316, 1247, -1,
      1247, 1316, 1317, -1,
      1247, 1317, 1302, -1,
      1318, 1319, 1320, -1,
      1321, 1322, 1323, -1,
      1318, 1320, 1324, -1,
      1325, 1326, 1327, -1,
      1327, 1326, 1328, -1,
      1329, 1330, 1331, -1,
      1319, 1332, 1320, -1,
      1320, 1332, 1333, -1,
      1320, 1333, 1334, -1,
      1331, 1335, 1329, -1,
      1329, 1335, 1336, -1,
      1329, 1336, 1337, -1,
      1337, 1336, 1327, -1,
      1337, 1327, 1338, -1,
      1338, 1327, 1328, -1,
      1321, 1323, 1339, -1,
      1340, 1341, 1342, -1,
      1343, 1344, 1320, -1,
      1320, 1344, 1345, -1,
      1346, 1347, 1247, -1,
      1348, 1349, 1350, -1,
      1350, 1349, 1351, -1,
      1350, 1351, 1352, -1,
      1352, 1351, 1353, -1,
      1352, 1353, 1354, -1,
      1354, 1353, 1355, -1,
      1342, 1356, 1340, -1,
      1340, 1356, 1357, -1,
      1340, 1357, 1358, -1,
      1345, 1359, 1320, -1,
      1320, 1359, 1360, -1,
      1320, 1360, 1324, -1,
      1247, 1361, 1362, -1,
      1363, 1364, 1365, -1,
      1330, 1329, 1350, -1,
      1350, 1329, 1366, -1,
      1350, 1366, 1348, -1,
      1247, 1323, 1367, -1,
      1368, 1369, 182, -1,
      182, 1369, 1370, -1,
      1341, 1340, 1371, -1,
      1371, 1340, 182, -1,
      1371, 182, 1372, -1,
      1358, 1373, 1340, -1,
      1340, 1373, 1374, -1,
      1340, 1374, 1375, -1,
      1347, 1376, 1247, -1,
      1247, 1376, 1377, -1,
      1247, 1377, 1355, -1,
      1322, 1378, 1323, -1,
      1323, 1378, 1379, -1,
      1323, 1379, 1380, -1,
      1380, 1379, 1363, -1,
      1380, 1363, 1381, -1,
      1381, 1363, 1365, -1,
      1382, 1383, 1340, -1,
      1334, 1384, 1320, -1,
      1320, 1384, 1385, -1,
      1320, 1385, 1386, -1,
      1355, 1353, 1247, -1,
      1247, 1353, 1387, -1,
      1247, 1387, 1323, -1,
      1323, 1387, 1388, -1,
      1323, 1388, 1339, -1,
      1367, 1389, 1247, -1,
      1247, 1389, 1390, -1,
      1247, 1390, 182, -1,
      182, 1390, 1391, -1,
      182, 1391, 1368, -1,
      1370, 1392, 182, -1,
      182, 1392, 1393, -1,
      182, 1393, 1394, -1,
      1394, 1395, 182, -1,
      182, 1395, 1396, -1,
      182, 1396, 1397, -1,
      1386, 1398, 1320, -1,
      1320, 1398, 1399, -1,
      1320, 1399, 1400, -1,
      1362, 1401, 1247, -1,
      1247, 1401, 1402, -1,
      1247, 1402, 1346, -1,
      1320, 1403, 1404, -1,
      1405, 1406, 182, -1,
      182, 1406, 1407, -1,
      182, 1407, 1372, -1,
      1375, 1408, 1340, -1,
      1340, 1408, 1409, -1,
      1340, 1409, 1410, -1,
      1400, 1411, 1320, -1,
      1320, 1411, 1412, -1,
      1320, 1412, 1403, -1,
      1404, 1413, 1320, -1,
      1320, 1413, 1414, -1,
      1320, 1414, 1415, -1,
      1397, 1416, 182, -1,
      182, 1416, 1417, -1,
      182, 1417, 1405, -1,
      1418, 1382, 1419, -1,
      1419, 1382, 1340, -1,
      1419, 1340, 1420, -1,
      1420, 1340, 1410, -1,
      1361, 1247, 1421, -1,
      1421, 1247, 1246, -1,
      1421, 1246, 1415, -1,
      1415, 1246, 1422, -1,
      1415, 1422, 1320, -1,
      1423, 1424, 1425, -1,
      1425, 1424, 1426, -1,
      1427, 1428, 1429, -1,
      1426, 1424, 1430, -1,
      1430, 1424, 1431, -1,
      1430, 1431, 1432, -1,
      1433, 1434, 1435, -1,
      1432, 1436, 1430, -1,
      1430, 1436, 1437, -1,
      1430, 1437, 1427, -1,
      1438, 1439, 1430, -1,
      1430, 1439, 1440, -1,
      1430, 1440, 1433, -1,
      1433, 1440, 1441, -1,
      1433, 1441, 1434, -1,
      1427, 1429, 1430, -1,
      1430, 1429, 1442, -1,
      1430, 1442, 1438, -1,
      1443, 1444, 1445, -1,
      1446, 1447, 1427, -1,
      1427, 1447, 1448, -1,
      1427, 1448, 1449, -1,
      1444, 1450, 1445, -1,
      1445, 1450, 1451, -1,
      1445, 1451, 1452, -1,
      1449, 1453, 1427, -1,
      1427, 1453, 1454, -1,
      1427, 1454, 1428, -1,
      1455, 1456, 1457, -1,
      1457, 1456, 1458, -1,
      1458, 1459, 1457, -1,
      1457, 1459, 1460, -1,
      1457, 1460, 1461, -1,
      1461, 1462, 1457, -1,
      1457, 1462, 1463, -1,
      1457, 1463, 1464, -1,
      1435, 1465, 1433, -1,
      1433, 1465, 1466, -1,
      1433, 1466, 1467, -1,
      1467, 1468, 1433, -1,
      1433, 1468, 1469, -1,
      1433, 1469, 1470, -1,
      1470, 1471, 1433, -1,
      1433, 1471, 1472, -1,
      1433, 1472, 1473, -1,
      1455, 1457, 1474, -1,
      1474, 1457, 1433, -1,
      1474, 1433, 1475, -1,
      1475, 1433, 1473, -1,
      1475, 1473, 1476, -1,
      783, 725, 785, -1,
      785, 725, 618, -1,
      785, 618, 602, -1,
      602, 618, 613, -1,
      602, 613, 600, -1,
      600, 613, 612, -1,
      1477, 1478, 1479, -1,
      1479, 1478, 271, -1,
      1479, 271, 1480, -1,
      1480, 271, 262, -1,
      1480, 262, 788, -1,
      788, 262, 808, -1,
      788, 808, 786, -1,
      786, 808, 815, -1,
      458, 400, 460, -1,
      460, 400, 293, -1,
      460, 293, 1479, -1,
      1479, 293, 288, -1,
      1479, 288, 1477, -1,
      1477, 288, 287, -1,
      1248, 1481, 1246, -1,
      1246, 1481, 1237, -1,
      1246, 1237, 1482, -1,
      1482, 1237, 1228, -1,
      1482, 1228, 463, -1,
      463, 1228, 483, -1,
      463, 483, 461, -1,
      461, 483, 490, -1,
      1483, 1484, 1485, -1,
      1485, 1484, 919, -1,
      1485, 919, 1486, -1,
      1486, 919, 910, -1,
      1486, 910, 1425, -1,
      1425, 910, 1445, -1,
      1425, 1445, 1423, -1,
      1423, 1445, 1452, -1,
      1106, 1048, 1108, -1,
      1108, 1048, 941, -1,
      1108, 941, 1485, -1,
      1485, 941, 936, -1,
      1485, 936, 1483, -1,
      1483, 936, 935, -1,
      1487, 1488, 1111, -1,
      1111, 1488, 1131, -1,
      1111, 1131, 1109, -1,
      1109, 1131, 1138, -1,
      1489, 1490, 685, -1,
      685, 1490, 1491, -1,
      1492, 1493, 796, -1,
      796, 1493, 1494, -1,
      796, 1494, 1495, -1,
      1489, 1496, 1497, -1,
      1498, 1499, 1500, -1,
      1500, 1499, 1501, -1,
      1500, 1501, 1502, -1,
      1503, 1504, 701, -1,
      1505, 1506, 701, -1,
      701, 1506, 1507, -1,
      701, 1507, 796, -1,
      796, 1507, 1508, -1,
      796, 1508, 1492, -1,
      1495, 1509, 796, -1,
      796, 1509, 1510, -1,
      796, 1510, 793, -1,
      793, 1510, 1511, -1,
      793, 1511, 1512, -1,
      1512, 1513, 793, -1,
      793, 1513, 1514, -1,
      793, 1514, 1515, -1,
      1516, 1498, 1517, -1,
      1503, 701, 1518, -1,
      1504, 1519, 701, -1,
      701, 1519, 1520, -1,
      701, 1520, 1505, -1,
      1497, 1521, 1489, -1,
      1489, 1521, 1522, -1,
      1489, 1522, 1523, -1,
      1498, 1524, 1525, -1,
      1526, 1527, 1528, -1,
      1529, 1502, 1530, -1,
      1530, 1502, 1501, -1,
      1530, 1501, 1491, -1,
      1491, 1501, 1518, -1,
      1491, 1518, 685, -1,
      685, 1518, 701, -1,
      685, 701, 704, -1,
      704, 701, 748, -1,
      1515, 1531, 793, -1,
      793, 1531, 1532, -1,
      793, 1532, 1533, -1,
      1496, 1489, 1533, -1,
      1533, 1489, 685, -1,
      1533, 685, 793, -1,
      793, 685, 784, -1,
      793, 784, 789, -1,
      1516, 1534, 1498, -1,
      1498, 1534, 1535, -1,
      1498, 1535, 1524, -1,
      1525, 1536, 1498, -1,
      1498, 1536, 1537, -1,
      1498, 1537, 1499, -1,
      1538, 1539, 1526, -1,
      1526, 1539, 1540, -1,
      1526, 1540, 1527, -1,
      1541, 1517, 1542, -1,
      1542, 1517, 1543, -1,
      1541, 1544, 1517, -1,
      1517, 1544, 1545, -1,
      1517, 1545, 1516, -1,
      1529, 1546, 1502, -1,
      1502, 1546, 1547, -1,
      1502, 1547, 1548, -1,
      1528, 1549, 1526, -1,
      1526, 1549, 1502, -1,
      1526, 1502, 1550, -1,
      1550, 1502, 1548, -1,
      261, 263, 262, -1,
      262, 263, 265, -1,
      262, 265, 808, -1,
      808, 265, 820, -1,
      808, 820, 806, -1,
      806, 820, 827, -1,
      1551, 1552, 360, -1,
      360, 1552, 1553, -1,
      1554, 1555, 471, -1,
      471, 1555, 1556, -1,
      471, 1556, 1557, -1,
      1551, 1558, 1559, -1,
      1560, 1561, 1562, -1,
      1562, 1561, 1563, -1,
      1562, 1563, 1564, -1,
      1565, 1566, 376, -1,
      1567, 1568, 376, -1,
      376, 1568, 1569, -1,
      376, 1569, 471, -1,
      471, 1569, 1570, -1,
      471, 1570, 1554, -1,
      1557, 1571, 471, -1,
      471, 1571, 1572, -1,
      471, 1572, 468, -1,
      468, 1572, 1573, -1,
      468, 1573, 1574, -1,
      1574, 1575, 468, -1,
      468, 1575, 1576, -1,
      468, 1576, 1577, -1,
      1578, 1560, 1579, -1,
      1565, 376, 1580, -1,
      1566, 1581, 376, -1,
      376, 1581, 1582, -1,
      376, 1582, 1567, -1,
      1559, 1583, 1551, -1,
      1551, 1583, 1584, -1,
      1551, 1584, 1585, -1,
      1560, 1586, 1587, -1,
      1588, 1589, 1590, -1,
      1591, 1564, 1592, -1,
      1592, 1564, 1563, -1,
      1592, 1563, 1553, -1,
      1553, 1563, 1580, -1,
      1553, 1580, 360, -1,
      360, 1580, 376, -1,
      360, 376, 379, -1,
      379, 376, 423, -1,
      1577, 1593, 468, -1,
      468, 1593, 1594, -1,
      468, 1594, 1595, -1,
      1558, 1551, 1595, -1,
      1595, 1551, 360, -1,
      1595, 360, 468, -1,
      468, 360, 459, -1,
      468, 459, 464, -1,
      1578, 1596, 1560, -1,
      1560, 1596, 1597, -1,
      1560, 1597, 1586, -1,
      1587, 1598, 1560, -1,
      1560, 1598, 1599, -1,
      1560, 1599, 1561, -1,
      1600, 1601, 1588, -1,
      1588, 1601, 1602, -1,
      1588, 1602, 1589, -1,
      1603, 1579, 1604, -1,
      1604, 1579, 1605, -1,
      1603, 1606, 1579, -1,
      1579, 1606, 1607, -1,
      1579, 1607, 1578, -1,
      1591, 1608, 1564, -1,
      1564, 1608, 1609, -1,
      1564, 1609, 1610, -1,
      1590, 1611, 1588, -1,
      1588, 1611, 1564, -1,
      1588, 1564, 1612, -1,
      1612, 1564, 1610, -1,
      1227, 1229, 1228, -1,
      1228, 1229, 1231, -1,
      1228, 1231, 483, -1,
      483, 1231, 495, -1,
      483, 495, 481, -1,
      481, 495, 502, -1,
      1613, 1614, 1320, -1,
      1320, 1614, 1615, -1,
      1616, 1617, 1433, -1,
      1433, 1617, 1618, -1,
      1433, 1618, 1619, -1,
      1613, 1620, 1621, -1,
      1622, 1623, 1624, -1,
      1624, 1623, 1625, -1,
      1624, 1625, 1626, -1,
      1627, 1628, 1340, -1,
      1629, 1630, 1340, -1,
      1340, 1630, 1631, -1,
      1340, 1631, 1433, -1,
      1433, 1631, 1632, -1,
      1433, 1632, 1616, -1,
      1619, 1633, 1433, -1,
      1433, 1633, 1634, -1,
      1433, 1634, 1430, -1,
      1430, 1634, 1635, -1,
      1430, 1635, 1636, -1,
      1636, 1637, 1430, -1,
      1430, 1637, 1638, -1,
      1430, 1638, 1639, -1,
      1640, 1622, 1641, -1,
      1627, 1340, 1642, -1,
      1628, 1643, 1340, -1,
      1340, 1643, 1644, -1,
      1340, 1644, 1629, -1,
      1621, 1645, 1613, -1,
      1613, 1645, 1646, -1,
      1613, 1646, 1647, -1,
      1622, 1648, 1649, -1,
      1650, 1651, 1652, -1,
      1653, 1626, 1654, -1,
      1654, 1626, 1625, -1,
      1654, 1625, 1615, -1,
      1615, 1625, 1642, -1,
      1615, 1642, 1320, -1,
      1320, 1642, 1340, -1,
      1320, 1340, 1343, -1,
      1343, 1340, 1383, -1,
      1639, 1655, 1430, -1,
      1430, 1655, 1656, -1,
      1430, 1656, 1657, -1,
      1620, 1613, 1657, -1,
      1657, 1613, 1320, -1,
      1657, 1320, 1430, -1,
      1430, 1320, 1422, -1,
      1430, 1422, 1426, -1,
      1640, 1658, 1622, -1,
      1622, 1658, 1659, -1,
      1622, 1659, 1648, -1,
      1649, 1660, 1622, -1,
      1622, 1660, 1661, -1,
      1622, 1661, 1623, -1,
      1662, 1663, 1650, -1,
      1650, 1663, 1664, -1,
      1650, 1664, 1651, -1,
      1665, 1641, 1666, -1,
      1666, 1641, 1667, -1,
      1665, 1668, 1641, -1,
      1641, 1668, 1669, -1,
      1641, 1669, 1640, -1,
      1653, 1670, 1626, -1,
      1626, 1670, 1671, -1,
      1626, 1671, 1672, -1,
      1652, 1673, 1650, -1,
      1650, 1673, 1626, -1,
      1650, 1626, 1674, -1,
      1674, 1626, 1672, -1,
      909, 911, 910, -1,
      910, 911, 913, -1,
      910, 913, 1445, -1,
      1445, 913, 1457, -1,
      1445, 1457, 1443, -1,
      1443, 1457, 1464, -1,
      1675, 1676, 1008, -1,
      1008, 1676, 1677, -1,
      1678, 1679, 1119, -1,
      1119, 1679, 1680, -1,
      1119, 1680, 1681, -1,
      1675, 1682, 1683, -1,
      1684, 1685, 1686, -1,
      1686, 1685, 1687, -1,
      1686, 1687, 1688, -1,
      1689, 1690, 1024, -1,
      1691, 1692, 1024, -1,
      1024, 1692, 1693, -1,
      1024, 1693, 1119, -1,
      1119, 1693, 1694, -1,
      1119, 1694, 1678, -1,
      1681, 1695, 1119, -1,
      1119, 1695, 1696, -1,
      1119, 1696, 1116, -1,
      1116, 1696, 1697, -1,
      1116, 1697, 1698, -1,
      1698, 1699, 1116, -1,
      1116, 1699, 1700, -1,
      1116, 1700, 1701, -1,
      1702, 1684, 1703, -1,
      1689, 1024, 1704, -1,
      1690, 1705, 1024, -1,
      1024, 1705, 1706, -1,
      1024, 1706, 1691, -1,
      1683, 1707, 1675, -1,
      1675, 1707, 1708, -1,
      1675, 1708, 1709, -1,
      1684, 1710, 1711, -1,
      1712, 1713, 1714, -1,
      1715, 1688, 1716, -1,
      1716, 1688, 1687, -1,
      1716, 1687, 1677, -1,
      1677, 1687, 1704, -1,
      1677, 1704, 1008, -1,
      1008, 1704, 1024, -1,
      1008, 1024, 1027, -1,
      1027, 1024, 1071, -1,
      1701, 1717, 1116, -1,
      1116, 1717, 1718, -1,
      1116, 1718, 1719, -1,
      1682, 1675, 1719, -1,
      1719, 1675, 1008, -1,
      1719, 1008, 1116, -1,
      1116, 1008, 1107, -1,
      1116, 1107, 1112, -1,
      1702, 1720, 1684, -1,
      1684, 1720, 1721, -1,
      1684, 1721, 1710, -1,
      1711, 1722, 1684, -1,
      1684, 1722, 1723, -1,
      1684, 1723, 1685, -1,
      1724, 1725, 1712, -1,
      1712, 1725, 1726, -1,
      1712, 1726, 1713, -1,
      1727, 1703, 1728, -1,
      1728, 1703, 1729, -1,
      1727, 1730, 1703, -1,
      1703, 1730, 1731, -1,
      1703, 1731, 1702, -1,
      1715, 1732, 1688, -1,
      1688, 1732, 1733, -1,
      1688, 1733, 1734, -1,
      1714, 1735, 1712, -1,
      1712, 1735, 1688, -1,
      1712, 1688, 1736, -1,
      1736, 1688, 1734, -1,
      1488, 1737, 1131, -1,
      1131, 1737, 1143, -1,
      1131, 1143, 1129, -1,
      1129, 1143, 1150, -1,
      270, 237, 265, -1,
      265, 237, 200, -1,
      265, 200, 820, -1,
      820, 200, 539, -1,
      820, 539, 796, -1,
      796, 539, 515, -1,
      796, 515, 701, -1,
      701, 515, 517, -1,
      701, 517, 188, -1,
      188, 517, 519, -1,
      188, 519, 186, -1,
      186, 519, 676, -1,
      1236, 1198, 1231, -1,
      1231, 1198, 216, -1,
      1231, 216, 495, -1,
      495, 216, 218, -1,
      495, 218, 471, -1,
      471, 218, 192, -1,
      471, 192, 376, -1,
      376, 192, 194, -1,
      376, 194, 191, -1,
      191, 194, 196, -1,
      191, 196, 189, -1,
      189, 196, 351, -1,
      918, 885, 913, -1,
      913, 885, 848, -1,
      913, 848, 1457, -1,
      1457, 848, 1176, -1,
      1457, 1176, 1433, -1,
      1433, 1176, 1178, -1,
      1433, 1178, 1340, -1,
      1340, 1178, 1180, -1,
      1340, 1180, 182, -1,
      182, 1180, 1182, -1,
      182, 1182, 180, -1,
      180, 1182, 1189, -1,
      1737, 864, 1143, -1,
      1143, 864, 866, -1,
      1143, 866, 1119, -1,
      1119, 866, 840, -1,
      1119, 840, 1024, -1,
      1024, 840, 842, -1,
      1024, 842, 185, -1,
      185, 842, 844, -1,
      185, 844, 183, -1,
      183, 844, 999, -1,
      1738, 1739, 1740, -1,
      604, 1741, 1742, -1,
      1742, 1741, 1743, -1,
      1744, 1745, 1746, -1,
      1746, 1745, 1747, -1,
      1748, 1749, 1750, -1,
      1750, 1749, 1751, -1,
      1746, 1425, 1426, -1,
      1750, 788, 789, -1,
      1752, 1753, 1754, -1,
      1754, 1753, 1755, -1,
      1740, 1487, 1738, -1,
      1738, 1487, 1111, -1,
      1738, 1111, 1112, -1,
      1754, 460, 1751, -1,
      1751, 460, 1479, -1,
      1751, 1479, 1750, -1,
      1750, 1479, 1480, -1,
      1750, 1480, 788, -1,
      1426, 1422, 1746, -1,
      1746, 1422, 1246, -1,
      1746, 1246, 1755, -1,
      1755, 1246, 1482, -1,
      1482, 463, 1755, -1,
      1755, 463, 464, -1,
      1755, 464, 1754, -1,
      1754, 464, 459, -1,
      1754, 459, 460, -1,
      789, 784, 1750, -1,
      1750, 784, 785, -1,
      1750, 785, 1742, -1,
      1742, 785, 602, -1,
      1742, 602, 604, -1,
      1112, 1107, 1738, -1,
      1738, 1107, 1108, -1,
      1738, 1108, 1747, -1,
      1747, 1108, 1485, -1,
      1747, 1485, 1746, -1,
      1746, 1485, 1486, -1,
      1746, 1486, 1425, -1,
      1756, 1757, 1758, -1,
      1758, 1757, 1759, -1,
      1760, 1761, 1762, -1,
      1762, 1761, 1763, -1,
      1762, 208, 210, -1,
      1764, 1765, 1766, -1,
      1766, 1765, 1767, -1,
      1768, 1769, 862, -1,
      862, 1769, 1770, -1,
      862, 1770, 860, -1,
      860, 1770, 858, -1,
      1766, 531, 533, -1,
      1771, 1772, 1773, -1,
      1773, 1772, 525, -1,
      1773, 525, 1767, -1,
      1767, 525, 527, -1,
      1767, 527, 1766, -1,
      1766, 527, 529, -1,
      1766, 529, 531, -1,
      210, 212, 1762, -1,
      1762, 212, 214, -1,
      1762, 214, 1759, -1,
      1759, 214, 1166, -1,
      1166, 1168, 1759, -1,
      1759, 1168, 1170, -1,
      1759, 1170, 1172, -1,
      533, 535, 1766, -1,
      1766, 535, 202, -1,
      1766, 202, 1763, -1,
      1763, 202, 204, -1,
      1763, 204, 1762, -1,
      1762, 204, 206, -1,
      1762, 206, 208, -1,
      1172, 850, 1759, -1,
      1759, 850, 852, -1,
      1759, 852, 1758, -1,
      1758, 852, 854, -1,
      1758, 854, 1770, -1,
      1770, 854, 856, -1,
      1770, 856, 858, -1,
      1774, 1757, 1756, -1,
      1769, 1768, 1775, -1,
      1775, 1768, 1776, -1,
      1775, 1776, 1777, -1,
      1777, 1776, 1778, -1,
      1779, 1778, 1780, -1,
      1780, 1778, 1772, -1,
      1780, 1772, 1771, -1,
      1765, 1764, 1779, -1,
      1779, 1764, 1781, -1,
      1779, 1781, 1778, -1,
      1778, 1781, 1782, -1,
      1761, 1760, 1782, -1,
      1782, 1760, 1783, -1,
      1782, 1783, 1778, -1,
      1778, 1783, 1774, -1,
      1778, 1774, 1777, -1,
      1777, 1774, 1756, -1,
      1784, 1785, 1786, -1,
      1787, 1788, 1789, -1,
      1789, 1790, 1787, -1,
      1787, 1790, 1791, -1,
      1787, 1791, 1792, -1,
      1793, 1786, 1794, -1,
      1785, 1784, 1795, -1,
      1795, 1784, 1796, -1,
      1795, 1796, 1797, -1,
      1798, 1787, 1799, -1,
      1799, 1787, 1792, -1,
      1799, 1792, 1800, -1,
      1800, 1792, 1801, -1,
      1800, 1801, 1802, -1,
      1803, 1804, 1805, -1,
      1805, 1804, 1806, -1,
      1805, 1806, 1807, -1,
      1807, 1806, 1808, -1,
      1807, 1808, 1809, -1,
      1809, 1808, 1810, -1,
      1809, 1810, 1811, -1,
      1811, 1810, 1812, -1,
      1803, 1813, 1804, -1,
      1804, 1813, 1800, -1,
      1804, 1800, 1814, -1,
      1814, 1800, 1802, -1,
      1815, 1816, 1778, -1,
      1797, 1817, 1795, -1,
      1795, 1817, 1818, -1,
      1795, 1818, 1819, -1,
      1819, 1818, 1820, -1,
      1794, 1821, 1793, -1,
      1793, 1821, 1822, -1,
      1793, 1822, 1823, -1,
      1823, 1824, 1793, -1,
      1793, 1824, 1825, -1,
      1793, 1825, 1776, -1,
      1776, 1825, 1826, -1,
      1778, 1827, 1828, -1,
      1815, 1778, 1829, -1,
      1816, 1830, 1778, -1,
      1778, 1830, 1831, -1,
      1778, 1831, 1832, -1,
      1786, 1793, 1784, -1,
      1784, 1793, 1787, -1,
      1784, 1787, 1833, -1,
      1833, 1787, 1798, -1,
      1833, 1798, 1834, -1,
      1834, 1798, 1835, -1,
      1834, 1835, 1836, -1,
      1826, 1837, 1776, -1,
      1776, 1837, 1838, -1,
      1776, 1838, 1839, -1,
      1827, 1778, 1840, -1,
      1841, 1829, 1842, -1,
      1842, 1829, 1778, -1,
      1842, 1778, 1843, -1,
      1843, 1778, 1828, -1,
      1843, 1828, 1844, -1,
      1844, 1828, 1845, -1,
      1844, 1845, 1846, -1,
      1832, 1847, 1778, -1,
      1778, 1847, 1848, -1,
      1778, 1848, 1787, -1,
      1787, 1848, 1849, -1,
      1787, 1849, 1788, -1,
      1841, 1842, 1850, -1,
      1850, 1842, 1851, -1,
      1850, 1851, 1812, -1,
      1812, 1851, 1852, -1,
      1812, 1852, 1811, -1,
      1836, 1853, 1834, -1,
      1834, 1853, 1854, -1,
      1834, 1854, 1855, -1,
      1855, 1854, 1856, -1,
      1857, 1858, 1859, -1,
      1859, 1858, 1860, -1,
      1859, 1860, 1861, -1,
      1861, 1860, 1862, -1,
      1861, 1862, 1863, -1,
      1839, 1864, 1776, -1,
      1776, 1864, 1865, -1,
      1776, 1865, 1778, -1,
      1778, 1865, 1857, -1,
      1778, 1857, 1840, -1,
      1840, 1857, 1859, -1,
      1820, 1818, 1866, -1,
      1866, 1818, 1867, -1,
      1866, 1867, 1868, -1,
      1868, 1867, 1869, -1,
      1868, 1869, 1870, -1,
      1870, 1869, 1871, -1,
      1870, 1871, 1862, -1,
      1862, 1871, 1872, -1,
      1862, 1872, 1863, -1,
      1856, 1854, 1873, -1,
      1873, 1854, 1874, -1,
      1873, 1874, 1875, -1,
      1875, 1874, 1876, -1,
      1875, 1876, 1877, -1,
      1877, 1876, 1878, -1,
      1877, 1878, 1879, -1,
      1879, 1878, 1880, -1,
      1879, 1880, 1845, -1,
      1845, 1880, 1881, -1,
      1845, 1881, 1846, -1,
      1882, 1883, 1793, -1,
      1793, 1883, 1787, -1,
      1884, 1885, 1882, -1,
      1882, 1885, 1883, -1,
      1886, 1887, 1888, -1,
      1888, 1887, 1889, -1,
      1888, 1889, 1890, -1,
      1891, 1892, 1893, -1,
      1893, 1892, 1887, -1,
      1893, 1887, 1894, -1,
      1894, 1887, 1886, -1,
      1894, 1886, 1895, -1,
      1892, 1896, 1897, -1,
      1897, 1896, 1898, -1,
      1899, 1745, 1744, -1,
      1889, 1900, 1890, -1,
      1890, 1900, 1899, -1,
      1890, 1899, 1901, -1,
      1901, 1899, 1744, -1,
      1902, 1740, 1739, -1,
      1739, 1903, 1902, -1,
      1902, 1903, 1904, -1,
      1902, 1904, 1887, -1,
      1887, 1904, 1905, -1,
      1887, 1905, 1889, -1,
      1743, 1741, 1906, -1,
      1906, 1741, 1898, -1,
      1906, 1898, 1907, -1,
      1907, 1898, 1896, -1,
      1908, 1749, 1748, -1,
      1893, 1909, 1891, -1,
      1891, 1909, 1908, -1,
      1891, 1908, 1910, -1,
      1910, 1908, 1748, -1,
      1911, 1753, 1752, -1,
      1886, 1912, 1895, -1,
      1895, 1912, 1911, -1,
      1895, 1911, 1913, -1,
      1913, 1911, 1752, -1,
      1892, 1897, 1887, -1,
      1887, 1897, 1914, -1,
      1887, 1914, 1915, -1,
      1915, 1914, 1916, -1,
      1915, 1916, 1917, -1,
      1917, 1916, 1918, -1,
      1917, 1918, 1919, -1,
      1919, 1918, 1885, -1,
      1919, 1885, 1884, -1,
      1920, 1164, 1921, -1,
      1921, 1164, 1163, -1,
      1921, 1163, 1922, -1,
      1922, 1163, 1181, -1,
      1175, 1923, 1177, -1,
      1177, 1923, 1922, -1,
      1177, 1922, 1179, -1,
      1179, 1922, 1181, -1,
      1922, 1923, 1924, -1,
      1924, 1923, 1925, -1,
      1924, 1925, 1926, -1,
      1926, 1925, 1927, -1,
      1926, 1927, 1921, -1,
      1921, 1927, 1920, -1,
      1925, 1928, 1927, -1,
      1927, 1928, 1929, -1,
      1928, 1930, 1929, -1,
      1929, 1930, 1931, -1,
      158, 160, 1930, -1,
      170, 1931, 168, -1,
      168, 1931, 1930, -1,
      168, 1930, 166, -1,
      170, 172, 1931, -1,
      1931, 172, 174, -1,
      1931, 174, 176, -1,
      160, 162, 1930, -1,
      1930, 162, 164, -1,
      1930, 164, 166, -1,
      158, 1930, 156, -1,
      156, 1930, 1932, -1,
      156, 1932, 154, -1,
      134, 1933, 132, -1,
      132, 1933, 1931, -1,
      132, 1931, 178, -1,
      178, 1931, 176, -1,
      134, 136, 1933, -1,
      1933, 136, 138, -1,
      1933, 138, 140, -1,
      148, 150, 1932, -1,
      1932, 150, 152, -1,
      1932, 152, 154, -1,
      140, 142, 1933, -1,
      1933, 142, 144, -1,
      1933, 144, 1932, -1,
      1932, 144, 146, -1,
      1932, 146, 148, -1,
      1932, 1934, 1933, -1,
      1933, 1934, 1935, -1,
      1934, 1936, 1935, -1,
      1935, 1936, 1937, -1,
      1938, 1939, 1940, -1,
      1940, 1939, 1937, -1,
      1940, 1937, 1941, -1,
      1941, 1937, 1936, -1,
      1941, 1936, 1942, -1,
      1942, 1936, 1943, -1,
      1939, 1938, 1944, -1,
      1939, 1944, 1945, -1,
      1943, 1946, 1947, -1,
      1942, 1943, 1948, -1,
      1948, 1943, 1947, -1,
      1948, 1947, 1944, -1,
      1944, 1947, 1949, -1,
      1944, 1949, 1945, -1,
      1950, 1947, 1946, -1,
      1945, 1949, 1951, -1,
      1946, 1174, 1950, -1,
      1950, 1174, 1173, -1,
      1950, 1173, 1171, -1,
      1171, 1169, 1950, -1,
      1950, 1169, 1167, -1,
      1950, 1167, 1951, -1,
      1951, 1167, 1165, -1,
      1951, 1165, 1945, -1,
      1174, 1946, 1175, -1,
      1175, 1946, 1943, -1,
      1934, 1932, 1930, -1,
      1928, 1925, 1923, -1,
      1934, 1930, 1936, -1,
      1936, 1930, 1928, -1,
      1936, 1928, 1943, -1,
      1943, 1928, 1923, -1,
      1943, 1923, 1175, -1,
      1945, 1165, 1939, -1,
      1939, 1165, 1164, -1,
      1920, 1927, 1929, -1,
      1164, 1920, 1939, -1,
      1939, 1920, 1929, -1,
      1939, 1929, 1937, -1,
      1937, 1929, 1931, -1,
      1937, 1931, 1935, -1,
      1935, 1931, 1933, -1,
      1952, 1953, 1954, -1,
      1954, 1953, 1955, -1,
      1954, 1955, 1956, -1,
      1956, 1955, 1957, -1,
      1956, 1957, 1958, -1,
      1958, 1957, 1959, -1,
      1958, 1959, 1960, -1,
      1960, 1959, 1961, -1,
      1960, 1961, 1962, -1,
      1962, 1961, 1963, -1,
      1962, 1963, 1964, -1,
      1964, 1963, 1965, -1,
      1964, 1965, 1966, -1,
      1966, 1965, 1967, -1,
      1966, 1967, 1968, -1,
      1968, 1967, 1969, -1,
      1968, 1969, 1970, -1,
      1970, 1969, 1971, -1,
      1970, 1971, 1972, -1,
      1972, 1971, 1973, -1,
      1972, 1973, 1974, -1,
      1974, 1973, 1975, -1,
      1974, 1975, 1976, -1,
      1976, 1975, 1977, -1,
      1976, 1977, 1978, -1,
      1978, 1977, 1979, -1,
      1978, 1979, 1980, -1,
      1980, 1979, 1981, -1,
      1980, 1981, 1982, -1,
      1982, 1981, 1983, -1,
      1982, 1983, 1984, -1,
      1984, 1983, 1985, -1,
      1984, 1985, 1986, -1,
      1986, 1985, 1987, -1,
      1986, 1987, 1988, -1,
      1988, 1987, 1989, -1,
      1988, 1989, 1990, -1,
      1990, 1989, 1991, -1,
      1990, 1991, 1992, -1,
      1992, 1991, 1993, -1,
      1992, 1993, 1994, -1,
      1994, 1993, 1995, -1,
      1994, 1995, 1996, -1,
      1996, 1995, 1997, -1,
      1996, 1997, 1998, -1,
      1998, 1997, 1999, -1,
      1998, 1999, 1952, -1,
      1952, 1999, 1953, -1,
      1993, 2000, 1995, -1,
      1995, 2000, 2001, -1,
      1995, 2001, 1997, -1,
      1997, 2001, 2002, -1,
      1997, 2002, 1999, -1,
      1999, 2002, 2003, -1,
      1999, 2003, 1953, -1,
      1953, 2003, 2004, -1,
      1953, 2004, 1955, -1,
      1955, 2004, 2005, -1,
      1955, 2005, 1957, -1,
      1957, 2005, 2006, -1,
      1957, 2006, 1959, -1,
      1959, 2006, 2007, -1,
      1959, 2007, 1961, -1,
      1961, 2007, 2008, -1,
      1961, 2008, 1963, -1,
      1963, 2008, 2009, -1,
      1963, 2009, 1965, -1,
      1965, 2009, 2010, -1,
      1965, 2010, 1967, -1,
      1967, 2010, 2011, -1,
      1967, 2011, 1969, -1,
      1969, 2011, 2012, -1,
      1969, 2012, 1971, -1,
      1971, 2012, 2013, -1,
      1971, 2013, 1973, -1,
      1973, 2013, 2014, -1,
      1973, 2014, 1975, -1,
      1975, 2014, 2015, -1,
      1975, 2015, 1977, -1,
      1977, 2015, 2016, -1,
      1977, 2016, 1979, -1,
      1979, 2016, 2017, -1,
      1979, 2017, 1981, -1,
      1981, 2017, 2018, -1,
      1981, 2018, 1983, -1,
      1983, 2018, 2019, -1,
      1983, 2019, 1985, -1,
      1985, 2019, 2020, -1,
      1985, 2020, 1987, -1,
      1987, 2020, 2021, -1,
      1987, 2021, 1989, -1,
      1989, 2021, 2022, -1,
      1989, 2022, 1991, -1,
      1991, 2022, 2023, -1,
      1991, 2023, 1993, -1,
      1993, 2023, 2000, -1,
      2002, 2024, 2003, -1,
      2003, 2024, 2025, -1,
      2003, 2025, 2004, -1,
      2004, 2025, 2026, -1,
      2004, 2026, 2005, -1,
      2005, 2026, 2027, -1,
      2005, 2027, 2006, -1,
      2006, 2027, 2028, -1,
      2006, 2028, 2007, -1,
      2007, 2028, 2029, -1,
      2007, 2029, 2008, -1,
      2008, 2029, 2030, -1,
      2008, 2030, 2009, -1,
      2009, 2030, 2031, -1,
      2009, 2031, 2010, -1,
      2010, 2031, 2032, -1,
      2010, 2032, 2011, -1,
      2011, 2032, 2033, -1,
      2011, 2033, 2012, -1,
      2012, 2033, 2034, -1,
      2012, 2034, 2013, -1,
      2013, 2034, 2035, -1,
      2013, 2035, 2014, -1,
      2014, 2035, 2036, -1,
      2014, 2036, 2015, -1,
      2015, 2036, 2037, -1,
      2015, 2037, 2016, -1,
      2016, 2037, 2038, -1,
      2016, 2038, 2017, -1,
      2017, 2038, 2039, -1,
      2017, 2039, 2018, -1,
      2018, 2039, 2040, -1,
      2018, 2040, 2019, -1,
      2019, 2040, 2041, -1,
      2019, 2041, 2020, -1,
      2020, 2041, 2042, -1,
      2020, 2042, 2021, -1,
      2021, 2042, 2043, -1,
      2021, 2043, 2022, -1,
      2022, 2043, 2044, -1,
      2022, 2044, 2023, -1,
      2023, 2044, 2045, -1,
      2023, 2045, 2000, -1,
      2000, 2045, 2046, -1,
      2000, 2046, 2001, -1,
      2001, 2046, 2047, -1,
      2001, 2047, 2002, -1,
      2002, 2047, 2024, -1,
      2046, 1875, 2047, -1,
      2047, 1875, 1877, -1,
      2047, 1877, 2024, -1,
      2024, 1877, 1879, -1,
      2024, 1879, 2025, -1,
      2025, 1879, 1845, -1,
      2025, 1845, 2026, -1,
      2026, 1845, 1828, -1,
      2026, 1828, 2027, -1,
      2027, 1828, 1827, -1,
      2027, 1827, 2028, -1,
      2028, 1827, 1840, -1,
      2028, 1840, 2029, -1,
      2029, 1840, 1859, -1,
      2029, 1859, 2030, -1,
      2030, 1859, 1861, -1,
      2030, 1861, 2031, -1,
      2031, 1861, 1863, -1,
      2031, 1863, 2032, -1,
      2032, 1863, 1872, -1,
      2032, 1872, 2033, -1,
      2033, 1872, 1871, -1,
      2033, 1871, 2034, -1,
      2034, 1871, 1869, -1,
      2034, 1869, 2035, -1,
      2035, 1869, 1867, -1,
      2035, 1867, 2036, -1,
      2036, 1867, 1818, -1,
      2036, 1818, 2037, -1,
      2037, 1818, 1817, -1,
      2037, 1817, 2038, -1,
      2038, 1817, 1797, -1,
      2038, 1797, 2039, -1,
      2039, 1797, 1796, -1,
      2039, 1796, 2040, -1,
      2040, 1796, 1784, -1,
      2040, 1784, 2041, -1,
      2041, 1784, 1833, -1,
      2041, 1833, 2042, -1,
      2042, 1833, 1834, -1,
      2042, 1834, 2043, -1,
      2043, 1834, 1855, -1,
      2043, 1855, 2044, -1,
      2044, 1855, 1856, -1,
      2044, 1856, 2045, -1,
      2045, 1856, 1873, -1,
      2045, 1873, 2046, -1,
      2046, 1873, 1875, -1,
      2142, 2143, 2144, -1,
      2144, 2143, 2145, -1,
      2143, 2146, 2145, -1,
      2145, 2146, 2147, -1,
      2146, 1924, 2147, -1,
      2147, 1924, 1926, -1,
      1922, 2148, 1921, -1,
      1921, 2148, 2149, -1,
      1746, 1755, 2150, -1,
      2149, 2148, 2150, -1,
      2150, 2148, 2151, -1,
      2150, 2151, 1746, -1,
      2146, 2143, 2142, -1,
      1922, 1924, 2148, -1,
      2148, 1924, 2146, -1,
      2148, 2146, 2151, -1,
      2151, 2146, 2142, -1,
      2150, 2144, 2147, -1,
      2147, 2144, 2145, -1,
      1926, 1921, 2147, -1,
      2147, 1921, 2149, -1,
      2147, 2149, 2150, -1,
      2142, 1888, 1890, -1,
      1746, 2151, 1744, -1,
      1744, 2151, 2142, -1,
      1744, 2142, 1901, -1,
      1901, 2142, 1890, -1,
      2144, 1886, 2142, -1,
      2142, 1886, 1888, -1,
      2150, 1755, 2144, -1,
      2144, 1755, 1753, -1,
      1753, 1911, 2144, -1,
      2144, 1911, 1912, -1,
      2144, 1912, 1886, -1,
      2428, 2429, 2424, -1,
      2424, 2423, 2425, -1,
      2425, 2426, 2424, -1,
      2424, 2426, 2427, -1,
      2424, 2427, 2428, -1,
      2534, 2535, 2533, -1,
      2533, 2535, 2536, -1,
      2536, 2516, 2533, -1,
      2533, 2516, 2515, -1,
      2533, 2515, 2517, -1,
      2531, 2532, 2524, -1,
      2524, 2532, 2533, -1,
      2524, 2533, 2523, -1,
      2531, 2524, 2530, -1,
      2530, 2524, 2525, -1,
      2530, 2525, 2526, -1,
      2517, 2518, 2533, -1,
      2533, 2518, 2519, -1,
      2533, 2519, 2520, -1,
      2526, 2527, 2530, -1,
      2530, 2527, 2528, -1,
      2530, 2528, 2529, -1,
      2520, 2521, 2533, -1,
      2533, 2521, 2522, -1,
      2533, 2522, 2523, -1,
      1947, 1774, 1949, -1,
      1949, 1774, 1783, -1,
      1950, 1759, 1947, -1,
      1947, 1759, 1757, -1,
      1947, 1757, 1774, -1,
      1762, 1951, 1760, -1,
      1760, 1951, 1949, -1,
      1760, 1949, 1783, -1,
      1951, 1762, 1950, -1,
      1950, 1762, 1759, -1,
      862, 1882, 1768, -1,
      1768, 1882, 1793, -1,
      1768, 1793, 1776, -1,
      862, 864, 1882, -1,
      1882, 864, 1737, -1,
      1882, 1737, 1884, -1,
      1884, 1737, 1919, -1,
      1919, 1737, 1488, -1,
      1919, 1488, 1917, -1,
      1740, 1902, 1887, -1,
      1488, 1487, 1917, -1,
      1917, 1487, 1740, -1,
      1917, 1740, 1915, -1,
      1915, 1740, 1887, -1,
      2925, 849, 2926, -1,
      2926, 849, 847, -1,
      2926, 847, 2927, -1,
      2927, 847, 845, -1,
      2927, 845, 843, -1,
      865, 2928, 867, -1,
      867, 2928, 2927, -1,
      867, 2927, 841, -1,
      841, 2927, 843, -1,
      2927, 2928, 2929, -1,
      2929, 2928, 2930, -1,
      2929, 2930, 2931, -1,
      2931, 2930, 2932, -1,
      2931, 2932, 2926, -1,
      2926, 2932, 2925, -1,
      2930, 2933, 2932, -1,
      2932, 2933, 2934, -1,
      2933, 2935, 2934, -1,
      2934, 2935, 2936, -1,
      2919, 2921, 2936, -1,
      2905, 2907, 2935, -1,
      2935, 2907, 2909, -1,
      2919, 2936, 2917, -1,
      2881, 2883, 2937, -1,
      2909, 2911, 2935, -1,
      2935, 2911, 2913, -1,
      2935, 2913, 2936, -1,
      2936, 2913, 2915, -1,
      2936, 2915, 2917, -1,
      2921, 2923, 2936, -1,
      2936, 2923, 2877, -1,
      2936, 2877, 2937, -1,
      2937, 2877, 2879, -1,
      2937, 2879, 2881, -1,
      2891, 2893, 2938, -1,
      2938, 2893, 2895, -1,
      2938, 2895, 2897, -1,
      2897, 2899, 2938, -1,
      2938, 2899, 2901, -1,
      2938, 2901, 2935, -1,
      2935, 2901, 2903, -1,
      2935, 2903, 2905, -1,
      2883, 2885, 2937, -1,
      2937, 2885, 2887, -1,
      2937, 2887, 2938, -1,
      2938, 2887, 2889, -1,
      2938, 2889, 2891, -1,
      2938, 2939, 2937, -1,
      2937, 2939, 2940, -1,
      2939, 2941, 2940, -1,
      2940, 2941, 2942, -1,
      2943, 2944, 2945, -1,
      2945, 2944, 2942, -1,
      2945, 2942, 2946, -1,
      2946, 2942, 2941, -1,
      2946, 2941, 2947, -1,
      2947, 2941, 2948, -1,
      2944, 2943, 2949, -1,
      2944, 2949, 2950, -1,
      2948, 2951, 2952, -1,
      2947, 2948, 2953, -1,
      2953, 2948, 2952, -1,
      2953, 2952, 2949, -1,
      2949, 2952, 2954, -1,
      2949, 2954, 2950, -1,
      2952, 2951, 2955, -1,
      2955, 2951, 863, -1,
      2950, 2954, 2956, -1,
      863, 861, 2955, -1,
      2955, 861, 859, -1,
      2955, 859, 857, -1,
      857, 855, 2955, -1,
      2955, 855, 853, -1,
      2955, 853, 2956, -1,
      2956, 853, 851, -1,
      2956, 851, 2950, -1,
      863, 2951, 865, -1,
      865, 2951, 2948, -1,
      2939, 2938, 2935, -1,
      2933, 2930, 2928, -1,
      2939, 2935, 2941, -1,
      2941, 2935, 2933, -1,
      2941, 2933, 2948, -1,
      2948, 2933, 2928, -1,
      2948, 2928, 865, -1,
      2950, 851, 2944, -1,
      2944, 851, 849, -1,
      2925, 2932, 2934, -1,
      849, 2925, 2944, -1,
      2944, 2925, 2934, -1,
      2944, 2934, 2942, -1,
      2942, 2934, 2936, -1,
      2942, 2936, 2940, -1,
      2940, 2936, 2937, -1,
      2957, 2958, 2959, -1,
      2959, 2958, 2960, -1,
      2959, 2960, 2961, -1,
      2961, 2960, 2962, -1,
      2961, 2962, 2963, -1,
      2963, 2962, 2964, -1,
      2963, 2964, 2965, -1,
      2965, 2964, 2966, -1,
      2965, 2966, 2967, -1,
      2967, 2966, 2968, -1,
      2967, 2968, 2969, -1,
      2969, 2968, 2970, -1,
      2969, 2970, 2971, -1,
      2971, 2970, 2972, -1,
      2971, 2972, 2973, -1,
      2973, 2972, 2974, -1,
      2973, 2974, 2975, -1,
      2975, 2974, 2976, -1,
      2975, 2976, 2977, -1,
      2977, 2976, 2978, -1,
      2977, 2978, 2979, -1,
      2979, 2978, 2980, -1,
      2979, 2980, 2981, -1,
      2981, 2980, 2982, -1,
      2981, 2982, 2983, -1,
      2983, 2982, 2984, -1,
      2983, 2984, 2985, -1,
      2985, 2984, 2986, -1,
      2985, 2986, 2987, -1,
      2987, 2986, 2988, -1,
      2987, 2988, 2989, -1,
      2989, 2988, 2990, -1,
      2989, 2990, 2991, -1,
      2991, 2990, 2992, -1,
      2991, 2992, 2993, -1,
      2993, 2992, 2994, -1,
      2993, 2994, 2995, -1,
      2995, 2994, 2996, -1,
      2995, 2996, 2997, -1,
      2997, 2996, 2998, -1,
      2997, 2998, 2999, -1,
      2999, 2998, 3000, -1,
      2999, 3000, 3001, -1,
      3001, 3000, 3002, -1,
      3001, 3002, 3003, -1,
      3003, 3002, 3004, -1,
      3003, 3004, 2957, -1,
      2957, 3004, 2958, -1,
      3002, 3005, 3004, -1,
      3004, 3005, 3006, -1,
      3004, 3006, 2958, -1,
      2958, 3006, 3007, -1,
      2958, 3007, 2960, -1,
      2960, 3007, 3008, -1,
      2960, 3008, 2962, -1,
      2962, 3008, 3009, -1,
      2962, 3009, 2964, -1,
      2964, 3009, 3010, -1,
      2964, 3010, 2966, -1,
      2966, 3010, 3011, -1,
      2966, 3011, 2968, -1,
      2968, 3011, 3012, -1,
      2968, 3012, 2970, -1,
      2970, 3012, 3013, -1,
      2970, 3013, 2972, -1,
      2972, 3013, 3014, -1,
      2972, 3014, 2974, -1,
      2974, 3014, 3015, -1,
      2974, 3015, 2976, -1,
      2976, 3015, 3016, -1,
      2976, 3016, 2978, -1,
      2978, 3016, 3017, -1,
      2978, 3017, 2980, -1,
      2980, 3017, 3018, -1,
      2980, 3018, 2982, -1,
      2982, 3018, 3019, -1,
      2982, 3019, 2984, -1,
      2984, 3019, 3020, -1,
      2984, 3020, 2986, -1,
      2986, 3020, 3021, -1,
      2986, 3021, 2988, -1,
      2988, 3021, 3022, -1,
      2988, 3022, 2990, -1,
      2990, 3022, 3023, -1,
      2990, 3023, 2992, -1,
      2992, 3023, 3024, -1,
      2992, 3024, 2994, -1,
      2994, 3024, 3025, -1,
      2994, 3025, 2996, -1,
      2996, 3025, 3026, -1,
      2996, 3026, 2998, -1,
      2998, 3026, 3027, -1,
      2998, 3027, 3000, -1,
      3000, 3027, 3028, -1,
      3000, 3028, 3002, -1,
      3002, 3028, 3005, -1,
      3023, 3029, 3024, -1,
      3024, 3029, 3030, -1,
      3024, 3030, 3025, -1,
      3025, 3030, 3031, -1,
      3025, 3031, 3026, -1,
      3026, 3031, 3032, -1,
      3026, 3032, 3027, -1,
      3027, 3032, 3033, -1,
      3027, 3033, 3028, -1,
      3028, 3033, 3034, -1,
      3028, 3034, 3005, -1,
      3005, 3034, 3035, -1,
      3005, 3035, 3006, -1,
      3006, 3035, 3036, -1,
      3006, 3036, 3007, -1,
      3007, 3036, 3037, -1,
      3007, 3037, 3008, -1,
      3008, 3037, 3038, -1,
      3008, 3038, 3009, -1,
      3009, 3038, 3039, -1,
      3009, 3039, 3010, -1,
      3010, 3039, 3040, -1,
      3010, 3040, 3011, -1,
      3011, 3040, 3041, -1,
      3011, 3041, 3012, -1,
      3012, 3041, 3042, -1,
      3012, 3042, 3013, -1,
      3013, 3042, 3043, -1,
      3013, 3043, 3014, -1,
      3014, 3043, 3044, -1,
      3014, 3044, 3015, -1,
      3015, 3044, 3045, -1,
      3015, 3045, 3016, -1,
      3016, 3045, 3046, -1,
      3016, 3046, 3017, -1,
      3017, 3046, 3047, -1,
      3017, 3047, 3018, -1,
      3018, 3047, 3048, -1,
      3018, 3048, 3019, -1,
      3019, 3048, 3049, -1,
      3019, 3049, 3020, -1,
      3020, 3049, 3050, -1,
      3020, 3050, 3021, -1,
      3021, 3050, 3051, -1,
      3021, 3051, 3022, -1,
      3022, 3051, 3052, -1,
      3022, 3052, 3023, -1,
      3023, 3052, 3029, -1,
      3035, 1868, 3036, -1,
      3036, 1868, 1870, -1,
      3036, 1870, 3037, -1,
      3037, 1870, 1862, -1,
      3037, 1862, 3038, -1,
      3038, 1862, 1860, -1,
      3038, 1860, 3039, -1,
      3039, 1860, 1858, -1,
      3039, 1858, 3040, -1,
      3040, 1858, 1857, -1,
      3040, 1857, 3041, -1,
      3041, 1857, 1865, -1,
      3041, 1865, 3042, -1,
      3042, 1865, 1864, -1,
      3042, 1864, 3043, -1,
      3043, 1864, 1839, -1,
      3043, 1839, 3044, -1,
      3044, 1839, 1838, -1,
      3044, 1838, 3045, -1,
      3045, 1838, 1837, -1,
      3045, 1837, 3046, -1,
      3046, 1837, 1826, -1,
      3046, 1826, 3047, -1,
      3047, 1826, 1825, -1,
      3047, 1825, 3048, -1,
      3048, 1825, 1824, -1,
      3048, 1824, 3049, -1,
      3049, 1824, 1823, -1,
      3049, 1823, 3050, -1,
      3050, 1823, 1822, -1,
      3050, 1822, 3051, -1,
      3051, 1822, 1821, -1,
      3051, 1821, 3052, -1,
      3052, 1821, 1794, -1,
      3052, 1794, 3029, -1,
      3029, 1794, 1786, -1,
      3029, 1786, 3030, -1,
      3030, 1786, 1785, -1,
      3030, 1785, 3031, -1,
      3031, 1785, 1795, -1,
      3031, 1795, 3032, -1,
      3032, 1795, 1819, -1,
      3032, 1819, 3033, -1,
      3033, 1819, 1820, -1,
      3033, 1820, 3034, -1,
      3034, 1820, 1866, -1,
      3034, 1866, 3035, -1,
      3035, 1866, 1868, -1,
      3147, 3148, 3149, -1,
      3149, 3148, 3150, -1,
      3148, 3151, 3150, -1,
      3150, 3151, 3152, -1,
      3151, 2929, 3152, -1,
      3152, 2929, 2931, -1,
      2927, 3153, 2926, -1,
      2926, 3153, 3154, -1,
      1738, 1747, 3155, -1,
      3154, 3153, 3155, -1,
      3155, 3153, 3156, -1,
      3155, 3156, 1738, -1,
      3151, 3148, 3147, -1,
      2927, 2929, 3153, -1,
      3153, 2929, 3151, -1,
      3153, 3151, 3156, -1,
      3156, 3151, 3147, -1,
      3155, 3149, 3152, -1,
      3152, 3149, 3150, -1,
      2931, 2926, 3152, -1,
      3152, 2926, 3154, -1,
      3152, 3154, 3155, -1,
      3147, 1905, 1904, -1,
      1738, 3156, 1739, -1,
      1739, 3156, 3147, -1,
      1739, 3147, 1903, -1,
      1903, 3147, 1904, -1,
      3149, 1889, 3147, -1,
      3147, 1889, 1905, -1,
      3155, 1747, 3149, -1,
      3149, 1747, 1745, -1,
      1745, 1899, 3149, -1,
      3149, 1899, 1900, -1,
      3149, 1900, 1889, -1,
      3433, 3434, 3429, -1,
      3429, 3428, 3430, -1,
      3430, 3431, 3429, -1,
      3429, 3431, 3432, -1,
      3429, 3432, 3433, -1,
      3539, 3540, 3538, -1,
      3538, 3540, 3541, -1,
      3541, 3521, 3538, -1,
      3538, 3521, 3520, -1,
      3538, 3520, 3522, -1,
      3536, 3537, 3529, -1,
      3529, 3537, 3538, -1,
      3529, 3538, 3528, -1,
      3536, 3529, 3535, -1,
      3535, 3529, 3530, -1,
      3535, 3530, 3531, -1,
      3522, 3523, 3538, -1,
      3538, 3523, 3524, -1,
      3538, 3524, 3525, -1,
      3531, 3532, 3535, -1,
      3535, 3532, 3533, -1,
      3535, 3533, 3534, -1,
      3525, 3526, 3538, -1,
      3538, 3526, 3527, -1,
      3538, 3527, 3528, -1,
      2952, 1775, 2954, -1,
      2954, 1775, 1777, -1,
      2955, 1770, 2952, -1,
      2952, 1770, 1769, -1,
      2952, 1769, 1775, -1,
      1758, 2956, 1756, -1,
      1756, 2956, 2954, -1,
      1756, 2954, 1777, -1,
      2956, 1758, 2955, -1,
      2955, 1758, 1770, -1,
      1741, 604, 587, -1,
      1778, 1787, 1772, -1,
      1772, 1787, 1883, -1,
      557, 523, 1883, -1,
      1883, 523, 525, -1,
      1883, 525, 1772, -1,
      1914, 1897, 1916, -1,
      1916, 1897, 1898, -1,
      1898, 1741, 1916, -1,
      1916, 1741, 587, -1,
      1916, 587, 1918, -1,
      1918, 587, 557, -1,
      1918, 557, 1885, -1,
      1885, 557, 1883, -1,
      3930, 524, 3931, -1,
      3931, 524, 522, -1,
      3931, 522, 3932, -1,
      3932, 522, 520, -1,
      3932, 520, 518, -1,
      538, 3933, 540, -1,
      540, 3933, 3932, -1,
      540, 3932, 516, -1,
      516, 3932, 518, -1,
      3932, 3933, 3934, -1,
      3934, 3933, 3935, -1,
      3934, 3935, 3936, -1,
      3936, 3935, 3937, -1,
      3936, 3937, 3931, -1,
      3931, 3937, 3930, -1,
      3935, 3938, 3937, -1,
      3937, 3938, 3939, -1,
      3938, 3940, 3939, -1,
      3939, 3940, 3941, -1,
      3908, 3910, 3940, -1,
      3940, 3910, 3912, -1,
      3940, 3912, 3914, -1,
      3926, 3941, 3924, -1,
      3924, 3941, 3922, -1,
      3914, 3916, 3940, -1,
      3940, 3916, 3918, -1,
      3940, 3918, 3941, -1,
      3941, 3918, 3920, -1,
      3941, 3920, 3922, -1,
      3908, 3940, 3906, -1,
      3906, 3940, 3942, -1,
      3906, 3942, 3904, -1,
      3943, 3886, 3888, -1,
      3896, 3898, 3942, -1,
      3926, 3928, 3941, -1,
      3941, 3928, 3882, -1,
      3941, 3882, 3943, -1,
      3943, 3882, 3884, -1,
      3943, 3884, 3886, -1,
      3888, 3890, 3943, -1,
      3943, 3890, 3892, -1,
      3943, 3892, 3942, -1,
      3942, 3892, 3894, -1,
      3942, 3894, 3896, -1,
      3898, 3900, 3942, -1,
      3942, 3900, 3902, -1,
      3942, 3902, 3904, -1,
      3942, 3944, 3943, -1,
      3943, 3944, 3945, -1,
      3944, 3946, 3945, -1,
      3945, 3946, 3947, -1,
      3948, 3949, 3950, -1,
      3950, 3949, 3947, -1,
      3950, 3947, 3951, -1,
      3951, 3947, 3946, -1,
      3951, 3946, 3952, -1,
      3952, 3946, 3953, -1,
      3949, 3948, 3954, -1,
      3949, 3954, 3955, -1,
      3953, 3956, 3957, -1,
      3952, 3953, 3958, -1,
      3958, 3953, 3957, -1,
      3958, 3957, 3954, -1,
      3954, 3957, 3959, -1,
      3954, 3959, 3955, -1,
      3957, 3956, 3960, -1,
      3960, 3956, 537, -1,
      3955, 3959, 3961, -1,
      537, 536, 3960, -1,
      3960, 536, 534, -1,
      3960, 534, 532, -1,
      532, 530, 3960, -1,
      3960, 530, 528, -1,
      3960, 528, 3961, -1,
      3961, 528, 526, -1,
      3961, 526, 3955, -1,
      537, 3956, 538, -1,
      538, 3956, 3953, -1,
      3944, 3942, 3940, -1,
      3938, 3935, 3933, -1,
      3944, 3940, 3946, -1,
      3946, 3940, 3938, -1,
      3946, 3938, 3953, -1,
      3953, 3938, 3933, -1,
      3953, 3933, 538, -1,
      3955, 526, 3949, -1,
      3949, 526, 524, -1,
      3930, 3937, 3939, -1,
      524, 3930, 3949, -1,
      3949, 3930, 3939, -1,
      3949, 3939, 3947, -1,
      3947, 3939, 3941, -1,
      3947, 3941, 3945, -1,
      3945, 3941, 3943, -1,
      3962, 3963, 3964, -1,
      3964, 3963, 3965, -1,
      3964, 3965, 3966, -1,
      3966, 3965, 3967, -1,
      3966, 3967, 3968, -1,
      3968, 3967, 3969, -1,
      3968, 3969, 3970, -1,
      3970, 3969, 3971, -1,
      3970, 3971, 3972, -1,
      3972, 3971, 3973, -1,
      3972, 3973, 3974, -1,
      3974, 3973, 3975, -1,
      3974, 3975, 3976, -1,
      3976, 3975, 3977, -1,
      3976, 3977, 3978, -1,
      3978, 3977, 3979, -1,
      3978, 3979, 3980, -1,
      3980, 3979, 3981, -1,
      3980, 3981, 3982, -1,
      3982, 3981, 3983, -1,
      3982, 3983, 3984, -1,
      3984, 3983, 3985, -1,
      3984, 3985, 3986, -1,
      3986, 3985, 3987, -1,
      3986, 3987, 3988, -1,
      3988, 3987, 3989, -1,
      3988, 3989, 3990, -1,
      3990, 3989, 3991, -1,
      3990, 3991, 3992, -1,
      3992, 3991, 3993, -1,
      3992, 3993, 3994, -1,
      3994, 3993, 3995, -1,
      3994, 3995, 3996, -1,
      3996, 3995, 3997, -1,
      3996, 3997, 3998, -1,
      3998, 3997, 3999, -1,
      3998, 3999, 4000, -1,
      4000, 3999, 4001, -1,
      4000, 4001, 4002, -1,
      4002, 4001, 4003, -1,
      4002, 4003, 4004, -1,
      4004, 4003, 4005, -1,
      4004, 4005, 4006, -1,
      4006, 4005, 4007, -1,
      4006, 4007, 4008, -1,
      4008, 4007, 4009, -1,
      4008, 4009, 3962, -1,
      3962, 4009, 3963, -1,
      4007, 4010, 4009, -1,
      4009, 4010, 4011, -1,
      4009, 4011, 3963, -1,
      3963, 4011, 4012, -1,
      3963, 4012, 3965, -1,
      3965, 4012, 4013, -1,
      3965, 4013, 3967, -1,
      3967, 4013, 4014, -1,
      3967, 4014, 3969, -1,
      3969, 4014, 4015, -1,
      3969, 4015, 3971, -1,
      3971, 4015, 4016, -1,
      3971, 4016, 3973, -1,
      3973, 4016, 4017, -1,
      3973, 4017, 3975, -1,
      3975, 4017, 4018, -1,
      3975, 4018, 3977, -1,
      3977, 4018, 4019, -1,
      3977, 4019, 3979, -1,
      3979, 4019, 4020, -1,
      3979, 4020, 3981, -1,
      3981, 4020, 4021, -1,
      3981, 4021, 3983, -1,
      3983, 4021, 4022, -1,
      3983, 4022, 3985, -1,
      3985, 4022, 4023, -1,
      3985, 4023, 3987, -1,
      3987, 4023, 4024, -1,
      3987, 4024, 3989, -1,
      3989, 4024, 4025, -1,
      3989, 4025, 3991, -1,
      3991, 4025, 4026, -1,
      3991, 4026, 3993, -1,
      3993, 4026, 4027, -1,
      3993, 4027, 3995, -1,
      3995, 4027, 4028, -1,
      3995, 4028, 3997, -1,
      3997, 4028, 4029, -1,
      3997, 4029, 3999, -1,
      3999, 4029, 4030, -1,
      3999, 4030, 4001, -1,
      4001, 4030, 4031, -1,
      4001, 4031, 4003, -1,
      4003, 4031, 4032, -1,
      4003, 4032, 4005, -1,
      4005, 4032, 4033, -1,
      4005, 4033, 4007, -1,
      4007, 4033, 4010, -1,
      4014, 4034, 4015, -1,
      4015, 4034, 4035, -1,
      4015, 4035, 4016, -1,
      4016, 4035, 4036, -1,
      4016, 4036, 4017, -1,
      4017, 4036, 4037, -1,
      4017, 4037, 4018, -1,
      4018, 4037, 4038, -1,
      4018, 4038, 4019, -1,
      4019, 4038, 4039, -1,
      4019, 4039, 4020, -1,
      4020, 4039, 4040, -1,
      4020, 4040, 4021, -1,
      4021, 4040, 4041, -1,
      4021, 4041, 4022, -1,
      4022, 4041, 4042, -1,
      4022, 4042, 4023, -1,
      4023, 4042, 4043, -1,
      4023, 4043, 4024, -1,
      4024, 4043, 4044, -1,
      4024, 4044, 4025, -1,
      4025, 4044, 4045, -1,
      4025, 4045, 4026, -1,
      4026, 4045, 4046, -1,
      4026, 4046, 4027, -1,
      4027, 4046, 4047, -1,
      4027, 4047, 4028, -1,
      4028, 4047, 4048, -1,
      4028, 4048, 4029, -1,
      4029, 4048, 4049, -1,
      4029, 4049, 4030, -1,
      4030, 4049, 4050, -1,
      4030, 4050, 4031, -1,
      4031, 4050, 4051, -1,
      4031, 4051, 4032, -1,
      4032, 4051, 4052, -1,
      4032, 4052, 4033, -1,
      4033, 4052, 4053, -1,
      4033, 4053, 4010, -1,
      4010, 4053, 4054, -1,
      4010, 4054, 4011, -1,
      4011, 4054, 4055, -1,
      4011, 4055, 4012, -1,
      4012, 4055, 4056, -1,
      4012, 4056, 4013, -1,
      4013, 4056, 4057, -1,
      4013, 4057, 4014, -1,
      4014, 4057, 4034, -1,
      4054, 1848, 4055, -1,
      4055, 1848, 1847, -1,
      4055, 1847, 4056, -1,
      4056, 1847, 1832, -1,
      4056, 1832, 4057, -1,
      4057, 1832, 1831, -1,
      4057, 1831, 4034, -1,
      4034, 1831, 1830, -1,
      4034, 1830, 4035, -1,
      4035, 1830, 1816, -1,
      4035, 1816, 4036, -1,
      4036, 1816, 1815, -1,
      4036, 1815, 4037, -1,
      4037, 1815, 1829, -1,
      4037, 1829, 4038, -1,
      4038, 1829, 1841, -1,
      4038, 1841, 4039, -1,
      4039, 1841, 1850, -1,
      4039, 1850, 4040, -1,
      4040, 1850, 1812, -1,
      4040, 1812, 4041, -1,
      4041, 1812, 1810, -1,
      4041, 1810, 4042, -1,
      4042, 1810, 1808, -1,
      4042, 1808, 4043, -1,
      4043, 1808, 1806, -1,
      4043, 1806, 4044, -1,
      4044, 1806, 1804, -1,
      4044, 1804, 4045, -1,
      4045, 1804, 1814, -1,
      4045, 1814, 4046, -1,
      4046, 1814, 1802, -1,
      4046, 1802, 4047, -1,
      4047, 1802, 1801, -1,
      4047, 1801, 4048, -1,
      4048, 1801, 1792, -1,
      4048, 1792, 4049, -1,
      4049, 1792, 1791, -1,
      4049, 1791, 4050, -1,
      4050, 1791, 1790, -1,
      4050, 1790, 4051, -1,
      4051, 1790, 1789, -1,
      4051, 1789, 4052, -1,
      4052, 1789, 1788, -1,
      4052, 1788, 4053, -1,
      4053, 1788, 1849, -1,
      4053, 1849, 4054, -1,
      4054, 1849, 1848, -1,
      4152, 4153, 4154, -1,
      4154, 4153, 4155, -1,
      4153, 4156, 4155, -1,
      4155, 4156, 4157, -1,
      4156, 3934, 4157, -1,
      4157, 3934, 3936, -1,
      3932, 4158, 3931, -1,
      3931, 4158, 4159, -1,
      1750, 1742, 4160, -1,
      4159, 4158, 4160, -1,
      4160, 4158, 4161, -1,
      4160, 4161, 1750, -1,
      4156, 4153, 4152, -1,
      3932, 3934, 4158, -1,
      4158, 3934, 4156, -1,
      4158, 4156, 4161, -1,
      4161, 4156, 4152, -1,
      4160, 4154, 4157, -1,
      4157, 4154, 4155, -1,
      3936, 3931, 4157, -1,
      4157, 3931, 4159, -1,
      4157, 4159, 4160, -1,
      4152, 1892, 1891, -1,
      1750, 4161, 1748, -1,
      1748, 4161, 4152, -1,
      1748, 4152, 1910, -1,
      1910, 4152, 1891, -1,
      4154, 1896, 4152, -1,
      4152, 1896, 1892, -1,
      4160, 1742, 4154, -1,
      4154, 1742, 1743, -1,
      1743, 1906, 4154, -1,
      4154, 1906, 1907, -1,
      4154, 1907, 1896, -1,
      4438, 4439, 4434, -1,
      4434, 4433, 4435, -1,
      4435, 4436, 4434, -1,
      4434, 4436, 4437, -1,
      4434, 4437, 4438, -1,
      4544, 4545, 4543, -1,
      4543, 4545, 4546, -1,
      4546, 4526, 4543, -1,
      4543, 4526, 4525, -1,
      4543, 4525, 4527, -1,
      4541, 4542, 4534, -1,
      4534, 4542, 4543, -1,
      4534, 4543, 4533, -1,
      4541, 4534, 4540, -1,
      4540, 4534, 4535, -1,
      4540, 4535, 4536, -1,
      4527, 4528, 4543, -1,
      4543, 4528, 4529, -1,
      4543, 4529, 4530, -1,
      4536, 4537, 4540, -1,
      4540, 4537, 4538, -1,
      4540, 4538, 4539, -1,
      4530, 4531, 4543, -1,
      4543, 4531, 4532, -1,
      4543, 4532, 4533, -1,
      3957, 1779, 3959, -1,
      3959, 1779, 1780, -1,
      3960, 1767, 3957, -1,
      3957, 1767, 1765, -1,
      3957, 1765, 1779, -1,
      1773, 3961, 1771, -1,
      1771, 3961, 3959, -1,
      1771, 3959, 1780, -1,
      3961, 1773, 3960, -1,
      3960, 1773, 1767, -1,
      4935, 201, 4936, -1,
      4936, 201, 199, -1,
      4936, 199, 4937, -1,
      4937, 199, 197, -1,
      4937, 197, 195, -1,
      217, 4938, 219, -1,
      219, 4938, 4937, -1,
      219, 4937, 193, -1,
      193, 4937, 195, -1,
      4937, 4938, 4939, -1,
      4939, 4938, 4940, -1,
      4939, 4940, 4941, -1,
      4941, 4940, 4942, -1,
      4941, 4942, 4936, -1,
      4936, 4942, 4935, -1,
      4940, 4943, 4942, -1,
      4942, 4943, 4944, -1,
      4943, 4945, 4944, -1,
      4944, 4945, 4946, -1,
      4925, 4946, 4923, -1,
      4923, 4946, 4945, -1,
      4907, 4947, 4905, -1,
      4905, 4947, 4903, -1,
      4945, 4915, 4917, -1,
      4925, 4927, 4946, -1,
      4946, 4927, 4929, -1,
      4946, 4929, 4931, -1,
      4907, 4909, 4947, -1,
      4947, 4909, 4911, -1,
      4947, 4911, 4945, -1,
      4945, 4911, 4913, -1,
      4945, 4913, 4915, -1,
      4917, 4919, 4945, -1,
      4945, 4919, 4921, -1,
      4945, 4921, 4923, -1,
      4889, 4948, 4887, -1,
      4887, 4948, 4946, -1,
      4887, 4946, 4933, -1,
      4933, 4946, 4931, -1,
      4889, 4891, 4948, -1,
      4948, 4891, 4893, -1,
      4948, 4893, 4895, -1,
      4895, 4897, 4948, -1,
      4948, 4897, 4899, -1,
      4948, 4899, 4947, -1,
      4947, 4899, 4901, -1,
      4947, 4901, 4903, -1,
      4947, 4949, 4948, -1,
      4948, 4949, 4950, -1,
      4949, 4951, 4950, -1,
      4950, 4951, 4952, -1,
      4953, 4954, 4955, -1,
      4955, 4954, 4952, -1,
      4955, 4952, 4956, -1,
      4956, 4952, 4951, -1,
      4956, 4951, 4957, -1,
      4957, 4951, 4958, -1,
      4954, 4953, 4959, -1,
      4954, 4959, 4960, -1,
      4958, 4961, 4962, -1,
      4957, 4958, 4963, -1,
      4963, 4958, 4962, -1,
      4963, 4962, 4959, -1,
      4959, 4962, 4964, -1,
      4959, 4964, 4960, -1,
      4962, 4961, 4965, -1,
      4965, 4961, 215, -1,
      4960, 4964, 4966, -1,
      215, 213, 4965, -1,
      4965, 213, 211, -1,
      4965, 211, 209, -1,
      209, 207, 4965, -1,
      4965, 207, 205, -1,
      4965, 205, 4966, -1,
      4966, 205, 203, -1,
      4966, 203, 4960, -1,
      215, 4961, 217, -1,
      217, 4961, 4958, -1,
      4949, 4947, 4945, -1,
      4943, 4940, 4938, -1,
      4949, 4945, 4951, -1,
      4951, 4945, 4943, -1,
      4951, 4943, 4958, -1,
      4958, 4943, 4938, -1,
      4958, 4938, 217, -1,
      4960, 203, 4954, -1,
      4954, 203, 201, -1,
      4935, 4942, 4944, -1,
      201, 4935, 4954, -1,
      4954, 4935, 4944, -1,
      4954, 4944, 4952, -1,
      4952, 4944, 4946, -1,
      4952, 4946, 4950, -1,
      4950, 4946, 4948, -1,
      4967, 4968, 4969, -1,
      4969, 4968, 4970, -1,
      4969, 4970, 4971, -1,
      4971, 4970, 4972, -1,
      4971, 4972, 4973, -1,
      4973, 4972, 4974, -1,
      4973, 4974, 4975, -1,
      4975, 4974, 4976, -1,
      4975, 4976, 4977, -1,
      4977, 4976, 4978, -1,
      4977, 4978, 4979, -1,
      4979, 4978, 4980, -1,
      4979, 4980, 4981, -1,
      4981, 4980, 4982, -1,
      4981, 4982, 4983, -1,
      4983, 4982, 4984, -1,
      4983, 4984, 4985, -1,
      4985, 4984, 4986, -1,
      4985, 4986, 4987, -1,
      4987, 4986, 4988, -1,
      4987, 4988, 4989, -1,
      4989, 4988, 4990, -1,
      4989, 4990, 4991, -1,
      4991, 4990, 4992, -1,
      4991, 4992, 4993, -1,
      4993, 4992, 4994, -1,
      4993, 4994, 4995, -1,
      4995, 4994, 4996, -1,
      4995, 4996, 4997, -1,
      4997, 4996, 4998, -1,
      4997, 4998, 4999, -1,
      4999, 4998, 5000, -1,
      4999, 5000, 5001, -1,
      5001, 5000, 5002, -1,
      5001, 5002, 5003, -1,
      5003, 5002, 5004, -1,
      5003, 5004, 5005, -1,
      5005, 5004, 5006, -1,
      5005, 5006, 5007, -1,
      5007, 5006, 5008, -1,
      5007, 5008, 5009, -1,
      5009, 5008, 5010, -1,
      5009, 5010, 5011, -1,
      5011, 5010, 5012, -1,
      5011, 5012, 5013, -1,
      5013, 5012, 5014, -1,
      5013, 5014, 4967, -1,
      4967, 5014, 4968, -1,
      5008, 5015, 5010, -1,
      5010, 5015, 5016, -1,
      5010, 5016, 5012, -1,
      5012, 5016, 5017, -1,
      5012, 5017, 5014, -1,
      5014, 5017, 5018, -1,
      5014, 5018, 4968, -1,
      4968, 5018, 5019, -1,
      4968, 5019, 4970, -1,
      4970, 5019, 5020, -1,
      4970, 5020, 4972, -1,
      4972, 5020, 5021, -1,
      4972, 5021, 4974, -1,
      4974, 5021, 5022, -1,
      4974, 5022, 4976, -1,
      4976, 5022, 5023, -1,
      4976, 5023, 4978, -1,
      4978, 5023, 5024, -1,
      4978, 5024, 4980, -1,
      4980, 5024, 5025, -1,
      4980, 5025, 4982, -1,
      4982, 5025, 5026, -1,
      4982, 5026, 4984, -1,
      4984, 5026, 5027, -1,
      4984, 5027, 4986, -1,
      4986, 5027, 5028, -1,
      4986, 5028, 4988, -1,
      4988, 5028, 5029, -1,
      4988, 5029, 4990, -1,
      4990, 5029, 5030, -1,
      4990, 5030, 4992, -1,
      4992, 5030, 5031, -1,
      4992, 5031, 4994, -1,
      4994, 5031, 5032, -1,
      4994, 5032, 4996, -1,
      4996, 5032, 5033, -1,
      4996, 5033, 4998, -1,
      4998, 5033, 5034, -1,
      4998, 5034, 5000, -1,
      5000, 5034, 5035, -1,
      5000, 5035, 5002, -1,
      5002, 5035, 5036, -1,
      5002, 5036, 5004, -1,
      5004, 5036, 5037, -1,
      5004, 5037, 5006, -1,
      5006, 5037, 5038, -1,
      5006, 5038, 5008, -1,
      5008, 5038, 5015, -1,
      5017, 5039, 5018, -1,
      5018, 5039, 5040, -1,
      5018, 5040, 5019, -1,
      5019, 5040, 5041, -1,
      5019, 5041, 5020, -1,
      5020, 5041, 5042, -1,
      5020, 5042, 5021, -1,
      5021, 5042, 5043, -1,
      5021, 5043, 5022, -1,
      5022, 5043, 5044, -1,
      5022, 5044, 5023, -1,
      5023, 5044, 5045, -1,
      5023, 5045, 5024, -1,
      5024, 5045, 5046, -1,
      5024, 5046, 5025, -1,
      5025, 5046, 5047, -1,
      5025, 5047, 5026, -1,
      5026, 5047, 5048, -1,
      5026, 5048, 5027, -1,
      5027, 5048, 5049, -1,
      5027, 5049, 5028, -1,
      5028, 5049, 5050, -1,
      5028, 5050, 5029, -1,
      5029, 5050, 5051, -1,
      5029, 5051, 5030, -1,
      5030, 5051, 5052, -1,
      5030, 5052, 5031, -1,
      5031, 5052, 5053, -1,
      5031, 5053, 5032, -1,
      5032, 5053, 5054, -1,
      5032, 5054, 5033, -1,
      5033, 5054, 5055, -1,
      5033, 5055, 5034, -1,
      5034, 5055, 5056, -1,
      5034, 5056, 5035, -1,
      5035, 5056, 5057, -1,
      5035, 5057, 5036, -1,
      5036, 5057, 5058, -1,
      5036, 5058, 5037, -1,
      5037, 5058, 5059, -1,
      5037, 5059, 5038, -1,
      5038, 5059, 5060, -1,
      5038, 5060, 5015, -1,
      5015, 5060, 5061, -1,
      5015, 5061, 5016, -1,
      5016, 5061, 5062, -1,
      5016, 5062, 5017, -1,
      5017, 5062, 5039, -1,
      5061, 1807, 5062, -1,
      5062, 1807, 1809, -1,
      5062, 1809, 5039, -1,
      5039, 1809, 1811, -1,
      5039, 1811, 5040, -1,
      5040, 1811, 1852, -1,
      5040, 1852, 5041, -1,
      5041, 1852, 1851, -1,
      5041, 1851, 5042, -1,
      5042, 1851, 1842, -1,
      5042, 1842, 5043, -1,
      5043, 1842, 1843, -1,
      5043, 1843, 5044, -1,
      5044, 1843, 1844, -1,
      5044, 1844, 5045, -1,
      5045, 1844, 1846, -1,
      5045, 1846, 5046, -1,
      5046, 1846, 1881, -1,
      5046, 1881, 5047, -1,
      5047, 1881, 1880, -1,
      5047, 1880, 5048, -1,
      5048, 1880, 1878, -1,
      5048, 1878, 5049, -1,
      5049, 1878, 1876, -1,
      5049, 1876, 5050, -1,
      5050, 1876, 1874, -1,
      5050, 1874, 5051, -1,
      5051, 1874, 1854, -1,
      5051, 1854, 5052, -1,
      5052, 1854, 1853, -1,
      5052, 1853, 5053, -1,
      5053, 1853, 1836, -1,
      5053, 1836, 5054, -1,
      5054, 1836, 1835, -1,
      5054, 1835, 5055, -1,
      5055, 1835, 1798, -1,
      5055, 1798, 5056, -1,
      5056, 1798, 1799, -1,
      5056, 1799, 5057, -1,
      5057, 1799, 1800, -1,
      5057, 1800, 5058, -1,
      5058, 1800, 1813, -1,
      5058, 1813, 5059, -1,
      5059, 1813, 1803, -1,
      5059, 1803, 5060, -1,
      5060, 1803, 1805, -1,
      5060, 1805, 5061, -1,
      5061, 1805, 1807, -1,
      5157, 5158, 5159, -1,
      5159, 5158, 5160, -1,
      5158, 5161, 5160, -1,
      5160, 5161, 5162, -1,
      5161, 4939, 5162, -1,
      5162, 4939, 4941, -1,
      4937, 5163, 4936, -1,
      4936, 5163, 5164, -1,
      1754, 1751, 5165, -1,
      5164, 5163, 5165, -1,
      5165, 5163, 5166, -1,
      5165, 5166, 1754, -1,
      5161, 5158, 5157, -1,
      4937, 4939, 5163, -1,
      5163, 4939, 5161, -1,
      5163, 5161, 5166, -1,
      5166, 5161, 5157, -1,
      5165, 5159, 5162, -1,
      5162, 5159, 5160, -1,
      4941, 4936, 5162, -1,
      5162, 4936, 5164, -1,
      5162, 5164, 5165, -1,
      5157, 1894, 1895, -1,
      1754, 5166, 1752, -1,
      1752, 5166, 5157, -1,
      1752, 5157, 1913, -1,
      1913, 5157, 1895, -1,
      5159, 1893, 5157, -1,
      5157, 1893, 1894, -1,
      5165, 1751, 5159, -1,
      5159, 1751, 1749, -1,
      1749, 1908, 5159, -1,
      5159, 1908, 1909, -1,
      5159, 1909, 1893, -1,
      5443, 5444, 5439, -1,
      5439, 5438, 5440, -1,
      5440, 5441, 5439, -1,
      5439, 5441, 5442, -1,
      5439, 5442, 5443, -1,
      5549, 5550, 5548, -1,
      5548, 5550, 5551, -1,
      5551, 5531, 5548, -1,
      5548, 5531, 5530, -1,
      5548, 5530, 5532, -1,
      5546, 5547, 5539, -1,
      5539, 5547, 5548, -1,
      5539, 5548, 5538, -1,
      5546, 5539, 5545, -1,
      5545, 5539, 5540, -1,
      5545, 5540, 5541, -1,
      5532, 5533, 5548, -1,
      5548, 5533, 5534, -1,
      5548, 5534, 5535, -1,
      5541, 5542, 5545, -1,
      5545, 5542, 5543, -1,
      5545, 5543, 5544, -1,
      5535, 5536, 5548, -1,
      5548, 5536, 5537, -1,
      5548, 5537, 5538, -1,
      4962, 1782, 4964, -1,
      4964, 1782, 1781, -1,
      4965, 1763, 4962, -1,
      4962, 1763, 1761, -1,
      4962, 1761, 1782, -1,
      1766, 4966, 1764, -1,
      1764, 4966, 4964, -1,
      1764, 4964, 1781, -1,
      4966, 1766, 4965, -1,
      4965, 1766, 1763, -1,
    ]
    creaseAngle 0.55
    solid FALSE
  }
}

Shape {
  appearance Appearance {
    material Material { diffuseColor 1 0.94902 0.898039 specularColor 0.0117647 0.00784314 0.00784314 shininess 0.45 }
  }
  geometry IndexedFaceSet {
    coord USE KF_COORD
    coordIndex [
      2353, 1186, 2354, -1,
      2354, 1186, 1184, -1,
      2355, 1221, 2353, -1,
      2353, 1221, 1186, -1,
      2356, 1224, 2355, -1,
      2355, 1224, 1218, -1,
      2355, 1218, 1221, -1,
      1224, 2356, 2357, -1,
      1224, 2357, 1225, -1,
      1225, 2357, 2358, -1,
      1225, 2358, 1213, -1,
      1213, 2358, 2359, -1,
      1213, 2359, 1214, -1,
      1214, 2359, 2360, -1,
      1214, 2360, 1215, -1,
      1215, 2360, 2361, -1,
      1215, 2361, 1210, -1,
      1210, 2361, 2362, -1,
      1210, 2362, 1194, -1,
      1194, 2362, 2363, -1,
      1194, 2363, 1190, -1,
      1190, 2363, 2364, -1,
      1190, 2364, 1191, -1,
      1191, 2364, 2365, -1,
      1191, 2365, 1195, -1,
      1195, 2365, 2366, -1,
      1195, 2366, 1196, -1,
      1196, 2366, 2367, -1,
      1196, 2367, 1197, -1,
      1197, 2367, 2368, -1,
      1197, 2368, 1204, -1,
      1204, 2368, 2369, -1,
      1204, 2369, 1203, -1,
      1203, 2369, 2370, -1,
      1203, 2370, 1202, -1,
      1202, 2370, 1200, -1,
      1200, 2370, 2371, -1,
      1200, 2371, 1294, -1,
      2372, 1268, 2371, -1,
      2371, 1268, 1294, -1,
      1268, 2372, 2373, -1,
      1268, 2373, 1269, -1,
      1269, 2373, 2374, -1,
      1269, 2374, 1285, -1,
      1285, 2374, 2375, -1,
      1285, 2375, 1286, -1,
      1286, 2375, 2376, -1,
      1286, 2376, 1312, -1,
      2377, 1311, 2376, -1,
      2376, 1311, 1312, -1,
      1311, 2377, 2378, -1,
      1311, 2378, 1309, -1,
      1309, 2378, 2379, -1,
      1309, 2379, 1307, -1,
      1307, 2379, 1248, -1,
      1248, 2379, 2380, -1,
      1248, 2380, 1481, -1,
      2381, 1237, 2380, -1,
      2380, 1237, 1481, -1,
      2382, 1239, 2381, -1,
      2381, 1239, 1238, -1,
      2381, 1238, 1237, -1,
      2383, 1240, 2382, -1,
      2382, 1240, 1239, -1,
      1240, 2383, 2384, -1,
      1240, 2384, 1241, -1,
      1241, 2384, 2385, -1,
      1241, 2385, 1242, -1,
      2386, 1243, 2385, -1,
      2385, 1243, 1242, -1,
      1243, 2386, 2387, -1,
      1243, 2387, 1244, -1,
      1244, 2387, 2388, -1,
      1244, 2388, 1245, -1,
      1245, 2388, 2389, -1,
      1245, 2389, 1226, -1,
      1226, 2389, 2390, -1,
      1226, 2390, 1227, -1,
      1227, 2390, 2391, -1,
      1227, 2391, 1229, -1,
      1229, 2391, 2392, -1,
      1229, 2392, 1230, -1,
      1230, 2392, 2393, -1,
      1230, 2393, 1232, -1,
      1232, 2393, 2394, -1,
      1232, 2394, 1233, -1,
      1233, 2394, 2395, -1,
      1233, 2395, 1234, -1,
      2396, 1235, 2395, -1,
      2395, 1235, 1234, -1,
      1235, 2396, 1236, -1,
      1236, 2396, 2397, -1,
      1236, 2397, 1198, -1,
      1198, 2397, 2398, -1,
      1198, 2398, 1199, -1,
      1199, 2398, 2399, -1,
      1199, 2399, 1211, -1,
      1211, 2399, 2400, -1,
      1211, 2400, 1212, -1,
      1212, 2400, 2401, -1,
      1212, 2401, 1192, -1,
      1192, 2401, 2402, -1,
      1192, 2402, 1193, -1,
      1193, 2402, 2403, -1,
      1193, 2403, 1205, -1,
      1205, 2403, 2404, -1,
      1205, 2404, 1206, -1,
      1206, 2404, 2405, -1,
      1206, 2405, 1207, -1,
      1207, 2405, 2406, -1,
      1207, 2406, 1208, -1,
      1208, 2406, 2407, -1,
      1208, 2407, 1209, -1,
      1209, 2407, 2408, -1,
      1209, 2408, 1223, -1,
      1223, 2408, 2409, -1,
      1223, 2409, 1216, -1,
      1216, 2409, 2410, -1,
      1216, 2410, 1217, -1,
      1217, 2410, 2411, -1,
      1217, 2411, 1219, -1,
      1219, 2411, 2412, -1,
      1219, 2412, 1220, -1,
      1220, 2412, 2413, -1,
      1220, 2413, 1222, -1,
      2414, 1185, 2413, -1,
      2413, 1185, 1187, -1,
      2413, 1187, 1222, -1,
      2415, 1183, 2414, -1,
      2414, 1183, 1185, -1,
      2415, 2354, 1183, -1,
      1183, 2354, 1184, -1,
      2416, 2380, 2417, -1,
      2417, 2380, 2379, -1,
      2356, 2355, 2370, -1,
      2415, 2418, 2419, -1,
      2388, 2387, 2414, -1,
      2414, 2387, 2386, -1,
      2419, 2420, 2415, -1,
      2415, 2420, 2421, -1,
      2415, 2421, 2354, -1,
      2354, 2421, 2422, -1,
      2378, 2353, 2379, -1,
      2379, 2353, 2354, -1,
      2379, 2354, 2417, -1,
      2417, 2354, 2422, -1,
      2386, 2385, 2414, -1,
      2414, 2385, 2384, -1,
      2414, 2384, 2415, -1,
      2415, 2384, 2383, -1,
      2415, 2383, 2418, -1,
      2418, 2383, 2382, -1,
      2418, 2382, 2416, -1,
      2416, 2382, 2381, -1,
      2416, 2381, 2380, -1,
      2353, 2372, 2355, -1,
      2355, 2372, 2371, -1,
      2355, 2371, 2370, -1,
      2399, 2398, 2413, -1,
      2413, 2398, 2397, -1,
      2413, 2397, 2414, -1,
      2414, 2397, 2396, -1,
      2396, 2395, 2414, -1,
      2414, 2395, 2394, -1,
      2414, 2394, 2388, -1,
      2388, 2394, 2393, -1,
      2388, 2393, 2389, -1,
      2378, 2377, 2353, -1,
      2353, 2377, 2376, -1,
      2353, 2376, 2375, -1,
      2369, 2358, 2370, -1,
      2370, 2358, 2357, -1,
      2370, 2357, 2356, -1,
      2375, 2374, 2353, -1,
      2353, 2374, 2373, -1,
      2353, 2373, 2372, -1,
      2392, 2391, 2393, -1,
      2393, 2391, 2390, -1,
      2393, 2390, 2389, -1,
      2411, 2402, 2412, -1,
      2412, 2402, 2401, -1,
      2412, 2401, 2413, -1,
      2413, 2401, 2400, -1,
      2413, 2400, 2399, -1,
      2411, 2410, 2402, -1,
      2402, 2410, 2409, -1,
      2402, 2409, 2403, -1,
      2368, 2360, 2369, -1,
      2369, 2360, 2359, -1,
      2369, 2359, 2358, -1,
      2368, 2367, 2360, -1,
      2360, 2367, 2366, -1,
      2360, 2366, 2365, -1,
      2362, 2361, 2363, -1,
      2363, 2361, 2360, -1,
      2363, 2360, 2364, -1,
      2364, 2360, 2365, -1,
      2407, 2406, 2408, -1,
      2408, 2406, 2405, -1,
      2408, 2405, 2409, -1,
      2409, 2405, 2404, -1,
      2409, 2404, 2403, -1,
      2417, 2423, 2416, -1,
      2416, 2423, 2424, -1,
      2423, 2417, 2422, -1,
      2423, 2422, 2425, -1,
      2425, 2422, 2421, -1,
      2425, 2421, 2426, -1,
      2426, 2421, 2420, -1,
      2426, 2420, 2427, -1,
      2419, 2428, 2420, -1,
      2420, 2428, 2427, -1,
      2418, 2429, 2419, -1,
      2419, 2429, 2428, -1,
      2424, 2429, 2416, -1,
      2416, 2429, 2418, -1,
      2430, 1275, 2431, -1,
      2431, 1275, 1274, -1,
      1275, 2430, 2432, -1,
      1275, 2432, 1291, -1,
      1291, 2432, 2433, -1,
      1291, 2433, 1292, -1,
      1292, 2433, 2434, -1,
      1292, 2434, 1293, -1,
      1293, 2434, 2435, -1,
      1293, 2435, 1264, -1,
      1264, 2435, 2436, -1,
      1264, 2436, 1265, -1,
      1265, 2436, 2437, -1,
      1265, 2437, 1266, -1,
      1266, 2437, 2438, -1,
      1266, 2438, 1267, -1,
      1267, 2438, 2439, -1,
      1267, 2439, 1313, -1,
      1313, 2439, 2440, -1,
      1313, 2440, 1314, -1,
      2441, 1315, 2440, -1,
      2440, 1315, 1314, -1,
      2442, 1316, 2441, -1,
      2441, 1316, 1315, -1,
      1316, 2442, 2443, -1,
      1316, 2443, 1317, -1,
      1317, 2443, 2444, -1,
      1317, 2444, 1302, -1,
      2445, 1303, 2444, -1,
      2444, 1303, 1302, -1,
      2446, 1304, 2445, -1,
      2445, 1304, 1303, -1,
      1304, 2446, 2447, -1,
      1304, 2447, 1283, -1,
      1283, 2447, 2448, -1,
      1283, 2448, 1282, -1,
      1282, 2448, 2449, -1,
      1282, 2449, 1255, -1,
      1255, 2449, 2450, -1,
      1255, 2450, 1256, -1,
      1256, 2450, 2451, -1,
      1256, 2451, 1257, -1,
      1257, 2451, 2452, -1,
      1257, 2452, 1258, -1,
      1258, 2452, 2453, -1,
      1258, 2453, 1259, -1,
      1259, 2453, 2454, -1,
      1259, 2454, 1305, -1,
      1305, 2454, 2455, -1,
      1305, 2455, 1306, -1,
      1306, 2455, 2456, -1,
      1306, 2456, 1308, -1,
      1308, 2456, 2457, -1,
      1308, 2457, 1310, -1,
      1310, 2457, 2458, -1,
      1310, 2458, 1284, -1,
      1284, 2458, 2459, -1,
      1284, 2459, 1270, -1,
      1270, 2459, 2460, -1,
      1270, 2460, 1251, -1,
      1251, 2460, 2461, -1,
      1251, 2461, 1252, -1,
      1252, 2461, 2462, -1,
      1252, 2462, 1279, -1,
      1279, 2462, 2463, -1,
      1279, 2463, 1280, -1,
      2464, 1281, 2463, -1,
      2463, 1281, 1280, -1,
      1281, 2464, 2465, -1,
      1281, 2465, 1295, -1,
      1295, 2465, 2466, -1,
      1295, 2466, 1296, -1,
      1296, 2466, 1201, -1,
      1201, 2466, 2467, -1,
      1201, 2467, 1188, -1,
      1188, 2467, 2468, -1,
      1188, 2468, 1189, -1,
      180, 1189, 2469, -1,
      2469, 1189, 2468, -1,
      180, 2469, 181, -1,
      181, 2469, 2470, -1,
      181, 2470, 1271, -1,
      1271, 2470, 2471, -1,
      1271, 2471, 1272, -1,
      1272, 2471, 2472, -1,
      1272, 2472, 1273, -1,
      1273, 2472, 2473, -1,
      1273, 2473, 1300, -1,
      2474, 1301, 2473, -1,
      2473, 1301, 1300, -1,
      1301, 2474, 2475, -1,
      1301, 2475, 1297, -1,
      1297, 2475, 2476, -1,
      1297, 2476, 1298, -1,
      1298, 2476, 2477, -1,
      1298, 2477, 1299, -1,
      1299, 2477, 2478, -1,
      1299, 2478, 1253, -1,
      1253, 2478, 2479, -1,
      1253, 2479, 1254, -1,
      1254, 2479, 2480, -1,
      1254, 2480, 1287, -1,
      1287, 2480, 2481, -1,
      1287, 2481, 1288, -1,
      1288, 2481, 2482, -1,
      1288, 2482, 1289, -1,
      1289, 2482, 2483, -1,
      1289, 2483, 1249, -1,
      1249, 2483, 2484, -1,
      1249, 2484, 1250, -1,
      1250, 2484, 2485, -1,
      1250, 2485, 1263, -1,
      1263, 2485, 2486, -1,
      1263, 2486, 1262, -1,
      1262, 2486, 2487, -1,
      1262, 2487, 1260, -1,
      1260, 2487, 2488, -1,
      1260, 2488, 1276, -1,
      2489, 1277, 2488, -1,
      2488, 1277, 1276, -1,
      2490, 1278, 2489, -1,
      2489, 1278, 1277, -1,
      2491, 1261, 2490, -1,
      2490, 1261, 1278, -1,
      1261, 2491, 2492, -1,
      1261, 2492, 1290, -1,
      1290, 2492, 2431, -1,
      1290, 2431, 1274, -1,
      2477, 2476, 2488, -1,
      2442, 2441, 2493, -1,
      2441, 2440, 2430, -1,
      2430, 2440, 2439, -1,
      2430, 2439, 2432, -1,
      2430, 2431, 2441, -1,
      2441, 2431, 2492, -1,
      2441, 2492, 2493, -1,
      2493, 2492, 2491, -1,
      2493, 2491, 2494, -1,
      2495, 2496, 2472, -1,
      2472, 2496, 2497, -1,
      2472, 2497, 2498, -1,
      2476, 2475, 2488, -1,
      2488, 2475, 2474, -1,
      2488, 2474, 2489, -1,
      2489, 2474, 2473, -1,
      2489, 2473, 2490, -1,
      2490, 2473, 2472, -1,
      2472, 2471, 2495, -1,
      2495, 2471, 2465, -1,
      2495, 2465, 2499, -1,
      2491, 2490, 2494, -1,
      2494, 2490, 2472, -1,
      2494, 2472, 2500, -1,
      2500, 2472, 2498, -1,
      2501, 2502, 2446, -1,
      2446, 2502, 2447, -1,
      2447, 2502, 2503, -1,
      2447, 2503, 2448, -1,
      2485, 2484, 2483, -1,
      2446, 2445, 2501, -1,
      2501, 2445, 2444, -1,
      2501, 2444, 2493, -1,
      2493, 2444, 2443, -1,
      2493, 2443, 2442, -1,
      2448, 2503, 2449, -1,
      2449, 2503, 2504, -1,
      2449, 2504, 2450, -1,
      2488, 2481, 2480, -1,
      2438, 2434, 2439, -1,
      2439, 2434, 2433, -1,
      2439, 2433, 2432, -1,
      2438, 2437, 2434, -1,
      2434, 2437, 2436, -1,
      2434, 2436, 2435, -1,
      2505, 2506, 2458, -1,
      2481, 2488, 2482, -1,
      2482, 2488, 2487, -1,
      2482, 2487, 2483, -1,
      2483, 2487, 2486, -1,
      2483, 2486, 2485, -1,
      2480, 2479, 2488, -1,
      2488, 2479, 2478, -1,
      2488, 2478, 2477, -1,
      2469, 2468, 2470, -1,
      2470, 2468, 2467, -1,
      2470, 2467, 2471, -1,
      2471, 2467, 2466, -1,
      2471, 2466, 2465, -1,
      2458, 2506, 2459, -1,
      2465, 2464, 2499, -1,
      2499, 2464, 2463, -1,
      2499, 2463, 2462, -1,
      2506, 2507, 2459, -1,
      2459, 2507, 2508, -1,
      2459, 2508, 2460, -1,
      2460, 2508, 2499, -1,
      2460, 2499, 2461, -1,
      2461, 2499, 2462, -1,
      2450, 2504, 2451, -1,
      2451, 2504, 2509, -1,
      2451, 2509, 2452, -1,
      2452, 2509, 2510, -1,
      2452, 2510, 2453, -1,
      2453, 2510, 2511, -1,
      2453, 2511, 2454, -1,
      2511, 2512, 2454, -1,
      2454, 2512, 2513, -1,
      2454, 2513, 2455, -1,
      2455, 2513, 2514, -1,
      2455, 2514, 2456, -1,
      2456, 2514, 2505, -1,
      2456, 2505, 2457, -1,
      2457, 2505, 2458, -1,
      2497, 2515, 2498, -1,
      2498, 2515, 2516, -1,
      2515, 2497, 2496, -1,
      2515, 2496, 2517, -1,
      2517, 2496, 2495, -1,
      2517, 2495, 2518, -1,
      2518, 2495, 2499, -1,
      2518, 2499, 2519, -1,
      2519, 2499, 2508, -1,
      2519, 2508, 2520, -1,
      2520, 2508, 2507, -1,
      2520, 2507, 2521, -1,
      2521, 2507, 2506, -1,
      2521, 2506, 2522, -1,
      2522, 2506, 2505, -1,
      2522, 2505, 2523, -1,
      2523, 2505, 2514, -1,
      2523, 2514, 2524, -1,
      2524, 2514, 2513, -1,
      2524, 2513, 2525, -1,
      2525, 2513, 2512, -1,
      2525, 2512, 2526, -1,
      2526, 2512, 2511, -1,
      2526, 2511, 2527, -1,
      2527, 2511, 2510, -1,
      2527, 2510, 2528, -1,
      2528, 2510, 2509, -1,
      2528, 2509, 2529, -1,
      2529, 2509, 2504, -1,
      2529, 2504, 2530, -1,
      2530, 2504, 2503, -1,
      2530, 2503, 2531, -1,
      2531, 2503, 2502, -1,
      2531, 2502, 2532, -1,
      2532, 2502, 2501, -1,
      2532, 2501, 2533, -1,
      2493, 2534, 2501, -1,
      2501, 2534, 2533, -1,
      2494, 2535, 2493, -1,
      2493, 2535, 2534, -1,
      2535, 2494, 2500, -1,
      2535, 2500, 2536, -1,
      2536, 2500, 2498, -1,
      2536, 2498, 2516, -1,
      2537, 1326, 2538, -1,
      2538, 1326, 1325, -1,
      1326, 2537, 2539, -1,
      1326, 2539, 1328, -1,
      1328, 2539, 2540, -1,
      1328, 2540, 1338, -1,
      1338, 2540, 2541, -1,
      1338, 2541, 1337, -1,
      2542, 1329, 2541, -1,
      2541, 1329, 1337, -1,
      2543, 1366, 2542, -1,
      2542, 1366, 1329, -1,
      1366, 2543, 2544, -1,
      1366, 2544, 1348, -1,
      1348, 2544, 2545, -1,
      1348, 2545, 1349, -1,
      1349, 2545, 2546, -1,
      1349, 2546, 1351, -1,
      1351, 2546, 2547, -1,
      1351, 2547, 1353, -1,
      1353, 2547, 2548, -1,
      1353, 2548, 1387, -1,
      1387, 2548, 2549, -1,
      1387, 2549, 1388, -1,
      1388, 2549, 2550, -1,
      1388, 2550, 1339, -1,
      1339, 2550, 2551, -1,
      1339, 2551, 1321, -1,
      1321, 2551, 2552, -1,
      1321, 2552, 1322, -1,
      1322, 2552, 2553, -1,
      1322, 2553, 1378, -1,
      1378, 2553, 2554, -1,
      1378, 2554, 1379, -1,
      2555, 1363, 2554, -1,
      2554, 1363, 1379, -1,
      2556, 1364, 2555, -1,
      2555, 1364, 1363, -1,
      2557, 1365, 2556, -1,
      2556, 1365, 1364, -1,
      1365, 2557, 2558, -1,
      1365, 2558, 1381, -1,
      1381, 2558, 2559, -1,
      1381, 2559, 1380, -1,
      2560, 1323, 2559, -1,
      2559, 1323, 1380, -1,
      2561, 1367, 2560, -1,
      2560, 1367, 1323, -1,
      1367, 2561, 2562, -1,
      1367, 2562, 1389, -1,
      1389, 2562, 2563, -1,
      1389, 2563, 1390, -1,
      1390, 2563, 2564, -1,
      1390, 2564, 1391, -1,
      1391, 2564, 2565, -1,
      1391, 2565, 1368, -1,
      1368, 2565, 2566, -1,
      1368, 2566, 1369, -1,
      1369, 2566, 2567, -1,
      1369, 2567, 1370, -1,
      1370, 2567, 2568, -1,
      1370, 2568, 1392, -1,
      1392, 2568, 2569, -1,
      1392, 2569, 1393, -1,
      1393, 2569, 2570, -1,
      1393, 2570, 1394, -1,
      1394, 2570, 2571, -1,
      1394, 2571, 1395, -1,
      1395, 2571, 2572, -1,
      1395, 2572, 1396, -1,
      1396, 2572, 2573, -1,
      1396, 2573, 1397, -1,
      2574, 1416, 2573, -1,
      2573, 1416, 1397, -1,
      1416, 2574, 2575, -1,
      1416, 2575, 1417, -1,
      1417, 2575, 2576, -1,
      1417, 2576, 1405, -1,
      2577, 1406, 2576, -1,
      2576, 1406, 1405, -1,
      1406, 2577, 2578, -1,
      1406, 2578, 1407, -1,
      1407, 2578, 2579, -1,
      1407, 2579, 1372, -1,
      1372, 2579, 2580, -1,
      1372, 2580, 1371, -1,
      1371, 2580, 2581, -1,
      1371, 2581, 1341, -1,
      1341, 2581, 2582, -1,
      1341, 2582, 1342, -1,
      1342, 2582, 2583, -1,
      1342, 2583, 1356, -1,
      1356, 2583, 2584, -1,
      1356, 2584, 1357, -1,
      1357, 2584, 2585, -1,
      1357, 2585, 1358, -1,
      1358, 2585, 2586, -1,
      1358, 2586, 1373, -1,
      1373, 2586, 2587, -1,
      1373, 2587, 1374, -1,
      1374, 2587, 2588, -1,
      1374, 2588, 1375, -1,
      1375, 2588, 2589, -1,
      1375, 2589, 1408, -1,
      1408, 2589, 2590, -1,
      1408, 2590, 1409, -1,
      2591, 1410, 2590, -1,
      2590, 1410, 1409, -1,
      1410, 2591, 2592, -1,
      1410, 2592, 1420, -1,
      1420, 2592, 2593, -1,
      1420, 2593, 1419, -1,
      2594, 1418, 2593, -1,
      2593, 1418, 1419, -1,
      1418, 2594, 2595, -1,
      1418, 2595, 1382, -1,
      1382, 2595, 2596, -1,
      1382, 2596, 1383, -1,
      1383, 2596, 2597, -1,
      1383, 2597, 1343, -1,
      1343, 2597, 2598, -1,
      1343, 2598, 1344, -1,
      1344, 2598, 2599, -1,
      1344, 2599, 1345, -1,
      1345, 2599, 2600, -1,
      1345, 2600, 1359, -1,
      1359, 2600, 2601, -1,
      1359, 2601, 1360, -1,
      1360, 2601, 2602, -1,
      1360, 2602, 1324, -1,
      1324, 2602, 2603, -1,
      1324, 2603, 1318, -1,
      1318, 2603, 2604, -1,
      1318, 2604, 1319, -1,
      1319, 2604, 2605, -1,
      1319, 2605, 1332, -1,
      1332, 2605, 2606, -1,
      1332, 2606, 1333, -1,
      1333, 2606, 2607, -1,
      1333, 2607, 1334, -1,
      1334, 2607, 2608, -1,
      1334, 2608, 1384, -1,
      1384, 2608, 2609, -1,
      1384, 2609, 1385, -1,
      2610, 1386, 2609, -1,
      2609, 1386, 1385, -1,
      1386, 2610, 2611, -1,
      1386, 2611, 1398, -1,
      1398, 2611, 2612, -1,
      1398, 2612, 1399, -1,
      2613, 1400, 2612, -1,
      2612, 1400, 1399, -1,
      1400, 2613, 2614, -1,
      1400, 2614, 1411, -1,
      1411, 2614, 2615, -1,
      1411, 2615, 1412, -1,
      2616, 1403, 2615, -1,
      2615, 1403, 1412, -1,
      1403, 2616, 2617, -1,
      1403, 2617, 1404, -1,
      1404, 2617, 2618, -1,
      1404, 2618, 1413, -1,
      1413, 2618, 2619, -1,
      1413, 2619, 1414, -1,
      1414, 2619, 1415, -1,
      1415, 2619, 2620, -1,
      1415, 2620, 1421, -1,
      1421, 2620, 1361, -1,
      1361, 2620, 2621, -1,
      1361, 2621, 1362, -1,
      1362, 2621, 2622, -1,
      1362, 2622, 1401, -1,
      1401, 2622, 2623, -1,
      1401, 2623, 1402, -1,
      1402, 2623, 2624, -1,
      1402, 2624, 1346, -1,
      1346, 2624, 2625, -1,
      1346, 2625, 1347, -1,
      1347, 2625, 2626, -1,
      1347, 2626, 1376, -1,
      1376, 2626, 2627, -1,
      1376, 2627, 1377, -1,
      1377, 2627, 2628, -1,
      1377, 2628, 1355, -1,
      1355, 2628, 2629, -1,
      1355, 2629, 1354, -1,
      1354, 2629, 2630, -1,
      1354, 2630, 1352, -1,
      1352, 2630, 2631, -1,
      1352, 2631, 1350, -1,
      1350, 2631, 2632, -1,
      1350, 2632, 1330, -1,
      2633, 1331, 2632, -1,
      2632, 1331, 1330, -1,
      1331, 2633, 2634, -1,
      1331, 2634, 1335, -1,
      1335, 2634, 2635, -1,
      1335, 2635, 1336, -1,
      2636, 1327, 2635, -1,
      2635, 1327, 1336, -1,
      2636, 2538, 1327, -1,
      1327, 2538, 1325, -1,
      2579, 2578, 2556, -1,
      2559, 2558, 2574, -1,
      2574, 2558, 2557, -1,
      2541, 2540, 2554, -1,
      2578, 2577, 2556, -1,
      2556, 2577, 2576, -1,
      2556, 2576, 2557, -1,
      2557, 2576, 2575, -1,
      2557, 2575, 2574, -1,
      2593, 2592, 2556, -1,
      2592, 2591, 2556, -1,
      2556, 2591, 2590, -1,
      2556, 2590, 2589, -1,
      2589, 2588, 2556, -1,
      2556, 2588, 2587, -1,
      2556, 2587, 2586, -1,
      2538, 2555, 2537, -1,
      2537, 2555, 2554, -1,
      2537, 2554, 2539, -1,
      2539, 2554, 2540, -1,
      2559, 2574, 2560, -1,
      2560, 2574, 2573, -1,
      2560, 2573, 2561, -1,
      2561, 2573, 2572, -1,
      2561, 2572, 2571, -1,
      2556, 2583, 2582, -1,
      2596, 2595, 2636, -1,
      2636, 2595, 2594, -1,
      2636, 2594, 2538, -1,
      2538, 2594, 2593, -1,
      2538, 2593, 2555, -1,
      2555, 2593, 2556, -1,
      2586, 2585, 2556, -1,
      2556, 2585, 2584, -1,
      2556, 2584, 2583, -1,
      2546, 2545, 2553, -1,
      2553, 2545, 2554, -1,
      2542, 2541, 2543, -1,
      2543, 2541, 2554, -1,
      2543, 2554, 2544, -1,
      2544, 2554, 2545, -1,
      2602, 2601, 2636, -1,
      2636, 2601, 2600, -1,
      2636, 2600, 2599, -1,
      2571, 2570, 2561, -1,
      2561, 2570, 2569, -1,
      2561, 2569, 2568, -1,
      2582, 2581, 2556, -1,
      2556, 2581, 2580, -1,
      2556, 2580, 2579, -1,
      2625, 2624, 2631, -1,
      2631, 2624, 2623, -1,
      2631, 2623, 2632, -1,
      2632, 2623, 2622, -1,
      2632, 2622, 2621, -1,
      2614, 2613, 2636, -1,
      2636, 2613, 2612, -1,
      2636, 2612, 2611, -1,
      2611, 2610, 2636, -1,
      2636, 2610, 2609, -1,
      2636, 2609, 2608, -1,
      2563, 2566, 2564, -1,
      2564, 2566, 2565, -1,
      2568, 2567, 2561, -1,
      2561, 2567, 2566, -1,
      2561, 2566, 2562, -1,
      2562, 2566, 2563, -1,
      2605, 2604, 2636, -1,
      2636, 2604, 2603, -1,
      2636, 2603, 2602, -1,
      2599, 2598, 2636, -1,
      2636, 2598, 2597, -1,
      2636, 2597, 2596, -1,
      2621, 2620, 2632, -1,
      2632, 2620, 2619, -1,
      2632, 2619, 2633, -1,
      2633, 2619, 2618, -1,
      2633, 2618, 2634, -1,
      2634, 2618, 2617, -1,
      2634, 2617, 2635, -1,
      2635, 2617, 2616, -1,
      2635, 2616, 2636, -1,
      2636, 2616, 2615, -1,
      2636, 2615, 2614, -1,
      2608, 2607, 2636, -1,
      2636, 2607, 2606, -1,
      2636, 2606, 2605, -1,
      2549, 2548, 2553, -1,
      2553, 2548, 2547, -1,
      2553, 2547, 2546, -1,
      2628, 2631, 2629, -1,
      2629, 2631, 2630, -1,
      2628, 2627, 2631, -1,
      2631, 2627, 2626, -1,
      2631, 2626, 2625, -1,
      2552, 2551, 2553, -1,
      2553, 2551, 2550, -1,
      2553, 2550, 2549, -1,
      2637, 1614, 2638, -1,
      2638, 1614, 1613, -1,
      2639, 1615, 2637, -1,
      2637, 1615, 1614, -1,
      2640, 1654, 2639, -1,
      2639, 1654, 1615, -1,
      1654, 2640, 2641, -1,
      1654, 2641, 1653, -1,
      1653, 2641, 2642, -1,
      1653, 2642, 1670, -1,
      1670, 2642, 2643, -1,
      1670, 2643, 1671, -1,
      1671, 2643, 2644, -1,
      1671, 2644, 1672, -1,
      1672, 2644, 2645, -1,
      1672, 2645, 1674, -1,
      1674, 2645, 2646, -1,
      1674, 2646, 1650, -1,
      1650, 2646, 2647, -1,
      1650, 2647, 1662, -1,
      1662, 2647, 2648, -1,
      1662, 2648, 1663, -1,
      1663, 2648, 2649, -1,
      1663, 2649, 1664, -1,
      1664, 2649, 2650, -1,
      1664, 2650, 1651, -1,
      1651, 2650, 2651, -1,
      1651, 2651, 1652, -1,
      1652, 2651, 2652, -1,
      1652, 2652, 1673, -1,
      1673, 2652, 2653, -1,
      1673, 2653, 1626, -1,
      1626, 2653, 2654, -1,
      1626, 2654, 1624, -1,
      1624, 2654, 2655, -1,
      1624, 2655, 1622, -1,
      1622, 2655, 2656, -1,
      1622, 2656, 1641, -1,
      1641, 2656, 2657, -1,
      1641, 2657, 1667, -1,
      1667, 2657, 2658, -1,
      1667, 2658, 1666, -1,
      1666, 2658, 2659, -1,
      1666, 2659, 1665, -1,
      1665, 2659, 2660, -1,
      1665, 2660, 1668, -1,
      1668, 2660, 2661, -1,
      1668, 2661, 1669, -1,
      1669, 2661, 2662, -1,
      1669, 2662, 1640, -1,
      1640, 2662, 2663, -1,
      1640, 2663, 1658, -1,
      1658, 2663, 2664, -1,
      1658, 2664, 1659, -1,
      1659, 2664, 2665, -1,
      1659, 2665, 1648, -1,
      1648, 2665, 2666, -1,
      1648, 2666, 1649, -1,
      1649, 2666, 2667, -1,
      1649, 2667, 1660, -1,
      1660, 2667, 2668, -1,
      1660, 2668, 1661, -1,
      1661, 2668, 2669, -1,
      1661, 2669, 1623, -1,
      2670, 1625, 2669, -1,
      2669, 1625, 1623, -1,
      2671, 1642, 2670, -1,
      2670, 1642, 1625, -1,
      1642, 2671, 2672, -1,
      1642, 2672, 1627, -1,
      1627, 2672, 2673, -1,
      1627, 2673, 1628, -1,
      1628, 2673, 2674, -1,
      1628, 2674, 1643, -1,
      1643, 2674, 2675, -1,
      1643, 2675, 1644, -1,
      1644, 2675, 2676, -1,
      1644, 2676, 1629, -1,
      1629, 2676, 2677, -1,
      1629, 2677, 1630, -1,
      1630, 2677, 2678, -1,
      1630, 2678, 1631, -1,
      1631, 2678, 2679, -1,
      1631, 2679, 1632, -1,
      1632, 2679, 2680, -1,
      1632, 2680, 1616, -1,
      1616, 2680, 2681, -1,
      1616, 2681, 1617, -1,
      1617, 2681, 2682, -1,
      1617, 2682, 1618, -1,
      1618, 2682, 2683, -1,
      1618, 2683, 1619, -1,
      1619, 2683, 2684, -1,
      1619, 2684, 1633, -1,
      1633, 2684, 2685, -1,
      1633, 2685, 1634, -1,
      1634, 2685, 2686, -1,
      1634, 2686, 1635, -1,
      1635, 2686, 2687, -1,
      1635, 2687, 1636, -1,
      1636, 2687, 2688, -1,
      1636, 2688, 1637, -1,
      1637, 2688, 2689, -1,
      1637, 2689, 1638, -1,
      1638, 2689, 2690, -1,
      1638, 2690, 1639, -1,
      1639, 2690, 2691, -1,
      1639, 2691, 1655, -1,
      1655, 2691, 2692, -1,
      1655, 2692, 1656, -1,
      1656, 2692, 2693, -1,
      1656, 2693, 1657, -1,
      1657, 2693, 2694, -1,
      1657, 2694, 1620, -1,
      1620, 2694, 2695, -1,
      1620, 2695, 1621, -1,
      1621, 2695, 2696, -1,
      1621, 2696, 1645, -1,
      1645, 2696, 2697, -1,
      1645, 2697, 1646, -1,
      2698, 1647, 2697, -1,
      2697, 1647, 1646, -1,
      2698, 2638, 1647, -1,
      1647, 2638, 1613, -1,
      2639, 2637, 2698, -1,
      2698, 2637, 2638, -1,
      2697, 2645, 2698, -1,
      2698, 2645, 2644, -1,
      2698, 2644, 2643, -1,
      2640, 2639, 2641, -1,
      2641, 2639, 2698, -1,
      2641, 2698, 2642, -1,
      2642, 2698, 2643, -1,
      2697, 2696, 2645, -1,
      2645, 2696, 2695, -1,
      2645, 2695, 2646, -1,
      2646, 2695, 2694, -1,
      2646, 2694, 2647, -1,
      2647, 2694, 2693, -1,
      2647, 2693, 2648, -1,
      2693, 2692, 2648, -1,
      2648, 2692, 2691, -1,
      2648, 2691, 2649, -1,
      2649, 2691, 2690, -1,
      2649, 2690, 2650, -1,
      2650, 2690, 2689, -1,
      2650, 2689, 2651, -1,
      2651, 2689, 2688, -1,
      2651, 2688, 2652, -1,
      2652, 2688, 2653, -1,
      2653, 2688, 2687, -1,
      2653, 2687, 2654, -1,
      2654, 2687, 2686, -1,
      2654, 2686, 2655, -1,
      2655, 2686, 2685, -1,
      2655, 2685, 2656, -1,
      2656, 2685, 2684, -1,
      2656, 2684, 2657, -1,
      2657, 2684, 2683, -1,
      2657, 2683, 2658, -1,
      2658, 2683, 2682, -1,
      2658, 2682, 2659, -1,
      2659, 2682, 2681, -1,
      2659, 2681, 2660, -1,
      2660, 2681, 2680, -1,
      2660, 2680, 2661, -1,
      2661, 2680, 2679, -1,
      2661, 2679, 2662, -1,
      2662, 2679, 2678, -1,
      2662, 2678, 2663, -1,
      2663, 2678, 2677, -1,
      2663, 2677, 2664, -1,
      2664, 2677, 2676, -1,
      2664, 2676, 2665, -1,
      2665, 2676, 2675, -1,
      2665, 2675, 2666, -1,
      2666, 2675, 2674, -1,
      2666, 2674, 2667, -1,
      2667, 2674, 2673, -1,
      2667, 2673, 2668, -1,
      2668, 2673, 2672, -1,
      2668, 2672, 2669, -1,
      2669, 2672, 2671, -1,
      2669, 2671, 2670, -1,
      2699, 1432, 2700, -1,
      2700, 1432, 1431, -1,
      2700, 1431, 1424, -1,
      1432, 2699, 2701, -1,
      1432, 2701, 1436, -1,
      1436, 2701, 2702, -1,
      1436, 2702, 1437, -1,
      1437, 2702, 2703, -1,
      1437, 2703, 1427, -1,
      2704, 1446, 2703, -1,
      2703, 1446, 1427, -1,
      1446, 2704, 2705, -1,
      1446, 2705, 1447, -1,
      1447, 2705, 2706, -1,
      1447, 2706, 1448, -1,
      1448, 2706, 2707, -1,
      1448, 2707, 1449, -1,
      1449, 2707, 2708, -1,
      1449, 2708, 1453, -1,
      1453, 2708, 2709, -1,
      1453, 2709, 1454, -1,
      1454, 2709, 2710, -1,
      1454, 2710, 1428, -1,
      1428, 2710, 2711, -1,
      1428, 2711, 1429, -1,
      1429, 2711, 2712, -1,
      1429, 2712, 1442, -1,
      1442, 2712, 2713, -1,
      1442, 2713, 1438, -1,
      1438, 2713, 2714, -1,
      1438, 2714, 1439, -1,
      1439, 2714, 2715, -1,
      1439, 2715, 1440, -1,
      1440, 2715, 2716, -1,
      1440, 2716, 1441, -1,
      1441, 2716, 2717, -1,
      1441, 2717, 1434, -1,
      1434, 2717, 2718, -1,
      1434, 2718, 1435, -1,
      1435, 2718, 2719, -1,
      1435, 2719, 1465, -1,
      1465, 2719, 2720, -1,
      1465, 2720, 1466, -1,
      1466, 2720, 2721, -1,
      1466, 2721, 1467, -1,
      1467, 2721, 2722, -1,
      1467, 2722, 1468, -1,
      1468, 2722, 2723, -1,
      1468, 2723, 1469, -1,
      1469, 2723, 2724, -1,
      1469, 2724, 1470, -1,
      1470, 2724, 2725, -1,
      1470, 2725, 1471, -1,
      1471, 2725, 2726, -1,
      1471, 2726, 1472, -1,
      2727, 1473, 2726, -1,
      2726, 1473, 1472, -1,
      2728, 1476, 2727, -1,
      2727, 1476, 1473, -1,
      1476, 2728, 2729, -1,
      1476, 2729, 1475, -1,
      1475, 2729, 2730, -1,
      1475, 2730, 1474, -1,
      1474, 2730, 2731, -1,
      1474, 2731, 1455, -1,
      1455, 2731, 2732, -1,
      1455, 2732, 1456, -1,
      1456, 2732, 2733, -1,
      1456, 2733, 1458, -1,
      1458, 2733, 2734, -1,
      1458, 2734, 1459, -1,
      1459, 2734, 2735, -1,
      1459, 2735, 1460, -1,
      1460, 2735, 2736, -1,
      1460, 2736, 1461, -1,
      1461, 2736, 2737, -1,
      1461, 2737, 1462, -1,
      1462, 2737, 2738, -1,
      1462, 2738, 1463, -1,
      1463, 2738, 2739, -1,
      1463, 2739, 1464, -1,
      2740, 1443, 2739, -1,
      2739, 1443, 1464, -1,
      2741, 1444, 2740, -1,
      2740, 1444, 1443, -1,
      1450, 1444, 2742, -1,
      2742, 1444, 2741, -1,
      1450, 2742, 1451, -1,
      1451, 2742, 2743, -1,
      1451, 2743, 1452, -1,
      2744, 1423, 2743, -1,
      2743, 1423, 1452, -1,
      2744, 2700, 1423, -1,
      1423, 2700, 1424, -1,
      2710, 2709, 2723, -1,
      2723, 2709, 2708, -1,
      2723, 2708, 2724, -1,
      2711, 2710, 2712, -1,
      2712, 2710, 2723, -1,
      2712, 2723, 2713, -1,
      2713, 2723, 2722, -1,
      2713, 2722, 2714, -1,
      2741, 2740, 2704, -1,
      2704, 2740, 2739, -1,
      2704, 2739, 2738, -1,
      2708, 2707, 2724, -1,
      2724, 2707, 2706, -1,
      2724, 2706, 2725, -1,
      2725, 2706, 2705, -1,
      2700, 2744, 2699, -1,
      2699, 2744, 2743, -1,
      2699, 2743, 2701, -1,
      2701, 2743, 2742, -1,
      2701, 2742, 2702, -1,
      2702, 2742, 2741, -1,
      2702, 2741, 2703, -1,
      2703, 2741, 2704, -1,
      2738, 2737, 2704, -1,
      2704, 2737, 2736, -1,
      2704, 2736, 2735, -1,
      2716, 2721, 2720, -1,
      2721, 2716, 2722, -1,
      2722, 2716, 2715, -1,
      2722, 2715, 2714, -1,
      2735, 2734, 2704, -1,
      2704, 2734, 2733, -1,
      2704, 2733, 2732, -1,
      2732, 2731, 2704, -1,
      2704, 2731, 2730, -1,
      2704, 2730, 2729, -1,
      2729, 2728, 2704, -1,
      2704, 2728, 2727, -1,
      2704, 2727, 2705, -1,
      2705, 2727, 2726, -1,
      2705, 2726, 2725, -1,
      2720, 2719, 2716, -1,
      2716, 2719, 2718, -1,
      2716, 2718, 2717, -1,
      3358, 871, 3359, -1,
      3359, 871, 869, -1,
      3360, 894, 3358, -1,
      3358, 894, 871, -1,
      3361, 889, 3360, -1,
      3360, 889, 891, -1,
      3360, 891, 894, -1,
      889, 3361, 3362, -1,
      889, 3362, 897, -1,
      897, 3362, 3363, -1,
      897, 3363, 898, -1,
      898, 3363, 3364, -1,
      898, 3364, 899, -1,
      899, 3364, 3365, -1,
      899, 3365, 902, -1,
      902, 3365, 3366, -1,
      902, 3366, 903, -1,
      903, 3366, 3367, -1,
      903, 3367, 904, -1,
      904, 3367, 3368, -1,
      904, 3368, 876, -1,
      876, 3368, 3369, -1,
      876, 3369, 877, -1,
      877, 3369, 3370, -1,
      877, 3370, 878, -1,
      878, 3370, 3371, -1,
      878, 3371, 882, -1,
      882, 3371, 3372, -1,
      882, 3372, 883, -1,
      883, 3372, 3373, -1,
      883, 3373, 884, -1,
      884, 3373, 3374, -1,
      884, 3374, 880, -1,
      880, 3374, 3375, -1,
      880, 3375, 881, -1,
      881, 3375, 932, -1,
      932, 3375, 3376, -1,
      932, 3376, 933, -1,
      3377, 934, 3376, -1,
      3376, 934, 933, -1,
      934, 3377, 3378, -1,
      934, 3378, 938, -1,
      938, 3378, 3379, -1,
      938, 3379, 937, -1,
      937, 3379, 3380, -1,
      937, 3380, 931, -1,
      931, 3380, 3381, -1,
      931, 3381, 930, -1,
      3382, 928, 3381, -1,
      3381, 928, 930, -1,
      928, 3382, 3383, -1,
      928, 3383, 929, -1,
      929, 3383, 3384, -1,
      929, 3384, 935, -1,
      935, 3384, 1483, -1,
      1483, 3384, 3385, -1,
      1483, 3385, 1484, -1,
      3386, 919, 3385, -1,
      3385, 919, 1484, -1,
      3387, 921, 3386, -1,
      3386, 921, 920, -1,
      3386, 920, 919, -1,
      3388, 922, 3387, -1,
      3387, 922, 921, -1,
      922, 3388, 3389, -1,
      922, 3389, 923, -1,
      923, 3389, 3390, -1,
      923, 3390, 924, -1,
      3391, 925, 3390, -1,
      3390, 925, 924, -1,
      925, 3391, 3392, -1,
      925, 3392, 926, -1,
      926, 3392, 3393, -1,
      926, 3393, 927, -1,
      927, 3393, 3394, -1,
      927, 3394, 908, -1,
      908, 3394, 3395, -1,
      908, 3395, 909, -1,
      909, 3395, 3396, -1,
      909, 3396, 911, -1,
      911, 3396, 3397, -1,
      911, 3397, 912, -1,
      912, 3397, 3398, -1,
      912, 3398, 914, -1,
      914, 3398, 3399, -1,
      914, 3399, 915, -1,
      915, 3399, 3400, -1,
      915, 3400, 916, -1,
      3401, 917, 3400, -1,
      3400, 917, 916, -1,
      917, 3401, 918, -1,
      918, 3401, 3402, -1,
      918, 3402, 885, -1,
      885, 3402, 3403, -1,
      885, 3403, 886, -1,
      886, 3403, 3404, -1,
      886, 3404, 887, -1,
      887, 3404, 3405, -1,
      887, 3405, 888, -1,
      888, 3405, 3406, -1,
      888, 3406, 875, -1,
      875, 3406, 3407, -1,
      875, 3407, 873, -1,
      873, 3407, 3408, -1,
      873, 3408, 874, -1,
      874, 3408, 3409, -1,
      874, 3409, 905, -1,
      905, 3409, 3410, -1,
      905, 3410, 906, -1,
      906, 3410, 3411, -1,
      906, 3411, 907, -1,
      907, 3411, 3412, -1,
      907, 3412, 890, -1,
      890, 3412, 3413, -1,
      890, 3413, 892, -1,
      892, 3413, 3414, -1,
      892, 3414, 893, -1,
      893, 3414, 3415, -1,
      893, 3415, 900, -1,
      900, 3415, 3416, -1,
      900, 3416, 901, -1,
      901, 3416, 3417, -1,
      901, 3417, 896, -1,
      896, 3417, 3418, -1,
      896, 3418, 895, -1,
      3419, 870, 3418, -1,
      3418, 870, 872, -1,
      3418, 872, 895, -1,
      3420, 868, 3419, -1,
      3419, 868, 870, -1,
      3420, 3359, 868, -1,
      868, 3359, 869, -1,
      3421, 3385, 3422, -1,
      3422, 3385, 3384, -1,
      3361, 3360, 3375, -1,
      3420, 3423, 3424, -1,
      3393, 3392, 3419, -1,
      3419, 3392, 3391, -1,
      3424, 3425, 3420, -1,
      3420, 3425, 3426, -1,
      3420, 3426, 3359, -1,
      3359, 3426, 3427, -1,
      3383, 3358, 3384, -1,
      3384, 3358, 3359, -1,
      3384, 3359, 3422, -1,
      3422, 3359, 3427, -1,
      3391, 3390, 3419, -1,
      3419, 3390, 3389, -1,
      3419, 3389, 3420, -1,
      3420, 3389, 3388, -1,
      3420, 3388, 3423, -1,
      3423, 3388, 3387, -1,
      3423, 3387, 3421, -1,
      3421, 3387, 3386, -1,
      3421, 3386, 3385, -1,
      3358, 3377, 3360, -1,
      3360, 3377, 3376, -1,
      3360, 3376, 3375, -1,
      3404, 3403, 3418, -1,
      3418, 3403, 3402, -1,
      3418, 3402, 3419, -1,
      3419, 3402, 3401, -1,
      3401, 3400, 3419, -1,
      3419, 3400, 3399, -1,
      3419, 3399, 3393, -1,
      3393, 3399, 3398, -1,
      3393, 3398, 3394, -1,
      3383, 3382, 3358, -1,
      3358, 3382, 3381, -1,
      3358, 3381, 3380, -1,
      3374, 3363, 3375, -1,
      3375, 3363, 3362, -1,
      3375, 3362, 3361, -1,
      3380, 3379, 3358, -1,
      3358, 3379, 3378, -1,
      3358, 3378, 3377, -1,
      3397, 3396, 3398, -1,
      3398, 3396, 3395, -1,
      3398, 3395, 3394, -1,
      3416, 3407, 3417, -1,
      3417, 3407, 3406, -1,
      3417, 3406, 3418, -1,
      3418, 3406, 3405, -1,
      3418, 3405, 3404, -1,
      3416, 3415, 3407, -1,
      3407, 3415, 3414, -1,
      3407, 3414, 3408, -1,
      3373, 3365, 3374, -1,
      3374, 3365, 3364, -1,
      3374, 3364, 3363, -1,
      3373, 3372, 3365, -1,
      3365, 3372, 3371, -1,
      3365, 3371, 3370, -1,
      3367, 3366, 3368, -1,
      3368, 3366, 3365, -1,
      3368, 3365, 3369, -1,
      3369, 3365, 3370, -1,
      3412, 3411, 3413, -1,
      3413, 3411, 3410, -1,
      3413, 3410, 3414, -1,
      3414, 3410, 3409, -1,
      3414, 3409, 3408, -1,
      3422, 3428, 3421, -1,
      3421, 3428, 3429, -1,
      3428, 3422, 3427, -1,
      3428, 3427, 3430, -1,
      3430, 3427, 3426, -1,
      3430, 3426, 3431, -1,
      3431, 3426, 3425, -1,
      3431, 3425, 3432, -1,
      3424, 3433, 3425, -1,
      3425, 3433, 3432, -1,
      3423, 3434, 3424, -1,
      3424, 3434, 3433, -1,
      3429, 3434, 3421, -1,
      3421, 3434, 3423, -1,
      3435, 964, 3436, -1,
      3436, 964, 963, -1,
      964, 3435, 3437, -1,
      964, 3437, 977, -1,
      977, 3437, 3438, -1,
      977, 3438, 978, -1,
      978, 3438, 3439, -1,
      978, 3439, 979, -1,
      979, 3439, 3440, -1,
      979, 3440, 953, -1,
      953, 3440, 3441, -1,
      953, 3441, 954, -1,
      954, 3441, 3442, -1,
      954, 3442, 955, -1,
      955, 3442, 3443, -1,
      955, 3443, 956, -1,
      956, 3443, 3444, -1,
      956, 3444, 991, -1,
      991, 3444, 3445, -1,
      991, 3445, 992, -1,
      3446, 993, 3445, -1,
      3445, 993, 992, -1,
      3447, 997, 3446, -1,
      3446, 997, 993, -1,
      997, 3447, 3448, -1,
      997, 3448, 998, -1,
      998, 3448, 3449, -1,
      998, 3449, 988, -1,
      3450, 989, 3449, -1,
      3449, 989, 988, -1,
      3451, 990, 3450, -1,
      3450, 990, 989, -1,
      990, 3451, 3452, -1,
      990, 3452, 969, -1,
      969, 3452, 3453, -1,
      969, 3453, 968, -1,
      968, 3453, 3454, -1,
      968, 3454, 948, -1,
      948, 3454, 3455, -1,
      948, 3455, 942, -1,
      942, 3455, 3456, -1,
      942, 3456, 943, -1,
      943, 3456, 3457, -1,
      943, 3457, 957, -1,
      957, 3457, 3458, -1,
      957, 3458, 958, -1,
      958, 3458, 3459, -1,
      958, 3459, 959, -1,
      959, 3459, 3460, -1,
      959, 3460, 994, -1,
      994, 3460, 3461, -1,
      994, 3461, 995, -1,
      995, 3461, 3462, -1,
      995, 3462, 996, -1,
      996, 3462, 3463, -1,
      996, 3463, 980, -1,
      980, 3463, 3464, -1,
      980, 3464, 981, -1,
      981, 3464, 3465, -1,
      981, 3465, 982, -1,
      982, 3465, 3466, -1,
      982, 3466, 944, -1,
      944, 3466, 3467, -1,
      944, 3467, 945, -1,
      945, 3467, 3468, -1,
      945, 3468, 970, -1,
      3469, 971, 3468, -1,
      3468, 971, 970, -1,
      971, 3469, 3470, -1,
      971, 3470, 972, -1,
      972, 3470, 3471, -1,
      972, 3471, 1002, -1,
      1002, 3471, 1001, -1,
      1001, 3471, 3472, -1,
      1001, 3472, 1000, -1,
      1000, 3472, 3473, -1,
      1000, 3473, 999, -1,
      183, 999, 3474, -1,
      3474, 999, 3473, -1,
      183, 3474, 184, -1,
      184, 3474, 3475, -1,
      184, 3475, 960, -1,
      960, 3475, 3476, -1,
      960, 3476, 961, -1,
      961, 3476, 3477, -1,
      961, 3477, 962, -1,
      962, 3477, 3478, -1,
      962, 3478, 986, -1,
      3479, 987, 3478, -1,
      3478, 987, 986, -1,
      987, 3479, 3480, -1,
      987, 3480, 983, -1,
      983, 3480, 3481, -1,
      983, 3481, 984, -1,
      984, 3481, 3482, -1,
      984, 3482, 985, -1,
      985, 3482, 3483, -1,
      985, 3483, 946, -1,
      946, 3483, 3484, -1,
      946, 3484, 947, -1,
      947, 3484, 3485, -1,
      947, 3485, 973, -1,
      973, 3485, 3486, -1,
      973, 3486, 974, -1,
      974, 3486, 3487, -1,
      974, 3487, 975, -1,
      975, 3487, 3488, -1,
      975, 3488, 939, -1,
      939, 3488, 3489, -1,
      939, 3489, 940, -1,
      940, 3489, 3490, -1,
      940, 3490, 952, -1,
      952, 3490, 3491, -1,
      952, 3491, 951, -1,
      951, 3491, 3492, -1,
      951, 3492, 949, -1,
      949, 3492, 3493, -1,
      949, 3493, 965, -1,
      3494, 966, 3493, -1,
      3493, 966, 965, -1,
      3495, 967, 3494, -1,
      3494, 967, 966, -1,
      3496, 950, 3495, -1,
      3495, 950, 967, -1,
      950, 3496, 3497, -1,
      950, 3497, 976, -1,
      976, 3497, 3436, -1,
      976, 3436, 963, -1,
      3482, 3481, 3493, -1,
      3447, 3446, 3498, -1,
      3446, 3445, 3435, -1,
      3435, 3445, 3444, -1,
      3435, 3444, 3437, -1,
      3435, 3436, 3446, -1,
      3446, 3436, 3497, -1,
      3446, 3497, 3498, -1,
      3498, 3497, 3496, -1,
      3498, 3496, 3499, -1,
      3500, 3501, 3477, -1,
      3477, 3501, 3502, -1,
      3477, 3502, 3503, -1,
      3481, 3480, 3493, -1,
      3493, 3480, 3479, -1,
      3493, 3479, 3494, -1,
      3494, 3479, 3478, -1,
      3494, 3478, 3495, -1,
      3495, 3478, 3477, -1,
      3477, 3476, 3500, -1,
      3500, 3476, 3470, -1,
      3500, 3470, 3504, -1,
      3496, 3495, 3499, -1,
      3499, 3495, 3477, -1,
      3499, 3477, 3505, -1,
      3505, 3477, 3503, -1,
      3506, 3507, 3451, -1,
      3451, 3507, 3452, -1,
      3452, 3507, 3508, -1,
      3452, 3508, 3453, -1,
      3490, 3489, 3488, -1,
      3451, 3450, 3506, -1,
      3506, 3450, 3449, -1,
      3506, 3449, 3498, -1,
      3498, 3449, 3448, -1,
      3498, 3448, 3447, -1,
      3453, 3508, 3454, -1,
      3454, 3508, 3509, -1,
      3454, 3509, 3455, -1,
      3493, 3486, 3485, -1,
      3443, 3439, 3444, -1,
      3444, 3439, 3438, -1,
      3444, 3438, 3437, -1,
      3443, 3442, 3439, -1,
      3439, 3442, 3441, -1,
      3439, 3441, 3440, -1,
      3510, 3511, 3463, -1,
      3486, 3493, 3487, -1,
      3487, 3493, 3492, -1,
      3487, 3492, 3488, -1,
      3488, 3492, 3491, -1,
      3488, 3491, 3490, -1,
      3485, 3484, 3493, -1,
      3493, 3484, 3483, -1,
      3493, 3483, 3482, -1,
      3474, 3473, 3475, -1,
      3475, 3473, 3472, -1,
      3475, 3472, 3476, -1,
      3476, 3472, 3471, -1,
      3476, 3471, 3470, -1,
      3463, 3511, 3464, -1,
      3470, 3469, 3504, -1,
      3504, 3469, 3468, -1,
      3504, 3468, 3467, -1,
      3511, 3512, 3464, -1,
      3464, 3512, 3513, -1,
      3464, 3513, 3465, -1,
      3465, 3513, 3504, -1,
      3465, 3504, 3466, -1,
      3466, 3504, 3467, -1,
      3455, 3509, 3456, -1,
      3456, 3509, 3514, -1,
      3456, 3514, 3457, -1,
      3457, 3514, 3515, -1,
      3457, 3515, 3458, -1,
      3458, 3515, 3516, -1,
      3458, 3516, 3459, -1,
      3516, 3517, 3459, -1,
      3459, 3517, 3518, -1,
      3459, 3518, 3460, -1,
      3460, 3518, 3519, -1,
      3460, 3519, 3461, -1,
      3461, 3519, 3510, -1,
      3461, 3510, 3462, -1,
      3462, 3510, 3463, -1,
      3502, 3520, 3503, -1,
      3503, 3520, 3521, -1,
      3520, 3502, 3501, -1,
      3520, 3501, 3522, -1,
      3522, 3501, 3500, -1,
      3522, 3500, 3523, -1,
      3523, 3500, 3504, -1,
      3523, 3504, 3524, -1,
      3524, 3504, 3513, -1,
      3524, 3513, 3525, -1,
      3525, 3513, 3512, -1,
      3525, 3512, 3526, -1,
      3526, 3512, 3511, -1,
      3526, 3511, 3527, -1,
      3527, 3511, 3510, -1,
      3527, 3510, 3528, -1,
      3528, 3510, 3519, -1,
      3528, 3519, 3529, -1,
      3529, 3519, 3518, -1,
      3529, 3518, 3530, -1,
      3530, 3518, 3517, -1,
      3530, 3517, 3531, -1,
      3531, 3517, 3516, -1,
      3531, 3516, 3532, -1,
      3532, 3516, 3515, -1,
      3532, 3515, 3533, -1,
      3533, 3515, 3514, -1,
      3533, 3514, 3534, -1,
      3534, 3514, 3509, -1,
      3534, 3509, 3535, -1,
      3535, 3509, 3508, -1,
      3535, 3508, 3536, -1,
      3536, 3508, 3507, -1,
      3536, 3507, 3537, -1,
      3537, 3507, 3506, -1,
      3537, 3506, 3538, -1,
      3498, 3539, 3506, -1,
      3506, 3539, 3538, -1,
      3499, 3540, 3498, -1,
      3498, 3540, 3539, -1,
      3540, 3499, 3505, -1,
      3540, 3505, 3541, -1,
      3541, 3505, 3503, -1,
      3541, 3503, 3521, -1,
      3542, 1010, 3543, -1,
      3543, 1010, 1009, -1,
      1010, 3542, 3544, -1,
      1010, 3544, 1012, -1,
      1012, 3544, 3545, -1,
      1012, 3545, 1022, -1,
      1022, 3545, 3546, -1,
      1022, 3546, 1021, -1,
      3547, 1013, 3546, -1,
      3546, 1013, 1021, -1,
      3548, 1054, 3547, -1,
      3547, 1054, 1013, -1,
      1054, 3548, 3549, -1,
      1054, 3549, 1032, -1,
      1032, 3549, 3550, -1,
      1032, 3550, 1033, -1,
      1033, 3550, 3551, -1,
      1033, 3551, 1035, -1,
      1035, 3551, 3552, -1,
      1035, 3552, 1037, -1,
      1037, 3552, 3553, -1,
      1037, 3553, 1072, -1,
      1072, 3553, 3554, -1,
      1072, 3554, 1073, -1,
      1073, 3554, 3555, -1,
      1073, 3555, 1023, -1,
      1023, 3555, 3556, -1,
      1023, 3556, 1003, -1,
      1003, 3556, 3557, -1,
      1003, 3557, 1004, -1,
      1004, 3557, 3558, -1,
      1004, 3558, 1066, -1,
      1066, 3558, 3559, -1,
      1066, 3559, 1067, -1,
      3560, 1051, 3559, -1,
      3559, 1051, 1067, -1,
      3561, 1052, 3560, -1,
      3560, 1052, 1051, -1,
      3562, 1053, 3561, -1,
      3561, 1053, 1052, -1,
      1053, 3562, 3563, -1,
      1053, 3563, 1069, -1,
      1069, 3563, 3564, -1,
      1069, 3564, 1068, -1,
      3565, 1005, 3564, -1,
      3564, 1005, 1068, -1,
      3566, 1055, 3565, -1,
      3565, 1055, 1005, -1,
      1055, 3566, 3567, -1,
      1055, 3567, 1074, -1,
      1074, 3567, 3568, -1,
      1074, 3568, 1075, -1,
      1075, 3568, 3569, -1,
      1075, 3569, 1076, -1,
      1076, 3569, 3570, -1,
      1076, 3570, 1056, -1,
      1056, 3570, 3571, -1,
      1056, 3571, 1057, -1,
      1057, 3571, 3572, -1,
      1057, 3572, 1058, -1,
      1058, 3572, 3573, -1,
      1058, 3573, 1077, -1,
      1077, 3573, 3574, -1,
      1077, 3574, 1078, -1,
      1078, 3574, 3575, -1,
      1078, 3575, 1079, -1,
      1079, 3575, 3576, -1,
      1079, 3576, 1080, -1,
      1080, 3576, 3577, -1,
      1080, 3577, 1081, -1,
      1081, 3577, 3578, -1,
      1081, 3578, 1082, -1,
      3579, 1100, 3578, -1,
      3578, 1100, 1082, -1,
      1100, 3579, 3580, -1,
      1100, 3580, 1101, -1,
      1101, 3580, 3581, -1,
      1101, 3581, 1088, -1,
      3582, 1089, 3581, -1,
      3581, 1089, 1088, -1,
      1089, 3582, 3583, -1,
      1089, 3583, 1090, -1,
      1090, 3583, 3584, -1,
      1090, 3584, 1060, -1,
      1060, 3584, 3585, -1,
      1060, 3585, 1059, -1,
      1059, 3585, 3586, -1,
      1059, 3586, 1025, -1,
      1025, 3586, 3587, -1,
      1025, 3587, 1026, -1,
      1026, 3587, 3588, -1,
      1026, 3588, 1040, -1,
      1040, 3588, 3589, -1,
      1040, 3589, 1041, -1,
      1041, 3589, 3590, -1,
      1041, 3590, 1042, -1,
      1042, 3590, 3591, -1,
      1042, 3591, 1061, -1,
      1061, 3591, 3592, -1,
      1061, 3592, 1062, -1,
      1062, 3592, 3593, -1,
      1062, 3593, 1063, -1,
      1063, 3593, 3594, -1,
      1063, 3594, 1091, -1,
      1091, 3594, 3595, -1,
      1091, 3595, 1092, -1,
      3596, 1093, 3595, -1,
      3595, 1093, 1092, -1,
      1093, 3596, 3597, -1,
      1093, 3597, 1104, -1,
      1104, 3597, 3598, -1,
      1104, 3598, 1103, -1,
      3599, 1102, 3598, -1,
      3598, 1102, 1103, -1,
      1102, 3599, 3600, -1,
      1102, 3600, 1070, -1,
      1070, 3600, 3601, -1,
      1070, 3601, 1071, -1,
      1071, 3601, 3602, -1,
      1071, 3602, 1027, -1,
      1027, 3602, 3603, -1,
      1027, 3603, 1028, -1,
      1028, 3603, 3604, -1,
      1028, 3604, 1029, -1,
      1029, 3604, 3605, -1,
      1029, 3605, 1043, -1,
      1043, 3605, 3606, -1,
      1043, 3606, 1044, -1,
      1044, 3606, 3607, -1,
      1044, 3607, 1006, -1,
      1006, 3607, 3608, -1,
      1006, 3608, 1007, -1,
      1007, 3608, 3609, -1,
      1007, 3609, 1016, -1,
      1016, 3609, 3610, -1,
      1016, 3610, 1017, -1,
      1017, 3610, 3611, -1,
      1017, 3611, 1018, -1,
      1018, 3611, 3612, -1,
      1018, 3612, 1045, -1,
      1045, 3612, 3613, -1,
      1045, 3613, 1046, -1,
      1046, 3613, 3614, -1,
      1046, 3614, 1047, -1,
      3615, 1083, 3614, -1,
      3614, 1083, 1047, -1,
      1083, 3615, 3616, -1,
      1083, 3616, 1084, -1,
      1084, 3616, 3617, -1,
      1084, 3617, 1085, -1,
      3618, 1094, 3617, -1,
      3617, 1094, 1085, -1,
      1094, 3618, 3619, -1,
      1094, 3619, 1095, -1,
      1095, 3619, 3620, -1,
      1095, 3620, 1096, -1,
      3621, 1097, 3620, -1,
      3620, 1097, 1096, -1,
      1097, 3621, 3622, -1,
      1097, 3622, 1098, -1,
      1098, 3622, 3623, -1,
      1098, 3623, 1099, -1,
      1099, 3623, 3624, -1,
      1099, 3624, 1105, -1,
      1105, 3624, 1106, -1,
      1106, 3624, 3625, -1,
      1106, 3625, 1048, -1,
      1048, 3625, 1049, -1,
      1049, 3625, 3626, -1,
      1049, 3626, 1050, -1,
      1050, 3626, 3627, -1,
      1050, 3627, 1086, -1,
      1086, 3627, 3628, -1,
      1086, 3628, 1087, -1,
      1087, 3628, 3629, -1,
      1087, 3629, 1030, -1,
      1030, 3629, 3630, -1,
      1030, 3630, 1031, -1,
      1031, 3630, 3631, -1,
      1031, 3631, 1064, -1,
      1064, 3631, 3632, -1,
      1064, 3632, 1065, -1,
      1065, 3632, 3633, -1,
      1065, 3633, 1039, -1,
      1039, 3633, 3634, -1,
      1039, 3634, 1038, -1,
      1038, 3634, 3635, -1,
      1038, 3635, 1036, -1,
      1036, 3635, 3636, -1,
      1036, 3636, 1034, -1,
      1034, 3636, 3637, -1,
      1034, 3637, 1014, -1,
      3638, 1015, 3637, -1,
      3637, 1015, 1014, -1,
      1015, 3638, 3639, -1,
      1015, 3639, 1019, -1,
      1019, 3639, 3640, -1,
      1019, 3640, 1020, -1,
      3641, 1011, 3640, -1,
      3640, 1011, 1020, -1,
      3641, 3543, 1011, -1,
      1011, 3543, 1009, -1,
      3584, 3583, 3561, -1,
      3564, 3563, 3579, -1,
      3579, 3563, 3562, -1,
      3546, 3545, 3559, -1,
      3583, 3582, 3561, -1,
      3561, 3582, 3581, -1,
      3561, 3581, 3562, -1,
      3562, 3581, 3580, -1,
      3562, 3580, 3579, -1,
      3598, 3597, 3561, -1,
      3597, 3596, 3561, -1,
      3561, 3596, 3595, -1,
      3561, 3595, 3594, -1,
      3594, 3593, 3561, -1,
      3561, 3593, 3592, -1,
      3561, 3592, 3591, -1,
      3543, 3560, 3542, -1,
      3542, 3560, 3559, -1,
      3542, 3559, 3544, -1,
      3544, 3559, 3545, -1,
      3564, 3579, 3565, -1,
      3565, 3579, 3578, -1,
      3565, 3578, 3566, -1,
      3566, 3578, 3577, -1,
      3566, 3577, 3576, -1,
      3561, 3588, 3587, -1,
      3601, 3600, 3641, -1,
      3641, 3600, 3599, -1,
      3641, 3599, 3543, -1,
      3543, 3599, 3598, -1,
      3543, 3598, 3560, -1,
      3560, 3598, 3561, -1,
      3591, 3590, 3561, -1,
      3561, 3590, 3589, -1,
      3561, 3589, 3588, -1,
      3551, 3550, 3558, -1,
      3558, 3550, 3559, -1,
      3547, 3546, 3548, -1,
      3548, 3546, 3559, -1,
      3548, 3559, 3549, -1,
      3549, 3559, 3550, -1,
      3607, 3606, 3641, -1,
      3641, 3606, 3605, -1,
      3641, 3605, 3604, -1,
      3576, 3575, 3566, -1,
      3566, 3575, 3574, -1,
      3566, 3574, 3573, -1,
      3587, 3586, 3561, -1,
      3561, 3586, 3585, -1,
      3561, 3585, 3584, -1,
      3630, 3629, 3636, -1,
      3636, 3629, 3628, -1,
      3636, 3628, 3637, -1,
      3637, 3628, 3627, -1,
      3637, 3627, 3626, -1,
      3619, 3618, 3641, -1,
      3641, 3618, 3617, -1,
      3641, 3617, 3616, -1,
      3616, 3615, 3641, -1,
      3641, 3615, 3614, -1,
      3641, 3614, 3613, -1,
      3568, 3571, 3569, -1,
      3569, 3571, 3570, -1,
      3573, 3572, 3566, -1,
      3566, 3572, 3571, -1,
      3566, 3571, 3567, -1,
      3567, 3571, 3568, -1,
      3610, 3609, 3641, -1,
      3641, 3609, 3608, -1,
      3641, 3608, 3607, -1,
      3604, 3603, 3641, -1,
      3641, 3603, 3602, -1,
      3641, 3602, 3601, -1,
      3626, 3625, 3637, -1,
      3637, 3625, 3624, -1,
      3637, 3624, 3638, -1,
      3638, 3624, 3623, -1,
      3638, 3623, 3639, -1,
      3639, 3623, 3622, -1,
      3639, 3622, 3640, -1,
      3640, 3622, 3621, -1,
      3640, 3621, 3641, -1,
      3641, 3621, 3620, -1,
      3641, 3620, 3619, -1,
      3613, 3612, 3641, -1,
      3641, 3612, 3611, -1,
      3641, 3611, 3610, -1,
      3554, 3553, 3558, -1,
      3558, 3553, 3552, -1,
      3558, 3552, 3551, -1,
      3633, 3636, 3634, -1,
      3634, 3636, 3635, -1,
      3633, 3632, 3636, -1,
      3636, 3632, 3631, -1,
      3636, 3631, 3630, -1,
      3557, 3556, 3558, -1,
      3558, 3556, 3555, -1,
      3558, 3555, 3554, -1,
      3642, 1676, 3643, -1,
      3643, 1676, 1675, -1,
      3644, 1677, 3642, -1,
      3642, 1677, 1676, -1,
      3645, 1716, 3644, -1,
      3644, 1716, 1677, -1,
      1716, 3645, 3646, -1,
      1716, 3646, 1715, -1,
      1715, 3646, 3647, -1,
      1715, 3647, 1732, -1,
      1732, 3647, 3648, -1,
      1732, 3648, 1733, -1,
      1733, 3648, 3649, -1,
      1733, 3649, 1734, -1,
      1734, 3649, 3650, -1,
      1734, 3650, 1736, -1,
      1736, 3650, 3651, -1,
      1736, 3651, 1712, -1,
      1712, 3651, 3652, -1,
      1712, 3652, 1724, -1,
      1724, 3652, 3653, -1,
      1724, 3653, 1725, -1,
      1725, 3653, 3654, -1,
      1725, 3654, 1726, -1,
      1726, 3654, 3655, -1,
      1726, 3655, 1713, -1,
      1713, 3655, 3656, -1,
      1713, 3656, 1714, -1,
      1714, 3656, 3657, -1,
      1714, 3657, 1735, -1,
      1735, 3657, 3658, -1,
      1735, 3658, 1688, -1,
      1688, 3658, 3659, -1,
      1688, 3659, 1686, -1,
      1686, 3659, 3660, -1,
      1686, 3660, 1684, -1,
      1684, 3660, 3661, -1,
      1684, 3661, 1703, -1,
      1703, 3661, 3662, -1,
      1703, 3662, 1729, -1,
      1729, 3662, 3663, -1,
      1729, 3663, 1728, -1,
      1728, 3663, 3664, -1,
      1728, 3664, 1727, -1,
      1727, 3664, 3665, -1,
      1727, 3665, 1730, -1,
      1730, 3665, 3666, -1,
      1730, 3666, 1731, -1,
      1731, 3666, 3667, -1,
      1731, 3667, 1702, -1,
      1702, 3667, 3668, -1,
      1702, 3668, 1720, -1,
      1720, 3668, 3669, -1,
      1720, 3669, 1721, -1,
      1721, 3669, 3670, -1,
      1721, 3670, 1710, -1,
      1710, 3670, 3671, -1,
      1710, 3671, 1711, -1,
      1711, 3671, 3672, -1,
      1711, 3672, 1722, -1,
      1722, 3672, 3673, -1,
      1722, 3673, 1723, -1,
      1723, 3673, 3674, -1,
      1723, 3674, 1685, -1,
      3675, 1687, 3674, -1,
      3674, 1687, 1685, -1,
      3676, 1704, 3675, -1,
      3675, 1704, 1687, -1,
      1704, 3676, 3677, -1,
      1704, 3677, 1689, -1,
      1689, 3677, 3678, -1,
      1689, 3678, 1690, -1,
      1690, 3678, 3679, -1,
      1690, 3679, 1705, -1,
      1705, 3679, 3680, -1,
      1705, 3680, 1706, -1,
      1706, 3680, 3681, -1,
      1706, 3681, 1691, -1,
      1691, 3681, 3682, -1,
      1691, 3682, 1692, -1,
      1692, 3682, 3683, -1,
      1692, 3683, 1693, -1,
      1693, 3683, 3684, -1,
      1693, 3684, 1694, -1,
      1694, 3684, 3685, -1,
      1694, 3685, 1678, -1,
      1678, 3685, 3686, -1,
      1678, 3686, 1679, -1,
      1679, 3686, 3687, -1,
      1679, 3687, 1680, -1,
      1680, 3687, 3688, -1,
      1680, 3688, 1681, -1,
      1681, 3688, 3689, -1,
      1681, 3689, 1695, -1,
      1695, 3689, 3690, -1,
      1695, 3690, 1696, -1,
      1696, 3690, 3691, -1,
      1696, 3691, 1697, -1,
      1697, 3691, 3692, -1,
      1697, 3692, 1698, -1,
      1698, 3692, 3693, -1,
      1698, 3693, 1699, -1,
      1699, 3693, 3694, -1,
      1699, 3694, 1700, -1,
      1700, 3694, 3695, -1,
      1700, 3695, 1701, -1,
      1701, 3695, 3696, -1,
      1701, 3696, 1717, -1,
      1717, 3696, 3697, -1,
      1717, 3697, 1718, -1,
      1718, 3697, 3698, -1,
      1718, 3698, 1719, -1,
      1719, 3698, 3699, -1,
      1719, 3699, 1682, -1,
      1682, 3699, 3700, -1,
      1682, 3700, 1683, -1,
      1683, 3700, 3701, -1,
      1683, 3701, 1707, -1,
      1707, 3701, 3702, -1,
      1707, 3702, 1708, -1,
      3703, 1709, 3702, -1,
      3702, 1709, 1708, -1,
      3703, 3643, 1709, -1,
      1709, 3643, 1675, -1,
      3644, 3642, 3703, -1,
      3703, 3642, 3643, -1,
      3702, 3650, 3703, -1,
      3703, 3650, 3649, -1,
      3703, 3649, 3648, -1,
      3645, 3644, 3646, -1,
      3646, 3644, 3703, -1,
      3646, 3703, 3647, -1,
      3647, 3703, 3648, -1,
      3702, 3701, 3650, -1,
      3650, 3701, 3700, -1,
      3650, 3700, 3651, -1,
      3651, 3700, 3699, -1,
      3651, 3699, 3652, -1,
      3652, 3699, 3698, -1,
      3652, 3698, 3653, -1,
      3698, 3697, 3653, -1,
      3653, 3697, 3696, -1,
      3653, 3696, 3654, -1,
      3654, 3696, 3695, -1,
      3654, 3695, 3655, -1,
      3655, 3695, 3694, -1,
      3655, 3694, 3656, -1,
      3656, 3694, 3693, -1,
      3656, 3693, 3657, -1,
      3657, 3693, 3658, -1,
      3658, 3693, 3692, -1,
      3658, 3692, 3659, -1,
      3659, 3692, 3691, -1,
      3659, 3691, 3660, -1,
      3660, 3691, 3690, -1,
      3660, 3690, 3661, -1,
      3661, 3690, 3689, -1,
      3661, 3689, 3662, -1,
      3662, 3689, 3688, -1,
      3662, 3688, 3663, -1,
      3663, 3688, 3687, -1,
      3663, 3687, 3664, -1,
      3664, 3687, 3686, -1,
      3664, 3686, 3665, -1,
      3665, 3686, 3685, -1,
      3665, 3685, 3666, -1,
      3666, 3685, 3684, -1,
      3666, 3684, 3667, -1,
      3667, 3684, 3683, -1,
      3667, 3683, 3668, -1,
      3668, 3683, 3682, -1,
      3668, 3682, 3669, -1,
      3669, 3682, 3681, -1,
      3669, 3681, 3670, -1,
      3670, 3681, 3680, -1,
      3670, 3680, 3671, -1,
      3671, 3680, 3679, -1,
      3671, 3679, 3672, -1,
      3672, 3679, 3678, -1,
      3672, 3678, 3673, -1,
      3673, 3678, 3677, -1,
      3673, 3677, 3674, -1,
      3674, 3677, 3676, -1,
      3674, 3676, 3675, -1,
      3704, 1118, 3705, -1,
      3705, 1118, 1117, -1,
      3705, 1117, 1110, -1,
      1118, 3704, 3706, -1,
      1118, 3706, 1122, -1,
      1122, 3706, 3707, -1,
      1122, 3707, 1123, -1,
      1123, 3707, 3708, -1,
      1123, 3708, 1113, -1,
      3709, 1132, 3708, -1,
      3708, 1132, 1113, -1,
      1132, 3709, 3710, -1,
      1132, 3710, 1133, -1,
      1133, 3710, 3711, -1,
      1133, 3711, 1134, -1,
      1134, 3711, 3712, -1,
      1134, 3712, 1135, -1,
      1135, 3712, 3713, -1,
      1135, 3713, 1139, -1,
      1139, 3713, 3714, -1,
      1139, 3714, 1140, -1,
      1140, 3714, 3715, -1,
      1140, 3715, 1114, -1,
      1114, 3715, 3716, -1,
      1114, 3716, 1115, -1,
      1115, 3716, 3717, -1,
      1115, 3717, 1128, -1,
      1128, 3717, 3718, -1,
      1128, 3718, 1124, -1,
      1124, 3718, 3719, -1,
      1124, 3719, 1125, -1,
      1125, 3719, 3720, -1,
      1125, 3720, 1126, -1,
      1126, 3720, 3721, -1,
      1126, 3721, 1127, -1,
      1127, 3721, 3722, -1,
      1127, 3722, 1120, -1,
      1120, 3722, 3723, -1,
      1120, 3723, 1121, -1,
      1121, 3723, 3724, -1,
      1121, 3724, 1151, -1,
      1151, 3724, 3725, -1,
      1151, 3725, 1152, -1,
      1152, 3725, 3726, -1,
      1152, 3726, 1153, -1,
      1153, 3726, 3727, -1,
      1153, 3727, 1154, -1,
      1154, 3727, 3728, -1,
      1154, 3728, 1155, -1,
      1155, 3728, 3729, -1,
      1155, 3729, 1156, -1,
      1156, 3729, 3730, -1,
      1156, 3730, 1157, -1,
      1157, 3730, 3731, -1,
      1157, 3731, 1158, -1,
      3732, 1159, 3731, -1,
      3731, 1159, 1158, -1,
      3733, 1162, 3732, -1,
      3732, 1162, 1159, -1,
      1162, 3733, 3734, -1,
      1162, 3734, 1161, -1,
      1161, 3734, 3735, -1,
      1161, 3735, 1160, -1,
      1160, 3735, 3736, -1,
      1160, 3736, 1141, -1,
      1141, 3736, 3737, -1,
      1141, 3737, 1142, -1,
      1142, 3737, 3738, -1,
      1142, 3738, 1144, -1,
      1144, 3738, 3739, -1,
      1144, 3739, 1145, -1,
      1145, 3739, 3740, -1,
      1145, 3740, 1146, -1,
      1146, 3740, 3741, -1,
      1146, 3741, 1147, -1,
      1147, 3741, 3742, -1,
      1147, 3742, 1148, -1,
      1148, 3742, 3743, -1,
      1148, 3743, 1149, -1,
      1149, 3743, 3744, -1,
      1149, 3744, 1150, -1,
      3745, 1129, 3744, -1,
      3744, 1129, 1150, -1,
      3746, 1130, 3745, -1,
      3745, 1130, 1129, -1,
      1136, 1130, 3747, -1,
      3747, 1130, 3746, -1,
      1136, 3747, 1137, -1,
      1137, 3747, 3748, -1,
      1137, 3748, 1138, -1,
      3749, 1109, 3748, -1,
      3748, 1109, 1138, -1,
      3749, 3705, 1109, -1,
      1109, 3705, 1110, -1,
      3715, 3714, 3728, -1,
      3728, 3714, 3713, -1,
      3728, 3713, 3729, -1,
      3716, 3715, 3717, -1,
      3717, 3715, 3728, -1,
      3717, 3728, 3718, -1,
      3718, 3728, 3727, -1,
      3718, 3727, 3719, -1,
      3746, 3745, 3709, -1,
      3709, 3745, 3744, -1,
      3709, 3744, 3743, -1,
      3713, 3712, 3729, -1,
      3729, 3712, 3711, -1,
      3729, 3711, 3730, -1,
      3730, 3711, 3710, -1,
      3705, 3749, 3704, -1,
      3704, 3749, 3748, -1,
      3704, 3748, 3706, -1,
      3706, 3748, 3747, -1,
      3706, 3747, 3707, -1,
      3707, 3747, 3746, -1,
      3707, 3746, 3708, -1,
      3708, 3746, 3709, -1,
      3743, 3742, 3709, -1,
      3709, 3742, 3741, -1,
      3709, 3741, 3740, -1,
      3721, 3726, 3725, -1,
      3726, 3721, 3727, -1,
      3727, 3721, 3720, -1,
      3727, 3720, 3719, -1,
      3740, 3739, 3709, -1,
      3709, 3739, 3738, -1,
      3709, 3738, 3737, -1,
      3737, 3736, 3709, -1,
      3709, 3736, 3735, -1,
      3709, 3735, 3734, -1,
      3734, 3733, 3709, -1,
      3709, 3733, 3732, -1,
      3709, 3732, 3710, -1,
      3710, 3732, 3731, -1,
      3710, 3731, 3730, -1,
      3725, 3724, 3721, -1,
      3721, 3724, 3723, -1,
      3721, 3723, 3722, -1,
      4363, 544, 4364, -1,
      4364, 544, 542, -1,
      4365, 569, 4363, -1,
      4363, 569, 544, -1,
      4366, 564, 4365, -1,
      4365, 564, 566, -1,
      4365, 566, 569, -1,
      564, 4366, 4367, -1,
      564, 4367, 572, -1,
      572, 4367, 4368, -1,
      572, 4368, 573, -1,
      573, 4368, 4369, -1,
      573, 4369, 574, -1,
      574, 4369, 4370, -1,
      574, 4370, 577, -1,
      577, 4370, 4371, -1,
      577, 4371, 578, -1,
      578, 4371, 4372, -1,
      578, 4372, 579, -1,
      579, 4372, 4373, -1,
      579, 4373, 548, -1,
      548, 4373, 4374, -1,
      548, 4374, 549, -1,
      549, 4374, 4375, -1,
      549, 4375, 550, -1,
      550, 4375, 4376, -1,
      550, 4376, 554, -1,
      554, 4376, 4377, -1,
      554, 4377, 555, -1,
      555, 4377, 4378, -1,
      555, 4378, 556, -1,
      556, 4378, 4379, -1,
      556, 4379, 552, -1,
      552, 4379, 4380, -1,
      552, 4380, 553, -1,
      553, 4380, 609, -1,
      609, 4380, 4381, -1,
      609, 4381, 610, -1,
      4382, 611, 4381, -1,
      4381, 611, 610, -1,
      611, 4382, 4383, -1,
      611, 4383, 615, -1,
      615, 4383, 4384, -1,
      615, 4384, 614, -1,
      614, 4384, 4385, -1,
      614, 4385, 608, -1,
      608, 4385, 4386, -1,
      608, 4386, 607, -1,
      4387, 605, 4386, -1,
      4386, 605, 607, -1,
      605, 4387, 4388, -1,
      605, 4388, 606, -1,
      606, 4388, 4389, -1,
      606, 4389, 612, -1,
      612, 4389, 600, -1,
      600, 4389, 4390, -1,
      600, 4390, 601, -1,
      4391, 603, 4390, -1,
      4390, 603, 601, -1,
      4392, 593, 4391, -1,
      4391, 593, 594, -1,
      4391, 594, 603, -1,
      4393, 592, 4392, -1,
      4392, 592, 593, -1,
      592, 4393, 4394, -1,
      592, 4394, 595, -1,
      595, 4394, 4395, -1,
      595, 4395, 596, -1,
      4396, 597, 4395, -1,
      4395, 597, 596, -1,
      597, 4396, 4397, -1,
      597, 4397, 598, -1,
      598, 4397, 4398, -1,
      598, 4398, 599, -1,
      599, 4398, 4399, -1,
      599, 4399, 585, -1,
      585, 4399, 4400, -1,
      585, 4400, 586, -1,
      586, 4400, 4401, -1,
      586, 4401, 588, -1,
      588, 4401, 4402, -1,
      588, 4402, 589, -1,
      589, 4402, 4403, -1,
      589, 4403, 583, -1,
      583, 4403, 4404, -1,
      583, 4404, 584, -1,
      584, 4404, 4405, -1,
      584, 4405, 590, -1,
      4406, 591, 4405, -1,
      4405, 591, 590, -1,
      591, 4406, 558, -1,
      558, 4406, 4407, -1,
      558, 4407, 559, -1,
      559, 4407, 4408, -1,
      559, 4408, 563, -1,
      563, 4408, 4409, -1,
      563, 4409, 560, -1,
      560, 4409, 4410, -1,
      560, 4410, 561, -1,
      561, 4410, 4411, -1,
      561, 4411, 562, -1,
      562, 4411, 4412, -1,
      562, 4412, 546, -1,
      546, 4412, 4413, -1,
      546, 4413, 547, -1,
      547, 4413, 4414, -1,
      547, 4414, 580, -1,
      580, 4414, 4415, -1,
      580, 4415, 581, -1,
      581, 4415, 4416, -1,
      581, 4416, 582, -1,
      582, 4416, 4417, -1,
      582, 4417, 565, -1,
      565, 4417, 4418, -1,
      565, 4418, 567, -1,
      567, 4418, 4419, -1,
      567, 4419, 568, -1,
      568, 4419, 4420, -1,
      568, 4420, 575, -1,
      575, 4420, 4421, -1,
      575, 4421, 576, -1,
      576, 4421, 4422, -1,
      576, 4422, 571, -1,
      571, 4422, 4423, -1,
      571, 4423, 570, -1,
      4424, 543, 4423, -1,
      4423, 543, 545, -1,
      4423, 545, 570, -1,
      4425, 541, 4424, -1,
      4424, 541, 543, -1,
      4425, 4364, 541, -1,
      541, 4364, 542, -1,
      4426, 4390, 4427, -1,
      4427, 4390, 4389, -1,
      4366, 4365, 4380, -1,
      4425, 4428, 4429, -1,
      4398, 4397, 4424, -1,
      4424, 4397, 4396, -1,
      4429, 4430, 4425, -1,
      4425, 4430, 4431, -1,
      4425, 4431, 4364, -1,
      4364, 4431, 4432, -1,
      4388, 4363, 4389, -1,
      4389, 4363, 4364, -1,
      4389, 4364, 4427, -1,
      4427, 4364, 4432, -1,
      4396, 4395, 4424, -1,
      4424, 4395, 4394, -1,
      4424, 4394, 4425, -1,
      4425, 4394, 4393, -1,
      4425, 4393, 4428, -1,
      4428, 4393, 4392, -1,
      4428, 4392, 4426, -1,
      4426, 4392, 4391, -1,
      4426, 4391, 4390, -1,
      4363, 4382, 4365, -1,
      4365, 4382, 4381, -1,
      4365, 4381, 4380, -1,
      4409, 4408, 4423, -1,
      4423, 4408, 4407, -1,
      4423, 4407, 4424, -1,
      4424, 4407, 4406, -1,
      4406, 4405, 4424, -1,
      4424, 4405, 4404, -1,
      4424, 4404, 4398, -1,
      4398, 4404, 4403, -1,
      4398, 4403, 4399, -1,
      4388, 4387, 4363, -1,
      4363, 4387, 4386, -1,
      4363, 4386, 4385, -1,
      4379, 4368, 4380, -1,
      4380, 4368, 4367, -1,
      4380, 4367, 4366, -1,
      4385, 4384, 4363, -1,
      4363, 4384, 4383, -1,
      4363, 4383, 4382, -1,
      4402, 4401, 4403, -1,
      4403, 4401, 4400, -1,
      4403, 4400, 4399, -1,
      4421, 4412, 4422, -1,
      4422, 4412, 4411, -1,
      4422, 4411, 4423, -1,
      4423, 4411, 4410, -1,
      4423, 4410, 4409, -1,
      4421, 4420, 4412, -1,
      4412, 4420, 4419, -1,
      4412, 4419, 4413, -1,
      4378, 4370, 4379, -1,
      4379, 4370, 4369, -1,
      4379, 4369, 4368, -1,
      4378, 4377, 4370, -1,
      4370, 4377, 4376, -1,
      4370, 4376, 4375, -1,
      4372, 4371, 4373, -1,
      4373, 4371, 4370, -1,
      4373, 4370, 4374, -1,
      4374, 4370, 4375, -1,
      4417, 4416, 4418, -1,
      4418, 4416, 4415, -1,
      4418, 4415, 4419, -1,
      4419, 4415, 4414, -1,
      4419, 4414, 4413, -1,
      4427, 4433, 4426, -1,
      4426, 4433, 4434, -1,
      4433, 4427, 4432, -1,
      4433, 4432, 4435, -1,
      4435, 4432, 4431, -1,
      4435, 4431, 4436, -1,
      4436, 4431, 4430, -1,
      4436, 4430, 4437, -1,
      4429, 4438, 4430, -1,
      4430, 4438, 4437, -1,
      4428, 4439, 4429, -1,
      4429, 4439, 4438, -1,
      4434, 4439, 4426, -1,
      4426, 4439, 4428, -1,
      4440, 641, 4441, -1,
      4441, 641, 640, -1,
      641, 4440, 4442, -1,
      641, 4442, 654, -1,
      654, 4442, 4443, -1,
      654, 4443, 655, -1,
      655, 4443, 4444, -1,
      655, 4444, 656, -1,
      656, 4444, 4445, -1,
      656, 4445, 630, -1,
      630, 4445, 4446, -1,
      630, 4446, 631, -1,
      631, 4446, 4447, -1,
      631, 4447, 632, -1,
      632, 4447, 4448, -1,
      632, 4448, 633, -1,
      633, 4448, 4449, -1,
      633, 4449, 668, -1,
      668, 4449, 4450, -1,
      668, 4450, 669, -1,
      4451, 670, 4450, -1,
      4450, 670, 669, -1,
      4452, 674, 4451, -1,
      4451, 674, 670, -1,
      674, 4452, 4453, -1,
      674, 4453, 675, -1,
      675, 4453, 4454, -1,
      675, 4454, 665, -1,
      4455, 666, 4454, -1,
      4454, 666, 665, -1,
      4456, 667, 4455, -1,
      4455, 667, 666, -1,
      667, 4456, 4457, -1,
      667, 4457, 646, -1,
      646, 4457, 4458, -1,
      646, 4458, 645, -1,
      645, 4458, 4459, -1,
      645, 4459, 625, -1,
      625, 4459, 4460, -1,
      625, 4460, 619, -1,
      619, 4460, 4461, -1,
      619, 4461, 620, -1,
      620, 4461, 4462, -1,
      620, 4462, 634, -1,
      634, 4462, 4463, -1,
      634, 4463, 635, -1,
      635, 4463, 4464, -1,
      635, 4464, 636, -1,
      636, 4464, 4465, -1,
      636, 4465, 671, -1,
      671, 4465, 4466, -1,
      671, 4466, 672, -1,
      672, 4466, 4467, -1,
      672, 4467, 673, -1,
      673, 4467, 4468, -1,
      673, 4468, 657, -1,
      657, 4468, 4469, -1,
      657, 4469, 658, -1,
      658, 4469, 4470, -1,
      658, 4470, 659, -1,
      659, 4470, 4471, -1,
      659, 4471, 621, -1,
      621, 4471, 4472, -1,
      621, 4472, 622, -1,
      622, 4472, 4473, -1,
      622, 4473, 647, -1,
      4474, 648, 4473, -1,
      4473, 648, 647, -1,
      648, 4474, 4475, -1,
      648, 4475, 649, -1,
      649, 4475, 4476, -1,
      649, 4476, 679, -1,
      679, 4476, 678, -1,
      678, 4476, 4477, -1,
      678, 4477, 677, -1,
      677, 4477, 4478, -1,
      677, 4478, 676, -1,
      186, 676, 4479, -1,
      4479, 676, 4478, -1,
      186, 4479, 187, -1,
      187, 4479, 4480, -1,
      187, 4480, 637, -1,
      637, 4480, 4481, -1,
      637, 4481, 638, -1,
      638, 4481, 4482, -1,
      638, 4482, 639, -1,
      639, 4482, 4483, -1,
      639, 4483, 663, -1,
      4484, 664, 4483, -1,
      4483, 664, 663, -1,
      664, 4484, 4485, -1,
      664, 4485, 660, -1,
      660, 4485, 4486, -1,
      660, 4486, 661, -1,
      661, 4486, 4487, -1,
      661, 4487, 662, -1,
      662, 4487, 4488, -1,
      662, 4488, 623, -1,
      623, 4488, 4489, -1,
      623, 4489, 624, -1,
      624, 4489, 4490, -1,
      624, 4490, 650, -1,
      650, 4490, 4491, -1,
      650, 4491, 651, -1,
      651, 4491, 4492, -1,
      651, 4492, 652, -1,
      652, 4492, 4493, -1,
      652, 4493, 616, -1,
      616, 4493, 4494, -1,
      616, 4494, 617, -1,
      617, 4494, 4495, -1,
      617, 4495, 629, -1,
      629, 4495, 4496, -1,
      629, 4496, 628, -1,
      628, 4496, 4497, -1,
      628, 4497, 626, -1,
      626, 4497, 4498, -1,
      626, 4498, 642, -1,
      4499, 643, 4498, -1,
      4498, 643, 642, -1,
      4500, 644, 4499, -1,
      4499, 644, 643, -1,
      4501, 627, 4500, -1,
      4500, 627, 644, -1,
      627, 4501, 4502, -1,
      627, 4502, 653, -1,
      653, 4502, 4441, -1,
      653, 4441, 640, -1,
      4487, 4486, 4498, -1,
      4452, 4451, 4503, -1,
      4451, 4450, 4440, -1,
      4440, 4450, 4449, -1,
      4440, 4449, 4442, -1,
      4440, 4441, 4451, -1,
      4451, 4441, 4502, -1,
      4451, 4502, 4503, -1,
      4503, 4502, 4501, -1,
      4503, 4501, 4504, -1,
      4505, 4506, 4482, -1,
      4482, 4506, 4507, -1,
      4482, 4507, 4508, -1,
      4486, 4485, 4498, -1,
      4498, 4485, 4484, -1,
      4498, 4484, 4499, -1,
      4499, 4484, 4483, -1,
      4499, 4483, 4500, -1,
      4500, 4483, 4482, -1,
      4482, 4481, 4505, -1,
      4505, 4481, 4475, -1,
      4505, 4475, 4509, -1,
      4501, 4500, 4504, -1,
      4504, 4500, 4482, -1,
      4504, 4482, 4510, -1,
      4510, 4482, 4508, -1,
      4511, 4512, 4456, -1,
      4456, 4512, 4457, -1,
      4457, 4512, 4513, -1,
      4457, 4513, 4458, -1,
      4495, 4494, 4493, -1,
      4456, 4455, 4511, -1,
      4511, 4455, 4454, -1,
      4511, 4454, 4503, -1,
      4503, 4454, 4453, -1,
      4503, 4453, 4452, -1,
      4458, 4513, 4459, -1,
      4459, 4513, 4514, -1,
      4459, 4514, 4460, -1,
      4498, 4491, 4490, -1,
      4448, 4444, 4449, -1,
      4449, 4444, 4443, -1,
      4449, 4443, 4442, -1,
      4448, 4447, 4444, -1,
      4444, 4447, 4446, -1,
      4444, 4446, 4445, -1,
      4515, 4516, 4468, -1,
      4491, 4498, 4492, -1,
      4492, 4498, 4497, -1,
      4492, 4497, 4493, -1,
      4493, 4497, 4496, -1,
      4493, 4496, 4495, -1,
      4490, 4489, 4498, -1,
      4498, 4489, 4488, -1,
      4498, 4488, 4487, -1,
      4479, 4478, 4480, -1,
      4480, 4478, 4477, -1,
      4480, 4477, 4481, -1,
      4481, 4477, 4476, -1,
      4481, 4476, 4475, -1,
      4468, 4516, 4469, -1,
      4475, 4474, 4509, -1,
      4509, 4474, 4473, -1,
      4509, 4473, 4472, -1,
      4516, 4517, 4469, -1,
      4469, 4517, 4518, -1,
      4469, 4518, 4470, -1,
      4470, 4518, 4509, -1,
      4470, 4509, 4471, -1,
      4471, 4509, 4472, -1,
      4460, 4514, 4461, -1,
      4461, 4514, 4519, -1,
      4461, 4519, 4462, -1,
      4462, 4519, 4520, -1,
      4462, 4520, 4463, -1,
      4463, 4520, 4521, -1,
      4463, 4521, 4464, -1,
      4521, 4522, 4464, -1,
      4464, 4522, 4523, -1,
      4464, 4523, 4465, -1,
      4465, 4523, 4524, -1,
      4465, 4524, 4466, -1,
      4466, 4524, 4515, -1,
      4466, 4515, 4467, -1,
      4467, 4515, 4468, -1,
      4507, 4525, 4508, -1,
      4508, 4525, 4526, -1,
      4525, 4507, 4506, -1,
      4525, 4506, 4527, -1,
      4527, 4506, 4505, -1,
      4527, 4505, 4528, -1,
      4528, 4505, 4509, -1,
      4528, 4509, 4529, -1,
      4529, 4509, 4518, -1,
      4529, 4518, 4530, -1,
      4530, 4518, 4517, -1,
      4530, 4517, 4531, -1,
      4531, 4517, 4516, -1,
      4531, 4516, 4532, -1,
      4532, 4516, 4515, -1,
      4532, 4515, 4533, -1,
      4533, 4515, 4524, -1,
      4533, 4524, 4534, -1,
      4534, 4524, 4523, -1,
      4534, 4523, 4535, -1,
      4535, 4523, 4522, -1,
      4535, 4522, 4536, -1,
      4536, 4522, 4521, -1,
      4536, 4521, 4537, -1,
      4537, 4521, 4520, -1,
      4537, 4520, 4538, -1,
      4538, 4520, 4519, -1,
      4538, 4519, 4539, -1,
      4539, 4519, 4514, -1,
      4539, 4514, 4540, -1,
      4540, 4514, 4513, -1,
      4540, 4513, 4541, -1,
      4541, 4513, 4512, -1,
      4541, 4512, 4542, -1,
      4542, 4512, 4511, -1,
      4542, 4511, 4543, -1,
      4503, 4544, 4511, -1,
      4511, 4544, 4543, -1,
      4504, 4545, 4503, -1,
      4503, 4545, 4544, -1,
      4545, 4504, 4510, -1,
      4545, 4510, 4546, -1,
      4546, 4510, 4508, -1,
      4546, 4508, 4526, -1,
      4547, 687, 4548, -1,
      4548, 687, 686, -1,
      687, 4547, 4549, -1,
      687, 4549, 689, -1,
      689, 4549, 4550, -1,
      689, 4550, 699, -1,
      699, 4550, 4551, -1,
      699, 4551, 698, -1,
      4552, 690, 4551, -1,
      4551, 690, 698, -1,
      4553, 731, 4552, -1,
      4552, 731, 690, -1,
      731, 4553, 4554, -1,
      731, 4554, 709, -1,
      709, 4554, 4555, -1,
      709, 4555, 710, -1,
      710, 4555, 4556, -1,
      710, 4556, 712, -1,
      712, 4556, 4557, -1,
      712, 4557, 714, -1,
      714, 4557, 4558, -1,
      714, 4558, 749, -1,
      749, 4558, 4559, -1,
      749, 4559, 750, -1,
      750, 4559, 4560, -1,
      750, 4560, 700, -1,
      700, 4560, 4561, -1,
      700, 4561, 680, -1,
      680, 4561, 4562, -1,
      680, 4562, 681, -1,
      681, 4562, 4563, -1,
      681, 4563, 743, -1,
      743, 4563, 4564, -1,
      743, 4564, 744, -1,
      4565, 728, 4564, -1,
      4564, 728, 744, -1,
      4566, 729, 4565, -1,
      4565, 729, 728, -1,
      4567, 730, 4566, -1,
      4566, 730, 729, -1,
      730, 4567, 4568, -1,
      730, 4568, 746, -1,
      746, 4568, 4569, -1,
      746, 4569, 745, -1,
      4570, 682, 4569, -1,
      4569, 682, 745, -1,
      4571, 732, 4570, -1,
      4570, 732, 682, -1,
      732, 4571, 4572, -1,
      732, 4572, 751, -1,
      751, 4572, 4573, -1,
      751, 4573, 752, -1,
      752, 4573, 4574, -1,
      752, 4574, 753, -1,
      753, 4574, 4575, -1,
      753, 4575, 733, -1,
      733, 4575, 4576, -1,
      733, 4576, 734, -1,
      734, 4576, 4577, -1,
      734, 4577, 735, -1,
      735, 4577, 4578, -1,
      735, 4578, 754, -1,
      754, 4578, 4579, -1,
      754, 4579, 755, -1,
      755, 4579, 4580, -1,
      755, 4580, 756, -1,
      756, 4580, 4581, -1,
      756, 4581, 757, -1,
      757, 4581, 4582, -1,
      757, 4582, 758, -1,
      758, 4582, 4583, -1,
      758, 4583, 759, -1,
      4584, 777, 4583, -1,
      4583, 777, 759, -1,
      777, 4584, 4585, -1,
      777, 4585, 778, -1,
      778, 4585, 4586, -1,
      778, 4586, 765, -1,
      4587, 766, 4586, -1,
      4586, 766, 765, -1,
      766, 4587, 4588, -1,
      766, 4588, 767, -1,
      767, 4588, 4589, -1,
      767, 4589, 737, -1,
      737, 4589, 4590, -1,
      737, 4590, 736, -1,
      736, 4590, 4591, -1,
      736, 4591, 702, -1,
      702, 4591, 4592, -1,
      702, 4592, 703, -1,
      703, 4592, 4593, -1,
      703, 4593, 717, -1,
      717, 4593, 4594, -1,
      717, 4594, 718, -1,
      718, 4594, 4595, -1,
      718, 4595, 719, -1,
      719, 4595, 4596, -1,
      719, 4596, 738, -1,
      738, 4596, 4597, -1,
      738, 4597, 739, -1,
      739, 4597, 4598, -1,
      739, 4598, 740, -1,
      740, 4598, 4599, -1,
      740, 4599, 768, -1,
      768, 4599, 4600, -1,
      768, 4600, 769, -1,
      4601, 770, 4600, -1,
      4600, 770, 769, -1,
      770, 4601, 4602, -1,
      770, 4602, 781, -1,
      781, 4602, 4603, -1,
      781, 4603, 780, -1,
      4604, 779, 4603, -1,
      4603, 779, 780, -1,
      779, 4604, 4605, -1,
      779, 4605, 747, -1,
      747, 4605, 4606, -1,
      747, 4606, 748, -1,
      748, 4606, 4607, -1,
      748, 4607, 704, -1,
      704, 4607, 4608, -1,
      704, 4608, 705, -1,
      705, 4608, 4609, -1,
      705, 4609, 706, -1,
      706, 4609, 4610, -1,
      706, 4610, 720, -1,
      720, 4610, 4611, -1,
      720, 4611, 721, -1,
      721, 4611, 4612, -1,
      721, 4612, 683, -1,
      683, 4612, 4613, -1,
      683, 4613, 684, -1,
      684, 4613, 4614, -1,
      684, 4614, 693, -1,
      693, 4614, 4615, -1,
      693, 4615, 694, -1,
      694, 4615, 4616, -1,
      694, 4616, 695, -1,
      695, 4616, 4617, -1,
      695, 4617, 722, -1,
      722, 4617, 4618, -1,
      722, 4618, 723, -1,
      723, 4618, 4619, -1,
      723, 4619, 724, -1,
      4620, 760, 4619, -1,
      4619, 760, 724, -1,
      760, 4620, 4621, -1,
      760, 4621, 761, -1,
      761, 4621, 4622, -1,
      761, 4622, 762, -1,
      4623, 771, 4622, -1,
      4622, 771, 762, -1,
      771, 4623, 4624, -1,
      771, 4624, 772, -1,
      772, 4624, 4625, -1,
      772, 4625, 773, -1,
      4626, 774, 4625, -1,
      4625, 774, 773, -1,
      774, 4626, 4627, -1,
      774, 4627, 775, -1,
      775, 4627, 4628, -1,
      775, 4628, 776, -1,
      776, 4628, 4629, -1,
      776, 4629, 782, -1,
      782, 4629, 783, -1,
      783, 4629, 4630, -1,
      783, 4630, 725, -1,
      725, 4630, 726, -1,
      726, 4630, 4631, -1,
      726, 4631, 727, -1,
      727, 4631, 4632, -1,
      727, 4632, 763, -1,
      763, 4632, 4633, -1,
      763, 4633, 764, -1,
      764, 4633, 4634, -1,
      764, 4634, 707, -1,
      707, 4634, 4635, -1,
      707, 4635, 708, -1,
      708, 4635, 4636, -1,
      708, 4636, 741, -1,
      741, 4636, 4637, -1,
      741, 4637, 742, -1,
      742, 4637, 4638, -1,
      742, 4638, 716, -1,
      716, 4638, 4639, -1,
      716, 4639, 715, -1,
      715, 4639, 4640, -1,
      715, 4640, 713, -1,
      713, 4640, 4641, -1,
      713, 4641, 711, -1,
      711, 4641, 4642, -1,
      711, 4642, 691, -1,
      4643, 692, 4642, -1,
      4642, 692, 691, -1,
      692, 4643, 4644, -1,
      692, 4644, 696, -1,
      696, 4644, 4645, -1,
      696, 4645, 697, -1,
      4646, 688, 4645, -1,
      4645, 688, 697, -1,
      4646, 4548, 688, -1,
      688, 4548, 686, -1,
      4589, 4588, 4566, -1,
      4569, 4568, 4584, -1,
      4584, 4568, 4567, -1,
      4551, 4550, 4564, -1,
      4588, 4587, 4566, -1,
      4566, 4587, 4586, -1,
      4566, 4586, 4567, -1,
      4567, 4586, 4585, -1,
      4567, 4585, 4584, -1,
      4603, 4602, 4566, -1,
      4602, 4601, 4566, -1,
      4566, 4601, 4600, -1,
      4566, 4600, 4599, -1,
      4599, 4598, 4566, -1,
      4566, 4598, 4597, -1,
      4566, 4597, 4596, -1,
      4548, 4565, 4547, -1,
      4547, 4565, 4564, -1,
      4547, 4564, 4549, -1,
      4549, 4564, 4550, -1,
      4569, 4584, 4570, -1,
      4570, 4584, 4583, -1,
      4570, 4583, 4571, -1,
      4571, 4583, 4582, -1,
      4571, 4582, 4581, -1,
      4566, 4593, 4592, -1,
      4606, 4605, 4646, -1,
      4646, 4605, 4604, -1,
      4646, 4604, 4548, -1,
      4548, 4604, 4603, -1,
      4548, 4603, 4565, -1,
      4565, 4603, 4566, -1,
      4596, 4595, 4566, -1,
      4566, 4595, 4594, -1,
      4566, 4594, 4593, -1,
      4556, 4555, 4563, -1,
      4563, 4555, 4564, -1,
      4552, 4551, 4553, -1,
      4553, 4551, 4564, -1,
      4553, 4564, 4554, -1,
      4554, 4564, 4555, -1,
      4612, 4611, 4646, -1,
      4646, 4611, 4610, -1,
      4646, 4610, 4609, -1,
      4581, 4580, 4571, -1,
      4571, 4580, 4579, -1,
      4571, 4579, 4578, -1,
      4592, 4591, 4566, -1,
      4566, 4591, 4590, -1,
      4566, 4590, 4589, -1,
      4635, 4634, 4641, -1,
      4641, 4634, 4633, -1,
      4641, 4633, 4642, -1,
      4642, 4633, 4632, -1,
      4642, 4632, 4631, -1,
      4624, 4623, 4646, -1,
      4646, 4623, 4622, -1,
      4646, 4622, 4621, -1,
      4621, 4620, 4646, -1,
      4646, 4620, 4619, -1,
      4646, 4619, 4618, -1,
      4573, 4576, 4574, -1,
      4574, 4576, 4575, -1,
      4578, 4577, 4571, -1,
      4571, 4577, 4576, -1,
      4571, 4576, 4572, -1,
      4572, 4576, 4573, -1,
      4615, 4614, 4646, -1,
      4646, 4614, 4613, -1,
      4646, 4613, 4612, -1,
      4609, 4608, 4646, -1,
      4646, 4608, 4607, -1,
      4646, 4607, 4606, -1,
      4631, 4630, 4642, -1,
      4642, 4630, 4629, -1,
      4642, 4629, 4643, -1,
      4643, 4629, 4628, -1,
      4643, 4628, 4644, -1,
      4644, 4628, 4627, -1,
      4644, 4627, 4645, -1,
      4645, 4627, 4626, -1,
      4645, 4626, 4646, -1,
      4646, 4626, 4625, -1,
      4646, 4625, 4624, -1,
      4618, 4617, 4646, -1,
      4646, 4617, 4616, -1,
      4646, 4616, 4615, -1,
      4559, 4558, 4563, -1,
      4563, 4558, 4557, -1,
      4563, 4557, 4556, -1,
      4638, 4641, 4639, -1,
      4639, 4641, 4640, -1,
      4638, 4637, 4641, -1,
      4641, 4637, 4636, -1,
      4641, 4636, 4635, -1,
      4562, 4561, 4563, -1,
      4563, 4561, 4560, -1,
      4563, 4560, 4559, -1,
      4647, 1490, 4648, -1,
      4648, 1490, 1489, -1,
      4649, 1491, 4647, -1,
      4647, 1491, 1490, -1,
      4650, 1530, 4649, -1,
      4649, 1530, 1491, -1,
      1530, 4650, 4651, -1,
      1530, 4651, 1529, -1,
      1529, 4651, 4652, -1,
      1529, 4652, 1546, -1,
      1546, 4652, 4653, -1,
      1546, 4653, 1547, -1,
      1547, 4653, 4654, -1,
      1547, 4654, 1548, -1,
      1548, 4654, 4655, -1,
      1548, 4655, 1550, -1,
      1550, 4655, 4656, -1,
      1550, 4656, 1526, -1,
      1526, 4656, 4657, -1,
      1526, 4657, 1538, -1,
      1538, 4657, 4658, -1,
      1538, 4658, 1539, -1,
      1539, 4658, 4659, -1,
      1539, 4659, 1540, -1,
      1540, 4659, 4660, -1,
      1540, 4660, 1527, -1,
      1527, 4660, 4661, -1,
      1527, 4661, 1528, -1,
      1528, 4661, 4662, -1,
      1528, 4662, 1549, -1,
      1549, 4662, 4663, -1,
      1549, 4663, 1502, -1,
      1502, 4663, 4664, -1,
      1502, 4664, 1500, -1,
      1500, 4664, 4665, -1,
      1500, 4665, 1498, -1,
      1498, 4665, 4666, -1,
      1498, 4666, 1517, -1,
      1517, 4666, 4667, -1,
      1517, 4667, 1543, -1,
      1543, 4667, 4668, -1,
      1543, 4668, 1542, -1,
      1542, 4668, 4669, -1,
      1542, 4669, 1541, -1,
      1541, 4669, 4670, -1,
      1541, 4670, 1544, -1,
      1544, 4670, 4671, -1,
      1544, 4671, 1545, -1,
      1545, 4671, 4672, -1,
      1545, 4672, 1516, -1,
      1516, 4672, 4673, -1,
      1516, 4673, 1534, -1,
      1534, 4673, 4674, -1,
      1534, 4674, 1535, -1,
      1535, 4674, 4675, -1,
      1535, 4675, 1524, -1,
      1524, 4675, 4676, -1,
      1524, 4676, 1525, -1,
      1525, 4676, 4677, -1,
      1525, 4677, 1536, -1,
      1536, 4677, 4678, -1,
      1536, 4678, 1537, -1,
      1537, 4678, 4679, -1,
      1537, 4679, 1499, -1,
      4680, 1501, 4679, -1,
      4679, 1501, 1499, -1,
      4681, 1518, 4680, -1,
      4680, 1518, 1501, -1,
      1518, 4681, 4682, -1,
      1518, 4682, 1503, -1,
      1503, 4682, 4683, -1,
      1503, 4683, 1504, -1,
      1504, 4683, 4684, -1,
      1504, 4684, 1519, -1,
      1519, 4684, 4685, -1,
      1519, 4685, 1520, -1,
      1520, 4685, 4686, -1,
      1520, 4686, 1505, -1,
      1505, 4686, 4687, -1,
      1505, 4687, 1506, -1,
      1506, 4687, 4688, -1,
      1506, 4688, 1507, -1,
      1507, 4688, 4689, -1,
      1507, 4689, 1508, -1,
      1508, 4689, 4690, -1,
      1508, 4690, 1492, -1,
      1492, 4690, 4691, -1,
      1492, 4691, 1493, -1,
      1493, 4691, 4692, -1,
      1493, 4692, 1494, -1,
      1494, 4692, 4693, -1,
      1494, 4693, 1495, -1,
      1495, 4693, 4694, -1,
      1495, 4694, 1509, -1,
      1509, 4694, 4695, -1,
      1509, 4695, 1510, -1,
      1510, 4695, 4696, -1,
      1510, 4696, 1511, -1,
      1511, 4696, 4697, -1,
      1511, 4697, 1512, -1,
      1512, 4697, 4698, -1,
      1512, 4698, 1513, -1,
      1513, 4698, 4699, -1,
      1513, 4699, 1514, -1,
      1514, 4699, 4700, -1,
      1514, 4700, 1515, -1,
      1515, 4700, 4701, -1,
      1515, 4701, 1531, -1,
      1531, 4701, 4702, -1,
      1531, 4702, 1532, -1,
      1532, 4702, 4703, -1,
      1532, 4703, 1533, -1,
      1533, 4703, 4704, -1,
      1533, 4704, 1496, -1,
      1496, 4704, 4705, -1,
      1496, 4705, 1497, -1,
      1497, 4705, 4706, -1,
      1497, 4706, 1521, -1,
      1521, 4706, 4707, -1,
      1521, 4707, 1522, -1,
      4708, 1523, 4707, -1,
      4707, 1523, 1522, -1,
      4708, 4648, 1523, -1,
      1523, 4648, 1489, -1,
      4649, 4647, 4708, -1,
      4708, 4647, 4648, -1,
      4707, 4655, 4708, -1,
      4708, 4655, 4654, -1,
      4708, 4654, 4653, -1,
      4650, 4649, 4651, -1,
      4651, 4649, 4708, -1,
      4651, 4708, 4652, -1,
      4652, 4708, 4653, -1,
      4707, 4706, 4655, -1,
      4655, 4706, 4705, -1,
      4655, 4705, 4656, -1,
      4656, 4705, 4704, -1,
      4656, 4704, 4657, -1,
      4657, 4704, 4703, -1,
      4657, 4703, 4658, -1,
      4703, 4702, 4658, -1,
      4658, 4702, 4701, -1,
      4658, 4701, 4659, -1,
      4659, 4701, 4700, -1,
      4659, 4700, 4660, -1,
      4660, 4700, 4699, -1,
      4660, 4699, 4661, -1,
      4661, 4699, 4698, -1,
      4661, 4698, 4662, -1,
      4662, 4698, 4663, -1,
      4663, 4698, 4697, -1,
      4663, 4697, 4664, -1,
      4664, 4697, 4696, -1,
      4664, 4696, 4665, -1,
      4665, 4696, 4695, -1,
      4665, 4695, 4666, -1,
      4666, 4695, 4694, -1,
      4666, 4694, 4667, -1,
      4667, 4694, 4693, -1,
      4667, 4693, 4668, -1,
      4668, 4693, 4692, -1,
      4668, 4692, 4669, -1,
      4669, 4692, 4691, -1,
      4669, 4691, 4670, -1,
      4670, 4691, 4690, -1,
      4670, 4690, 4671, -1,
      4671, 4690, 4689, -1,
      4671, 4689, 4672, -1,
      4672, 4689, 4688, -1,
      4672, 4688, 4673, -1,
      4673, 4688, 4687, -1,
      4673, 4687, 4674, -1,
      4674, 4687, 4686, -1,
      4674, 4686, 4675, -1,
      4675, 4686, 4685, -1,
      4675, 4685, 4676, -1,
      4676, 4685, 4684, -1,
      4676, 4684, 4677, -1,
      4677, 4684, 4683, -1,
      4677, 4683, 4678, -1,
      4678, 4683, 4682, -1,
      4678, 4682, 4679, -1,
      4679, 4682, 4681, -1,
      4679, 4681, 4680, -1,
      4709, 795, 4710, -1,
      4710, 795, 794, -1,
      4710, 794, 787, -1,
      795, 4709, 4711, -1,
      795, 4711, 799, -1,
      799, 4711, 4712, -1,
      799, 4712, 800, -1,
      800, 4712, 4713, -1,
      800, 4713, 790, -1,
      4714, 809, 4713, -1,
      4713, 809, 790, -1,
      809, 4714, 4715, -1,
      809, 4715, 810, -1,
      810, 4715, 4716, -1,
      810, 4716, 811, -1,
      811, 4716, 4717, -1,
      811, 4717, 812, -1,
      812, 4717, 4718, -1,
      812, 4718, 816, -1,
      816, 4718, 4719, -1,
      816, 4719, 817, -1,
      817, 4719, 4720, -1,
      817, 4720, 791, -1,
      791, 4720, 4721, -1,
      791, 4721, 792, -1,
      792, 4721, 4722, -1,
      792, 4722, 805, -1,
      805, 4722, 4723, -1,
      805, 4723, 801, -1,
      801, 4723, 4724, -1,
      801, 4724, 802, -1,
      802, 4724, 4725, -1,
      802, 4725, 803, -1,
      803, 4725, 4726, -1,
      803, 4726, 804, -1,
      804, 4726, 4727, -1,
      804, 4727, 797, -1,
      797, 4727, 4728, -1,
      797, 4728, 798, -1,
      798, 4728, 4729, -1,
      798, 4729, 828, -1,
      828, 4729, 4730, -1,
      828, 4730, 829, -1,
      829, 4730, 4731, -1,
      829, 4731, 830, -1,
      830, 4731, 4732, -1,
      830, 4732, 831, -1,
      831, 4732, 4733, -1,
      831, 4733, 832, -1,
      832, 4733, 4734, -1,
      832, 4734, 833, -1,
      833, 4734, 4735, -1,
      833, 4735, 834, -1,
      834, 4735, 4736, -1,
      834, 4736, 835, -1,
      4737, 836, 4736, -1,
      4736, 836, 835, -1,
      4738, 839, 4737, -1,
      4737, 839, 836, -1,
      839, 4738, 4739, -1,
      839, 4739, 838, -1,
      838, 4739, 4740, -1,
      838, 4740, 837, -1,
      837, 4740, 4741, -1,
      837, 4741, 818, -1,
      818, 4741, 4742, -1,
      818, 4742, 819, -1,
      819, 4742, 4743, -1,
      819, 4743, 821, -1,
      821, 4743, 4744, -1,
      821, 4744, 822, -1,
      822, 4744, 4745, -1,
      822, 4745, 823, -1,
      823, 4745, 4746, -1,
      823, 4746, 824, -1,
      824, 4746, 4747, -1,
      824, 4747, 825, -1,
      825, 4747, 4748, -1,
      825, 4748, 826, -1,
      826, 4748, 4749, -1,
      826, 4749, 827, -1,
      4750, 806, 4749, -1,
      4749, 806, 827, -1,
      4751, 807, 4750, -1,
      4750, 807, 806, -1,
      813, 807, 4752, -1,
      4752, 807, 4751, -1,
      813, 4752, 814, -1,
      814, 4752, 4753, -1,
      814, 4753, 815, -1,
      4754, 786, 4753, -1,
      4753, 786, 815, -1,
      4754, 4710, 786, -1,
      786, 4710, 787, -1,
      4720, 4719, 4733, -1,
      4733, 4719, 4718, -1,
      4733, 4718, 4734, -1,
      4721, 4720, 4722, -1,
      4722, 4720, 4733, -1,
      4722, 4733, 4723, -1,
      4723, 4733, 4732, -1,
      4723, 4732, 4724, -1,
      4751, 4750, 4714, -1,
      4714, 4750, 4749, -1,
      4714, 4749, 4748, -1,
      4718, 4717, 4734, -1,
      4734, 4717, 4716, -1,
      4734, 4716, 4735, -1,
      4735, 4716, 4715, -1,
      4710, 4754, 4709, -1,
      4709, 4754, 4753, -1,
      4709, 4753, 4711, -1,
      4711, 4753, 4752, -1,
      4711, 4752, 4712, -1,
      4712, 4752, 4751, -1,
      4712, 4751, 4713, -1,
      4713, 4751, 4714, -1,
      4748, 4747, 4714, -1,
      4714, 4747, 4746, -1,
      4714, 4746, 4745, -1,
      4726, 4731, 4730, -1,
      4731, 4726, 4732, -1,
      4732, 4726, 4725, -1,
      4732, 4725, 4724, -1,
      4745, 4744, 4714, -1,
      4714, 4744, 4743, -1,
      4714, 4743, 4742, -1,
      4742, 4741, 4714, -1,
      4714, 4741, 4740, -1,
      4714, 4740, 4739, -1,
      4739, 4738, 4714, -1,
      4714, 4738, 4737, -1,
      4714, 4737, 4715, -1,
      4715, 4737, 4736, -1,
      4715, 4736, 4735, -1,
      4730, 4729, 4726, -1,
      4726, 4729, 4728, -1,
      4726, 4728, 4727, -1,
      5368, 223, 5369, -1,
      5369, 223, 221, -1,
      5370, 246, 5368, -1,
      5368, 246, 223, -1,
      5371, 241, 5370, -1,
      5370, 241, 243, -1,
      5370, 243, 246, -1,
      241, 5371, 5372, -1,
      241, 5372, 249, -1,
      249, 5372, 5373, -1,
      249, 5373, 250, -1,
      250, 5373, 5374, -1,
      250, 5374, 251, -1,
      251, 5374, 5375, -1,
      251, 5375, 254, -1,
      254, 5375, 5376, -1,
      254, 5376, 255, -1,
      255, 5376, 5377, -1,
      255, 5377, 256, -1,
      256, 5377, 5378, -1,
      256, 5378, 228, -1,
      228, 5378, 5379, -1,
      228, 5379, 229, -1,
      229, 5379, 5380, -1,
      229, 5380, 230, -1,
      230, 5380, 5381, -1,
      230, 5381, 234, -1,
      234, 5381, 5382, -1,
      234, 5382, 235, -1,
      235, 5382, 5383, -1,
      235, 5383, 236, -1,
      236, 5383, 5384, -1,
      236, 5384, 232, -1,
      232, 5384, 5385, -1,
      232, 5385, 233, -1,
      233, 5385, 284, -1,
      284, 5385, 5386, -1,
      284, 5386, 285, -1,
      5387, 286, 5386, -1,
      5386, 286, 285, -1,
      286, 5387, 5388, -1,
      286, 5388, 290, -1,
      290, 5388, 5389, -1,
      290, 5389, 289, -1,
      289, 5389, 5390, -1,
      289, 5390, 283, -1,
      283, 5390, 5391, -1,
      283, 5391, 282, -1,
      5392, 280, 5391, -1,
      5391, 280, 282, -1,
      280, 5392, 5393, -1,
      280, 5393, 281, -1,
      281, 5393, 5394, -1,
      281, 5394, 287, -1,
      287, 5394, 1477, -1,
      1477, 5394, 5395, -1,
      1477, 5395, 1478, -1,
      5396, 271, 5395, -1,
      5395, 271, 1478, -1,
      5397, 273, 5396, -1,
      5396, 273, 272, -1,
      5396, 272, 271, -1,
      5398, 274, 5397, -1,
      5397, 274, 273, -1,
      274, 5398, 5399, -1,
      274, 5399, 275, -1,
      275, 5399, 5400, -1,
      275, 5400, 276, -1,
      5401, 277, 5400, -1,
      5400, 277, 276, -1,
      277, 5401, 5402, -1,
      277, 5402, 278, -1,
      278, 5402, 5403, -1,
      278, 5403, 279, -1,
      279, 5403, 5404, -1,
      279, 5404, 260, -1,
      260, 5404, 5405, -1,
      260, 5405, 261, -1,
      261, 5405, 5406, -1,
      261, 5406, 263, -1,
      263, 5406, 5407, -1,
      263, 5407, 264, -1,
      264, 5407, 5408, -1,
      264, 5408, 266, -1,
      266, 5408, 5409, -1,
      266, 5409, 267, -1,
      267, 5409, 5410, -1,
      267, 5410, 268, -1,
      5411, 269, 5410, -1,
      5410, 269, 268, -1,
      269, 5411, 270, -1,
      270, 5411, 5412, -1,
      270, 5412, 237, -1,
      237, 5412, 5413, -1,
      237, 5413, 238, -1,
      238, 5413, 5414, -1,
      238, 5414, 239, -1,
      239, 5414, 5415, -1,
      239, 5415, 240, -1,
      240, 5415, 5416, -1,
      240, 5416, 227, -1,
      227, 5416, 5417, -1,
      227, 5417, 225, -1,
      225, 5417, 5418, -1,
      225, 5418, 226, -1,
      226, 5418, 5419, -1,
      226, 5419, 257, -1,
      257, 5419, 5420, -1,
      257, 5420, 258, -1,
      258, 5420, 5421, -1,
      258, 5421, 259, -1,
      259, 5421, 5422, -1,
      259, 5422, 242, -1,
      242, 5422, 5423, -1,
      242, 5423, 244, -1,
      244, 5423, 5424, -1,
      244, 5424, 245, -1,
      245, 5424, 5425, -1,
      245, 5425, 252, -1,
      252, 5425, 5426, -1,
      252, 5426, 253, -1,
      253, 5426, 5427, -1,
      253, 5427, 248, -1,
      248, 5427, 5428, -1,
      248, 5428, 247, -1,
      5429, 222, 5428, -1,
      5428, 222, 224, -1,
      5428, 224, 247, -1,
      5430, 220, 5429, -1,
      5429, 220, 222, -1,
      5430, 5369, 220, -1,
      220, 5369, 221, -1,
      5431, 5395, 5432, -1,
      5432, 5395, 5394, -1,
      5371, 5370, 5385, -1,
      5430, 5433, 5434, -1,
      5403, 5402, 5429, -1,
      5429, 5402, 5401, -1,
      5434, 5435, 5430, -1,
      5430, 5435, 5436, -1,
      5430, 5436, 5369, -1,
      5369, 5436, 5437, -1,
      5393, 5368, 5394, -1,
      5394, 5368, 5369, -1,
      5394, 5369, 5432, -1,
      5432, 5369, 5437, -1,
      5401, 5400, 5429, -1,
      5429, 5400, 5399, -1,
      5429, 5399, 5430, -1,
      5430, 5399, 5398, -1,
      5430, 5398, 5433, -1,
      5433, 5398, 5397, -1,
      5433, 5397, 5431, -1,
      5431, 5397, 5396, -1,
      5431, 5396, 5395, -1,
      5368, 5387, 5370, -1,
      5370, 5387, 5386, -1,
      5370, 5386, 5385, -1,
      5414, 5413, 5428, -1,
      5428, 5413, 5412, -1,
      5428, 5412, 5429, -1,
      5429, 5412, 5411, -1,
      5411, 5410, 5429, -1,
      5429, 5410, 5409, -1,
      5429, 5409, 5403, -1,
      5403, 5409, 5408, -1,
      5403, 5408, 5404, -1,
      5393, 5392, 5368, -1,
      5368, 5392, 5391, -1,
      5368, 5391, 5390, -1,
      5384, 5373, 5385, -1,
      5385, 5373, 5372, -1,
      5385, 5372, 5371, -1,
      5390, 5389, 5368, -1,
      5368, 5389, 5388, -1,
      5368, 5388, 5387, -1,
      5407, 5406, 5408, -1,
      5408, 5406, 5405, -1,
      5408, 5405, 5404, -1,
      5426, 5417, 5427, -1,
      5427, 5417, 5416, -1,
      5427, 5416, 5428, -1,
      5428, 5416, 5415, -1,
      5428, 5415, 5414, -1,
      5426, 5425, 5417, -1,
      5417, 5425, 5424, -1,
      5417, 5424, 5418, -1,
      5383, 5375, 5384, -1,
      5384, 5375, 5374, -1,
      5384, 5374, 5373, -1,
      5383, 5382, 5375, -1,
      5375, 5382, 5381, -1,
      5375, 5381, 5380, -1,
      5377, 5376, 5378, -1,
      5378, 5376, 5375, -1,
      5378, 5375, 5379, -1,
      5379, 5375, 5380, -1,
      5422, 5421, 5423, -1,
      5423, 5421, 5420, -1,
      5423, 5420, 5424, -1,
      5424, 5420, 5419, -1,
      5424, 5419, 5418, -1,
      5432, 5438, 5431, -1,
      5431, 5438, 5439, -1,
      5438, 5432, 5437, -1,
      5438, 5437, 5440, -1,
      5440, 5437, 5436, -1,
      5440, 5436, 5441, -1,
      5441, 5436, 5435, -1,
      5441, 5435, 5442, -1,
      5434, 5443, 5435, -1,
      5435, 5443, 5442, -1,
      5433, 5444, 5434, -1,
      5434, 5444, 5443, -1,
      5439, 5444, 5431, -1,
      5431, 5444, 5433, -1,
      5445, 316, 5446, -1,
      5446, 316, 315, -1,
      316, 5445, 5447, -1,
      316, 5447, 329, -1,
      329, 5447, 5448, -1,
      329, 5448, 330, -1,
      330, 5448, 5449, -1,
      330, 5449, 331, -1,
      331, 5449, 5450, -1,
      331, 5450, 305, -1,
      305, 5450, 5451, -1,
      305, 5451, 306, -1,
      306, 5451, 5452, -1,
      306, 5452, 307, -1,
      307, 5452, 5453, -1,
      307, 5453, 308, -1,
      308, 5453, 5454, -1,
      308, 5454, 343, -1,
      343, 5454, 5455, -1,
      343, 5455, 344, -1,
      5456, 345, 5455, -1,
      5455, 345, 344, -1,
      5457, 349, 5456, -1,
      5456, 349, 345, -1,
      349, 5457, 5458, -1,
      349, 5458, 350, -1,
      350, 5458, 5459, -1,
      350, 5459, 340, -1,
      5460, 341, 5459, -1,
      5459, 341, 340, -1,
      5461, 342, 5460, -1,
      5460, 342, 341, -1,
      342, 5461, 5462, -1,
      342, 5462, 321, -1,
      321, 5462, 5463, -1,
      321, 5463, 320, -1,
      320, 5463, 5464, -1,
      320, 5464, 300, -1,
      300, 5464, 5465, -1,
      300, 5465, 294, -1,
      294, 5465, 5466, -1,
      294, 5466, 295, -1,
      295, 5466, 5467, -1,
      295, 5467, 309, -1,
      309, 5467, 5468, -1,
      309, 5468, 310, -1,
      310, 5468, 5469, -1,
      310, 5469, 311, -1,
      311, 5469, 5470, -1,
      311, 5470, 346, -1,
      346, 5470, 5471, -1,
      346, 5471, 347, -1,
      347, 5471, 5472, -1,
      347, 5472, 348, -1,
      348, 5472, 5473, -1,
      348, 5473, 332, -1,
      332, 5473, 5474, -1,
      332, 5474, 333, -1,
      333, 5474, 5475, -1,
      333, 5475, 334, -1,
      334, 5475, 5476, -1,
      334, 5476, 296, -1,
      296, 5476, 5477, -1,
      296, 5477, 297, -1,
      297, 5477, 5478, -1,
      297, 5478, 322, -1,
      5479, 323, 5478, -1,
      5478, 323, 322, -1,
      323, 5479, 5480, -1,
      323, 5480, 324, -1,
      324, 5480, 5481, -1,
      324, 5481, 354, -1,
      354, 5481, 353, -1,
      353, 5481, 5482, -1,
      353, 5482, 352, -1,
      352, 5482, 5483, -1,
      352, 5483, 351, -1,
      189, 351, 5484, -1,
      5484, 351, 5483, -1,
      189, 5484, 190, -1,
      190, 5484, 5485, -1,
      190, 5485, 312, -1,
      312, 5485, 5486, -1,
      312, 5486, 313, -1,
      313, 5486, 5487, -1,
      313, 5487, 314, -1,
      314, 5487, 5488, -1,
      314, 5488, 338, -1,
      5489, 339, 5488, -1,
      5488, 339, 338, -1,
      339, 5489, 5490, -1,
      339, 5490, 335, -1,
      335, 5490, 5491, -1,
      335, 5491, 336, -1,
      336, 5491, 5492, -1,
      336, 5492, 337, -1,
      337, 5492, 5493, -1,
      337, 5493, 298, -1,
      298, 5493, 5494, -1,
      298, 5494, 299, -1,
      299, 5494, 5495, -1,
      299, 5495, 325, -1,
      325, 5495, 5496, -1,
      325, 5496, 326, -1,
      326, 5496, 5497, -1,
      326, 5497, 327, -1,
      327, 5497, 5498, -1,
      327, 5498, 291, -1,
      291, 5498, 5499, -1,
      291, 5499, 292, -1,
      292, 5499, 5500, -1,
      292, 5500, 304, -1,
      304, 5500, 5501, -1,
      304, 5501, 303, -1,
      303, 5501, 5502, -1,
      303, 5502, 301, -1,
      301, 5502, 5503, -1,
      301, 5503, 317, -1,
      5504, 318, 5503, -1,
      5503, 318, 317, -1,
      5505, 319, 5504, -1,
      5504, 319, 318, -1,
      5506, 302, 5505, -1,
      5505, 302, 319, -1,
      302, 5506, 5507, -1,
      302, 5507, 328, -1,
      328, 5507, 5446, -1,
      328, 5446, 315, -1,
      5492, 5491, 5503, -1,
      5457, 5456, 5508, -1,
      5456, 5455, 5445, -1,
      5445, 5455, 5454, -1,
      5445, 5454, 5447, -1,
      5445, 5446, 5456, -1,
      5456, 5446, 5507, -1,
      5456, 5507, 5508, -1,
      5508, 5507, 5506, -1,
      5508, 5506, 5509, -1,
      5510, 5511, 5487, -1,
      5487, 5511, 5512, -1,
      5487, 5512, 5513, -1,
      5491, 5490, 5503, -1,
      5503, 5490, 5489, -1,
      5503, 5489, 5504, -1,
      5504, 5489, 5488, -1,
      5504, 5488, 5505, -1,
      5505, 5488, 5487, -1,
      5487, 5486, 5510, -1,
      5510, 5486, 5480, -1,
      5510, 5480, 5514, -1,
      5506, 5505, 5509, -1,
      5509, 5505, 5487, -1,
      5509, 5487, 5515, -1,
      5515, 5487, 5513, -1,
      5516, 5517, 5461, -1,
      5461, 5517, 5462, -1,
      5462, 5517, 5518, -1,
      5462, 5518, 5463, -1,
      5500, 5499, 5498, -1,
      5461, 5460, 5516, -1,
      5516, 5460, 5459, -1,
      5516, 5459, 5508, -1,
      5508, 5459, 5458, -1,
      5508, 5458, 5457, -1,
      5463, 5518, 5464, -1,
      5464, 5518, 5519, -1,
      5464, 5519, 5465, -1,
      5503, 5496, 5495, -1,
      5453, 5449, 5454, -1,
      5454, 5449, 5448, -1,
      5454, 5448, 5447, -1,
      5453, 5452, 5449, -1,
      5449, 5452, 5451, -1,
      5449, 5451, 5450, -1,
      5520, 5521, 5473, -1,
      5496, 5503, 5497, -1,
      5497, 5503, 5502, -1,
      5497, 5502, 5498, -1,
      5498, 5502, 5501, -1,
      5498, 5501, 5500, -1,
      5495, 5494, 5503, -1,
      5503, 5494, 5493, -1,
      5503, 5493, 5492, -1,
      5484, 5483, 5485, -1,
      5485, 5483, 5482, -1,
      5485, 5482, 5486, -1,
      5486, 5482, 5481, -1,
      5486, 5481, 5480, -1,
      5473, 5521, 5474, -1,
      5480, 5479, 5514, -1,
      5514, 5479, 5478, -1,
      5514, 5478, 5477, -1,
      5521, 5522, 5474, -1,
      5474, 5522, 5523, -1,
      5474, 5523, 5475, -1,
      5475, 5523, 5514, -1,
      5475, 5514, 5476, -1,
      5476, 5514, 5477, -1,
      5465, 5519, 5466, -1,
      5466, 5519, 5524, -1,
      5466, 5524, 5467, -1,
      5467, 5524, 5525, -1,
      5467, 5525, 5468, -1,
      5468, 5525, 5526, -1,
      5468, 5526, 5469, -1,
      5526, 5527, 5469, -1,
      5469, 5527, 5528, -1,
      5469, 5528, 5470, -1,
      5470, 5528, 5529, -1,
      5470, 5529, 5471, -1,
      5471, 5529, 5520, -1,
      5471, 5520, 5472, -1,
      5472, 5520, 5473, -1,
      5512, 5530, 5513, -1,
      5513, 5530, 5531, -1,
      5530, 5512, 5511, -1,
      5530, 5511, 5532, -1,
      5532, 5511, 5510, -1,
      5532, 5510, 5533, -1,
      5533, 5510, 5514, -1,
      5533, 5514, 5534, -1,
      5534, 5514, 5523, -1,
      5534, 5523, 5535, -1,
      5535, 5523, 5522, -1,
      5535, 5522, 5536, -1,
      5536, 5522, 5521, -1,
      5536, 5521, 5537, -1,
      5537, 5521, 5520, -1,
      5537, 5520, 5538, -1,
      5538, 5520, 5529, -1,
      5538, 5529, 5539, -1,
      5539, 5529, 5528, -1,
      5539, 5528, 5540, -1,
      5540, 5528, 5527, -1,
      5540, 5527, 5541, -1,
      5541, 5527, 5526, -1,
      5541, 5526, 5542, -1,
      5542, 5526, 5525, -1,
      5542, 5525, 5543, -1,
      5543, 5525, 5524, -1,
      5543, 5524, 5544, -1,
      5544, 5524, 5519, -1,
      5544, 5519, 5545, -1,
      5545, 5519, 5518, -1,
      5545, 5518, 5546, -1,
      5546, 5518, 5517, -1,
      5546, 5517, 5547, -1,
      5547, 5517, 5516, -1,
      5547, 5516, 5548, -1,
      5508, 5549, 5516, -1,
      5516, 5549, 5548, -1,
      5509, 5550, 5508, -1,
      5508, 5550, 5549, -1,
      5550, 5509, 5515, -1,
      5550, 5515, 5551, -1,
      5551, 5515, 5513, -1,
      5551, 5513, 5531, -1,
      5552, 362, 5553, -1,
      5553, 362, 361, -1,
      362, 5552, 5554, -1,
      362, 5554, 364, -1,
      364, 5554, 5555, -1,
      364, 5555, 374, -1,
      374, 5555, 5556, -1,
      374, 5556, 373, -1,
      5557, 365, 5556, -1,
      5556, 365, 373, -1,
      5558, 406, 5557, -1,
      5557, 406, 365, -1,
      406, 5558, 5559, -1,
      406, 5559, 384, -1,
      384, 5559, 5560, -1,
      384, 5560, 385, -1,
      385, 5560, 5561, -1,
      385, 5561, 387, -1,
      387, 5561, 5562, -1,
      387, 5562, 389, -1,
      389, 5562, 5563, -1,
      389, 5563, 424, -1,
      424, 5563, 5564, -1,
      424, 5564, 425, -1,
      425, 5564, 5565, -1,
      425, 5565, 375, -1,
      375, 5565, 5566, -1,
      375, 5566, 355, -1,
      355, 5566, 5567, -1,
      355, 5567, 356, -1,
      356, 5567, 5568, -1,
      356, 5568, 418, -1,
      418, 5568, 5569, -1,
      418, 5569, 419, -1,
      5570, 403, 5569, -1,
      5569, 403, 419, -1,
      5571, 404, 5570, -1,
      5570, 404, 403, -1,
      5572, 405, 5571, -1,
      5571, 405, 404, -1,
      405, 5572, 5573, -1,
      405, 5573, 421, -1,
      421, 5573, 5574, -1,
      421, 5574, 420, -1,
      5575, 357, 5574, -1,
      5574, 357, 420, -1,
      5576, 407, 5575, -1,
      5575, 407, 357, -1,
      407, 5576, 5577, -1,
      407, 5577, 426, -1,
      426, 5577, 5578, -1,
      426, 5578, 427, -1,
      427, 5578, 5579, -1,
      427, 5579, 428, -1,
      428, 5579, 5580, -1,
      428, 5580, 408, -1,
      408, 5580, 5581, -1,
      408, 5581, 409, -1,
      409, 5581, 5582, -1,
      409, 5582, 410, -1,
      410, 5582, 5583, -1,
      410, 5583, 429, -1,
      429, 5583, 5584, -1,
      429, 5584, 430, -1,
      430, 5584, 5585, -1,
      430, 5585, 431, -1,
      431, 5585, 5586, -1,
      431, 5586, 432, -1,
      432, 5586, 5587, -1,
      432, 5587, 433, -1,
      433, 5587, 5588, -1,
      433, 5588, 434, -1,
      5589, 452, 5588, -1,
      5588, 452, 434, -1,
      452, 5589, 5590, -1,
      452, 5590, 453, -1,
      453, 5590, 5591, -1,
      453, 5591, 440, -1,
      5592, 441, 5591, -1,
      5591, 441, 440, -1,
      441, 5592, 5593, -1,
      441, 5593, 442, -1,
      442, 5593, 5594, -1,
      442, 5594, 412, -1,
      412, 5594, 5595, -1,
      412, 5595, 411, -1,
      411, 5595, 5596, -1,
      411, 5596, 377, -1,
      377, 5596, 5597, -1,
      377, 5597, 378, -1,
      378, 5597, 5598, -1,
      378, 5598, 392, -1,
      392, 5598, 5599, -1,
      392, 5599, 393, -1,
      393, 5599, 5600, -1,
      393, 5600, 394, -1,
      394, 5600, 5601, -1,
      394, 5601, 413, -1,
      413, 5601, 5602, -1,
      413, 5602, 414, -1,
      414, 5602, 5603, -1,
      414, 5603, 415, -1,
      415, 5603, 5604, -1,
      415, 5604, 443, -1,
      443, 5604, 5605, -1,
      443, 5605, 444, -1,
      5606, 445, 5605, -1,
      5605, 445, 444, -1,
      445, 5606, 5607, -1,
      445, 5607, 456, -1,
      456, 5607, 5608, -1,
      456, 5608, 455, -1,
      5609, 454, 5608, -1,
      5608, 454, 455, -1,
      454, 5609, 5610, -1,
      454, 5610, 422, -1,
      422, 5610, 5611, -1,
      422, 5611, 423, -1,
      423, 5611, 5612, -1,
      423, 5612, 379, -1,
      379, 5612, 5613, -1,
      379, 5613, 380, -1,
      380, 5613, 5614, -1,
      380, 5614, 381, -1,
      381, 5614, 5615, -1,
      381, 5615, 395, -1,
      395, 5615, 5616, -1,
      395, 5616, 396, -1,
      396, 5616, 5617, -1,
      396, 5617, 358, -1,
      358, 5617, 5618, -1,
      358, 5618, 359, -1,
      359, 5618, 5619, -1,
      359, 5619, 368, -1,
      368, 5619, 5620, -1,
      368, 5620, 369, -1,
      369, 5620, 5621, -1,
      369, 5621, 370, -1,
      370, 5621, 5622, -1,
      370, 5622, 397, -1,
      397, 5622, 5623, -1,
      397, 5623, 398, -1,
      398, 5623, 5624, -1,
      398, 5624, 399, -1,
      5625, 435, 5624, -1,
      5624, 435, 399, -1,
      435, 5625, 5626, -1,
      435, 5626, 436, -1,
      436, 5626, 5627, -1,
      436, 5627, 437, -1,
      5628, 446, 5627, -1,
      5627, 446, 437, -1,
      446, 5628, 5629, -1,
      446, 5629, 447, -1,
      447, 5629, 5630, -1,
      447, 5630, 448, -1,
      5631, 449, 5630, -1,
      5630, 449, 448, -1,
      449, 5631, 5632, -1,
      449, 5632, 450, -1,
      450, 5632, 5633, -1,
      450, 5633, 451, -1,
      451, 5633, 5634, -1,
      451, 5634, 457, -1,
      457, 5634, 458, -1,
      458, 5634, 5635, -1,
      458, 5635, 400, -1,
      400, 5635, 401, -1,
      401, 5635, 5636, -1,
      401, 5636, 402, -1,
      402, 5636, 5637, -1,
      402, 5637, 438, -1,
      438, 5637, 5638, -1,
      438, 5638, 439, -1,
      439, 5638, 5639, -1,
      439, 5639, 382, -1,
      382, 5639, 5640, -1,
      382, 5640, 383, -1,
      383, 5640, 5641, -1,
      383, 5641, 416, -1,
      416, 5641, 5642, -1,
      416, 5642, 417, -1,
      417, 5642, 5643, -1,
      417, 5643, 391, -1,
      391, 5643, 5644, -1,
      391, 5644, 390, -1,
      390, 5644, 5645, -1,
      390, 5645, 388, -1,
      388, 5645, 5646, -1,
      388, 5646, 386, -1,
      386, 5646, 5647, -1,
      386, 5647, 366, -1,
      5648, 367, 5647, -1,
      5647, 367, 366, -1,
      367, 5648, 5649, -1,
      367, 5649, 371, -1,
      371, 5649, 5650, -1,
      371, 5650, 372, -1,
      5651, 363, 5650, -1,
      5650, 363, 372, -1,
      5651, 5553, 363, -1,
      363, 5553, 361, -1,
      5594, 5593, 5571, -1,
      5574, 5573, 5589, -1,
      5589, 5573, 5572, -1,
      5556, 5555, 5569, -1,
      5593, 5592, 5571, -1,
      5571, 5592, 5591, -1,
      5571, 5591, 5572, -1,
      5572, 5591, 5590, -1,
      5572, 5590, 5589, -1,
      5608, 5607, 5571, -1,
      5607, 5606, 5571, -1,
      5571, 5606, 5605, -1,
      5571, 5605, 5604, -1,
      5604, 5603, 5571, -1,
      5571, 5603, 5602, -1,
      5571, 5602, 5601, -1,
      5553, 5570, 5552, -1,
      5552, 5570, 5569, -1,
      5552, 5569, 5554, -1,
      5554, 5569, 5555, -1,
      5574, 5589, 5575, -1,
      5575, 5589, 5588, -1,
      5575, 5588, 5576, -1,
      5576, 5588, 5587, -1,
      5576, 5587, 5586, -1,
      5571, 5598, 5597, -1,
      5611, 5610, 5651, -1,
      5651, 5610, 5609, -1,
      5651, 5609, 5553, -1,
      5553, 5609, 5608, -1,
      5553, 5608, 5570, -1,
      5570, 5608, 5571, -1,
      5601, 5600, 5571, -1,
      5571, 5600, 5599, -1,
      5571, 5599, 5598, -1,
      5561, 5560, 5568, -1,
      5568, 5560, 5569, -1,
      5557, 5556, 5558, -1,
      5558, 5556, 5569, -1,
      5558, 5569, 5559, -1,
      5559, 5569, 5560, -1,
      5617, 5616, 5651, -1,
      5651, 5616, 5615, -1,
      5651, 5615, 5614, -1,
      5586, 5585, 5576, -1,
      5576, 5585, 5584, -1,
      5576, 5584, 5583, -1,
      5597, 5596, 5571, -1,
      5571, 5596, 5595, -1,
      5571, 5595, 5594, -1,
      5640, 5639, 5646, -1,
      5646, 5639, 5638, -1,
      5646, 5638, 5647, -1,
      5647, 5638, 5637, -1,
      5647, 5637, 5636, -1,
      5629, 5628, 5651, -1,
      5651, 5628, 5627, -1,
      5651, 5627, 5626, -1,
      5626, 5625, 5651, -1,
      5651, 5625, 5624, -1,
      5651, 5624, 5623, -1,
      5578, 5581, 5579, -1,
      5579, 5581, 5580, -1,
      5583, 5582, 5576, -1,
      5576, 5582, 5581, -1,
      5576, 5581, 5577, -1,
      5577, 5581, 5578, -1,
      5620, 5619, 5651, -1,
      5651, 5619, 5618, -1,
      5651, 5618, 5617, -1,
      5614, 5613, 5651, -1,
      5651, 5613, 5612, -1,
      5651, 5612, 5611, -1,
      5636, 5635, 5647, -1,
      5647, 5635, 5634, -1,
      5647, 5634, 5648, -1,
      5648, 5634, 5633, -1,
      5648, 5633, 5649, -1,
      5649, 5633, 5632, -1,
      5649, 5632, 5650, -1,
      5650, 5632, 5631, -1,
      5650, 5631, 5651, -1,
      5651, 5631, 5630, -1,
      5651, 5630, 5629, -1,
      5623, 5622, 5651, -1,
      5651, 5622, 5621, -1,
      5651, 5621, 5620, -1,
      5564, 5563, 5568, -1,
      5568, 5563, 5562, -1,
      5568, 5562, 5561, -1,
      5643, 5646, 5644, -1,
      5644, 5646, 5645, -1,
      5643, 5642, 5646, -1,
      5646, 5642, 5641, -1,
      5646, 5641, 5640, -1,
      5567, 5566, 5568, -1,
      5568, 5566, 5565, -1,
      5568, 5565, 5564, -1,
      5652, 1552, 5653, -1,
      5653, 1552, 1551, -1,
      5654, 1553, 5652, -1,
      5652, 1553, 1552, -1,
      5655, 1592, 5654, -1,
      5654, 1592, 1553, -1,
      1592, 5655, 5656, -1,
      1592, 5656, 1591, -1,
      1591, 5656, 5657, -1,
      1591, 5657, 1608, -1,
      1608, 5657, 5658, -1,
      1608, 5658, 1609, -1,
      1609, 5658, 5659, -1,
      1609, 5659, 1610, -1,
      1610, 5659, 5660, -1,
      1610, 5660, 1612, -1,
      1612, 5660, 5661, -1,
      1612, 5661, 1588, -1,
      1588, 5661, 5662, -1,
      1588, 5662, 1600, -1,
      1600, 5662, 5663, -1,
      1600, 5663, 1601, -1,
      1601, 5663, 5664, -1,
      1601, 5664, 1602, -1,
      1602, 5664, 5665, -1,
      1602, 5665, 1589, -1,
      1589, 5665, 5666, -1,
      1589, 5666, 1590, -1,
      1590, 5666, 5667, -1,
      1590, 5667, 1611, -1,
      1611, 5667, 5668, -1,
      1611, 5668, 1564, -1,
      1564, 5668, 5669, -1,
      1564, 5669, 1562, -1,
      1562, 5669, 5670, -1,
      1562, 5670, 1560, -1,
      1560, 5670, 5671, -1,
      1560, 5671, 1579, -1,
      1579, 5671, 5672, -1,
      1579, 5672, 1605, -1,
      1605, 5672, 5673, -1,
      1605, 5673, 1604, -1,
      1604, 5673, 5674, -1,
      1604, 5674, 1603, -1,
      1603, 5674, 5675, -1,
      1603, 5675, 1606, -1,
      1606, 5675, 5676, -1,
      1606, 5676, 1607, -1,
      1607, 5676, 5677, -1,
      1607, 5677, 1578, -1,
      1578, 5677, 5678, -1,
      1578, 5678, 1596, -1,
      1596, 5678, 5679, -1,
      1596, 5679, 1597, -1,
      1597, 5679, 5680, -1,
      1597, 5680, 1586, -1,
      1586, 5680, 5681, -1,
      1586, 5681, 1587, -1,
      1587, 5681, 5682, -1,
      1587, 5682, 1598, -1,
      1598, 5682, 5683, -1,
      1598, 5683, 1599, -1,
      1599, 5683, 5684, -1,
      1599, 5684, 1561, -1,
      5685, 1563, 5684, -1,
      5684, 1563, 1561, -1,
      5686, 1580, 5685, -1,
      5685, 1580, 1563, -1,
      1580, 5686, 5687, -1,
      1580, 5687, 1565, -1,
      1565, 5687, 5688, -1,
      1565, 5688, 1566, -1,
      1566, 5688, 5689, -1,
      1566, 5689, 1581, -1,
      1581, 5689, 5690, -1,
      1581, 5690, 1582, -1,
      1582, 5690, 5691, -1,
      1582, 5691, 1567, -1,
      1567, 5691, 5692, -1,
      1567, 5692, 1568, -1,
      1568, 5692, 5693, -1,
      1568, 5693, 1569, -1,
      1569, 5693, 5694, -1,
      1569, 5694, 1570, -1,
      1570, 5694, 5695, -1,
      1570, 5695, 1554, -1,
      1554, 5695, 5696, -1,
      1554, 5696, 1555, -1,
      1555, 5696, 5697, -1,
      1555, 5697, 1556, -1,
      1556, 5697, 5698, -1,
      1556, 5698, 1557, -1,
      1557, 5698, 5699, -1,
      1557, 5699, 1571, -1,
      1571, 5699, 5700, -1,
      1571, 5700, 1572, -1,
      1572, 5700, 5701, -1,
      1572, 5701, 1573, -1,
      1573, 5701, 5702, -1,
      1573, 5702, 1574, -1,
      1574, 5702, 5703, -1,
      1574, 5703, 1575, -1,
      1575, 5703, 5704, -1,
      1575, 5704, 1576, -1,
      1576, 5704, 5705, -1,
      1576, 5705, 1577, -1,
      1577, 5705, 5706, -1,
      1577, 5706, 1593, -1,
      1593, 5706, 5707, -1,
      1593, 5707, 1594, -1,
      1594, 5707, 5708, -1,
      1594, 5708, 1595, -1,
      1595, 5708, 5709, -1,
      1595, 5709, 1558, -1,
      1558, 5709, 5710, -1,
      1558, 5710, 1559, -1,
      1559, 5710, 5711, -1,
      1559, 5711, 1583, -1,
      1583, 5711, 5712, -1,
      1583, 5712, 1584, -1,
      5713, 1585, 5712, -1,
      5712, 1585, 1584, -1,
      5713, 5653, 1585, -1,
      1585, 5653, 1551, -1,
      5654, 5652, 5713, -1,
      5713, 5652, 5653, -1,
      5712, 5660, 5713, -1,
      5713, 5660, 5659, -1,
      5713, 5659, 5658, -1,
      5655, 5654, 5656, -1,
      5656, 5654, 5713, -1,
      5656, 5713, 5657, -1,
      5657, 5713, 5658, -1,
      5712, 5711, 5660, -1,
      5660, 5711, 5710, -1,
      5660, 5710, 5661, -1,
      5661, 5710, 5709, -1,
      5661, 5709, 5662, -1,
      5662, 5709, 5708, -1,
      5662, 5708, 5663, -1,
      5708, 5707, 5663, -1,
      5663, 5707, 5706, -1,
      5663, 5706, 5664, -1,
      5664, 5706, 5705, -1,
      5664, 5705, 5665, -1,
      5665, 5705, 5704, -1,
      5665, 5704, 5666, -1,
      5666, 5704, 5703, -1,
      5666, 5703, 5667, -1,
      5667, 5703, 5668, -1,
      5668, 5703, 5702, -1,
      5668, 5702, 5669, -1,
      5669, 5702, 5701, -1,
      5669, 5701, 5670, -1,
      5670, 5701, 5700, -1,
      5670, 5700, 5671, -1,
      5671, 5700, 5699, -1,
      5671, 5699, 5672, -1,
      5672, 5699, 5698, -1,
      5672, 5698, 5673, -1,
      5673, 5698, 5697, -1,
      5673, 5697, 5674, -1,
      5674, 5697, 5696, -1,
      5674, 5696, 5675, -1,
      5675, 5696, 5695, -1,
      5675, 5695, 5676, -1,
      5676, 5695, 5694, -1,
      5676, 5694, 5677, -1,
      5677, 5694, 5693, -1,
      5677, 5693, 5678, -1,
      5678, 5693, 5692, -1,
      5678, 5692, 5679, -1,
      5679, 5692, 5691, -1,
      5679, 5691, 5680, -1,
      5680, 5691, 5690, -1,
      5680, 5690, 5681, -1,
      5681, 5690, 5689, -1,
      5681, 5689, 5682, -1,
      5682, 5689, 5688, -1,
      5682, 5688, 5683, -1,
      5683, 5688, 5687, -1,
      5683, 5687, 5684, -1,
      5684, 5687, 5686, -1,
      5684, 5686, 5685, -1,
      5714, 470, 5715, -1,
      5715, 470, 469, -1,
      5715, 469, 462, -1,
      470, 5714, 5716, -1,
      470, 5716, 474, -1,
      474, 5716, 5717, -1,
      474, 5717, 475, -1,
      475, 5717, 5718, -1,
      475, 5718, 465, -1,
      5719, 484, 5718, -1,
      5718, 484, 465, -1,
      484, 5719, 5720, -1,
      484, 5720, 485, -1,
      485, 5720, 5721, -1,
      485, 5721, 486, -1,
      486, 5721, 5722, -1,
      486, 5722, 487, -1,
      487, 5722, 5723, -1,
      487, 5723, 491, -1,
      491, 5723, 5724, -1,
      491, 5724, 492, -1,
      492, 5724, 5725, -1,
      492, 5725, 466, -1,
      466, 5725, 5726, -1,
      466, 5726, 467, -1,
      467, 5726, 5727, -1,
      467, 5727, 480, -1,
      480, 5727, 5728, -1,
      480, 5728, 476, -1,
      476, 5728, 5729, -1,
      476, 5729, 477, -1,
      477, 5729, 5730, -1,
      477, 5730, 478, -1,
      478, 5730, 5731, -1,
      478, 5731, 479, -1,
      479, 5731, 5732, -1,
      479, 5732, 472, -1,
      472, 5732, 5733, -1,
      472, 5733, 473, -1,
      473, 5733, 5734, -1,
      473, 5734, 503, -1,
      503, 5734, 5735, -1,
      503, 5735, 504, -1,
      504, 5735, 5736, -1,
      504, 5736, 505, -1,
      505, 5736, 5737, -1,
      505, 5737, 506, -1,
      506, 5737, 5738, -1,
      506, 5738, 507, -1,
      507, 5738, 5739, -1,
      507, 5739, 508, -1,
      508, 5739, 5740, -1,
      508, 5740, 509, -1,
      509, 5740, 5741, -1,
      509, 5741, 510, -1,
      5742, 511, 5741, -1,
      5741, 511, 510, -1,
      5743, 514, 5742, -1,
      5742, 514, 511, -1,
      514, 5743, 5744, -1,
      514, 5744, 513, -1,
      513, 5744, 5745, -1,
      513, 5745, 512, -1,
      512, 5745, 5746, -1,
      512, 5746, 493, -1,
      493, 5746, 5747, -1,
      493, 5747, 494, -1,
      494, 5747, 5748, -1,
      494, 5748, 496, -1,
      496, 5748, 5749, -1,
      496, 5749, 497, -1,
      497, 5749, 5750, -1,
      497, 5750, 498, -1,
      498, 5750, 5751, -1,
      498, 5751, 499, -1,
      499, 5751, 5752, -1,
      499, 5752, 500, -1,
      500, 5752, 5753, -1,
      500, 5753, 501, -1,
      501, 5753, 5754, -1,
      501, 5754, 502, -1,
      5755, 481, 5754, -1,
      5754, 481, 502, -1,
      5756, 482, 5755, -1,
      5755, 482, 481, -1,
      488, 482, 5757, -1,
      5757, 482, 5756, -1,
      488, 5757, 489, -1,
      489, 5757, 5758, -1,
      489, 5758, 490, -1,
      5759, 461, 5758, -1,
      5758, 461, 490, -1,
      5759, 5715, 461, -1,
      461, 5715, 462, -1,
      5725, 5724, 5738, -1,
      5738, 5724, 5723, -1,
      5738, 5723, 5739, -1,
      5726, 5725, 5727, -1,
      5727, 5725, 5738, -1,
      5727, 5738, 5728, -1,
      5728, 5738, 5737, -1,
      5728, 5737, 5729, -1,
      5756, 5755, 5719, -1,
      5719, 5755, 5754, -1,
      5719, 5754, 5753, -1,
      5723, 5722, 5739, -1,
      5739, 5722, 5721, -1,
      5739, 5721, 5740, -1,
      5740, 5721, 5720, -1,
      5715, 5759, 5714, -1,
      5714, 5759, 5758, -1,
      5714, 5758, 5716, -1,
      5716, 5758, 5757, -1,
      5716, 5757, 5717, -1,
      5717, 5757, 5756, -1,
      5717, 5756, 5718, -1,
      5718, 5756, 5719, -1,
      5753, 5752, 5719, -1,
      5719, 5752, 5751, -1,
      5719, 5751, 5750, -1,
      5731, 5736, 5735, -1,
      5736, 5731, 5737, -1,
      5737, 5731, 5730, -1,
      5737, 5730, 5729, -1,
      5750, 5749, 5719, -1,
      5719, 5749, 5748, -1,
      5719, 5748, 5747, -1,
      5747, 5746, 5719, -1,
      5719, 5746, 5745, -1,
      5719, 5745, 5744, -1,
      5744, 5743, 5719, -1,
      5719, 5743, 5742, -1,
      5719, 5742, 5720, -1,
      5720, 5742, 5741, -1,
      5720, 5741, 5740, -1,
      5735, 5734, 5731, -1,
      5731, 5734, 5733, -1,
      5731, 5733, 5732, -1,
    ]
    creaseAngle 0.55
    solid FALSE
  }
}
