#VRML V2.0 utf8

Shape {
  appearance Appearance { material Material { diffuseColor 0.045 0.048 0.052 specularColor 0.08 0.08 0.08 shininess 0.12 } }
  geometry IndexedFaceSet {
    solid FALSE
    creaseAngle 0.45
    coord Coordinate { point [
          2.952756 -0.000000 0.000000,
          2.941520 -0.257350 0.000000,
          2.907897 -0.512741 0.000000,
          2.852143 -0.764229 0.000000,
          2.774683 -1.009902 0.000000,
          2.676106 -1.247889 0.000000,
          2.557162 -1.476378 0.000000,
          2.418756 -1.693631 0.000000,
          2.261942 -1.897995 0.000000,
          2.087914 -2.087914 0.000000,
          1.897995 -2.261942 0.000000,
          1.693631 -2.418756 0.000000,
          1.476378 -2.557162 0.000000,
          1.247889 -2.676106 0.000000,
          1.009902 -2.774683 0.000000,
          0.764229 -2.852143 0.000000,
          0.512741 -2.907897 0.000000,
          0.257350 -2.941520 0.000000,
          0.000000 -2.952756 0.000000,
          -0.257350 -2.941520 0.000000,
          -0.512741 -2.907897 0.000000,
          -0.764229 -2.852143 0.000000,
          -1.009902 -2.774683 0.000000,
          -1.247889 -2.676106 0.000000,
          -1.476378 -2.557162 0.000000,
          -1.693631 -2.418756 0.000000,
          -1.897995 -2.261942 0.000000,
          -2.087914 -2.087914 0.000000,
          -2.261942 -1.897995 0.000000,
          -2.418756 -1.693631 0.000000,
          -2.557162 -1.476378 0.000000,
          -2.676106 -1.247889 0.000000,
          -2.774683 -1.009902 0.000000,
          -2.852143 -0.764229 0.000000,
          -2.907897 -0.512741 0.000000,
          -2.941520 -0.257350 0.000000,
          -2.952756 -0.000000 0.000000,
          -2.941520 0.257350 0.000000,
          -2.907897 0.512741 0.000000,
          -2.852143 0.764229 0.000000,
          -2.774683 1.009902 0.000000,
          -2.676106 1.247889 0.000000,
          -2.557162 1.476378 0.000000,
          -2.418756 1.693631 0.000000,
          -2.261942 1.897995 0.000000,
          -2.087914 2.087914 0.000000,
          -1.897995 2.261942 0.000000,
          -1.693631 2.418756 0.000000,
          -1.476378 2.557162 0.000000,
          -1.247889 2.676106 0.000000,
          -1.009902 2.774683 0.000000,
          -0.764229 2.852143 0.000000,
          -0.512741 2.907897 0.000000,
          -0.257350 2.941520 0.000000,
          -0.000000 2.952756 0.000000,
          0.257350 2.941520 0.000000,
          0.512741 2.907897 0.000000,
          0.764229 2.852143 0.000000,
          1.009902 2.774683 0.000000,
          1.247889 2.676106 0.000000,
          1.476378 2.557162 0.000000,
          1.693631 2.418756 0.000000,
          1.897995 2.261942 0.000000,
          2.087914 2.087914 0.000000,
          2.261942 1.897995 0.000000,
          2.418756 1.693631 0.000000,
          2.557162 1.476378 0.000000,
          2.676106 1.247889 0.000000,
          2.774683 1.009902 0.000000,
          2.852143 0.764229 0.000000,
          2.907897 0.512741 0.000000,
          2.941520 0.257350 0.000000,
          5.885827 -0.000000 0.000000,
          5.863429 -0.512984 0.000000,
          5.796408 -1.022063 0.000000,
          5.685272 -1.523364 0.000000,
          5.530868 -2.013071 0.000000,
          5.334371 -2.487458 0.000000,
          5.097276 -2.942913 0.000000,
          4.821387 -3.375972 0.000000,
          4.508805 -3.783337 0.000000,
          4.161908 -4.161908 0.000000,
          3.783337 -4.508805 0.000000,
          3.375972 -4.821387 0.000000,
          2.942913 -5.097276 0.000000,
          2.487458 -5.334371 0.000000,
          2.013071 -5.530868 0.000000,
          1.523364 -5.685272 0.000000,
          1.022063 -5.796408 0.000000,
          0.512984 -5.863429 0.000000,
          0.000000 -5.885827 0.000000,
          -0.512984 -5.863429 0.000000,
          -1.022063 -5.796408 0.000000,
          -1.523364 -5.685272 0.000000,
          -2.013071 -5.530868 0.000000,
          -2.487458 -5.334371 0.000000,
          -2.942913 -5.097276 0.000000,
          -3.375972 -4.821387 0.000000,
          -3.783337 -4.508805 0.000000,
          -4.161908 -4.161908 0.000000,
          -4.508805 -3.783337 0.000000,
          -4.821387 -3.375972 0.000000,
          -5.097276 -2.942913 0.000000,
          -5.334371 -2.487458 0.000000,
          -5.530868 -2.013071 0.000000,
          -5.685272 -1.523364 0.000000,
          -5.796408 -1.022063 0.000000,
          -5.863429 -0.512984 0.000000,
          -5.885827 -0.000000 0.000000,
          -5.863429 0.512984 0.000000,
          -5.796408 1.022063 0.000000,
          -5.685272 1.523364 0.000000,
          -5.530868 2.013071 0.000000,
          -5.334371 2.487458 0.000000,
          -5.097276 2.942913 0.000000,
          -4.821387 3.375972 0.000000,
          -4.508805 3.783337 0.000000,
          -4.161908 4.161908 0.000000,
          -3.783337 4.508805 0.000000,
          -3.375972 4.821387 0.000000,
          -2.942913 5.097276 0.000000,
          -2.487458 5.334371 0.000000,
          -2.013071 5.530868 0.000000,
          -1.523364 5.685272 0.000000,
          -1.022063 5.796408 0.000000,
          -0.512984 5.863429 0.000000,
          -0.000000 5.885827 0.000000,
          0.512984 5.863429 0.000000,
          1.022063 5.796408 0.000000,
          1.523364 5.685272 0.000000,
          2.013071 5.530868 0.000000,
          2.487458 5.334371 0.000000,
          2.942913 5.097276 0.000000,
          3.375972 4.821387 0.000000,
          3.783337 4.508805 0.000000,
          4.161908 4.161908 0.000000,
          4.508805 3.783337 0.000000,
          4.821387 3.375972 0.000000,
          5.097276 2.942913 0.000000,
          5.334371 2.487458 0.000000,
          5.530868 2.013071 0.000000,
          5.685272 1.523364 0.000000,
          5.796408 1.022063 0.000000,
          5.863429 0.512984 0.000000,
          2.952756 -0.000000 5.236220,
          2.941520 -0.257350 5.236220,
          2.907897 -0.512741 5.236220,
          2.852143 -0.764229 5.236220,
          2.774683 -1.009902 5.236220,
          2.676106 -1.247889 5.236220,
          2.557162 -1.476378 5.236220,
          2.418756 -1.693631 5.236220,
          2.261942 -1.897995 5.236220,
          2.087914 -2.087914 5.236220,
          1.897995 -2.261942 5.236220,
          1.693631 -2.418756 5.236220,
          1.476378 -2.557162 5.236220,
          1.247889 -2.676106 5.236220,
          1.009902 -2.774683 5.236220,
          0.764229 -2.852143 5.236220,
          0.512741 -2.907897 5.236220,
          0.257350 -2.941520 5.236220,
          0.000000 -2.952756 5.236220,
          -0.257350 -2.941520 5.236220,
          -0.512741 -2.907897 5.236220,
          -0.764229 -2.852143 5.236220,
          -1.009902 -2.774683 5.236220,
          -1.247889 -2.676106 5.236220,
          -1.476378 -2.557162 5.236220,
          -1.693631 -2.418756 5.236220,
          -1.897995 -2.261942 5.236220,
          -2.087914 -2.087914 5.236220,
          -2.261942 -1.897995 5.236220,
          -2.418756 -1.693631 5.236220,
          -2.557162 -1.476378 5.236220,
          -2.676106 -1.247889 5.236220,
          -2.774683 -1.009902 5.236220,
          -2.852143 -0.764229 5.236220,
          -2.907897 -0.512741 5.236220,
          -2.941520 -0.257350 5.236220,
          -2.952756 -0.000000 5.236220,
          -2.941520 0.257350 5.236220,
          -2.907897 0.512741 5.236220,
          -2.852143 0.764229 5.236220,
          -2.774683 1.009902 5.236220,
          -2.676106 1.247889 5.236220,
          -2.557162 1.476378 5.236220,
          -2.418756 1.693631 5.236220,
          -2.261942 1.897995 5.236220,
          -2.087914 2.087914 5.236220,
          -1.897995 2.261942 5.236220,
          -1.693631 2.418756 5.236220,
          -1.476378 2.557162 5.236220,
          -1.247889 2.676106 5.236220,
          -1.009902 2.774683 5.236220,
          -0.764229 2.852143 5.236220,
          -0.512741 2.907897 5.236220,
          -0.257350 2.941520 5.236220,
          -0.000000 2.952756 5.236220,
          0.257350 2.941520 5.236220,
          0.512741 2.907897 5.236220,
          0.764229 2.852143 5.236220,
          1.009902 2.774683 5.236220,
          1.247889 2.676106 5.236220,
          1.476378 2.557162 5.236220,
          1.693631 2.418756 5.236220,
          1.897995 2.261942 5.236220,
          2.087914 2.087914 5.236220,
          2.261942 1.897995 5.236220,
          2.418756 1.693631 5.236220,
          2.557162 1.476378 5.236220,
          2.676106 1.247889 5.236220,
          2.774683 1.009902 5.236220,
          2.852143 0.764229 5.236220,
          2.907897 0.512741 5.236220,
          2.941520 0.257350 5.236220,
          5.885827 -0.000000 5.236220,
          5.863429 -0.512984 5.236220,
          5.796408 -1.022063 5.236220,
          5.685272 -1.523364 5.236220,
          5.530868 -2.013071 5.236220,
          5.334371 -2.487458 5.236220,
          5.097276 -2.942913 5.236220,
          4.821387 -3.375972 5.236220,
          4.508805 -3.783337 5.236220,
          4.161908 -4.161908 5.236220,
          3.783337 -4.508805 5.236220,
          3.375972 -4.821387 5.236220,
          2.942913 -5.097276 5.236220,
          2.487458 -5.334371 5.236220,
          2.013071 -5.530868 5.236220,
          1.523364 -5.685272 5.236220,
          1.022063 -5.796408 5.236220,
          0.512984 -5.863429 5.236220,
          0.000000 -5.885827 5.236220,
          -0.512984 -5.863429 5.236220,
          -1.022063 -5.796408 5.236220,
          -1.523364 -5.685272 5.236220,
          -2.013071 -5.530868 5.236220,
          -2.487458 -5.334371 5.236220,
          -2.942913 -5.097276 5.236220,
          -3.375972 -4.821387 5.236220,
          -3.783337 -4.508805 5.236220,
          -4.161908 -4.161908 5.236220,
          -4.508805 -3.783337 5.236220,
          -4.821387 -3.375972 5.236220,
          -5.097276 -2.942913 5.236220,
          -5.334371 -2.487458 5.236220,
          -5.530868 -2.013071 5.236220,
          -5.685272 -1.523364 5.236220,
          -5.796408 -1.022063 5.236220,
          -5.863429 -0.512984 5.236220,
          -5.885827 -0.000000 5.236220,
          -5.863429 0.512984 5.236220,
          -5.796408 1.022063 5.236220,
          -5.685272 1.523364 5.236220,
          -5.530868 2.013071 5.236220,
          -5.334371 2.487458 5.236220,
          -5.097276 2.942913 5.236220,
          -4.821387 3.375972 5.236220,
          -4.508805 3.783337 5.236220,
          -4.161908 4.161908 5.236220,
          -3.783337 4.508805 5.236220,
          -3.375972 4.821387 5.236220,
          -2.942913 5.097276 5.236220,
          -2.487458 5.334371 5.236220,
          -2.013071 5.530868 5.236220,
          -1.523364 5.685272 5.236220,
          -1.022063 5.796408 5.236220,
          -0.512984 5.863429 5.236220,
          -0.000000 5.885827 5.236220,
          0.512984 5.863429 5.236220,
          1.022063 5.796408 5.236220,
          1.523364 5.685272 5.236220,
          2.013071 5.530868 5.236220,
          2.487458 5.334371 5.236220,
          2.942913 5.097276 5.236220,
          3.375972 4.821387 5.236220,
          3.783337 4.508805 5.236220,
          4.161908 4.161908 5.236220,
          4.508805 3.783337 5.236220,
          4.821387 3.375972 5.236220,
          5.097276 2.942913 5.236220,
          5.334371 2.487458 5.236220,
          5.530868 2.013071 5.236220,
          5.685272 1.523364 5.236220,
          5.796408 1.022063 5.236220,
          5.863429 0.512984 5.236220
    ] }
    coordIndex [
          72, 73, 1, 0, -1,
          217, 216, 144, 145, -1,
          72, 216, 217, 73, -1,
          1, 145, 144, 0, -1,
          73, 74, 2, 1, -1,
          218, 217, 145, 146, -1,
          73, 217, 218, 74, -1,
          2, 146, 145, 1, -1,
          74, 75, 3, 2, -1,
          219, 218, 146, 147, -1,
          74, 218, 219, 75, -1,
          3, 147, 146, 2, -1,
          75, 76, 4, 3, -1,
          220, 219, 147, 148, -1,
          75, 219, 220, 76, -1,
          4, 148, 147, 3, -1,
          76, 77, 5, 4, -1,
          221, 220, 148, 149, -1,
          76, 220, 221, 77, -1,
          5, 149, 148, 4, -1,
          77, 78, 6, 5, -1,
          222, 221, 149, 150, -1,
          77, 221, 222, 78, -1,
          6, 150, 149, 5, -1,
          78, 79, 7, 6, -1,
          223, 222, 150, 151, -1,
          78, 222, 223, 79, -1,
          7, 151, 150, 6, -1,
          79, 80, 8, 7, -1,
          224, 223, 151, 152, -1,
          79, 223, 224, 80, -1,
          8, 152, 151, 7, -1,
          80, 81, 9, 8, -1,
          225, 224, 152, 153, -1,
          80, 224, 225, 81, -1,
          9, 153, 152, 8, -1,
          81, 82, 10, 9, -1,
          226, 225, 153, 154, -1,
          81, 225, 226, 82, -1,
          10, 154, 153, 9, -1,
          82, 83, 11, 10, -1,
          227, 226, 154, 155, -1,
          82, 226, 227, 83, -1,
          11, 155, 154, 10, -1,
          83, 84, 12, 11, -1,
          228, 227, 155, 156, -1,
          83, 227, 228, 84, -1,
          12, 156, 155, 11, -1,
          84, 85, 13, 12, -1,
          229, 228, 156, 157, -1,
          84, 228, 229, 85, -1,
          13, 157, 156, 12, -1,
          85, 86, 14, 13, -1,
          230, 229, 157, 158, -1,
          85, 229, 230, 86, -1,
          14, 158, 157, 13, -1,
          86, 87, 15, 14, -1,
          231, 230, 158, 159, -1,
          86, 230, 231, 87, -1,
          15, 159, 158, 14, -1,
          87, 88, 16, 15, -1,
          232, 231, 159, 160, -1,
          87, 231, 232, 88, -1,
          16, 160, 159, 15, -1,
          88, 89, 17, 16, -1,
          233, 232, 160, 161, -1,
          88, 232, 233, 89, -1,
          17, 161, 160, 16, -1,
          89, 90, 18, 17, -1,
          234, 233, 161, 162, -1,
          89, 233, 234, 90, -1,
          18, 162, 161, 17, -1,
          90, 91, 19, 18, -1,
          235, 234, 162, 163, -1,
          90, 234, 235, 91, -1,
          19, 163, 162, 18, -1,
          91, 92, 20, 19, -1,
          236, 235, 163, 164, -1,
          91, 235, 236, 92, -1,
          20, 164, 163, 19, -1,
          92, 93, 21, 20, -1,
          237, 236, 164, 165, -1,
          92, 236, 237, 93, -1,
          21, 165, 164, 20, -1,
          93, 94, 22, 21, -1,
          238, 237, 165, 166, -1,
          93, 237, 238, 94, -1,
          22, 166, 165, 21, -1,
          94, 95, 23, 22, -1,
          239, 238, 166, 167, -1,
          94, 238, 239, 95, -1,
          23, 167, 166, 22, -1,
          95, 96, 24, 23, -1,
          240, 239, 167, 168, -1,
          95, 239, 240, 96, -1,
          24, 168, 167, 23, -1,
          96, 97, 25, 24, -1,
          241, 240, 168, 169, -1,
          96, 240, 241, 97, -1,
          25, 169, 168, 24, -1,
          97, 98, 26, 25, -1,
          242, 241, 169, 170, -1,
          97, 241, 242, 98, -1,
          26, 170, 169, 25, -1,
          98, 99, 27, 26, -1,
          243, 242, 170, 171, -1,
          98, 242, 243, 99, -1,
          27, 171, 170, 26, -1,
          99, 100, 28, 27, -1,
          244, 243, 171, 172, -1,
          99, 243, 244, 100, -1,
          28, 172, 171, 27, -1,
          100, 101, 29, 28, -1,
          245, 244, 172, 173, -1,
          100, 244, 245, 101, -1,
          29, 173, 172, 28, -1,
          101, 102, 30, 29, -1,
          246, 245, 173, 174, -1,
          101, 245, 246, 102, -1,
          30, 174, 173, 29, -1,
          102, 103, 31, 30, -1,
          247, 246, 174, 175, -1,
          102, 246, 247, 103, -1,
          31, 175, 174, 30, -1,
          103, 104, 32, 31, -1,
          248, 247, 175, 176, -1,
          103, 247, 248, 104, -1,
          32, 176, 175, 31, -1,
          104, 105, 33, 32, -1,
          249, 248, 176, 177, -1,
          104, 248, 249, 105, -1,
          33, 177, 176, 32, -1,
          105, 106, 34, 33, -1,
          250, 249, 177, 178, -1,
          105, 249, 250, 106, -1,
          34, 178, 177, 33, -1,
          106, 107, 35, 34, -1,
          251, 250, 178, 179, -1,
          106, 250, 251, 107, -1,
          35, 179, 178, 34, -1,
          107, 108, 36, 35, -1,
          252, 251, 179, 180, -1,
          107, 251, 252, 108, -1,
          36, 180, 179, 35, -1,
          108, 109, 37, 36, -1,
          253, 252, 180, 181, -1,
          108, 252, 253, 109, -1,
          37, 181, 180, 36, -1,
          109, 110, 38, 37, -1,
          254, 253, 181, 182, -1,
          109, 253, 254, 110, -1,
          38, 182, 181, 37, -1,
          110, 111, 39, 38, -1,
          255, 254, 182, 183, -1,
          110, 254, 255, 111, -1,
          39, 183, 182, 38, -1,
          111, 112, 40, 39, -1,
          256, 255, 183, 184, -1,
          111, 255, 256, 112, -1,
          40, 184, 183, 39, -1,
          112, 113, 41, 40, -1,
          257, 256, 184, 185, -1,
          112, 256, 257, 113, -1,
          41, 185, 184, 40, -1,
          113, 114, 42, 41, -1,
          258, 257, 185, 186, -1,
          113, 257, 258, 114, -1,
          42, 186, 185, 41, -1,
          114, 115, 43, 42, -1,
          259, 258, 186, 187, -1,
          114, 258, 259, 115, -1,
          43, 187, 186, 42, -1,
          115, 116, 44, 43, -1,
          260, 259, 187, 188, -1,
          115, 259, 260, 116, -1,
          44, 188, 187, 43, -1,
          116, 117, 45, 44, -1,
          261, 260, 188, 189, -1,
          116, 260, 261, 117, -1,
          45, 189, 188, 44, -1,
          117, 118, 46, 45, -1,
          262, 261, 189, 190, -1,
          117, 261, 262, 118, -1,
          46, 190, 189, 45, -1,
          118, 119, 47, 46, -1,
          263, 262, 190, 191, -1,
          118, 262, 263, 119, -1,
          47, 191, 190, 46, -1,
          119, 120, 48, 47, -1,
          264, 263, 191, 192, -1,
          119, 263, 264, 120, -1,
          48, 192, 191, 47, -1,
          120, 121, 49, 48, -1,
          265, 264, 192, 193, -1,
          120, 264, 265, 121, -1,
          49, 193, 192, 48, -1,
          121, 122, 50, 49, -1,
          266, 265, 193, 194, -1,
          121, 265, 266, 122, -1,
          50, 194, 193, 49, -1,
          122, 123, 51, 50, -1,
          267, 266, 194, 195, -1,
          122, 266, 267, 123, -1,
          51, 195, 194, 50, -1,
          123, 124, 52, 51, -1,
          268, 267, 195, 196, -1,
          123, 267, 268, 124, -1,
          52, 196, 195, 51, -1,
          124, 125, 53, 52, -1,
          269, 268, 196, 197, -1,
          124, 268, 269, 125, -1,
          53, 197, 196, 52, -1,
          125, 126, 54, 53, -1,
          270, 269, 197, 198, -1,
          125, 269, 270, 126, -1,
          54, 198, 197, 53, -1,
          126, 127, 55, 54, -1,
          271, 270, 198, 199, -1,
          126, 270, 271, 127, -1,
          55, 199, 198, 54, -1,
          127, 128, 56, 55, -1,
          272, 271, 199, 200, -1,
          127, 271, 272, 128, -1,
          56, 200, 199, 55, -1,
          128, 129, 57, 56, -1,
          273, 272, 200, 201, -1,
          128, 272, 273, 129, -1,
          57, 201, 200, 56, -1,
          129, 130, 58, 57, -1,
          274, 273, 201, 202, -1,
          129, 273, 274, 130, -1,
          58, 202, 201, 57, -1,
          130, 131, 59, 58, -1,
          275, 274, 202, 203, -1,
          130, 274, 275, 131, -1,
          59, 203, 202, 58, -1,
          131, 132, 60, 59, -1,
          276, 275, 203, 204, -1,
          131, 275, 276, 132, -1,
          60, 204, 203, 59, -1,
          132, 133, 61, 60, -1,
          277, 276, 204, 205, -1,
          132, 276, 277, 133, -1,
          61, 205, 204, 60, -1,
          133, 134, 62, 61, -1,
          278, 277, 205, 206, -1,
          133, 277, 278, 134, -1,
          62, 206, 205, 61, -1,
          134, 135, 63, 62, -1,
          279, 278, 206, 207, -1,
          134, 278, 279, 135, -1,
          63, 207, 206, 62, -1,
          135, 136, 64, 63, -1,
          280, 279, 207, 208, -1,
          135, 279, 280, 136, -1,
          64, 208, 207, 63, -1,
          136, 137, 65, 64, -1,
          281, 280, 208, 209, -1,
          136, 280, 281, 137, -1,
          65, 209, 208, 64, -1,
          137, 138, 66, 65, -1,
          282, 281, 209, 210, -1,
          137, 281, 282, 138, -1,
          66, 210, 209, 65, -1,
          138, 139, 67, 66, -1,
          283, 282, 210, 211, -1,
          138, 282, 283, 139, -1,
          67, 211, 210, 66, -1,
          139, 140, 68, 67, -1,
          284, 283, 211, 212, -1,
          139, 283, 284, 140, -1,
          68, 212, 211, 67, -1,
          140, 141, 69, 68, -1,
          285, 284, 212, 213, -1,
          140, 284, 285, 141, -1,
          69, 213, 212, 68, -1,
          141, 142, 70, 69, -1,
          286, 285, 213, 214, -1,
          141, 285, 286, 142, -1,
          70, 214, 213, 69, -1,
          142, 143, 71, 70, -1,
          287, 286, 214, 215, -1,
          142, 286, 287, 143, -1,
          71, 215, 214, 70, -1,
          143, 72, 0, 71, -1,
          216, 287, 215, 144, -1,
          143, 287, 216, 72, -1,
          0, 144, 215, 71, -1
    ]
  }
}

Shape {
  appearance Appearance { material Material { diffuseColor 0.045 0.048 0.052 specularColor 0.08 0.08 0.08 shininess 0.12 } }
  geometry IndexedFaceSet {
    solid FALSE
    creaseAngle 0.45
    coord Coordinate { point [
          -1.259843 6.496063 0.000000,
          1.259843 6.496063 0.000000,
          1.259843 5.196850 0.000000,
          -1.259843 5.196850 0.000000,
          -1.259843 6.496063 5.236220,
          1.259843 6.496063 5.236220,
          1.259843 5.196850 5.236220,
          -1.259843 5.196850 5.236220
    ] }
    coordIndex [
          0, 3, 2, 1, -1,
          4, 5, 6, 7, -1,
          0, 1, 5, 4, -1,
          1, 2, 6, 5, -1,
          2, 3, 7, 6, -1,
          3, 0, 4, 7, -1
    ]
  }
}

Shape {
  appearance Appearance { material Material { diffuseColor 0.55 0.12 0.06 specularColor 0.75 0.52 0.25 shininess 0.72 } }
  geometry IndexedFaceSet {
    solid FALSE
    creaseAngle 0.45
    coord Coordinate { point [
          -1.673228 -8.858268 -0.393701,
          -1.804638 -8.843461 -0.393701,
          -1.929459 -8.799785 -0.393701,
          -2.041431 -8.729428 -0.393701,
          -2.134940 -8.635919 -0.393701,
          -2.205297 -8.523947 -0.393701,
          -2.248973 -8.399127 -0.393701,
          -2.263780 -8.267717 -0.393701,
          -2.248973 -8.136307 -0.393701,
          -2.205297 -8.011486 -0.393701,
          -2.134940 -7.899514 -0.393701,
          -2.041431 -7.806005 -0.393701,
          -1.929459 -7.735648 -0.393701,
          -1.804638 -7.691972 -0.393701,
          -1.673228 -7.677165 -0.393701,
          -1.541818 -7.691972 -0.393701,
          -1.416998 -7.735648 -0.393701,
          -1.305026 -7.806005 -0.393701,
          -1.211517 -7.899514 -0.393701,
          -1.141160 -8.011486 -0.393701,
          -1.097484 -8.136307 -0.393701,
          -1.082677 -8.267717 -0.393701,
          -1.097484 -8.399127 -0.393701,
          -1.141160 -8.523947 -0.393701,
          -1.211517 -8.635919 -0.393701,
          -1.305026 -8.729428 -0.393701,
          -1.416998 -8.799785 -0.393701,
          -1.541818 -8.843461 -0.393701,
          -1.673228 -8.858268 6.220472,
          -1.804638 -8.843461 6.220472,
          -1.929459 -8.799785 6.220472,
          -2.041431 -8.729428 6.220472,
          -2.134940 -8.635919 6.220472,
          -2.205297 -8.523947 6.220472,
          -2.248973 -8.399127 6.220472,
          -2.263780 -8.267717 6.220472,
          -2.248973 -8.136307 6.220472,
          -2.205297 -8.011486 6.220472,
          -2.134940 -7.899514 6.220472,
          -2.041431 -7.806005 6.220472,
          -1.929459 -7.735648 6.220472,
          -1.804638 -7.691972 6.220472,
          -1.673228 -7.677165 6.220472,
          -1.541818 -7.691972 6.220472,
          -1.416998 -7.735648 6.220472,
          -1.305026 -7.806005 6.220472,
          -1.211517 -7.899514 6.220472,
          -1.141160 -8.011486 6.220472,
          -1.097484 -8.136307 6.220472,
          -1.082677 -8.267717 6.220472,
          -1.097484 -8.399127 6.220472,
          -1.141160 -8.523947 6.220472,
          -1.211517 -8.635919 6.220472,
          -1.305026 -8.729428 6.220472,
          -1.416998 -8.799785 6.220472,
          -1.541818 -8.843461 6.220472,
          -1.673228 -8.267717 -0.393701,
          -1.673228 -8.267717 6.220472
    ] }
    coordIndex [
          0, 1, 29, 28, -1,
          56, 1, 0, -1,
          57, 28, 29, -1,
          1, 2, 30, 29, -1,
          56, 2, 1, -1,
          57, 29, 30, -1,
          2, 3, 31, 30, -1,
          56, 3, 2, -1,
          57, 30, 31, -1,
          3, 4, 32, 31, -1,
          56, 4, 3, -1,
          57, 31, 32, -1,
          4, 5, 33, 32, -1,
          56, 5, 4, -1,
          57, 32, 33, -1,
          5, 6, 34, 33, -1,
          56, 6, 5, -1,
          57, 33, 34, -1,
          6, 7, 35, 34, -1,
          56, 7, 6, -1,
          57, 34, 35, -1,
          7, 8, 36, 35, -1,
          56, 8, 7, -1,
          57, 35, 36, -1,
          8, 9, 37, 36, -1,
          56, 9, 8, -1,
          57, 36, 37, -1,
          9, 10, 38, 37, -1,
          56, 10, 9, -1,
          57, 37, 38, -1,
          10, 11, 39, 38, -1,
          56, 11, 10, -1,
          57, 38, 39, -1,
          11, 12, 40, 39, -1,
          56, 12, 11, -1,
          57, 39, 40, -1,
          12, 13, 41, 40, -1,
          56, 13, 12, -1,
          57, 40, 41, -1,
          13, 14, 42, 41, -1,
          56, 14, 13, -1,
          57, 41, 42, -1,
          14, 15, 43, 42, -1,
          56, 15, 14, -1,
          57, 42, 43, -1,
          15, 16, 44, 43, -1,
          56, 16, 15, -1,
          57, 43, 44, -1,
          16, 17, 45, 44, -1,
          56, 17, 16, -1,
          57, 44, 45, -1,
          17, 18, 46, 45, -1,
          56, 18, 17, -1,
          57, 45, 46, -1,
          18, 19, 47, 46, -1,
          56, 19, 18, -1,
          57, 46, 47, -1,
          19, 20, 48, 47, -1,
          56, 20, 19, -1,
          57, 47, 48, -1,
          20, 21, 49, 48, -1,
          56, 21, 20, -1,
          57, 48, 49, -1,
          21, 22, 50, 49, -1,
          56, 22, 21, -1,
          57, 49, 50, -1,
          22, 23, 51, 50, -1,
          56, 23, 22, -1,
          57, 50, 51, -1,
          23, 24, 52, 51, -1,
          56, 24, 23, -1,
          57, 51, 52, -1,
          24, 25, 53, 52, -1,
          56, 25, 24, -1,
          57, 52, 53, -1,
          25, 26, 54, 53, -1,
          56, 26, 25, -1,
          57, 53, 54, -1,
          26, 27, 55, 54, -1,
          56, 27, 26, -1,
          57, 54, 55, -1,
          27, 0, 28, 55, -1,
          56, 0, 27, -1,
          57, 55, 28, -1
    ]
  }
}

Shape {
  appearance Appearance { material Material { diffuseColor 0.55 0.12 0.06 specularColor 0.75 0.52 0.25 shininess 0.72 } }
  geometry IndexedFaceSet {
    solid FALSE
    creaseAngle 0.45
    coord Coordinate { point [
          -2.263780 -8.267717 6.220472,
          -2.248973 -8.267717 6.089062,
          -2.205297 -8.267717 5.964242,
          -2.134940 -8.267717 5.852270,
          -2.041431 -8.267717 5.758761,
          -1.929459 -8.267717 5.688404,
          -1.804638 -8.267717 5.644728,
          -1.673228 -8.267717 5.629921,
          -1.541818 -8.267717 5.644728,
          -1.416998 -8.267717 5.688404,
          -1.305026 -8.267717 5.758761,
          -1.211517 -8.267717 5.852270,
          -1.141160 -8.267717 5.964242,
          -1.097484 -8.267717 6.089062,
          -1.082677 -8.267717 6.220472,
          -1.097484 -8.267717 6.351882,
          -1.141160 -8.267717 6.476703,
          -1.211517 -8.267717 6.588675,
          -1.305026 -8.267717 6.682184,
          -1.416998 -8.267717 6.752541,
          -1.541818 -8.267717 6.796217,
          -1.673228 -8.267717 6.811024,
          -1.804638 -8.267717 6.796217,
          -1.929459 -8.267717 6.752541,
          -2.041431 -8.267717 6.682184,
          -2.134940 -8.267717 6.588675,
          -2.205297 -8.267717 6.476703,
          -2.248973 -8.267717 6.351882,
          -2.263780 -0.000000 6.220472,
          -2.248973 -0.000000 6.089062,
          -2.205297 -0.000000 5.964242,
          -2.134940 -0.000000 5.852270,
          -2.041431 -0.000000 5.758761,
          -1.929459 -0.000000 5.688404,
          -1.804638 -0.000000 5.644728,
          -1.673228 -0.000000 5.629921,
          -1.541818 -0.000000 5.644728,
          -1.416998 -0.000000 5.688404,
          -1.305026 -0.000000 5.758761,
          -1.211517 -0.000000 5.852270,
          -1.141160 -0.000000 5.964242,
          -1.097484 -0.000000 6.089062,
          -1.082677 -0.000000 6.220472,
          -1.097484 -0.000000 6.351882,
          -1.141160 -0.000000 6.476703,
          -1.211517 -0.000000 6.588675,
          -1.305026 -0.000000 6.682184,
          -1.416998 -0.000000 6.752541,
          -1.541818 -0.000000 6.796217,
          -1.673228 -0.000000 6.811024,
          -1.804638 -0.000000 6.796217,
          -1.929459 -0.000000 6.752541,
          -2.041431 -0.000000 6.682184,
          -2.134940 -0.000000 6.588675,
          -2.205297 -0.000000 6.476703,
          -2.248973 -0.000000 6.351882,
          -1.673228 -8.267717 6.220472,
          -1.673228 -0.000000 6.220472
    ] }
    coordIndex [
          0, 1, 29, 28, -1,
          56, 1, 0, -1,
          57, 28, 29, -1,
          1, 2, 30, 29, -1,
          56, 2, 1, -1,
          57, 29, 30, -1,
          2, 3, 31, 30, -1,
          56, 3, 2, -1,
          57, 30, 31, -1,
          3, 4, 32, 31, -1,
          56, 4, 3, -1,
          57, 31, 32, -1,
          4, 5, 33, 32, -1,
          56, 5, 4, -1,
          57, 32, 33, -1,
          5, 6, 34, 33, -1,
          56, 6, 5, -1,
          57, 33, 34, -1,
          6, 7, 35, 34, -1,
          56, 7, 6, -1,
          57, 34, 35, -1,
          7, 8, 36, 35, -1,
          56, 8, 7, -1,
          57, 35, 36, -1,
          8, 9, 37, 36, -1,
          56, 9, 8, -1,
          57, 36, 37, -1,
          9, 10, 38, 37, -1,
          56, 10, 9, -1,
          57, 37, 38, -1,
          10, 11, 39, 38, -1,
          56, 11, 10, -1,
          57, 38, 39, -1,
          11, 12, 40, 39, -1,
          56, 12, 11, -1,
          57, 39, 40, -1,
          12, 13, 41, 40, -1,
          56, 13, 12, -1,
          57, 40, 41, -1,
          13, 14, 42, 41, -1,
          56, 14, 13, -1,
          57, 41, 42, -1,
          14, 15, 43, 42, -1,
          56, 15, 14, -1,
          57, 42, 43, -1,
          15, 16, 44, 43, -1,
          56, 16, 15, -1,
          57, 43, 44, -1,
          16, 17, 45, 44, -1,
          56, 17, 16, -1,
          57, 44, 45, -1,
          17, 18, 46, 45, -1,
          56, 18, 17, -1,
          57, 45, 46, -1,
          18, 19, 47, 46, -1,
          56, 19, 18, -1,
          57, 46, 47, -1,
          19, 20, 48, 47, -1,
          56, 20, 19, -1,
          57, 47, 48, -1,
          20, 21, 49, 48, -1,
          56, 21, 20, -1,
          57, 48, 49, -1,
          21, 22, 50, 49, -1,
          56, 22, 21, -1,
          57, 49, 50, -1,
          22, 23, 51, 50, -1,
          56, 23, 22, -1,
          57, 50, 51, -1,
          23, 24, 52, 51, -1,
          56, 24, 23, -1,
          57, 51, 52, -1,
          24, 25, 53, 52, -1,
          56, 25, 24, -1,
          57, 52, 53, -1,
          25, 26, 54, 53, -1,
          56, 26, 25, -1,
          57, 53, 54, -1,
          26, 27, 55, 54, -1,
          56, 27, 26, -1,
          57, 54, 55, -1,
          27, 0, 28, 55, -1,
          56, 0, 27, -1,
          57, 55, 28, -1
    ]
  }
}

Shape {
  appearance Appearance { material Material { diffuseColor 0.55 0.12 0.06 specularColor 0.75 0.52 0.25 shininess 0.72 } }
  geometry IndexedFaceSet {
    solid FALSE
    creaseAngle 0.45
    coord Coordinate { point [
          -1.673228 0.590551 6.220472,
          -1.804638 0.575745 6.220472,
          -1.929459 0.532068 6.220472,
          -2.041431 0.461712 6.220472,
          -2.134940 0.368203 6.220472,
          -2.205297 0.256231 6.220472,
          -2.248973 0.131410 6.220472,
          -2.263780 0.000000 6.220472,
          -2.248973 -0.131410 6.220472,
          -2.205297 -0.256231 6.220472,
          -2.134940 -0.368203 6.220472,
          -2.041431 -0.461712 6.220472,
          -1.929459 -0.532068 6.220472,
          -1.804638 -0.575745 6.220472,
          -1.673228 -0.590551 6.220472,
          -1.541818 -0.575745 6.220472,
          -1.416998 -0.532068 6.220472,
          -1.305026 -0.461712 6.220472,
          -1.211517 -0.368203 6.220472,
          -1.141160 -0.256231 6.220472,
          -1.097484 -0.131410 6.220472,
          -1.082677 -0.000000 6.220472,
          -1.097484 0.131410 6.220472,
          -1.141160 0.256231 6.220472,
          -1.211517 0.368203 6.220472,
          -1.305026 0.461712 6.220472,
          -1.416998 0.532068 6.220472,
          -1.541818 0.575745 6.220472,
          -1.673228 0.590551 -0.393701,
          -1.804638 0.575745 -0.393701,
          -1.929459 0.532068 -0.393701,
          -2.041431 0.461712 -0.393701,
          -2.134940 0.368203 -0.393701,
          -2.205297 0.256231 -0.393701,
          -2.248973 0.131410 -0.393701,
          -2.263780 0.000000 -0.393701,
          -2.248973 -0.131410 -0.393701,
          -2.205297 -0.256231 -0.393701,
          -2.134940 -0.368203 -0.393701,
          -2.041431 -0.461712 -0.393701,
          -1.929459 -0.532068 -0.393701,
          -1.804638 -0.575745 -0.393701,
          -1.673228 -0.590551 -0.393701,
          -1.541818 -0.575745 -0.393701,
          -1.416998 -0.532068 -0.393701,
          -1.305026 -0.461712 -0.393701,
          -1.211517 -0.368203 -0.393701,
          -1.141160 -0.256231 -0.393701,
          -1.097484 -0.131410 -0.393701,
          -1.082677 -0.000000 -0.393701,
          -1.097484 0.131410 -0.393701,
          -1.141160 0.256231 -0.393701,
          -1.211517 0.368203 -0.393701,
          -1.305026 0.461712 -0.393701,
          -1.416998 0.532068 -0.393701,
          -1.541818 0.575745 -0.393701,
          -1.673228 -0.000000 6.220472,
          -1.673228 -0.000000 -0.393701
    ] }
    coordIndex [
          0, 1, 29, 28, -1,
          56, 1, 0, -1,
          57, 28, 29, -1,
          1, 2, 30, 29, -1,
          56, 2, 1, -1,
          57, 29, 30, -1,
          2, 3, 31, 30, -1,
          56, 3, 2, -1,
          57, 30, 31, -1,
          3, 4, 32, 31, -1,
          56, 4, 3, -1,
          57, 31, 32, -1,
          4, 5, 33, 32, -1,
          56, 5, 4, -1,
          57, 32, 33, -1,
          5, 6, 34, 33, -1,
          56, 6, 5, -1,
          57, 33, 34, -1,
          6, 7, 35, 34, -1,
          56, 7, 6, -1,
          57, 34, 35, -1,
          7, 8, 36, 35, -1,
          56, 8, 7, -1,
          57, 35, 36, -1,
          8, 9, 37, 36, -1,
          56, 9, 8, -1,
          57, 36, 37, -1,
          9, 10, 38, 37, -1,
          56, 10, 9, -1,
          57, 37, 38, -1,
          10, 11, 39, 38, -1,
          56, 11, 10, -1,
          57, 38, 39, -1,
          11, 12, 40, 39, -1,
          56, 12, 11, -1,
          57, 39, 40, -1,
          12, 13, 41, 40, -1,
          56, 13, 12, -1,
          57, 40, 41, -1,
          13, 14, 42, 41, -1,
          56, 14, 13, -1,
          57, 41, 42, -1,
          14, 15, 43, 42, -1,
          56, 15, 14, -1,
          57, 42, 43, -1,
          15, 16, 44, 43, -1,
          56, 16, 15, -1,
          57, 43, 44, -1,
          16, 17, 45, 44, -1,
          56, 17, 16, -1,
          57, 44, 45, -1,
          17, 18, 46, 45, -1,
          56, 18, 17, -1,
          57, 45, 46, -1,
          18, 19, 47, 46, -1,
          56, 19, 18, -1,
          57, 46, 47, -1,
          19, 20, 48, 47, -1,
          56, 20, 19, -1,
          57, 47, 48, -1,
          20, 21, 49, 48, -1,
          56, 21, 20, -1,
          57, 48, 49, -1,
          21, 22, 50, 49, -1,
          56, 22, 21, -1,
          57, 49, 50, -1,
          22, 23, 51, 50, -1,
          56, 23, 22, -1,
          57, 50, 51, -1,
          23, 24, 52, 51, -1,
          56, 24, 23, -1,
          57, 51, 52, -1,
          24, 25, 53, 52, -1,
          56, 25, 24, -1,
          57, 52, 53, -1,
          25, 26, 54, 53, -1,
          56, 26, 25, -1,
          57, 53, 54, -1,
          26, 27, 55, 54, -1,
          56, 27, 26, -1,
          57, 54, 55, -1,
          27, 0, 28, 55, -1,
          56, 0, 27, -1,
          57, 55, 28, -1
    ]
  }
}

Shape {
  appearance Appearance { material Material { diffuseColor 0.08 0.16 0.55 specularColor 0.75 0.52 0.25 shininess 0.72 } }
  geometry IndexedFaceSet {
    solid FALSE
    creaseAngle 0.45
    coord Coordinate { point [
          1.673228 -8.858268 -0.393701,
          1.541818 -8.843461 -0.393701,
          1.416998 -8.799785 -0.393701,
          1.305026 -8.729428 -0.393701,
          1.211517 -8.635919 -0.393701,
          1.141160 -8.523947 -0.393701,
          1.097484 -8.399127 -0.393701,
          1.082677 -8.267717 -0.393701,
          1.097484 -8.136307 -0.393701,
          1.141160 -8.011486 -0.393701,
          1.211517 -7.899514 -0.393701,
          1.305026 -7.806005 -0.393701,
          1.416998 -7.735648 -0.393701,
          1.541818 -7.691972 -0.393701,
          1.673228 -7.677165 -0.393701,
          1.804638 -7.691972 -0.393701,
          1.929459 -7.735648 -0.393701,
          2.041431 -7.806005 -0.393701,
          2.134940 -7.899514 -0.393701,
          2.205297 -8.011486 -0.393701,
          2.248973 -8.136307 -0.393701,
          2.263780 -8.267717 -0.393701,
          2.248973 -8.399127 -0.393701,
          2.205297 -8.523947 -0.393701,
          2.134940 -8.635919 -0.393701,
          2.041431 -8.729428 -0.393701,
          1.929459 -8.799785 -0.393701,
          1.804638 -8.843461 -0.393701,
          1.673228 -8.858268 6.220472,
          1.541818 -8.843461 6.220472,
          1.416998 -8.799785 6.220472,
          1.305026 -8.729428 6.220472,
          1.211517 -8.635919 6.220472,
          1.141160 -8.523947 6.220472,
          1.097484 -8.399127 6.220472,
          1.082677 -8.267717 6.220472,
          1.097484 -8.136307 6.220472,
          1.141160 -8.011486 6.220472,
          1.211517 -7.899514 6.220472,
          1.305026 -7.806005 6.220472,
          1.416998 -7.735648 6.220472,
          1.541818 -7.691972 6.220472,
          1.673228 -7.677165 6.220472,
          1.804638 -7.691972 6.220472,
          1.929459 -7.735648 6.220472,
          2.041431 -7.806005 6.220472,
          2.134940 -7.899514 6.220472,
          2.205297 -8.011486 6.220472,
          2.248973 -8.136307 6.220472,
          2.263780 -8.267717 6.220472,
          2.248973 -8.399127 6.220472,
          2.205297 -8.523947 6.220472,
          2.134940 -8.635919 6.220472,
          2.041431 -8.729428 6.220472,
          1.929459 -8.799785 6.220472,
          1.804638 -8.843461 6.220472,
          1.673228 -8.267717 -0.393701,
          1.673228 -8.267717 6.220472
    ] }
    coordIndex [
          0, 1, 29, 28, -1,
          56, 1, 0, -1,
          57, 28, 29, -1,
          1, 2, 30, 29, -1,
          56, 2, 1, -1,
          57, 29, 30, -1,
          2, 3, 31, 30, -1,
          56, 3, 2, -1,
          57, 30, 31, -1,
          3, 4, 32, 31, -1,
          56, 4, 3, -1,
          57, 31, 32, -1,
          4, 5, 33, 32, -1,
          56, 5, 4, -1,
          57, 32, 33, -1,
          5, 6, 34, 33, -1,
          56, 6, 5, -1,
          57, 33, 34, -1,
          6, 7, 35, 34, -1,
          56, 7, 6, -1,
          57, 34, 35, -1,
          7, 8, 36, 35, -1,
          56, 8, 7, -1,
          57, 35, 36, -1,
          8, 9, 37, 36, -1,
          56, 9, 8, -1,
          57, 36, 37, -1,
          9, 10, 38, 37, -1,
          56, 10, 9, -1,
          57, 37, 38, -1,
          10, 11, 39, 38, -1,
          56, 11, 10, -1,
          57, 38, 39, -1,
          11, 12, 40, 39, -1,
          56, 12, 11, -1,
          57, 39, 40, -1,
          12, 13, 41, 40, -1,
          56, 13, 12, -1,
          57, 40, 41, -1,
          13, 14, 42, 41, -1,
          56, 14, 13, -1,
          57, 41, 42, -1,
          14, 15, 43, 42, -1,
          56, 15, 14, -1,
          57, 42, 43, -1,
          15, 16, 44, 43, -1,
          56, 16, 15, -1,
          57, 43, 44, -1,
          16, 17, 45, 44, -1,
          56, 17, 16, -1,
          57, 44, 45, -1,
          17, 18, 46, 45, -1,
          56, 18, 17, -1,
          57, 45, 46, -1,
          18, 19, 47, 46, -1,
          56, 19, 18, -1,
          57, 46, 47, -1,
          19, 20, 48, 47, -1,
          56, 20, 19, -1,
          57, 47, 48, -1,
          20, 21, 49, 48, -1,
          56, 21, 20, -1,
          57, 48, 49, -1,
          21, 22, 50, 49, -1,
          56, 22, 21, -1,
          57, 49, 50, -1,
          22, 23, 51, 50, -1,
          56, 23, 22, -1,
          57, 50, 51, -1,
          23, 24, 52, 51, -1,
          56, 24, 23, -1,
          57, 51, 52, -1,
          24, 25, 53, 52, -1,
          56, 25, 24, -1,
          57, 52, 53, -1,
          25, 26, 54, 53, -1,
          56, 26, 25, -1,
          57, 53, 54, -1,
          26, 27, 55, 54, -1,
          56, 27, 26, -1,
          57, 54, 55, -1,
          27, 0, 28, 55, -1,
          56, 0, 27, -1,
          57, 55, 28, -1
    ]
  }
}

Shape {
  appearance Appearance { material Material { diffuseColor 0.08 0.16 0.55 specularColor 0.75 0.52 0.25 shininess 0.72 } }
  geometry IndexedFaceSet {
    solid FALSE
    creaseAngle 0.45
    coord Coordinate { point [
          1.082677 -8.267717 6.220472,
          1.097484 -8.267717 6.089062,
          1.141160 -8.267717 5.964242,
          1.211517 -8.267717 5.852270,
          1.305026 -8.267717 5.758761,
          1.416998 -8.267717 5.688404,
          1.541818 -8.267717 5.644728,
          1.673228 -8.267717 5.629921,
          1.804638 -8.267717 5.644728,
          1.929459 -8.267717 5.688404,
          2.041431 -8.267717 5.758761,
          2.134940 -8.267717 5.852270,
          2.205297 -8.267717 5.964242,
          2.248973 -8.267717 6.089062,
          2.263780 -8.267717 6.220472,
          2.248973 -8.267717 6.351882,
          2.205297 -8.267717 6.476703,
          2.134940 -8.267717 6.588675,
          2.041431 -8.267717 6.682184,
          1.929459 -8.267717 6.752541,
          1.804638 -8.267717 6.796217,
          1.673228 -8.267717 6.811024,
          1.541818 -8.267717 6.796217,
          1.416998 -8.267717 6.752541,
          1.305026 -8.267717 6.682184,
          1.211517 -8.267717 6.588675,
          1.141160 -8.267717 6.476703,
          1.097484 -8.267717 6.351882,
          1.082677 -0.000000 6.220472,
          1.097484 -0.000000 6.089062,
          1.141160 -0.000000 5.964242,
          1.211517 -0.000000 5.852270,
          1.305026 -0.000000 5.758761,
          1.416998 -0.000000 5.688404,
          1.541818 -0.000000 5.644728,
          1.673228 -0.000000 5.629921,
          1.804638 -0.000000 5.644728,
          1.929459 -0.000000 5.688404,
          2.041431 -0.000000 5.758761,
          2.134940 -0.000000 5.852270,
          2.205297 -0.000000 5.964242,
          2.248973 -0.000000 6.089062,
          2.263780 -0.000000 6.220472,
          2.248973 -0.000000 6.351882,
          2.205297 -0.000000 6.476703,
          2.134940 -0.000000 6.588675,
          2.041431 -0.000000 6.682184,
          1.929459 -0.000000 6.752541,
          1.804638 -0.000000 6.796217,
          1.673228 -0.000000 6.811024,
          1.541818 -0.000000 6.796217,
          1.416998 -0.000000 6.752541,
          1.305026 -0.000000 6.682184,
          1.211517 -0.000000 6.588675,
          1.141160 -0.000000 6.476703,
          1.097484 -0.000000 6.351882,
          1.673228 -8.267717 6.220472,
          1.673228 -0.000000 6.220472
    ] }
    coordIndex [
          0, 1, 29, 28, -1,
          56, 1, 0, -1,
          57, 28, 29, -1,
          1, 2, 30, 29, -1,
          56, 2, 1, -1,
          57, 29, 30, -1,
          2, 3, 31, 30, -1,
          56, 3, 2, -1,
          57, 30, 31, -1,
          3, 4, 32, 31, -1,
          56, 4, 3, -1,
          57, 31, 32, -1,
          4, 5, 33, 32, -1,
          56, 5, 4, -1,
          57, 32, 33, -1,
          5, 6, 34, 33, -1,
          56, 6, 5, -1,
          57, 33, 34, -1,
          6, 7, 35, 34, -1,
          56, 7, 6, -1,
          57, 34, 35, -1,
          7, 8, 36, 35, -1,
          56, 8, 7, -1,
          57, 35, 36, -1,
          8, 9, 37, 36, -1,
          56, 9, 8, -1,
          57, 36, 37, -1,
          9, 10, 38, 37, -1,
          56, 10, 9, -1,
          57, 37, 38, -1,
          10, 11, 39, 38, -1,
          56, 11, 10, -1,
          57, 38, 39, -1,
          11, 12, 40, 39, -1,
          56, 12, 11, -1,
          57, 39, 40, -1,
          12, 13, 41, 40, -1,
          56, 13, 12, -1,
          57, 40, 41, -1,
          13, 14, 42, 41, -1,
          56, 14, 13, -1,
          57, 41, 42, -1,
          14, 15, 43, 42, -1,
          56, 15, 14, -1,
          57, 42, 43, -1,
          15, 16, 44, 43, -1,
          56, 16, 15, -1,
          57, 43, 44, -1,
          16, 17, 45, 44, -1,
          56, 17, 16, -1,
          57, 44, 45, -1,
          17, 18, 46, 45, -1,
          56, 18, 17, -1,
          57, 45, 46, -1,
          18, 19, 47, 46, -1,
          56, 19, 18, -1,
          57, 46, 47, -1,
          19, 20, 48, 47, -1,
          56, 20, 19, -1,
          57, 47, 48, -1,
          20, 21, 49, 48, -1,
          56, 21, 20, -1,
          57, 48, 49, -1,
          21, 22, 50, 49, -1,
          56, 22, 21, -1,
          57, 49, 50, -1,
          22, 23, 51, 50, -1,
          56, 23, 22, -1,
          57, 50, 51, -1,
          23, 24, 52, 51, -1,
          56, 24, 23, -1,
          57, 51, 52, -1,
          24, 25, 53, 52, -1,
          56, 25, 24, -1,
          57, 52, 53, -1,
          25, 26, 54, 53, -1,
          56, 26, 25, -1,
          57, 53, 54, -1,
          26, 27, 55, 54, -1,
          56, 27, 26, -1,
          57, 54, 55, -1,
          27, 0, 28, 55, -1,
          56, 0, 27, -1,
          57, 55, 28, -1
    ]
  }
}

Shape {
  appearance Appearance { material Material { diffuseColor 0.08 0.16 0.55 specularColor 0.75 0.52 0.25 shininess 0.72 } }
  geometry IndexedFaceSet {
    solid FALSE
    creaseAngle 0.45
    coord Coordinate { point [
          1.673228 0.590551 6.220472,
          1.541818 0.575745 6.220472,
          1.416998 0.532068 6.220472,
          1.305026 0.461712 6.220472,
          1.211517 0.368203 6.220472,
          1.141160 0.256231 6.220472,
          1.097484 0.131410 6.220472,
          1.082677 0.000000 6.220472,
          1.097484 -0.131410 6.220472,
          1.141160 -0.256231 6.220472,
          1.211517 -0.368203 6.220472,
          1.305026 -0.461712 6.220472,
          1.416998 -0.532068 6.220472,
          1.541818 -0.575745 6.220472,
          1.673228 -0.590551 6.220472,
          1.804638 -0.575745 6.220472,
          1.929459 -0.532068 6.220472,
          2.041431 -0.461712 6.220472,
          2.134940 -0.368203 6.220472,
          2.205297 -0.256231 6.220472,
          2.248973 -0.131410 6.220472,
          2.263780 -0.000000 6.220472,
          2.248973 0.131410 6.220472,
          2.205297 0.256231 6.220472,
          2.134940 0.368203 6.220472,
          2.041431 0.461712 6.220472,
          1.929459 0.532068 6.220472,
          1.804638 0.575745 6.220472,
          1.673228 0.590551 -0.393701,
          1.541818 0.575745 -0.393701,
          1.416998 0.532068 -0.393701,
          1.305026 0.461712 -0.393701,
          1.211517 0.368203 -0.393701,
          1.141160 0.256231 -0.393701,
          1.097484 0.131410 -0.393701,
          1.082677 0.000000 -0.393701,
          1.097484 -0.131410 -0.393701,
          1.141160 -0.256231 -0.393701,
          1.211517 -0.368203 -0.393701,
          1.305026 -0.461712 -0.393701,
          1.416998 -0.532068 -0.393701,
          1.541818 -0.575745 -0.393701,
          1.673228 -0.590551 -0.393701,
          1.804638 -0.575745 -0.393701,
          1.929459 -0.532068 -0.393701,
          2.041431 -0.461712 -0.393701,
          2.134940 -0.368203 -0.393701,
          2.205297 -0.256231 -0.393701,
          2.248973 -0.131410 -0.393701,
          2.263780 -0.000000 -0.393701,
          2.248973 0.131410 -0.393701,
          2.205297 0.256231 -0.393701,
          2.134940 0.368203 -0.393701,
          2.041431 0.461712 -0.393701,
          1.929459 0.532068 -0.393701,
          1.804638 0.575745 -0.393701,
          1.673228 -0.000000 6.220472,
          1.673228 -0.000000 -0.393701
    ] }
    coordIndex [
          0, 1, 29, 28, -1,
          56, 1, 0, -1,
          57, 28, 29, -1,
          1, 2, 30, 29, -1,
          56, 2, 1, -1,
          57, 29, 30, -1,
          2, 3, 31, 30, -1,
          56, 3, 2, -1,
          57, 30, 31, -1,
          3, 4, 32, 31, -1,
          56, 4, 3, -1,
          57, 31, 32, -1,
          4, 5, 33, 32, -1,
          56, 5, 4, -1,
          57, 32, 33, -1,
          5, 6, 34, 33, -1,
          56, 6, 5, -1,
          57, 33, 34, -1,
          6, 7, 35, 34, -1,
          56, 7, 6, -1,
          57, 34, 35, -1,
          7, 8, 36, 35, -1,
          56, 8, 7, -1,
          57, 35, 36, -1,
          8, 9, 37, 36, -1,
          56, 9, 8, -1,
          57, 36, 37, -1,
          9, 10, 38, 37, -1,
          56, 10, 9, -1,
          57, 37, 38, -1,
          10, 11, 39, 38, -1,
          56, 11, 10, -1,
          57, 38, 39, -1,
          11, 12, 40, 39, -1,
          56, 12, 11, -1,
          57, 39, 40, -1,
          12, 13, 41, 40, -1,
          56, 13, 12, -1,
          57, 40, 41, -1,
          13, 14, 42, 41, -1,
          56, 14, 13, -1,
          57, 41, 42, -1,
          14, 15, 43, 42, -1,
          56, 15, 14, -1,
          57, 42, 43, -1,
          15, 16, 44, 43, -1,
          56, 16, 15, -1,
          57, 43, 44, -1,
          16, 17, 45, 44, -1,
          56, 17, 16, -1,
          57, 44, 45, -1,
          17, 18, 46, 45, -1,
          56, 18, 17, -1,
          57, 45, 46, -1,
          18, 19, 47, 46, -1,
          56, 19, 18, -1,
          57, 46, 47, -1,
          19, 20, 48, 47, -1,
          56, 20, 19, -1,
          57, 47, 48, -1,
          20, 21, 49, 48, -1,
          56, 21, 20, -1,
          57, 48, 49, -1,
          21, 22, 50, 49, -1,
          56, 22, 21, -1,
          57, 49, 50, -1,
          22, 23, 51, 50, -1,
          56, 23, 22, -1,
          57, 50, 51, -1,
          23, 24, 52, 51, -1,
          56, 24, 23, -1,
          57, 51, 52, -1,
          24, 25, 53, 52, -1,
          56, 25, 24, -1,
          57, 52, 53, -1,
          25, 26, 54, 53, -1,
          56, 26, 25, -1,
          57, 53, 54, -1,
          26, 27, 55, 54, -1,
          56, 27, 26, -1,
          57, 54, 55, -1,
          27, 0, 28, 55, -1,
          56, 0, 27, -1,
          57, 55, 28, -1
    ]
  }
}

Shape {
  appearance Appearance { material Material { diffuseColor 0.95 0.30 0.03 specularColor 0.08 0.08 0.08 shininess 0.12 } }
  geometry IndexedFaceSet {
    solid FALSE
    creaseAngle 0.45
    coord Coordinate { point [
          3.110236 0.326371 -0.196850,
          3.079574 0.329826 -0.196850,
          3.050449 0.340017 -0.196850,
          3.024322 0.356434 -0.196850,
          3.002504 0.378252 -0.196850,
          2.986087 0.404379 -0.196850,
          2.975896 0.433504 -0.196850,
          2.972441 0.464166 -0.196850,
          2.975896 0.494829 -0.196850,
          2.986087 0.523954 -0.196850,
          3.002504 0.550080 -0.196850,
          3.024322 0.571899 -0.196850,
          3.050449 0.588316 -0.196850,
          3.079574 0.598507 -0.196850,
          3.110236 0.601962 -0.196850,
          3.140899 0.598507 -0.196850,
          3.170023 0.588316 -0.196850,
          3.196150 0.571899 -0.196850,
          3.217969 0.550080 -0.196850,
          3.234385 0.523954 -0.196850,
          3.244577 0.494829 -0.196850,
          3.248031 0.464166 -0.196850,
          3.244577 0.433504 -0.196850,
          3.234385 0.404379 -0.196850,
          3.217969 0.378252 -0.196850,
          3.196150 0.356434 -0.196850,
          3.170023 0.340017 -0.196850,
          3.140899 0.329826 -0.196850,
          3.110236 0.326371 5.511811,
          3.079574 0.329826 5.511811,
          3.050449 0.340017 5.511811,
          3.024322 0.356434 5.511811,
          3.002504 0.378252 5.511811,
          2.986087 0.404379 5.511811,
          2.975896 0.433504 5.511811,
          2.972441 0.464166 5.511811,
          2.975896 0.494829 5.511811,
          2.986087 0.523954 5.511811,
          3.002504 0.550080 5.511811,
          3.024322 0.571899 5.511811,
          3.050449 0.588316 5.511811,
          3.079574 0.598507 5.511811,
          3.110236 0.601962 5.511811,
          3.140899 0.598507 5.511811,
          3.170023 0.588316 5.511811,
          3.196150 0.571899 5.511811,
          3.217969 0.550080 5.511811,
          3.234385 0.523954 5.511811,
          3.244577 0.494829 5.511811,
          3.248031 0.464166 5.511811,
          3.244577 0.433504 5.511811,
          3.234385 0.404379 5.511811,
          3.217969 0.378252 5.511811,
          3.196150 0.356434 5.511811,
          3.170023 0.340017 5.511811,
          3.140899 0.329826 5.511811,
          3.110236 0.464166 -0.196850,
          3.110236 0.464166 5.511811
    ] }
    coordIndex [
          0, 1, 29, 28, -1,
          56, 1, 0, -1,
          57, 28, 29, -1,
          1, 2, 30, 29, -1,
          56, 2, 1, -1,
          57, 29, 30, -1,
          2, 3, 31, 30, -1,
          56, 3, 2, -1,
          57, 30, 31, -1,
          3, 4, 32, 31, -1,
          56, 4, 3, -1,
          57, 31, 32, -1,
          4, 5, 33, 32, -1,
          56, 5, 4, -1,
          57, 32, 33, -1,
          5, 6, 34, 33, -1,
          56, 6, 5, -1,
          57, 33, 34, -1,
          6, 7, 35, 34, -1,
          56, 7, 6, -1,
          57, 34, 35, -1,
          7, 8, 36, 35, -1,
          56, 8, 7, -1,
          57, 35, 36, -1,
          8, 9, 37, 36, -1,
          56, 9, 8, -1,
          57, 36, 37, -1,
          9, 10, 38, 37, -1,
          56, 10, 9, -1,
          57, 37, 38, -1,
          10, 11, 39, 38, -1,
          56, 11, 10, -1,
          57, 38, 39, -1,
          11, 12, 40, 39, -1,
          56, 12, 11, -1,
          57, 39, 40, -1,
          12, 13, 41, 40, -1,
          56, 13, 12, -1,
          57, 40, 41, -1,
          13, 14, 42, 41, -1,
          56, 14, 13, -1,
          57, 41, 42, -1,
          14, 15, 43, 42, -1,
          56, 15, 14, -1,
          57, 42, 43, -1,
          15, 16, 44, 43, -1,
          56, 16, 15, -1,
          57, 43, 44, -1,
          16, 17, 45, 44, -1,
          56, 17, 16, -1,
          57, 44, 45, -1,
          17, 18, 46, 45, -1,
          56, 18, 17, -1,
          57, 45, 46, -1,
          18, 19, 47, 46, -1,
          56, 19, 18, -1,
          57, 46, 47, -1,
          19, 20, 48, 47, -1,
          56, 20, 19, -1,
          57, 47, 48, -1,
          20, 21, 49, 48, -1,
          56, 21, 20, -1,
          57, 48, 49, -1,
          21, 22, 50, 49, -1,
          56, 22, 21, -1,
          57, 49, 50, -1,
          22, 23, 51, 50, -1,
          56, 23, 22, -1,
          57, 50, 51, -1,
          23, 24, 52, 51, -1,
          56, 24, 23, -1,
          57, 51, 52, -1,
          24, 25, 53, 52, -1,
          56, 25, 24, -1,
          57, 52, 53, -1,
          25, 26, 54, 53, -1,
          56, 26, 25, -1,
          57, 53, 54, -1,
          26, 27, 55, 54, -1,
          56, 27, 26, -1,
          57, 54, 55, -1,
          27, 0, 28, 55, -1,
          56, 0, 27, -1,
          57, 55, 28, -1
    ]
  }
}

Shape {
  appearance Appearance { material Material { diffuseColor 0.95 0.30 0.03 specularColor 0.08 0.08 0.08 shininess 0.12 } }
  geometry IndexedFaceSet {
    solid FALSE
    creaseAngle 0.45
    coord Coordinate { point [
          2.972441 0.464166 5.511811,
          2.975896 0.464166 5.481149,
          2.986087 0.464166 5.452024,
          3.002504 0.464166 5.425897,
          3.024322 0.464166 5.404078,
          3.050449 0.464166 5.387662,
          3.079574 0.464166 5.377471,
          3.110236 0.464166 5.374016,
          3.140899 0.464166 5.377471,
          3.170023 0.464166 5.387662,
          3.196150 0.464166 5.404078,
          3.217969 0.464166 5.425897,
          3.234385 0.464166 5.452024,
          3.244577 0.464166 5.481149,
          3.248031 0.464166 5.511811,
          3.244577 0.464166 5.542473,
          3.234385 0.464166 5.571598,
          3.217969 0.464166 5.597725,
          3.196150 0.464166 5.619544,
          3.170023 0.464166 5.635960,
          3.140899 0.464166 5.646151,
          3.110236 0.464166 5.649606,
          3.079574 0.464166 5.646151,
          3.050449 0.464166 5.635960,
          3.024322 0.464166 5.619544,
          3.002504 0.464166 5.597725,
          2.986087 0.464166 5.571598,
          2.975896 0.464166 5.542473,
          2.972441 5.250262 5.511811,
          2.975896 5.250262 5.481149,
          2.986087 5.250262 5.452024,
          3.002504 5.250262 5.425897,
          3.024322 5.250262 5.404078,
          3.050449 5.250262 5.387662,
          3.079574 5.250262 5.377471,
          3.110236 5.250262 5.374016,
          3.140899 5.250262 5.377471,
          3.170023 5.250262 5.387662,
          3.196150 5.250262 5.404078,
          3.217969 5.250262 5.425897,
          3.234385 5.250262 5.452024,
          3.244577 5.250262 5.481149,
          3.248031 5.250262 5.511811,
          3.244577 5.250262 5.542473,
          3.234385 5.250262 5.571598,
          3.217969 5.250262 5.597725,
          3.196150 5.250262 5.619544,
          3.170023 5.250262 5.635960,
          3.140899 5.250262 5.646151,
          3.110236 5.250262 5.649606,
          3.079574 5.250262 5.646151,
          3.050449 5.250262 5.635960,
          3.024322 5.250262 5.619544,
          3.002504 5.250262 5.597725,
          2.986087 5.250262 5.571598,
          2.975896 5.250262 5.542473,
          3.110236 0.464166 5.511811,
          3.110236 5.250262 5.511811
    ] }
    coordIndex [
          0, 1, 29, 28, -1,
          56, 1, 0, -1,
          57, 28, 29, -1,
          1, 2, 30, 29, -1,
          56, 2, 1, -1,
          57, 29, 30, -1,
          2, 3, 31, 30, -1,
          56, 3, 2, -1,
          57, 30, 31, -1,
          3, 4, 32, 31, -1,
          56, 4, 3, -1,
          57, 31, 32, -1,
          4, 5, 33, 32, -1,
          56, 5, 4, -1,
          57, 32, 33, -1,
          5, 6, 34, 33, -1,
          56, 6, 5, -1,
          57, 33, 34, -1,
          6, 7, 35, 34, -1,
          56, 7, 6, -1,
          57, 34, 35, -1,
          7, 8, 36, 35, -1,
          56, 8, 7, -1,
          57, 35, 36, -1,
          8, 9, 37, 36, -1,
          56, 9, 8, -1,
          57, 36, 37, -1,
          9, 10, 38, 37, -1,
          56, 10, 9, -1,
          57, 37, 38, -1,
          10, 11, 39, 38, -1,
          56, 11, 10, -1,
          57, 38, 39, -1,
          11, 12, 40, 39, -1,
          56, 12, 11, -1,
          57, 39, 40, -1,
          12, 13, 41, 40, -1,
          56, 13, 12, -1,
          57, 40, 41, -1,
          13, 14, 42, 41, -1,
          56, 14, 13, -1,
          57, 41, 42, -1,
          14, 15, 43, 42, -1,
          56, 15, 14, -1,
          57, 42, 43, -1,
          15, 16, 44, 43, -1,
          56, 16, 15, -1,
          57, 43, 44, -1,
          16, 17, 45, 44, -1,
          56, 17, 16, -1,
          57, 44, 45, -1,
          17, 18, 46, 45, -1,
          56, 18, 17, -1,
          57, 45, 46, -1,
          18, 19, 47, 46, -1,
          56, 19, 18, -1,
          57, 46, 47, -1,
          19, 20, 48, 47, -1,
          56, 20, 19, -1,
          57, 47, 48, -1,
          20, 21, 49, 48, -1,
          56, 21, 20, -1,
          57, 48, 49, -1,
          21, 22, 50, 49, -1,
          56, 22, 21, -1,
          57, 49, 50, -1,
          22, 23, 51, 50, -1,
          56, 23, 22, -1,
          57, 50, 51, -1,
          23, 24, 52, 51, -1,
          56, 24, 23, -1,
          57, 51, 52, -1,
          24, 25, 53, 52, -1,
          56, 25, 24, -1,
          57, 52, 53, -1,
          25, 26, 54, 53, -1,
          56, 26, 25, -1,
          57, 53, 54, -1,
          26, 27, 55, 54, -1,
          56, 27, 26, -1,
          57, 54, 55, -1,
          27, 0, 28, 55, -1,
          56, 0, 27, -1,
          57, 55, 28, -1
    ]
  }
}

Shape {
  appearance Appearance { material Material { diffuseColor 0.95 0.30 0.03 specularColor 0.08 0.08 0.08 shininess 0.12 } }
  geometry IndexedFaceSet {
    solid FALSE
    creaseAngle 0.45
    coord Coordinate { point [
          3.110236 5.388058 5.511811,
          3.079574 5.384603 5.511811,
          3.050449 5.374412 5.511811,
          3.024322 5.357995 5.511811,
          3.002504 5.336176 5.511811,
          2.986087 5.310050 5.511811,
          2.975896 5.280925 5.511811,
          2.972441 5.250262 5.511811,
          2.975896 5.219600 5.511811,
          2.986087 5.190475 5.511811,
          3.002504 5.164348 5.511811,
          3.024322 5.142530 5.511811,
          3.050449 5.126113 5.511811,
          3.079574 5.115922 5.511811,
          3.110236 5.112467 5.511811,
          3.140899 5.115922 5.511811,
          3.170023 5.126113 5.511811,
          3.196150 5.142530 5.511811,
          3.217969 5.164348 5.511811,
          3.234385 5.190475 5.511811,
          3.244577 5.219600 5.511811,
          3.248031 5.250262 5.511811,
          3.244577 5.280925 5.511811,
          3.234385 5.310050 5.511811,
          3.217969 5.336176 5.511811,
          3.196150 5.357995 5.511811,
          3.170023 5.374412 5.511811,
          3.140899 5.384603 5.511811,
          3.110236 5.388058 -0.196850,
          3.079574 5.384603 -0.196850,
          3.050449 5.374412 -0.196850,
          3.024322 5.357995 -0.196850,
          3.002504 5.336176 -0.196850,
          2.986087 5.310050 -0.196850,
          2.975896 5.280925 -0.196850,
          2.972441 5.250262 -0.196850,
          2.975896 5.219600 -0.196850,
          2.986087 5.190475 -0.196850,
          3.002504 5.164348 -0.196850,
          3.024322 5.142530 -0.196850,
          3.050449 5.126113 -0.196850,
          3.079574 5.115922 -0.196850,
          3.110236 5.112467 -0.196850,
          3.140899 5.115922 -0.196850,
          3.170023 5.126113 -0.196850,
          3.196150 5.142530 -0.196850,
          3.217969 5.164348 -0.196850,
          3.234385 5.190475 -0.196850,
          3.244577 5.219600 -0.196850,
          3.248031 5.250262 -0.196850,
          3.244577 5.280925 -0.196850,
          3.234385 5.310050 -0.196850,
          3.217969 5.336176 -0.196850,
          3.196150 5.357995 -0.196850,
          3.170023 5.374412 -0.196850,
          3.140899 5.384603 -0.196850,
          3.110236 5.250262 5.511811,
          3.110236 5.250262 -0.196850
    ] }
    coordIndex [
          0, 1, 29, 28, -1,
          56, 1, 0, -1,
          57, 28, 29, -1,
          1, 2, 30, 29, -1,
          56, 2, 1, -1,
          57, 29, 30, -1,
          2, 3, 31, 30, -1,
          56, 3, 2, -1,
          57, 30, 31, -1,
          3, 4, 32, 31, -1,
          56, 4, 3, -1,
          57, 31, 32, -1,
          4, 5, 33, 32, -1,
          56, 5, 4, -1,
          57, 32, 33, -1,
          5, 6, 34, 33, -1,
          56, 6, 5, -1,
          57, 33, 34, -1,
          6, 7, 35, 34, -1,
          56, 7, 6, -1,
          57, 34, 35, -1,
          7, 8, 36, 35, -1,
          56, 8, 7, -1,
          57, 35, 36, -1,
          8, 9, 37, 36, -1,
          56, 9, 8, -1,
          57, 36, 37, -1,
          9, 10, 38, 37, -1,
          56, 10, 9, -1,
          57, 37, 38, -1,
          10, 11, 39, 38, -1,
          56, 11, 10, -1,
          57, 38, 39, -1,
          11, 12, 40, 39, -1,
          56, 12, 11, -1,
          57, 39, 40, -1,
          12, 13, 41, 40, -1,
          56, 13, 12, -1,
          57, 40, 41, -1,
          13, 14, 42, 41, -1,
          56, 14, 13, -1,
          57, 41, 42, -1,
          14, 15, 43, 42, -1,
          56, 15, 14, -1,
          57, 42, 43, -1,
          15, 16, 44, 43, -1,
          56, 16, 15, -1,
          57, 43, 44, -1,
          16, 17, 45, 44, -1,
          56, 17, 16, -1,
          57, 44, 45, -1,
          17, 18, 46, 45, -1,
          56, 18, 17, -1,
          57, 45, 46, -1,
          18, 19, 47, 46, -1,
          56, 19, 18, -1,
          57, 46, 47, -1,
          19, 20, 48, 47, -1,
          56, 20, 19, -1,
          57, 47, 48, -1,
          20, 21, 49, 48, -1,
          56, 21, 20, -1,
          57, 48, 49, -1,
          21, 22, 50, 49, -1,
          56, 22, 21, -1,
          57, 49, 50, -1,
          22, 23, 51, 50, -1,
          56, 23, 22, -1,
          57, 50, 51, -1,
          23, 24, 52, 51, -1,
          56, 24, 23, -1,
          57, 51, 52, -1,
          24, 25, 53, 52, -1,
          56, 25, 24, -1,
          57, 52, 53, -1,
          25, 26, 54, 53, -1,
          56, 26, 25, -1,
          57, 53, 54, -1,
          26, 27, 55, 54, -1,
          56, 27, 26, -1,
          57, 54, 55, -1,
          27, 0, 28, 55, -1,
          56, 0, 27, -1,
          57, 55, 28, -1
    ]
  }
}

Shape {
  appearance Appearance { material Material { diffuseColor 0.95 0.30 0.03 specularColor 0.08 0.08 0.08 shininess 0.12 } }
  geometry IndexedFaceSet {
    solid FALSE
    creaseAngle 0.45
    coord Coordinate { point [
          3.425197 0.326371 -0.196850,
          3.394535 0.329826 -0.196850,
          3.365410 0.340017 -0.196850,
          3.339283 0.356434 -0.196850,
          3.317464 0.378252 -0.196850,
          3.301048 0.404379 -0.196850,
          3.290856 0.433504 -0.196850,
          3.287402 0.464166 -0.196850,
          3.290856 0.494829 -0.196850,
          3.301048 0.523954 -0.196850,
          3.317464 0.550080 -0.196850,
          3.339283 0.571899 -0.196850,
          3.365410 0.588316 -0.196850,
          3.394535 0.598507 -0.196850,
          3.425197 0.601962 -0.196850,
          3.455859 0.598507 -0.196850,
          3.484984 0.588316 -0.196850,
          3.511111 0.571899 -0.196850,
          3.532930 0.550080 -0.196850,
          3.549346 0.523954 -0.196850,
          3.559537 0.494829 -0.196850,
          3.562992 0.464166 -0.196850,
          3.559537 0.433504 -0.196850,
          3.549346 0.404379 -0.196850,
          3.532930 0.378252 -0.196850,
          3.511111 0.356434 -0.196850,
          3.484984 0.340017 -0.196850,
          3.455859 0.329826 -0.196850,
          3.425197 0.326371 5.511811,
          3.394535 0.329826 5.511811,
          3.365410 0.340017 5.511811,
          3.339283 0.356434 5.511811,
          3.317464 0.378252 5.511811,
          3.301048 0.404379 5.511811,
          3.290856 0.433504 5.511811,
          3.287402 0.464166 5.511811,
          3.290856 0.494829 5.511811,
          3.301048 0.523954 5.511811,
          3.317464 0.550080 5.511811,
          3.339283 0.571899 5.511811,
          3.365410 0.588316 5.511811,
          3.394535 0.598507 5.511811,
          3.425197 0.601962 5.511811,
          3.455859 0.598507 5.511811,
          3.484984 0.588316 5.511811,
          3.511111 0.571899 5.511811,
          3.532930 0.550080 5.511811,
          3.549346 0.523954 5.511811,
          3.559537 0.494829 5.511811,
          3.562992 0.464166 5.511811,
          3.559537 0.433504 5.511811,
          3.549346 0.404379 5.511811,
          3.532930 0.378252 5.511811,
          3.511111 0.356434 5.511811,
          3.484984 0.340017 5.511811,
          3.455859 0.329826 5.511811,
          3.425197 0.464166 -0.196850,
          3.425197 0.464166 5.511811
    ] }
    coordIndex [
          0, 1, 29, 28, -1,
          56, 1, 0, -1,
          57, 28, 29, -1,
          1, 2, 30, 29, -1,
          56, 2, 1, -1,
          57, 29, 30, -1,
          2, 3, 31, 30, -1,
          56, 3, 2, -1,
          57, 30, 31, -1,
          3, 4, 32, 31, -1,
          56, 4, 3, -1,
          57, 31, 32, -1,
          4, 5, 33, 32, -1,
          56, 5, 4, -1,
          57, 32, 33, -1,
          5, 6, 34, 33, -1,
          56, 6, 5, -1,
          57, 33, 34, -1,
          6, 7, 35, 34, -1,
          56, 7, 6, -1,
          57, 34, 35, -1,
          7, 8, 36, 35, -1,
          56, 8, 7, -1,
          57, 35, 36, -1,
          8, 9, 37, 36, -1,
          56, 9, 8, -1,
          57, 36, 37, -1,
          9, 10, 38, 37, -1,
          56, 10, 9, -1,
          57, 37, 38, -1,
          10, 11, 39, 38, -1,
          56, 11, 10, -1,
          57, 38, 39, -1,
          11, 12, 40, 39, -1,
          56, 12, 11, -1,
          57, 39, 40, -1,
          12, 13, 41, 40, -1,
          56, 13, 12, -1,
          57, 40, 41, -1,
          13, 14, 42, 41, -1,
          56, 14, 13, -1,
          57, 41, 42, -1,
          14, 15, 43, 42, -1,
          56, 15, 14, -1,
          57, 42, 43, -1,
          15, 16, 44, 43, -1,
          56, 16, 15, -1,
          57, 43, 44, -1,
          16, 17, 45, 44, -1,
          56, 17, 16, -1,
          57, 44, 45, -1,
          17, 18, 46, 45, -1,
          56, 18, 17, -1,
          57, 45, 46, -1,
          18, 19, 47, 46, -1,
          56, 19, 18, -1,
          57, 46, 47, -1,
          19, 20, 48, 47, -1,
          56, 20, 19, -1,
          57, 47, 48, -1,
          20, 21, 49, 48, -1,
          56, 21, 20, -1,
          57, 48, 49, -1,
          21, 22, 50, 49, -1,
          56, 22, 21, -1,
          57, 49, 50, -1,
          22, 23, 51, 50, -1,
          56, 23, 22, -1,
          57, 50, 51, -1,
          23, 24, 52, 51, -1,
          56, 24, 23, -1,
          57, 51, 52, -1,
          24, 25, 53, 52, -1,
          56, 25, 24, -1,
          57, 52, 53, -1,
          25, 26, 54, 53, -1,
          56, 26, 25, -1,
          57, 53, 54, -1,
          26, 27, 55, 54, -1,
          56, 27, 26, -1,
          57, 54, 55, -1,
          27, 0, 28, 55, -1,
          56, 0, 27, -1,
          57, 55, 28, -1
    ]
  }
}

Shape {
  appearance Appearance { material Material { diffuseColor 0.95 0.30 0.03 specularColor 0.08 0.08 0.08 shininess 0.12 } }
  geometry IndexedFaceSet {
    solid FALSE
    creaseAngle 0.45
    coord Coordinate { point [
          3.287402 0.464166 5.511811,
          3.290856 0.464166 5.481149,
          3.301048 0.464166 5.452024,
          3.317464 0.464166 5.425897,
          3.339283 0.464166 5.404078,
          3.365410 0.464166 5.387662,
          3.394535 0.464166 5.377471,
          3.425197 0.464166 5.374016,
          3.455859 0.464166 5.377471,
          3.484984 0.464166 5.387662,
          3.511111 0.464166 5.404078,
          3.532930 0.464166 5.425897,
          3.549346 0.464166 5.452024,
          3.559537 0.464166 5.481149,
          3.562992 0.464166 5.511811,
          3.559537 0.464166 5.542473,
          3.549346 0.464166 5.571598,
          3.532930 0.464166 5.597725,
          3.511111 0.464166 5.619544,
          3.484984 0.464166 5.635960,
          3.455859 0.464166 5.646151,
          3.425197 0.464166 5.649606,
          3.394535 0.464166 5.646151,
          3.365410 0.464166 5.635960,
          3.339283 0.464166 5.619544,
          3.317464 0.464166 5.597725,
          3.301048 0.464166 5.571598,
          3.290856 0.464166 5.542473,
          3.287402 5.050431 5.511811,
          3.290856 5.050431 5.481149,
          3.301048 5.050431 5.452024,
          3.317464 5.050431 5.425897,
          3.339283 5.050431 5.404078,
          3.365410 5.050431 5.387662,
          3.394535 5.050431 5.377471,
          3.425197 5.050431 5.374016,
          3.455859 5.050431 5.377471,
          3.484984 5.050431 5.387662,
          3.511111 5.050431 5.404078,
          3.532930 5.050431 5.425897,
          3.549346 5.050431 5.452024,
          3.559537 5.050431 5.481149,
          3.562992 5.050431 5.511811,
          3.559537 5.050431 5.542473,
          3.549346 5.050431 5.571598,
          3.532930 5.050431 5.597725,
          3.511111 5.050431 5.619544,
          3.484984 5.050431 5.635960,
          3.455859 5.050431 5.646151,
          3.425197 5.050431 5.649606,
          3.394535 5.050431 5.646151,
          3.365410 5.050431 5.635960,
          3.339283 5.050431 5.619544,
          3.317464 5.050431 5.597725,
          3.301048 5.050431 5.571598,
          3.290856 5.050431 5.542473,
          3.425197 0.464166 5.511811,
          3.425197 5.050431 5.511811
    ] }
    coordIndex [
          0, 1, 29, 28, -1,
          56, 1, 0, -1,
          57, 28, 29, -1,
          1, 2, 30, 29, -1,
          56, 2, 1, -1,
          57, 29, 30, -1,
          2, 3, 31, 30, -1,
          56, 3, 2, -1,
          57, 30, 31, -1,
          3, 4, 32, 31, -1,
          56, 4, 3, -1,
          57, 31, 32, -1,
          4, 5, 33, 32, -1,
          56, 5, 4, -1,
          57, 32, 33, -1,
          5, 6, 34, 33, -1,
          56, 6, 5, -1,
          57, 33, 34, -1,
          6, 7, 35, 34, -1,
          56, 7, 6, -1,
          57, 34, 35, -1,
          7, 8, 36, 35, -1,
          56, 8, 7, -1,
          57, 35, 36, -1,
          8, 9, 37, 36, -1,
          56, 9, 8, -1,
          57, 36, 37, -1,
          9, 10, 38, 37, -1,
          56, 10, 9, -1,
          57, 37, 38, -1,
          10, 11, 39, 38, -1,
          56, 11, 10, -1,
          57, 38, 39, -1,
          11, 12, 40, 39, -1,
          56, 12, 11, -1,
          57, 39, 40, -1,
          12, 13, 41, 40, -1,
          56, 13, 12, -1,
          57, 40, 41, -1,
          13, 14, 42, 41, -1,
          56, 14, 13, -1,
          57, 41, 42, -1,
          14, 15, 43, 42, -1,
          56, 15, 14, -1,
          57, 42, 43, -1,
          15, 16, 44, 43, -1,
          56, 16, 15, -1,
          57, 43, 44, -1,
          16, 17, 45, 44, -1,
          56, 17, 16, -1,
          57, 44, 45, -1,
          17, 18, 46, 45, -1,
          56, 18, 17, -1,
          57, 45, 46, -1,
          18, 19, 47, 46, -1,
          56, 19, 18, -1,
          57, 46, 47, -1,
          19, 20, 48, 47, -1,
          56, 20, 19, -1,
          57, 47, 48, -1,
          20, 21, 49, 48, -1,
          56, 21, 20, -1,
          57, 48, 49, -1,
          21, 22, 50, 49, -1,
          56, 22, 21, -1,
          57, 49, 50, -1,
          22, 23, 51, 50, -1,
          56, 23, 22, -1,
          57, 50, 51, -1,
          23, 24, 52, 51, -1,
          56, 24, 23, -1,
          57, 51, 52, -1,
          24, 25, 53, 52, -1,
          56, 25, 24, -1,
          57, 52, 53, -1,
          25, 26, 54, 53, -1,
          56, 26, 25, -1,
          57, 53, 54, -1,
          26, 27, 55, 54, -1,
          56, 27, 26, -1,
          57, 54, 55, -1,
          27, 0, 28, 55, -1,
          56, 0, 27, -1,
          57, 55, 28, -1
    ]
  }
}

Shape {
  appearance Appearance { material Material { diffuseColor 0.95 0.30 0.03 specularColor 0.08 0.08 0.08 shininess 0.12 } }
  geometry IndexedFaceSet {
    solid FALSE
    creaseAngle 0.45
    coord Coordinate { point [
          3.425197 5.188226 5.511811,
          3.394535 5.184771 5.511811,
          3.365410 5.174580 5.511811,
          3.339283 5.158163 5.511811,
          3.317464 5.136345 5.511811,
          3.301048 5.110218 5.511811,
          3.290856 5.081093 5.511811,
          3.287402 5.050431 5.511811,
          3.290856 5.019768 5.511811,
          3.301048 4.990644 5.511811,
          3.317464 4.964517 5.511811,
          3.339283 4.942698 5.511811,
          3.365410 4.926282 5.511811,
          3.394535 4.916090 5.511811,
          3.425197 4.912635 5.511811,
          3.455859 4.916090 5.511811,
          3.484984 4.926282 5.511811,
          3.511111 4.942698 5.511811,
          3.532930 4.964517 5.511811,
          3.549346 4.990644 5.511811,
          3.559537 5.019768 5.511811,
          3.562992 5.050431 5.511811,
          3.559537 5.081093 5.511811,
          3.549346 5.110218 5.511811,
          3.532930 5.136345 5.511811,
          3.511111 5.158163 5.511811,
          3.484984 5.174580 5.511811,
          3.455859 5.184771 5.511811,
          3.425197 5.188226 -0.196850,
          3.394535 5.184771 -0.196850,
          3.365410 5.174580 -0.196850,
          3.339283 5.158163 -0.196850,
          3.317464 5.136345 -0.196850,
          3.301048 5.110218 -0.196850,
          3.290856 5.081093 -0.196850,
          3.287402 5.050431 -0.196850,
          3.290856 5.019768 -0.196850,
          3.301048 4.990644 -0.196850,
          3.317464 4.964517 -0.196850,
          3.339283 4.942698 -0.196850,
          3.365410 4.926282 -0.196850,
          3.394535 4.916090 -0.196850,
          3.425197 4.912635 -0.196850,
          3.455859 4.916090 -0.196850,
          3.484984 4.926282 -0.196850,
          3.511111 4.942698 -0.196850,
          3.532930 4.964517 -0.196850,
          3.549346 4.990644 -0.196850,
          3.559537 5.019768 -0.196850,
          3.562992 5.050431 -0.196850,
          3.559537 5.081093 -0.196850,
          3.549346 5.110218 -0.196850,
          3.532930 5.136345 -0.196850,
          3.511111 5.158163 -0.196850,
          3.484984 5.174580 -0.196850,
          3.455859 5.184771 -0.196850,
          3.425197 5.050431 5.511811,
          3.425197 5.050431 -0.196850
    ] }
    coordIndex [
          0, 1, 29, 28, -1,
          56, 1, 0, -1,
          57, 28, 29, -1,
          1, 2, 30, 29, -1,
          56, 2, 1, -1,
          57, 29, 30, -1,
          2, 3, 31, 30, -1,
          56, 3, 2, -1,
          57, 30, 31, -1,
          3, 4, 32, 31, -1,
          56, 4, 3, -1,
          57, 31, 32, -1,
          4, 5, 33, 32, -1,
          56, 5, 4, -1,
          57, 32, 33, -1,
          5, 6, 34, 33, -1,
          56, 6, 5, -1,
          57, 33, 34, -1,
          6, 7, 35, 34, -1,
          56, 7, 6, -1,
          57, 34, 35, -1,
          7, 8, 36, 35, -1,
          56, 8, 7, -1,
          57, 35, 36, -1,
          8, 9, 37, 36, -1,
          56, 9, 8, -1,
          57, 36, 37, -1,
          9, 10, 38, 37, -1,
          56, 10, 9, -1,
          57, 37, 38, -1,
          10, 11, 39, 38, -1,
          56, 11, 10, -1,
          57, 38, 39, -1,
          11, 12, 40, 39, -1,
          56, 12, 11, -1,
          57, 39, 40, -1,
          12, 13, 41, 40, -1,
          56, 13, 12, -1,
          57, 40, 41, -1,
          13, 14, 42, 41, -1,
          56, 14, 13, -1,
          57, 41, 42, -1,
          14, 15, 43, 42, -1,
          56, 15, 14, -1,
          57, 42, 43, -1,
          15, 16, 44, 43, -1,
          56, 16, 15, -1,
          57, 43, 44, -1,
          16, 17, 45, 44, -1,
          56, 17, 16, -1,
          57, 44, 45, -1,
          17, 18, 46, 45, -1,
          56, 18, 17, -1,
          57, 45, 46, -1,
          18, 19, 47, 46, -1,
          56, 19, 18, -1,
          57, 46, 47, -1,
          19, 20, 48, 47, -1,
          56, 20, 19, -1,
          57, 47, 48, -1,
          20, 21, 49, 48, -1,
          56, 21, 20, -1,
          57, 48, 49, -1,
          21, 22, 50, 49, -1,
          56, 22, 21, -1,
          57, 49, 50, -1,
          22, 23, 51, 50, -1,
          56, 23, 22, -1,
          57, 50, 51, -1,
          23, 24, 52, 51, -1,
          56, 24, 23, -1,
          57, 51, 52, -1,
          24, 25, 53, 52, -1,
          56, 25, 24, -1,
          57, 52, 53, -1,
          25, 26, 54, 53, -1,
          56, 26, 25, -1,
          57, 53, 54, -1,
          26, 27, 55, 54, -1,
          56, 27, 26, -1,
          57, 54, 55, -1,
          27, 0, 28, 55, -1,
          56, 0, 27, -1,
          57, 55, 28, -1
    ]
  }
}

Shape {
  appearance Appearance { material Material { diffuseColor 0.95 0.30 0.03 specularColor 0.08 0.08 0.08 shininess 0.12 } }
  geometry IndexedFaceSet {
    solid FALSE
    creaseAngle 0.45
    coord Coordinate { point [
          3.740157 0.326371 -0.196850,
          3.709495 0.329826 -0.196850,
          3.680370 0.340017 -0.196850,
          3.654244 0.356434 -0.196850,
          3.632425 0.378252 -0.196850,
          3.616008 0.404379 -0.196850,
          3.605817 0.433504 -0.196850,
          3.602362 0.464166 -0.196850,
          3.605817 0.494829 -0.196850,
          3.616008 0.523954 -0.196850,
          3.632425 0.550080 -0.196850,
          3.654244 0.571899 -0.196850,
          3.680370 0.588316 -0.196850,
          3.709495 0.598507 -0.196850,
          3.740157 0.601962 -0.196850,
          3.770820 0.598507 -0.196850,
          3.799945 0.588316 -0.196850,
          3.826071 0.571899 -0.196850,
          3.847890 0.550080 -0.196850,
          3.864307 0.523954 -0.196850,
          3.874498 0.494829 -0.196850,
          3.877953 0.464166 -0.196850,
          3.874498 0.433504 -0.196850,
          3.864307 0.404379 -0.196850,
          3.847890 0.378252 -0.196850,
          3.826071 0.356434 -0.196850,
          3.799945 0.340017 -0.196850,
          3.770820 0.329826 -0.196850,
          3.740157 0.326371 5.511811,
          3.709495 0.329826 5.511811,
          3.680370 0.340017 5.511811,
          3.654244 0.356434 5.511811,
          3.632425 0.378252 5.511811,
          3.616008 0.404379 5.511811,
          3.605817 0.433504 5.511811,
          3.602362 0.464166 5.511811,
          3.605817 0.494829 5.511811,
          3.616008 0.523954 5.511811,
          3.632425 0.550080 5.511811,
          3.654244 0.571899 5.511811,
          3.680370 0.588316 5.511811,
          3.709495 0.598507 5.511811,
          3.740157 0.601962 5.511811,
          3.770820 0.598507 5.511811,
          3.799945 0.588316 5.511811,
          3.826071 0.571899 5.511811,
          3.847890 0.550080 5.511811,
          3.864307 0.523954 5.511811,
          3.874498 0.494829 5.511811,
          3.877953 0.464166 5.511811,
          3.874498 0.433504 5.511811,
          3.864307 0.404379 5.511811,
          3.847890 0.378252 5.511811,
          3.826071 0.356434 5.511811,
          3.799945 0.340017 5.511811,
          3.770820 0.329826 5.511811,
          3.740157 0.464166 -0.196850,
          3.740157 0.464166 5.511811
    ] }
    coordIndex [
          0, 1, 29, 28, -1,
          56, 1, 0, -1,
          57, 28, 29, -1,
          1, 2, 30, 29, -1,
          56, 2, 1, -1,
          57, 29, 30, -1,
          2, 3, 31, 30, -1,
          56, 3, 2, -1,
          57, 30, 31, -1,
          3, 4, 32, 31, -1,
          56, 4, 3, -1,
          57, 31, 32, -1,
          4, 5, 33, 32, -1,
          56, 5, 4, -1,
          57, 32, 33, -1,
          5, 6, 34, 33, -1,
          56, 6, 5, -1,
          57, 33, 34, -1,
          6, 7, 35, 34, -1,
          56, 7, 6, -1,
          57, 34, 35, -1,
          7, 8, 36, 35, -1,
          56, 8, 7, -1,
          57, 35, 36, -1,
          8, 9, 37, 36, -1,
          56, 9, 8, -1,
          57, 36, 37, -1,
          9, 10, 38, 37, -1,
          56, 10, 9, -1,
          57, 37, 38, -1,
          10, 11, 39, 38, -1,
          56, 11, 10, -1,
          57, 38, 39, -1,
          11, 12, 40, 39, -1,
          56, 12, 11, -1,
          57, 39, 40, -1,
          12, 13, 41, 40, -1,
          56, 13, 12, -1,
          57, 40, 41, -1,
          13, 14, 42, 41, -1,
          56, 14, 13, -1,
          57, 41, 42, -1,
          14, 15, 43, 42, -1,
          56, 15, 14, -1,
          57, 42, 43, -1,
          15, 16, 44, 43, -1,
          56, 16, 15, -1,
          57, 43, 44, -1,
          16, 17, 45, 44, -1,
          56, 17, 16, -1,
          57, 44, 45, -1,
          17, 18, 46, 45, -1,
          56, 18, 17, -1,
          57, 45, 46, -1,
          18, 19, 47, 46, -1,
          56, 19, 18, -1,
          57, 46, 47, -1,
          19, 20, 48, 47, -1,
          56, 20, 19, -1,
          57, 47, 48, -1,
          20, 21, 49, 48, -1,
          56, 21, 20, -1,
          57, 48, 49, -1,
          21, 22, 50, 49, -1,
          56, 22, 21, -1,
          57, 49, 50, -1,
          22, 23, 51, 50, -1,
          56, 23, 22, -1,
          57, 50, 51, -1,
          23, 24, 52, 51, -1,
          56, 24, 23, -1,
          57, 51, 52, -1,
          24, 25, 53, 52, -1,
          56, 25, 24, -1,
          57, 52, 53, -1,
          25, 26, 54, 53, -1,
          56, 26, 25, -1,
          57, 53, 54, -1,
          26, 27, 55, 54, -1,
          56, 27, 26, -1,
          57, 54, 55, -1,
          27, 0, 28, 55, -1,
          56, 0, 27, -1,
          57, 55, 28, -1
    ]
  }
}

Shape {
  appearance Appearance { material Material { diffuseColor 0.95 0.30 0.03 specularColor 0.08 0.08 0.08 shininess 0.12 } }
  geometry IndexedFaceSet {
    solid FALSE
    creaseAngle 0.45
    coord Coordinate { point [
          3.602362 0.464166 5.511811,
          3.605817 0.464166 5.481149,
          3.616008 0.464166 5.452024,
          3.632425 0.464166 5.425897,
          3.654244 0.464166 5.404078,
          3.680370 0.464166 5.387662,
          3.709495 0.464166 5.377471,
          3.740157 0.464166 5.374016,
          3.770820 0.464166 5.377471,
          3.799945 0.464166 5.387662,
          3.826071 0.464166 5.404078,
          3.847890 0.464166 5.425897,
          3.864307 0.464166 5.452024,
          3.874498 0.464166 5.481149,
          3.877953 0.464166 5.511811,
          3.874498 0.464166 5.542473,
          3.864307 0.464166 5.571598,
          3.847890 0.464166 5.597725,
          3.826071 0.464166 5.619544,
          3.799945 0.464166 5.635960,
          3.770820 0.464166 5.646151,
          3.740157 0.464166 5.649606,
          3.709495 0.464166 5.646151,
          3.680370 0.464166 5.635960,
          3.654244 0.464166 5.619544,
          3.632425 0.464166 5.597725,
          3.616008 0.464166 5.571598,
          3.605817 0.464166 5.542473,
          3.602362 4.821830 5.511811,
          3.605817 4.821830 5.481149,
          3.616008 4.821830 5.452024,
          3.632425 4.821830 5.425897,
          3.654244 4.821830 5.404078,
          3.680370 4.821830 5.387662,
          3.709495 4.821830 5.377471,
          3.740157 4.821830 5.374016,
          3.770820 4.821830 5.377471,
          3.799945 4.821830 5.387662,
          3.826071 4.821830 5.404078,
          3.847890 4.821830 5.425897,
          3.864307 4.821830 5.452024,
          3.874498 4.821830 5.481149,
          3.877953 4.821830 5.511811,
          3.874498 4.821830 5.542473,
          3.864307 4.821830 5.571598,
          3.847890 4.821830 5.597725,
          3.826071 4.821830 5.619544,
          3.799945 4.821830 5.635960,
          3.770820 4.821830 5.646151,
          3.740157 4.821830 5.649606,
          3.709495 4.821830 5.646151,
          3.680370 4.821830 5.635960,
          3.654244 4.821830 5.619544,
          3.632425 4.821830 5.597725,
          3.616008 4.821830 5.571598,
          3.605817 4.821830 5.542473,
          3.740157 0.464166 5.511811,
          3.740157 4.821830 5.511811
    ] }
    coordIndex [
          0, 1, 29, 28, -1,
          56, 1, 0, -1,
          57, 28, 29, -1,
          1, 2, 30, 29, -1,
          56, 2, 1, -1,
          57, 29, 30, -1,
          2, 3, 31, 30, -1,
          56, 3, 2, -1,
          57, 30, 31, -1,
          3, 4, 32, 31, -1,
          56, 4, 3, -1,
          57, 31, 32, -1,
          4, 5, 33, 32, -1,
          56, 5, 4, -1,
          57, 32, 33, -1,
          5, 6, 34, 33, -1,
          56, 6, 5, -1,
          57, 33, 34, -1,
          6, 7, 35, 34, -1,
          56, 7, 6, -1,
          57, 34, 35, -1,
          7, 8, 36, 35, -1,
          56, 8, 7, -1,
          57, 35, 36, -1,
          8, 9, 37, 36, -1,
          56, 9, 8, -1,
          57, 36, 37, -1,
          9, 10, 38, 37, -1,
          56, 10, 9, -1,
          57, 37, 38, -1,
          10, 11, 39, 38, -1,
          56, 11, 10, -1,
          57, 38, 39, -1,
          11, 12, 40, 39, -1,
          56, 12, 11, -1,
          57, 39, 40, -1,
          12, 13, 41, 40, -1,
          56, 13, 12, -1,
          57, 40, 41, -1,
          13, 14, 42, 41, -1,
          56, 14, 13, -1,
          57, 41, 42, -1,
          14, 15, 43, 42, -1,
          56, 15, 14, -1,
          57, 42, 43, -1,
          15, 16, 44, 43, -1,
          56, 16, 15, -1,
          57, 43, 44, -1,
          16, 17, 45, 44, -1,
          56, 17, 16, -1,
          57, 44, 45, -1,
          17, 18, 46, 45, -1,
          56, 18, 17, -1,
          57, 45, 46, -1,
          18, 19, 47, 46, -1,
          56, 19, 18, -1,
          57, 46, 47, -1,
          19, 20, 48, 47, -1,
          56, 20, 19, -1,
          57, 47, 48, -1,
          20, 21, 49, 48, -1,
          56, 21, 20, -1,
          57, 48, 49, -1,
          21, 22, 50, 49, -1,
          56, 22, 21, -1,
          57, 49, 50, -1,
          22, 23, 51, 50, -1,
          56, 23, 22, -1,
          57, 50, 51, -1,
          23, 24, 52, 51, -1,
          56, 24, 23, -1,
          57, 51, 52, -1,
          24, 25, 53, 52, -1,
          56, 25, 24, -1,
          57, 52, 53, -1,
          25, 26, 54, 53, -1,
          56, 26, 25, -1,
          57, 53, 54, -1,
          26, 27, 55, 54, -1,
          56, 27, 26, -1,
          57, 54, 55, -1,
          27, 0, 28, 55, -1,
          56, 0, 27, -1,
          57, 55, 28, -1
    ]
  }
}

Shape {
  appearance Appearance { material Material { diffuseColor 0.95 0.30 0.03 specularColor 0.08 0.08 0.08 shininess 0.12 } }
  geometry IndexedFaceSet {
    solid FALSE
    creaseAngle 0.45
    coord Coordinate { point [
          3.740157 4.959625 5.511811,
          3.709495 4.956171 5.511811,
          3.680370 4.945979 5.511811,
          3.654244 4.929563 5.511811,
          3.632425 4.907744 5.511811,
          3.616008 4.881617 5.511811,
          3.605817 4.852493 5.511811,
          3.602362 4.821830 5.511811,
          3.605817 4.791168 5.511811,
          3.616008 4.762043 5.511811,
          3.632425 4.735916 5.511811,
          3.654244 4.714098 5.511811,
          3.680370 4.697681 5.511811,
          3.709495 4.687490 5.511811,
          3.740157 4.684035 5.511811,
          3.770820 4.687490 5.511811,
          3.799945 4.697681 5.511811,
          3.826071 4.714098 5.511811,
          3.847890 4.735916 5.511811,
          3.864307 4.762043 5.511811,
          3.874498 4.791168 5.511811,
          3.877953 4.821830 5.511811,
          3.874498 4.852493 5.511811,
          3.864307 4.881617 5.511811,
          3.847890 4.907744 5.511811,
          3.826071 4.929563 5.511811,
          3.799945 4.945979 5.511811,
          3.770820 4.956171 5.511811,
          3.740157 4.959625 -0.196850,
          3.709495 4.956171 -0.196850,
          3.680370 4.945979 -0.196850,
          3.654244 4.929563 -0.196850,
          3.632425 4.907744 -0.196850,
          3.616008 4.881617 -0.196850,
          3.605817 4.852493 -0.196850,
          3.602362 4.821830 -0.196850,
          3.605817 4.791168 -0.196850,
          3.616008 4.762043 -0.196850,
          3.632425 4.735916 -0.196850,
          3.654244 4.714098 -0.196850,
          3.680370 4.697681 -0.196850,
          3.709495 4.687490 -0.196850,
          3.740157 4.684035 -0.196850,
          3.770820 4.687490 -0.196850,
          3.799945 4.697681 -0.196850,
          3.826071 4.714098 -0.196850,
          3.847890 4.735916 -0.196850,
          3.864307 4.762043 -0.196850,
          3.874498 4.791168 -0.196850,
          3.877953 4.821830 -0.196850,
          3.874498 4.852493 -0.196850,
          3.864307 4.881617 -0.196850,
          3.847890 4.907744 -0.196850,
          3.826071 4.929563 -0.196850,
          3.799945 4.945979 -0.196850,
          3.770820 4.956171 -0.196850,
          3.740157 4.821830 5.511811,
          3.740157 4.821830 -0.196850
    ] }
    coordIndex [
          0, 1, 29, 28, -1,
          56, 1, 0, -1,
          57, 28, 29, -1,
          1, 2, 30, 29, -1,
          56, 2, 1, -1,
          57, 29, 30, -1,
          2, 3, 31, 30, -1,
          56, 3, 2, -1,
          57, 30, 31, -1,
          3, 4, 32, 31, -1,
          56, 4, 3, -1,
          57, 31, 32, -1,
          4, 5, 33, 32, -1,
          56, 5, 4, -1,
          57, 32, 33, -1,
          5, 6, 34, 33, -1,
          56, 6, 5, -1,
          57, 33, 34, -1,
          6, 7, 35, 34, -1,
          56, 7, 6, -1,
          57, 34, 35, -1,
          7, 8, 36, 35, -1,
          56, 8, 7, -1,
          57, 35, 36, -1,
          8, 9, 37, 36, -1,
          56, 9, 8, -1,
          57, 36, 37, -1,
          9, 10, 38, 37, -1,
          56, 10, 9, -1,
          57, 37, 38, -1,
          10, 11, 39, 38, -1,
          56, 11, 10, -1,
          57, 38, 39, -1,
          11, 12, 40, 39, -1,
          56, 12, 11, -1,
          57, 39, 40, -1,
          12, 13, 41, 40, -1,
          56, 13, 12, -1,
          57, 40, 41, -1,
          13, 14, 42, 41, -1,
          56, 14, 13, -1,
          57, 41, 42, -1,
          14, 15, 43, 42, -1,
          56, 15, 14, -1,
          57, 42, 43, -1,
          15, 16, 44, 43, -1,
          56, 16, 15, -1,
          57, 43, 44, -1,
          16, 17, 45, 44, -1,
          56, 17, 16, -1,
          57, 44, 45, -1,
          17, 18, 46, 45, -1,
          56, 18, 17, -1,
          57, 45, 46, -1,
          18, 19, 47, 46, -1,
          56, 19, 18, -1,
          57, 46, 47, -1,
          19, 20, 48, 47, -1,
          56, 20, 19, -1,
          57, 47, 48, -1,
          20, 21, 49, 48, -1,
          56, 21, 20, -1,
          57, 48, 49, -1,
          21, 22, 50, 49, -1,
          56, 22, 21, -1,
          57, 49, 50, -1,
          22, 23, 51, 50, -1,
          56, 23, 22, -1,
          57, 50, 51, -1,
          23, 24, 52, 51, -1,
          56, 24, 23, -1,
          57, 51, 52, -1,
          24, 25, 53, 52, -1,
          56, 25, 24, -1,
          57, 52, 53, -1,
          25, 26, 54, 53, -1,
          56, 26, 25, -1,
          57, 53, 54, -1,
          26, 27, 55, 54, -1,
          56, 27, 26, -1,
          57, 54, 55, -1,
          27, 0, 28, 55, -1,
          56, 0, 27, -1,
          57, 55, 28, -1
    ]
  }
}

Shape {
  appearance Appearance { material Material { diffuseColor 0.95 0.30 0.03 specularColor 0.08 0.08 0.08 shininess 0.12 } }
  geometry IndexedFaceSet {
    solid FALSE
    creaseAngle 0.45
    coord Coordinate { point [
          4.055118 0.326371 -0.196850,
          4.024456 0.329826 -0.196850,
          3.995331 0.340017 -0.196850,
          3.969204 0.356434 -0.196850,
          3.947385 0.378252 -0.196850,
          3.930969 0.404379 -0.196850,
          3.920778 0.433504 -0.196850,
          3.917323 0.464166 -0.196850,
          3.920778 0.494829 -0.196850,
          3.930969 0.523954 -0.196850,
          3.947385 0.550080 -0.196850,
          3.969204 0.571899 -0.196850,
          3.995331 0.588316 -0.196850,
          4.024456 0.598507 -0.196850,
          4.055118 0.601962 -0.196850,
          4.085780 0.598507 -0.196850,
          4.114905 0.588316 -0.196850,
          4.141032 0.571899 -0.196850,
          4.162851 0.550080 -0.196850,
          4.179267 0.523954 -0.196850,
          4.189459 0.494829 -0.196850,
          4.192913 0.464166 -0.196850,
          4.189459 0.433504 -0.196850,
          4.179267 0.404379 -0.196850,
          4.162851 0.378252 -0.196850,
          4.141032 0.356434 -0.196850,
          4.114905 0.340017 -0.196850,
          4.085780 0.329826 -0.196850,
          4.055118 0.326371 5.511811,
          4.024456 0.329826 5.511811,
          3.995331 0.340017 5.511811,
          3.969204 0.356434 5.511811,
          3.947385 0.378252 5.511811,
          3.930969 0.404379 5.511811,
          3.920778 0.433504 5.511811,
          3.917323 0.464166 5.511811,
          3.920778 0.494829 5.511811,
          3.930969 0.523954 5.511811,
          3.947385 0.550080 5.511811,
          3.969204 0.571899 5.511811,
          3.995331 0.588316 5.511811,
          4.024456 0.598507 5.511811,
          4.055118 0.601962 5.511811,
          4.085780 0.598507 5.511811,
          4.114905 0.588316 5.511811,
          4.141032 0.571899 5.511811,
          4.162851 0.550080 5.511811,
          4.179267 0.523954 5.511811,
          4.189459 0.494829 5.511811,
          4.192913 0.464166 5.511811,
          4.189459 0.433504 5.511811,
          4.179267 0.404379 5.511811,
          4.162851 0.378252 5.511811,
          4.141032 0.356434 5.511811,
          4.114905 0.340017 5.511811,
          4.085780 0.329826 5.511811,
          4.055118 0.464166 -0.196850,
          4.055118 0.464166 5.511811
    ] }
    coordIndex [
          0, 1, 29, 28, -1,
          56, 1, 0, -1,
          57, 28, 29, -1,
          1, 2, 30, 29, -1,
          56, 2, 1, -1,
          57, 29, 30, -1,
          2, 3, 31, 30, -1,
          56, 3, 2, -1,
          57, 30, 31, -1,
          3, 4, 32, 31, -1,
          56, 4, 3, -1,
          57, 31, 32, -1,
          4, 5, 33, 32, -1,
          56, 5, 4, -1,
          57, 32, 33, -1,
          5, 6, 34, 33, -1,
          56, 6, 5, -1,
          57, 33, 34, -1,
          6, 7, 35, 34, -1,
          56, 7, 6, -1,
          57, 34, 35, -1,
          7, 8, 36, 35, -1,
          56, 8, 7, -1,
          57, 35, 36, -1,
          8, 9, 37, 36, -1,
          56, 9, 8, -1,
          57, 36, 37, -1,
          9, 10, 38, 37, -1,
          56, 10, 9, -1,
          57, 37, 38, -1,
          10, 11, 39, 38, -1,
          56, 11, 10, -1,
          57, 38, 39, -1,
          11, 12, 40, 39, -1,
          56, 12, 11, -1,
          57, 39, 40, -1,
          12, 13, 41, 40, -1,
          56, 13, 12, -1,
          57, 40, 41, -1,
          13, 14, 42, 41, -1,
          56, 14, 13, -1,
          57, 41, 42, -1,
          14, 15, 43, 42, -1,
          56, 15, 14, -1,
          57, 42, 43, -1,
          15, 16, 44, 43, -1,
          56, 16, 15, -1,
          57, 43, 44, -1,
          16, 17, 45, 44, -1,
          56, 17, 16, -1,
          57, 44, 45, -1,
          17, 18, 46, 45, -1,
          56, 18, 17, -1,
          57, 45, 46, -1,
          18, 19, 47, 46, -1,
          56, 19, 18, -1,
          57, 46, 47, -1,
          19, 20, 48, 47, -1,
          56, 20, 19, -1,
          57, 47, 48, -1,
          20, 21, 49, 48, -1,
          56, 21, 20, -1,
          57, 48, 49, -1,
          21, 22, 50, 49, -1,
          56, 22, 21, -1,
          57, 49, 50, -1,
          22, 23, 51, 50, -1,
          56, 23, 22, -1,
          57, 50, 51, -1,
          23, 24, 52, 51, -1,
          56, 24, 23, -1,
          57, 51, 52, -1,
          24, 25, 53, 52, -1,
          56, 25, 24, -1,
          57, 52, 53, -1,
          25, 26, 54, 53, -1,
          56, 26, 25, -1,
          57, 53, 54, -1,
          26, 27, 55, 54, -1,
          56, 27, 26, -1,
          57, 54, 55, -1,
          27, 0, 28, 55, -1,
          56, 0, 27, -1,
          57, 55, 28, -1
    ]
  }
}

Shape {
  appearance Appearance { material Material { diffuseColor 0.95 0.30 0.03 specularColor 0.08 0.08 0.08 shininess 0.12 } }
  geometry IndexedFaceSet {
    solid FALSE
    creaseAngle 0.45
    coord Coordinate { point [
          3.917323 0.464166 5.511811,
          3.920778 0.464166 5.481149,
          3.930969 0.464166 5.452024,
          3.947385 0.464166 5.425897,
          3.969204 0.464166 5.404078,
          3.995331 0.464166 5.387662,
          4.024456 0.464166 5.377471,
          4.055118 0.464166 5.374016,
          4.085780 0.464166 5.377471,
          4.114905 0.464166 5.387662,
          4.141032 0.464166 5.404078,
          4.162851 0.464166 5.425897,
          4.179267 0.464166 5.452024,
          4.189459 0.464166 5.481149,
          4.192913 0.464166 5.511811,
          4.189459 0.464166 5.542473,
          4.179267 0.464166 5.571598,
          4.162851 0.464166 5.597725,
          4.141032 0.464166 5.619544,
          4.114905 0.464166 5.635960,
          4.085780 0.464166 5.646151,
          4.055118 0.464166 5.649606,
          4.024456 0.464166 5.646151,
          3.995331 0.464166 5.635960,
          3.969204 0.464166 5.619544,
          3.947385 0.464166 5.597725,
          3.930969 0.464166 5.571598,
          3.920778 0.464166 5.542473,
          3.917323 4.560136 5.511811,
          3.920778 4.560136 5.481149,
          3.930969 4.560136 5.452024,
          3.947385 4.560136 5.425897,
          3.969204 4.560136 5.404078,
          3.995331 4.560136 5.387662,
          4.024456 4.560136 5.377471,
          4.055118 4.560136 5.374016,
          4.085780 4.560136 5.377471,
          4.114905 4.560136 5.387662,
          4.141032 4.560136 5.404078,
          4.162851 4.560136 5.425897,
          4.179267 4.560136 5.452024,
          4.189459 4.560136 5.481149,
          4.192913 4.560136 5.511811,
          4.189459 4.560136 5.542473,
          4.179267 4.560136 5.571598,
          4.162851 4.560136 5.597725,
          4.141032 4.560136 5.619544,
          4.114905 4.560136 5.635960,
          4.085780 4.560136 5.646151,
          4.055118 4.560136 5.649606,
          4.024456 4.560136 5.646151,
          3.995331 4.560136 5.635960,
          3.969204 4.560136 5.619544,
          3.947385 4.560136 5.597725,
          3.930969 4.560136 5.571598,
          3.920778 4.560136 5.542473,
          4.055118 0.464166 5.511811,
          4.055118 4.560136 5.511811
    ] }
    coordIndex [
          0, 1, 29, 28, -1,
          56, 1, 0, -1,
          57, 28, 29, -1,
          1, 2, 30, 29, -1,
          56, 2, 1, -1,
          57, 29, 30, -1,
          2, 3, 31, 30, -1,
          56, 3, 2, -1,
          57, 30, 31, -1,
          3, 4, 32, 31, -1,
          56, 4, 3, -1,
          57, 31, 32, -1,
          4, 5, 33, 32, -1,
          56, 5, 4, -1,
          57, 32, 33, -1,
          5, 6, 34, 33, -1,
          56, 6, 5, -1,
          57, 33, 34, -1,
          6, 7, 35, 34, -1,
          56, 7, 6, -1,
          57, 34, 35, -1,
          7, 8, 36, 35, -1,
          56, 8, 7, -1,
          57, 35, 36, -1,
          8, 9, 37, 36, -1,
          56, 9, 8, -1,
          57, 36, 37, -1,
          9, 10, 38, 37, -1,
          56, 10, 9, -1,
          57, 37, 38, -1,
          10, 11, 39, 38, -1,
          56, 11, 10, -1,
          57, 38, 39, -1,
          11, 12, 40, 39, -1,
          56, 12, 11, -1,
          57, 39, 40, -1,
          12, 13, 41, 40, -1,
          56, 13, 12, -1,
          57, 40, 41, -1,
          13, 14, 42, 41, -1,
          56, 14, 13, -1,
          57, 41, 42, -1,
          14, 15, 43, 42, -1,
          56, 15, 14, -1,
          57, 42, 43, -1,
          15, 16, 44, 43, -1,
          56, 16, 15, -1,
          57, 43, 44, -1,
          16, 17, 45, 44, -1,
          56, 17, 16, -1,
          57, 44, 45, -1,
          17, 18, 46, 45, -1,
          56, 18, 17, -1,
          57, 45, 46, -1,
          18, 19, 47, 46, -1,
          56, 19, 18, -1,
          57, 46, 47, -1,
          19, 20, 48, 47, -1,
          56, 20, 19, -1,
          57, 47, 48, -1,
          20, 21, 49, 48, -1,
          56, 21, 20, -1,
          57, 48, 49, -1,
          21, 22, 50, 49, -1,
          56, 22, 21, -1,
          57, 49, 50, -1,
          22, 23, 51, 50, -1,
          56, 23, 22, -1,
          57, 50, 51, -1,
          23, 24, 52, 51, -1,
          56, 24, 23, -1,
          57, 51, 52, -1,
          24, 25, 53, 52, -1,
          56, 25, 24, -1,
          57, 52, 53, -1,
          25, 26, 54, 53, -1,
          56, 26, 25, -1,
          57, 53, 54, -1,
          26, 27, 55, 54, -1,
          56, 27, 26, -1,
          57, 54, 55, -1,
          27, 0, 28, 55, -1,
          56, 0, 27, -1,
          57, 55, 28, -1
    ]
  }
}

Shape {
  appearance Appearance { material Material { diffuseColor 0.95 0.30 0.03 specularColor 0.08 0.08 0.08 shininess 0.12 } }
  geometry IndexedFaceSet {
    solid FALSE
    creaseAngle 0.45
    coord Coordinate { point [
          4.055118 4.697931 5.511811,
          4.024456 4.694477 5.511811,
          3.995331 4.684285 5.511811,
          3.969204 4.667869 5.511811,
          3.947385 4.646050 5.511811,
          3.930969 4.619923 5.511811,
          3.920778 4.590798 5.511811,
          3.917323 4.560136 5.511811,
          3.920778 4.529474 5.511811,
          3.930969 4.500349 5.511811,
          3.947385 4.474222 5.511811,
          3.969204 4.452403 5.511811,
          3.995331 4.435987 5.511811,
          4.024456 4.425796 5.511811,
          4.055118 4.422341 5.511811,
          4.085780 4.425796 5.511811,
          4.114905 4.435987 5.511811,
          4.141032 4.452403 5.511811,
          4.162851 4.474222 5.511811,
          4.179267 4.500349 5.511811,
          4.189459 4.529474 5.511811,
          4.192913 4.560136 5.511811,
          4.189459 4.590798 5.511811,
          4.179267 4.619923 5.511811,
          4.162851 4.646050 5.511811,
          4.141032 4.667869 5.511811,
          4.114905 4.684285 5.511811,
          4.085780 4.694477 5.511811,
          4.055118 4.697931 -0.196850,
          4.024456 4.694477 -0.196850,
          3.995331 4.684285 -0.196850,
          3.969204 4.667869 -0.196850,
          3.947385 4.646050 -0.196850,
          3.930969 4.619923 -0.196850,
          3.920778 4.590798 -0.196850,
          3.917323 4.560136 -0.196850,
          3.920778 4.529474 -0.196850,
          3.930969 4.500349 -0.196850,
          3.947385 4.474222 -0.196850,
          3.969204 4.452403 -0.196850,
          3.995331 4.435987 -0.196850,
          4.024456 4.425796 -0.196850,
          4.055118 4.422341 -0.196850,
          4.085780 4.425796 -0.196850,
          4.114905 4.435987 -0.196850,
          4.141032 4.452403 -0.196850,
          4.162851 4.474222 -0.196850,
          4.179267 4.500349 -0.196850,
          4.189459 4.529474 -0.196850,
          4.192913 4.560136 -0.196850,
          4.189459 4.590798 -0.196850,
          4.179267 4.619923 -0.196850,
          4.162851 4.646050 -0.196850,
          4.141032 4.667869 -0.196850,
          4.114905 4.684285 -0.196850,
          4.085780 4.694477 -0.196850,
          4.055118 4.560136 5.511811,
          4.055118 4.560136 -0.196850
    ] }
    coordIndex [
          0, 1, 29, 28, -1,
          56, 1, 0, -1,
          57, 28, 29, -1,
          1, 2, 30, 29, -1,
          56, 2, 1, -1,
          57, 29, 30, -1,
          2, 3, 31, 30, -1,
          56, 3, 2, -1,
          57, 30, 31, -1,
          3, 4, 32, 31, -1,
          56, 4, 3, -1,
          57, 31, 32, -1,
          4, 5, 33, 32, -1,
          56, 5, 4, -1,
          57, 32, 33, -1,
          5, 6, 34, 33, -1,
          56, 6, 5, -1,
          57, 33, 34, -1,
          6, 7, 35, 34, -1,
          56, 7, 6, -1,
          57, 34, 35, -1,
          7, 8, 36, 35, -1,
          56, 8, 7, -1,
          57, 35, 36, -1,
          8, 9, 37, 36, -1,
          56, 9, 8, -1,
          57, 36, 37, -1,
          9, 10, 38, 37, -1,
          56, 10, 9, -1,
          57, 37, 38, -1,
          10, 11, 39, 38, -1,
          56, 11, 10, -1,
          57, 38, 39, -1,
          11, 12, 40, 39, -1,
          56, 12, 11, -1,
          57, 39, 40, -1,
          12, 13, 41, 40, -1,
          56, 13, 12, -1,
          57, 40, 41, -1,
          13, 14, 42, 41, -1,
          56, 14, 13, -1,
          57, 41, 42, -1,
          14, 15, 43, 42, -1,
          56, 15, 14, -1,
          57, 42, 43, -1,
          15, 16, 44, 43, -1,
          56, 16, 15, -1,
          57, 43, 44, -1,
          16, 17, 45, 44, -1,
          56, 17, 16, -1,
          57, 44, 45, -1,
          17, 18, 46, 45, -1,
          56, 18, 17, -1,
          57, 45, 46, -1,
          18, 19, 47, 46, -1,
          56, 19, 18, -1,
          57, 46, 47, -1,
          19, 20, 48, 47, -1,
          56, 20, 19, -1,
          57, 47, 48, -1,
          20, 21, 49, 48, -1,
          56, 21, 20, -1,
          57, 48, 49, -1,
          21, 22, 50, 49, -1,
          56, 22, 21, -1,
          57, 49, 50, -1,
          22, 23, 51, 50, -1,
          56, 23, 22, -1,
          57, 50, 51, -1,
          23, 24, 52, 51, -1,
          56, 24, 23, -1,
          57, 51, 52, -1,
          24, 25, 53, 52, -1,
          56, 25, 24, -1,
          57, 52, 53, -1,
          25, 26, 54, 53, -1,
          56, 26, 25, -1,
          57, 53, 54, -1,
          26, 27, 55, 54, -1,
          56, 27, 26, -1,
          57, 54, 55, -1,
          27, 0, 28, 55, -1,
          56, 0, 27, -1,
          57, 55, 28, -1
    ]
  }
}

Shape {
  appearance Appearance { material Material { diffuseColor 0.95 0.30 0.03 specularColor 0.08 0.08 0.08 shininess 0.12 } }
  geometry IndexedFaceSet {
    solid FALSE
    creaseAngle 0.45
    coord Coordinate { point [
          4.370079 0.326371 -0.196850,
          4.339416 0.329826 -0.196850,
          4.310292 0.340017 -0.196850,
          4.284165 0.356434 -0.196850,
          4.262346 0.378252 -0.196850,
          4.245929 0.404379 -0.196850,
          4.235738 0.433504 -0.196850,
          4.232283 0.464166 -0.196850,
          4.235738 0.494829 -0.196850,
          4.245929 0.523954 -0.196850,
          4.262346 0.550080 -0.196850,
          4.284165 0.571899 -0.196850,
          4.310292 0.588316 -0.196850,
          4.339416 0.598507 -0.196850,
          4.370079 0.601962 -0.196850,
          4.400741 0.598507 -0.196850,
          4.429866 0.588316 -0.196850,
          4.455993 0.571899 -0.196850,
          4.477811 0.550080 -0.196850,
          4.494228 0.523954 -0.196850,
          4.504419 0.494829 -0.196850,
          4.507874 0.464166 -0.196850,
          4.504419 0.433504 -0.196850,
          4.494228 0.404379 -0.196850,
          4.477811 0.378252 -0.196850,
          4.455993 0.356434 -0.196850,
          4.429866 0.340017 -0.196850,
          4.400741 0.329826 -0.196850,
          4.370079 0.326371 5.511811,
          4.339416 0.329826 5.511811,
          4.310292 0.340017 5.511811,
          4.284165 0.356434 5.511811,
          4.262346 0.378252 5.511811,
          4.245929 0.404379 5.511811,
          4.235738 0.433504 5.511811,
          4.232283 0.464166 5.511811,
          4.235738 0.494829 5.511811,
          4.245929 0.523954 5.511811,
          4.262346 0.550080 5.511811,
          4.284165 0.571899 5.511811,
          4.310292 0.588316 5.511811,
          4.339416 0.598507 5.511811,
          4.370079 0.601962 5.511811,
          4.400741 0.598507 5.511811,
          4.429866 0.588316 5.511811,
          4.455993 0.571899 5.511811,
          4.477811 0.550080 5.511811,
          4.494228 0.523954 5.511811,
          4.504419 0.494829 5.511811,
          4.507874 0.464166 5.511811,
          4.504419 0.433504 5.511811,
          4.494228 0.404379 5.511811,
          4.477811 0.378252 5.511811,
          4.455993 0.356434 5.511811,
          4.429866 0.340017 5.511811,
          4.400741 0.329826 5.511811,
          4.370079 0.464166 -0.196850,
          4.370079 0.464166 5.511811
    ] }
    coordIndex [
          0, 1, 29, 28, -1,
          56, 1, 0, -1,
          57, 28, 29, -1,
          1, 2, 30, 29, -1,
          56, 2, 1, -1,
          57, 29, 30, -1,
          2, 3, 31, 30, -1,
          56, 3, 2, -1,
          57, 30, 31, -1,
          3, 4, 32, 31, -1,
          56, 4, 3, -1,
          57, 31, 32, -1,
          4, 5, 33, 32, -1,
          56, 5, 4, -1,
          57, 32, 33, -1,
          5, 6, 34, 33, -1,
          56, 6, 5, -1,
          57, 33, 34, -1,
          6, 7, 35, 34, -1,
          56, 7, 6, -1,
          57, 34, 35, -1,
          7, 8, 36, 35, -1,
          56, 8, 7, -1,
          57, 35, 36, -1,
          8, 9, 37, 36, -1,
          56, 9, 8, -1,
          57, 36, 37, -1,
          9, 10, 38, 37, -1,
          56, 10, 9, -1,
          57, 37, 38, -1,
          10, 11, 39, 38, -1,
          56, 11, 10, -1,
          57, 38, 39, -1,
          11, 12, 40, 39, -1,
          56, 12, 11, -1,
          57, 39, 40, -1,
          12, 13, 41, 40, -1,
          56, 13, 12, -1,
          57, 40, 41, -1,
          13, 14, 42, 41, -1,
          56, 14, 13, -1,
          57, 41, 42, -1,
          14, 15, 43, 42, -1,
          56, 15, 14, -1,
          57, 42, 43, -1,
          15, 16, 44, 43, -1,
          56, 16, 15, -1,
          57, 43, 44, -1,
          16, 17, 45, 44, -1,
          56, 17, 16, -1,
          57, 44, 45, -1,
          17, 18, 46, 45, -1,
          56, 18, 17, -1,
          57, 45, 46, -1,
          18, 19, 47, 46, -1,
          56, 19, 18, -1,
          57, 46, 47, -1,
          19, 20, 48, 47, -1,
          56, 20, 19, -1,
          57, 47, 48, -1,
          20, 21, 49, 48, -1,
          56, 21, 20, -1,
          57, 48, 49, -1,
          21, 22, 50, 49, -1,
          56, 22, 21, -1,
          57, 49, 50, -1,
          22, 23, 51, 50, -1,
          56, 23, 22, -1,
          57, 50, 51, -1,
          23, 24, 52, 51, -1,
          56, 24, 23, -1,
          57, 51, 52, -1,
          24, 25, 53, 52, -1,
          56, 25, 24, -1,
          57, 52, 53, -1,
          25, 26, 54, 53, -1,
          56, 26, 25, -1,
          57, 53, 54, -1,
          26, 27, 55, 54, -1,
          56, 27, 26, -1,
          57, 54, 55, -1,
          27, 0, 28, 55, -1,
          56, 0, 27, -1,
          57, 55, 28, -1
    ]
  }
}

Shape {
  appearance Appearance { material Material { diffuseColor 0.95 0.30 0.03 specularColor 0.08 0.08 0.08 shininess 0.12 } }
  geometry IndexedFaceSet {
    solid FALSE
    creaseAngle 0.45
    coord Coordinate { point [
          4.232283 0.464166 5.511811,
          4.235738 0.464166 5.481149,
          4.245929 0.464166 5.452024,
          4.262346 0.464166 5.425897,
          4.284165 0.464166 5.404078,
          4.310292 0.464166 5.387662,
          4.339416 0.464166 5.377471,
          4.370079 0.464166 5.374016,
          4.400741 0.464166 5.377471,
          4.429866 0.464166 5.387662,
          4.455993 0.464166 5.404078,
          4.477811 0.464166 5.425897,
          4.494228 0.464166 5.452024,
          4.504419 0.464166 5.481149,
          4.507874 0.464166 5.511811,
          4.504419 0.464166 5.542473,
          4.494228 0.464166 5.571598,
          4.477811 0.464166 5.597725,
          4.455993 0.464166 5.619544,
          4.429866 0.464166 5.635960,
          4.400741 0.464166 5.646151,
          4.370079 0.464166 5.649606,
          4.339416 0.464166 5.646151,
          4.310292 0.464166 5.635960,
          4.284165 0.464166 5.619544,
          4.262346 0.464166 5.597725,
          4.245929 0.464166 5.571598,
          4.235738 0.464166 5.542473,
          4.232283 4.259253 5.511811,
          4.235738 4.259253 5.481149,
          4.245929 4.259253 5.452024,
          4.262346 4.259253 5.425897,
          4.284165 4.259253 5.404078,
          4.310292 4.259253 5.387662,
          4.339416 4.259253 5.377471,
          4.370079 4.259253 5.374016,
          4.400741 4.259253 5.377471,
          4.429866 4.259253 5.387662,
          4.455993 4.259253 5.404078,
          4.477811 4.259253 5.425897,
          4.494228 4.259253 5.452024,
          4.504419 4.259253 5.481149,
          4.507874 4.259253 5.511811,
          4.504419 4.259253 5.542473,
          4.494228 4.259253 5.571598,
          4.477811 4.259253 5.597725,
          4.455993 4.259253 5.619544,
          4.429866 4.259253 5.635960,
          4.400741 4.259253 5.646151,
          4.370079 4.259253 5.649606,
          4.339416 4.259253 5.646151,
          4.310292 4.259253 5.635960,
          4.284165 4.259253 5.619544,
          4.262346 4.259253 5.597725,
          4.245929 4.259253 5.571598,
          4.235738 4.259253 5.542473,
          4.370079 0.464166 5.511811,
          4.370079 4.259253 5.511811
    ] }
    coordIndex [
          0, 1, 29, 28, -1,
          56, 1, 0, -1,
          57, 28, 29, -1,
          1, 2, 30, 29, -1,
          56, 2, 1, -1,
          57, 29, 30, -1,
          2, 3, 31, 30, -1,
          56, 3, 2, -1,
          57, 30, 31, -1,
          3, 4, 32, 31, -1,
          56, 4, 3, -1,
          57, 31, 32, -1,
          4, 5, 33, 32, -1,
          56, 5, 4, -1,
          57, 32, 33, -1,
          5, 6, 34, 33, -1,
          56, 6, 5, -1,
          57, 33, 34, -1,
          6, 7, 35, 34, -1,
          56, 7, 6, -1,
          57, 34, 35, -1,
          7, 8, 36, 35, -1,
          56, 8, 7, -1,
          57, 35, 36, -1,
          8, 9, 37, 36, -1,
          56, 9, 8, -1,
          57, 36, 37, -1,
          9, 10, 38, 37, -1,
          56, 10, 9, -1,
          57, 37, 38, -1,
          10, 11, 39, 38, -1,
          56, 11, 10, -1,
          57, 38, 39, -1,
          11, 12, 40, 39, -1,
          56, 12, 11, -1,
          57, 39, 40, -1,
          12, 13, 41, 40, -1,
          56, 13, 12, -1,
          57, 40, 41, -1,
          13, 14, 42, 41, -1,
          56, 14, 13, -1,
          57, 41, 42, -1,
          14, 15, 43, 42, -1,
          56, 15, 14, -1,
          57, 42, 43, -1,
          15, 16, 44, 43, -1,
          56, 16, 15, -1,
          57, 43, 44, -1,
          16, 17, 45, 44, -1,
          56, 17, 16, -1,
          57, 44, 45, -1,
          17, 18, 46, 45, -1,
          56, 18, 17, -1,
          57, 45, 46, -1,
          18, 19, 47, 46, -1,
          56, 19, 18, -1,
          57, 46, 47, -1,
          19, 20, 48, 47, -1,
          56, 20, 19, -1,
          57, 47, 48, -1,
          20, 21, 49, 48, -1,
          56, 21, 20, -1,
          57, 48, 49, -1,
          21, 22, 50, 49, -1,
          56, 22, 21, -1,
          57, 49, 50, -1,
          22, 23, 51, 50, -1,
          56, 23, 22, -1,
          57, 50, 51, -1,
          23, 24, 52, 51, -1,
          56, 24, 23, -1,
          57, 51, 52, -1,
          24, 25, 53, 52, -1,
          56, 25, 24, -1,
          57, 52, 53, -1,
          25, 26, 54, 53, -1,
          56, 26, 25, -1,
          57, 53, 54, -1,
          26, 27, 55, 54, -1,
          56, 27, 26, -1,
          57, 54, 55, -1,
          27, 0, 28, 55, -1,
          56, 0, 27, -1,
          57, 55, 28, -1
    ]
  }
}

Shape {
  appearance Appearance { material Material { diffuseColor 0.95 0.30 0.03 specularColor 0.08 0.08 0.08 shininess 0.12 } }
  geometry IndexedFaceSet {
    solid FALSE
    creaseAngle 0.45
    coord Coordinate { point [
          4.370079 4.397048 5.511811,
          4.339416 4.393593 5.511811,
          4.310292 4.383402 5.511811,
          4.284165 4.366986 5.511811,
          4.262346 4.345167 5.511811,
          4.245929 4.319040 5.511811,
          4.235738 4.289915 5.511811,
          4.232283 4.259253 5.511811,
          4.235738 4.228591 5.511811,
          4.245929 4.199466 5.511811,
          4.262346 4.173339 5.511811,
          4.284165 4.151520 5.511811,
          4.310292 4.135104 5.511811,
          4.339416 4.124913 5.511811,
          4.370079 4.121458 5.511811,
          4.400741 4.124913 5.511811,
          4.429866 4.135104 5.511811,
          4.455993 4.151520 5.511811,
          4.477811 4.173339 5.511811,
          4.494228 4.199466 5.511811,
          4.504419 4.228591 5.511811,
          4.507874 4.259253 5.511811,
          4.504419 4.289915 5.511811,
          4.494228 4.319040 5.511811,
          4.477811 4.345167 5.511811,
          4.455993 4.366986 5.511811,
          4.429866 4.383402 5.511811,
          4.400741 4.393593 5.511811,
          4.370079 4.397048 -0.196850,
          4.339416 4.393593 -0.196850,
          4.310292 4.383402 -0.196850,
          4.284165 4.366986 -0.196850,
          4.262346 4.345167 -0.196850,
          4.245929 4.319040 -0.196850,
          4.235738 4.289915 -0.196850,
          4.232283 4.259253 -0.196850,
          4.235738 4.228591 -0.196850,
          4.245929 4.199466 -0.196850,
          4.262346 4.173339 -0.196850,
          4.284165 4.151520 -0.196850,
          4.310292 4.135104 -0.196850,
          4.339416 4.124913 -0.196850,
          4.370079 4.121458 -0.196850,
          4.400741 4.124913 -0.196850,
          4.429866 4.135104 -0.196850,
          4.455993 4.151520 -0.196850,
          4.477811 4.173339 -0.196850,
          4.494228 4.199466 -0.196850,
          4.504419 4.228591 -0.196850,
          4.507874 4.259253 -0.196850,
          4.504419 4.289915 -0.196850,
          4.494228 4.319040 -0.196850,
          4.477811 4.345167 -0.196850,
          4.455993 4.366986 -0.196850,
          4.429866 4.383402 -0.196850,
          4.400741 4.393593 -0.196850,
          4.370079 4.259253 5.511811,
          4.370079 4.259253 -0.196850
    ] }
    coordIndex [
          0, 1, 29, 28, -1,
          56, 1, 0, -1,
          57, 28, 29, -1,
          1, 2, 30, 29, -1,
          56, 2, 1, -1,
          57, 29, 30, -1,
          2, 3, 31, 30, -1,
          56, 3, 2, -1,
          57, 30, 31, -1,
          3, 4, 32, 31, -1,
          56, 4, 3, -1,
          57, 31, 32, -1,
          4, 5, 33, 32, -1,
          56, 5, 4, -1,
          57, 32, 33, -1,
          5, 6, 34, 33, -1,
          56, 6, 5, -1,
          57, 33, 34, -1,
          6, 7, 35, 34, -1,
          56, 7, 6, -1,
          57, 34, 35, -1,
          7, 8, 36, 35, -1,
          56, 8, 7, -1,
          57, 35, 36, -1,
          8, 9, 37, 36, -1,
          56, 9, 8, -1,
          57, 36, 37, -1,
          9, 10, 38, 37, -1,
          56, 10, 9, -1,
          57, 37, 38, -1,
          10, 11, 39, 38, -1,
          56, 11, 10, -1,
          57, 38, 39, -1,
          11, 12, 40, 39, -1,
          56, 12, 11, -1,
          57, 39, 40, -1,
          12, 13, 41, 40, -1,
          56, 13, 12, -1,
          57, 40, 41, -1,
          13, 14, 42, 41, -1,
          56, 14, 13, -1,
          57, 41, 42, -1,
          14, 15, 43, 42, -1,
          56, 15, 14, -1,
          57, 42, 43, -1,
          15, 16, 44, 43, -1,
          56, 16, 15, -1,
          57, 43, 44, -1,
          16, 17, 45, 44, -1,
          56, 17, 16, -1,
          57, 44, 45, -1,
          17, 18, 46, 45, -1,
          56, 18, 17, -1,
          57, 45, 46, -1,
          18, 19, 47, 46, -1,
          56, 19, 18, -1,
          57, 46, 47, -1,
          19, 20, 48, 47, -1,
          56, 20, 19, -1,
          57, 47, 48, -1,
          20, 21, 49, 48, -1,
          56, 21, 20, -1,
          57, 48, 49, -1,
          21, 22, 50, 49, -1,
          56, 22, 21, -1,
          57, 49, 50, -1,
          22, 23, 51, 50, -1,
          56, 23, 22, -1,
          57, 50, 51, -1,
          23, 24, 52, 51, -1,
          56, 24, 23, -1,
          57, 51, 52, -1,
          24, 25, 53, 52, -1,
          56, 25, 24, -1,
          57, 52, 53, -1,
          25, 26, 54, 53, -1,
          56, 26, 25, -1,
          57, 53, 54, -1,
          26, 27, 55, 54, -1,
          56, 27, 26, -1,
          57, 54, 55, -1,
          27, 0, 28, 55, -1,
          56, 0, 27, -1,
          57, 55, 28, -1
    ]
  }
}

Shape {
  appearance Appearance { material Material { diffuseColor 0.95 0.30 0.03 specularColor 0.08 0.08 0.08 shininess 0.12 } }
  geometry IndexedFaceSet {
    solid FALSE
    creaseAngle 0.45
    coord Coordinate { point [
          2.999245 5.170308 0.236220,
          3.002028 5.172355 0.205558,
          3.010236 5.178395 0.176433,
          3.023460 5.188124 0.150307,
          3.041034 5.201054 0.128488,
          3.062079 5.216537 0.112071,
          3.085538 5.233797 0.101880,
          3.110236 5.251969 0.098425,
          3.134934 5.270140 0.101880,
          3.158394 5.287400 0.112071,
          3.179438 5.302883 0.128488,
          3.197013 5.315813 0.150307,
          3.210236 5.325542 0.176433,
          3.218445 5.331582 0.205558,
          3.221228 5.333629 0.236220,
          3.218445 5.331582 0.266883,
          3.210236 5.325542 0.296008,
          3.197013 5.315813 0.322134,
          3.179438 5.302883 0.343953,
          3.158394 5.287400 0.360370,
          3.134934 5.270140 0.370561,
          3.110236 5.251969 0.374016,
          3.085538 5.233797 0.370561,
          3.062079 5.216537 0.360370,
          3.041034 5.201054 0.343953,
          3.023460 5.188124 0.322134,
          3.010236 5.178395 0.296008,
          3.002028 5.172355 0.266883,
          1.070111 7.792355 0.236220,
          1.072894 7.794403 0.205558,
          1.081102 7.800442 0.176433,
          1.094326 7.810171 0.150307,
          1.111900 7.823101 0.128488,
          1.132945 7.838585 0.112071,
          1.156404 7.855845 0.101880,
          1.181102 7.874016 0.098425,
          1.205800 7.892187 0.101880,
          1.229260 7.909447 0.112071,
          1.250304 7.924930 0.128488,
          1.267879 7.937860 0.150307,
          1.281102 7.947589 0.176433,
          1.289311 7.953629 0.205558,
          1.292094 7.955676 0.236220,
          1.289311 7.953629 0.266883,
          1.281102 7.947589 0.296008,
          1.267879 7.937860 0.322134,
          1.250304 7.924930 0.343953,
          1.229260 7.909447 0.360370,
          1.205800 7.892187 0.370561,
          1.181102 7.874016 0.374016,
          1.156404 7.855845 0.370561,
          1.132945 7.838585 0.360370,
          1.111900 7.823101 0.343953,
          1.094326 7.810171 0.322134,
          1.081102 7.800442 0.296008,
          1.072894 7.794403 0.266883,
          3.110236 5.251969 0.236220,
          1.181102 7.874016 0.236220
    ] }
    coordIndex [
          0, 1, 29, 28, -1,
          56, 1, 0, -1,
          57, 28, 29, -1,
          1, 2, 30, 29, -1,
          56, 2, 1, -1,
          57, 29, 30, -1,
          2, 3, 31, 30, -1,
          56, 3, 2, -1,
          57, 30, 31, -1,
          3, 4, 32, 31, -1,
          56, 4, 3, -1,
          57, 31, 32, -1,
          4, 5, 33, 32, -1,
          56, 5, 4, -1,
          57, 32, 33, -1,
          5, 6, 34, 33, -1,
          56, 6, 5, -1,
          57, 33, 34, -1,
          6, 7, 35, 34, -1,
          56, 7, 6, -1,
          57, 34, 35, -1,
          7, 8, 36, 35, -1,
          56, 8, 7, -1,
          57, 35, 36, -1,
          8, 9, 37, 36, -1,
          56, 9, 8, -1,
          57, 36, 37, -1,
          9, 10, 38, 37, -1,
          56, 10, 9, -1,
          57, 37, 38, -1,
          10, 11, 39, 38, -1,
          56, 11, 10, -1,
          57, 38, 39, -1,
          11, 12, 40, 39, -1,
          56, 12, 11, -1,
          57, 39, 40, -1,
          12, 13, 41, 40, -1,
          56, 13, 12, -1,
          57, 40, 41, -1,
          13, 14, 42, 41, -1,
          56, 14, 13, -1,
          57, 41, 42, -1,
          14, 15, 43, 42, -1,
          56, 15, 14, -1,
          57, 42, 43, -1,
          15, 16, 44, 43, -1,
          56, 16, 15, -1,
          57, 43, 44, -1,
          16, 17, 45, 44, -1,
          56, 17, 16, -1,
          57, 44, 45, -1,
          17, 18, 46, 45, -1,
          56, 18, 17, -1,
          57, 45, 46, -1,
          18, 19, 47, 46, -1,
          56, 19, 18, -1,
          57, 46, 47, -1,
          19, 20, 48, 47, -1,
          56, 20, 19, -1,
          57, 47, 48, -1,
          20, 21, 49, 48, -1,
          56, 21, 20, -1,
          57, 48, 49, -1,
          21, 22, 50, 49, -1,
          56, 22, 21, -1,
          57, 49, 50, -1,
          22, 23, 51, 50, -1,
          56, 23, 22, -1,
          57, 50, 51, -1,
          23, 24, 52, 51, -1,
          56, 24, 23, -1,
          57, 51, 52, -1,
          24, 25, 53, 52, -1,
          56, 25, 24, -1,
          57, 52, 53, -1,
          25, 26, 54, 53, -1,
          56, 26, 25, -1,
          57, 53, 54, -1,
          26, 27, 55, 54, -1,
          56, 27, 26, -1,
          57, 54, 55, -1,
          27, 0, 28, 55, -1,
          56, 0, 27, -1,
          57, 55, 28, -1
    ]
  }
}

Shape {
  appearance Appearance { material Material { diffuseColor 0.95 0.30 0.03 specularColor 0.08 0.08 0.08 shininess 0.12 } }
  geometry IndexedFaceSet {
    solid FALSE
    creaseAngle 0.45
    coord Coordinate { point [
          4.235724 4.213493 0.236220,
          4.239093 4.214260 0.205558,
          4.249030 4.216524 0.176433,
          4.265036 4.220169 0.150307,
          4.286310 4.225015 0.128488,
          4.311785 4.230817 0.112071,
          4.340182 4.237285 0.101880,
          4.370079 4.244094 0.098425,
          4.399975 4.250904 0.101880,
          4.428373 4.257372 0.112071,
          4.453847 4.263174 0.128488,
          4.475121 4.268020 0.150307,
          4.491128 4.271665 0.176433,
          4.501065 4.273929 0.205558,
          4.504433 4.274696 0.236220,
          4.501065 4.273929 0.266883,
          4.491128 4.271665 0.296008,
          4.475121 4.268020 0.322134,
          4.453847 4.263174 0.343953,
          4.428373 4.257372 0.360370,
          4.399975 4.250904 0.370561,
          4.370079 4.244094 0.374016,
          4.340182 4.237285 0.370561,
          4.311785 4.230817 0.360370,
          4.286310 4.225015 0.343953,
          4.265036 4.220169 0.322134,
          4.249030 4.216524 0.296008,
          4.239093 4.214260 0.266883,
          3.408953 7.843414 0.236220,
          3.412321 7.844182 0.205558,
          3.422258 7.846445 0.176433,
          3.438265 7.850091 0.150307,
          3.459539 7.854936 0.128488,
          3.485013 7.860738 0.112071,
          3.513410 7.867206 0.101880,
          3.543307 7.874016 0.098425,
          3.573204 7.880825 0.101880,
          3.601601 7.887293 0.112071,
          3.627076 7.893095 0.128488,
          3.648350 7.897941 0.150307,
          3.664356 7.901587 0.176433,
          3.674293 7.903850 0.205558,
          3.677661 7.904617 0.236220,
          3.674293 7.903850 0.266883,
          3.664356 7.901587 0.296008,
          3.648350 7.897941 0.322134,
          3.627076 7.893095 0.343953,
          3.601601 7.887293 0.360370,
          3.573204 7.880825 0.370561,
          3.543307 7.874016 0.374016,
          3.513410 7.867206 0.370561,
          3.485013 7.860738 0.360370,
          3.459539 7.854936 0.343953,
          3.438265 7.850091 0.322134,
          3.422258 7.846445 0.296008,
          3.412321 7.844182 0.266883,
          4.370079 4.244094 0.236220,
          3.543307 7.874016 0.236220
    ] }
    coordIndex [
          0, 1, 29, 28, -1,
          56, 1, 0, -1,
          57, 28, 29, -1,
          1, 2, 30, 29, -1,
          56, 2, 1, -1,
          57, 29, 30, -1,
          2, 3, 31, 30, -1,
          56, 3, 2, -1,
          57, 30, 31, -1,
          3, 4, 32, 31, -1,
          56, 4, 3, -1,
          57, 31, 32, -1,
          4, 5, 33, 32, -1,
          56, 5, 4, -1,
          57, 32, 33, -1,
          5, 6, 34, 33, -1,
          56, 6, 5, -1,
          57, 33, 34, -1,
          6, 7, 35, 34, -1,
          56, 7, 6, -1,
          57, 34, 35, -1,
          7, 8, 36, 35, -1,
          56, 8, 7, -1,
          57, 35, 36, -1,
          8, 9, 37, 36, -1,
          56, 9, 8, -1,
          57, 36, 37, -1,
          9, 10, 38, 37, -1,
          56, 10, 9, -1,
          57, 37, 38, -1,
          10, 11, 39, 38, -1,
          56, 11, 10, -1,
          57, 38, 39, -1,
          11, 12, 40, 39, -1,
          56, 12, 11, -1,
          57, 39, 40, -1,
          12, 13, 41, 40, -1,
          56, 13, 12, -1,
          57, 40, 41, -1,
          13, 14, 42, 41, -1,
          56, 14, 13, -1,
          57, 41, 42, -1,
          14, 15, 43, 42, -1,
          56, 15, 14, -1,
          57, 42, 43, -1,
          15, 16, 44, 43, -1,
          56, 16, 15, -1,
          57, 43, 44, -1,
          16, 17, 45, 44, -1,
          56, 17, 16, -1,
          57, 44, 45, -1,
          17, 18, 46, 45, -1,
          56, 18, 17, -1,
          57, 45, 46, -1,
          18, 19, 47, 46, -1,
          56, 19, 18, -1,
          57, 46, 47, -1,
          19, 20, 48, 47, -1,
          56, 20, 19, -1,
          57, 47, 48, -1,
          20, 21, 49, 48, -1,
          56, 21, 20, -1,
          57, 48, 49, -1,
          21, 22, 50, 49, -1,
          56, 22, 21, -1,
          57, 49, 50, -1,
          22, 23, 51, 50, -1,
          56, 23, 22, -1,
          57, 50, 51, -1,
          23, 24, 52, 51, -1,
          56, 24, 23, -1,
          57, 51, 52, -1,
          24, 25, 53, 52, -1,
          56, 25, 24, -1,
          57, 52, 53, -1,
          25, 26, 54, 53, -1,
          56, 26, 25, -1,
          57, 53, 54, -1,
          26, 27, 55, 54, -1,
          56, 27, 26, -1,
          57, 54, 55, -1,
          27, 0, 28, 55, -1,
          56, 0, 27, -1,
          57, 55, 28, -1
    ]
  }
}

Shape {
  appearance Appearance { material Material { diffuseColor 0.78 0.02 0.02 specularColor 0.08 0.08 0.08 shininess 0.12 } }
  geometry IndexedFaceSet {
    solid FALSE
    creaseAngle 0.45
    coord Coordinate { point [
          -0.544971 6.334425 2.559055,
          -0.523692 6.329745 2.525900,
          -0.499844 6.333406 2.494408,
          -0.474621 6.345222 2.466158,
          -0.449289 6.364603 2.442566,
          -0.425118 6.390575 2.424815,
          -0.403320 6.421837 2.413795,
          -0.384988 6.456821 2.410059,
          -0.371041 6.493773 2.413795,
          -0.362179 6.530840 2.424815,
          -0.358846 6.566163 2.442566,
          -0.361209 6.597970 2.466158,
          -0.369149 6.624668 2.494408,
          -0.382269 6.644917 2.525900,
          -0.399911 6.657701 2.559055,
          -0.421189 6.662381 2.592210,
          -0.445038 6.658720 2.623702,
          -0.470261 6.646904 2.651952,
          -0.495592 6.627523 2.675545,
          -0.519763 6.601551 2.693296,
          -0.541562 6.570289 2.704315,
          -0.559894 6.535305 2.708051,
          -0.573840 6.498353 2.704315,
          -0.582703 6.461286 2.693296,
          -0.586036 6.425963 2.675545,
          -0.583673 6.394156 2.651952,
          -0.575733 6.367458 2.623702,
          -0.562613 6.347209 2.592210,
          -3.615837 7.712377 0.393701,
          -3.594559 7.707698 0.360546,
          -3.570710 7.711358 0.329054,
          -3.545488 7.723175 0.300804,
          -3.520156 7.742556 0.277211,
          -3.495985 7.768528 0.259460,
          -3.474187 7.799790 0.248441,
          -3.455854 7.834774 0.244705,
          -3.441908 7.871726 0.248441,
          -3.433045 7.908793 0.259460,
          -3.429712 7.944115 0.277211,
          -3.432075 7.975923 0.300804,
          -3.440016 8.002621 0.329054,
          -3.453135 8.022869 0.360546,
          -3.470777 8.035654 0.393701,
          -3.492056 8.040334 0.426855,
          -3.515904 8.036673 0.458348,
          -3.541127 8.024856 0.486598,
          -3.566459 8.005476 0.510190,
          -3.590630 7.979503 0.527941,
          -3.612428 7.948241 0.538961,
          -3.630760 7.913257 0.542696,
          -3.644707 7.876306 0.538961,
          -3.653569 7.839239 0.527941,
          -3.656902 7.803916 0.510190,
          -3.654539 7.772109 0.486598,
          -3.646599 7.745411 0.458348,
          -3.633479 7.725162 0.426855,
          -0.472441 6.496063 2.559055,
          -3.543307 7.874016 0.393701
    ] }
    coordIndex [
          0, 1, 29, 28, -1,
          56, 1, 0, -1,
          57, 28, 29, -1,
          1, 2, 30, 29, -1,
          56, 2, 1, -1,
          57, 29, 30, -1,
          2, 3, 31, 30, -1,
          56, 3, 2, -1,
          57, 30, 31, -1,
          3, 4, 32, 31, -1,
          56, 4, 3, -1,
          57, 31, 32, -1,
          4, 5, 33, 32, -1,
          56, 5, 4, -1,
          57, 32, 33, -1,
          5, 6, 34, 33, -1,
          56, 6, 5, -1,
          57, 33, 34, -1,
          6, 7, 35, 34, -1,
          56, 7, 6, -1,
          57, 34, 35, -1,
          7, 8, 36, 35, -1,
          56, 8, 7, -1,
          57, 35, 36, -1,
          8, 9, 37, 36, -1,
          56, 9, 8, -1,
          57, 36, 37, -1,
          9, 10, 38, 37, -1,
          56, 10, 9, -1,
          57, 37, 38, -1,
          10, 11, 39, 38, -1,
          56, 11, 10, -1,
          57, 38, 39, -1,
          11, 12, 40, 39, -1,
          56, 12, 11, -1,
          57, 39, 40, -1,
          12, 13, 41, 40, -1,
          56, 13, 12, -1,
          57, 40, 41, -1,
          13, 14, 42, 41, -1,
          56, 14, 13, -1,
          57, 41, 42, -1,
          14, 15, 43, 42, -1,
          56, 15, 14, -1,
          57, 42, 43, -1,
          15, 16, 44, 43, -1,
          56, 16, 15, -1,
          57, 43, 44, -1,
          16, 17, 45, 44, -1,
          56, 17, 16, -1,
          57, 44, 45, -1,
          17, 18, 46, 45, -1,
          56, 18, 17, -1,
          57, 45, 46, -1,
          18, 19, 47, 46, -1,
          56, 19, 18, -1,
          57, 46, 47, -1,
          19, 20, 48, 47, -1,
          56, 20, 19, -1,
          57, 47, 48, -1,
          20, 21, 49, 48, -1,
          56, 21, 20, -1,
          57, 48, 49, -1,
          21, 22, 50, 49, -1,
          56, 22, 21, -1,
          57, 49, 50, -1,
          22, 23, 51, 50, -1,
          56, 23, 22, -1,
          57, 50, 51, -1,
          23, 24, 52, 51, -1,
          56, 24, 23, -1,
          57, 51, 52, -1,
          24, 25, 53, 52, -1,
          56, 25, 24, -1,
          57, 52, 53, -1,
          25, 26, 54, 53, -1,
          56, 26, 25, -1,
          57, 53, 54, -1,
          26, 27, 55, 54, -1,
          56, 27, 26, -1,
          57, 54, 55, -1,
          27, 0, 28, 55, -1,
          56, 0, 27, -1,
          57, 55, 28, -1
    ]
  }
}

Shape {
  appearance Appearance { material Material { diffuseColor 0.02 0.02 0.02 specularColor 0.08 0.08 0.08 shininess 0.12 } }
  geometry IndexedFaceSet {
    solid FALSE
    creaseAngle 0.45
    coord Coordinate { point [
          0.359022 6.359961 2.559055,
          0.383345 6.345474 2.531262,
          0.412136 6.338538 2.504863,
          0.443950 6.339501 2.481182,
          0.477193 6.348315 2.461405,
          0.510198 6.364538 2.446525,
          0.541309 6.387356 2.437287,
          0.568967 6.415624 2.434156,
          0.591785 6.447927 2.437287,
          0.608619 6.482643 2.446525,
          0.618624 6.518032 2.461405,
          0.621298 6.552319 2.481182,
          0.616509 6.583786 2.504863,
          0.604495 6.610854 2.531262,
          0.585859 6.632165 2.559055,
          0.561537 6.646652 2.586848,
          0.532746 6.653588 2.613247,
          0.500932 6.652625 2.636929,
          0.467689 6.643811 2.656705,
          0.434684 6.627588 2.671586,
          0.403573 6.604770 2.680823,
          0.375915 6.576502 2.683954,
          0.353097 6.544199 2.680823,
          0.336263 6.509483 2.671586,
          0.326258 6.474094 2.656705,
          0.323584 6.439807 2.636929,
          0.328373 6.408340 2.613247,
          0.340387 6.381272 2.586848,
          -1.294521 7.737914 0.393701,
          -1.270198 7.723427 0.365908,
          -1.241408 7.716491 0.339509,
          -1.209593 7.717454 0.315827,
          -1.176350 7.726268 0.296051,
          -1.143346 7.742490 0.281170,
          -1.112234 7.765308 0.271933,
          -1.084576 7.793577 0.268801,
          -1.061758 7.825879 0.271933,
          -1.044925 7.860596 0.281170,
          -1.034920 7.895985 0.296051,
          -1.032245 7.930272 0.315827,
          -1.037035 7.961739 0.339509,
          -1.049048 7.988806 0.365908,
          -1.067684 8.010118 0.393701,
          -1.092007 8.024605 0.421493,
          -1.120797 8.031541 0.447893,
          -1.152611 8.030577 0.471574,
          -1.185854 8.021764 0.491351,
          -1.218859 8.005541 0.506231,
          -1.249971 7.982723 0.515469,
          -1.277629 7.954454 0.518600,
          -1.300447 7.922152 0.515469,
          -1.317280 7.887436 0.506231,
          -1.327285 7.852047 0.491351,
          -1.329960 7.817759 0.471574,
          -1.325170 7.786293 0.447893,
          -1.313156 7.759225 0.421493,
          0.472441 6.496063 2.559055,
          -1.181102 7.874016 0.393701
    ] }
    coordIndex [
          0, 1, 29, 28, -1,
          56, 1, 0, -1,
          57, 28, 29, -1,
          1, 2, 30, 29, -1,
          56, 2, 1, -1,
          57, 29, 30, -1,
          2, 3, 31, 30, -1,
          56, 3, 2, -1,
          57, 30, 31, -1,
          3, 4, 32, 31, -1,
          56, 4, 3, -1,
          57, 31, 32, -1,
          4, 5, 33, 32, -1,
          56, 5, 4, -1,
          57, 32, 33, -1,
          5, 6, 34, 33, -1,
          56, 6, 5, -1,
          57, 33, 34, -1,
          6, 7, 35, 34, -1,
          56, 7, 6, -1,
          57, 34, 35, -1,
          7, 8, 36, 35, -1,
          56, 8, 7, -1,
          57, 35, 36, -1,
          8, 9, 37, 36, -1,
          56, 9, 8, -1,
          57, 36, 37, -1,
          9, 10, 38, 37, -1,
          56, 10, 9, -1,
          57, 37, 38, -1,
          10, 11, 39, 38, -1,
          56, 11, 10, -1,
          57, 38, 39, -1,
          11, 12, 40, 39, -1,
          56, 12, 11, -1,
          57, 39, 40, -1,
          12, 13, 41, 40, -1,
          56, 13, 12, -1,
          57, 40, 41, -1,
          13, 14, 42, 41, -1,
          56, 14, 13, -1,
          57, 41, 42, -1,
          14, 15, 43, 42, -1,
          56, 15, 14, -1,
          57, 42, 43, -1,
          15, 16, 44, 43, -1,
          56, 16, 15, -1,
          57, 43, 44, -1,
          16, 17, 45, 44, -1,
          56, 17, 16, -1,
          57, 44, 45, -1,
          17, 18, 46, 45, -1,
          56, 18, 17, -1,
          57, 45, 46, -1,
          18, 19, 47, 46, -1,
          56, 19, 18, -1,
          57, 46, 47, -1,
          19, 20, 48, 47, -1,
          56, 20, 19, -1,
          57, 47, 48, -1,
          20, 21, 49, 48, -1,
          56, 21, 20, -1,
          57, 48, 49, -1,
          21, 22, 50, 49, -1,
          56, 22, 21, -1,
          57, 49, 50, -1,
          22, 23, 51, 50, -1,
          56, 23, 22, -1,
          57, 50, 51, -1,
          23, 24, 52, 51, -1,
          56, 24, 23, -1,
          57, 51, 52, -1,
          24, 25, 53, 52, -1,
          56, 25, 24, -1,
          57, 52, 53, -1,
          25, 26, 54, 53, -1,
          56, 26, 25, -1,
          57, 53, 54, -1,
          26, 27, 55, 54, -1,
          56, 27, 26, -1,
          57, 54, 55, -1,
          27, 0, 28, 55, -1,
          56, 0, 27, -1,
          57, 55, 28, -1
    ]
  }
}
